item_id,predicted_score
173.0,5.0
908.0,5.0
1234.0,5.0
1434.0,5.0
1332.0,5.0
1342.0,5.0
1653.0,5.0
1654.0,5.0
181.0,4.800808958765088
50.0,4.8006064815528156
