item_id,predicted_score
1414.0,5.0
1332.0,5.0
1614.0,5.0
1346.0,4.666666666666667
1360.0,4.666666666666667
1593.0,4.666666666666667
1261.0,4.6
127.0,4.599986093906809
1324.0,4.5998767903165545
9.0,4.599368083551652
