item_id,predicted_score
1653.0,5.0
359.0,4.8
906.0,4.8
1313.0,4.8
1517.0,4.8
431.0,4.799751940456576
117.0,4.600971103066978
222.0,4.60092174343134
405.0,4.6006702702357956
310.0,4.60060717814194
