item_id,predicted_score
1442.0,4.8
471.0,4.799966962493258
282.0,4.799685654328271
117.0,4.60090026605518
22.0,4.600880324213309
281.0,4.60051781341309
882.0,4.600380728660259
294.0,4.600372731306884
439.0,4.6
850.0,4.6
