item_id,predicted_score
311.0,5.0
1048.0,4.801490902397533
1148.0,4.8
1553.0,4.8
1454.0,4.8
1674.0,4.8
100.0,4.799392561015204
283.0,4.798850505097174
1414.0,4.666666666666667
1089.0,4.601918626348875
