item_id,predicted_score
1052.0,5.0
160.0,4.999999999999999
264.0,4.80255819125372
342.0,4.802508959155576
1063.0,4.801388403129116
1011.0,4.800962200139161
55.0,4.800938210502691
396.0,4.800868151580936
358.0,4.800784933621009
567.0,4.80077780862141
