item_id,predicted_score
1503.0,4.6
916.0,4.4011674310651685
781.0,4.400832467261905
997.0,4.400176558685222
1075.0,4.4
906.0,4.4
1331.0,4.4
1420.0,4.4
1491.0,4.4
1595.0,4.4
