item_id,predicted_score
515.0,4.60078156598516
23.0,4.600536537041483
157.0,4.600441538202074
480.0,4.60041211669616
1122.0,4.6
1130.0,4.6
1127.0,4.6
839.0,4.6
98.0,4.599514743926527
479.0,4.59938902563531
