item_id,predicted_score
1092.0,4.6
1257.0,4.6
1642.0,4.6
523.0,4.597709448514075
1342.0,4.5
168.0,4.400363050039344
139.0,4.4
395.0,4.4
712.0,4.4
773.0,4.4
