item_id,predicted_score
1354.0,5.0
258.0,4.7989468006890865
580.0,4.6
1323.0,4.6
1678.0,4.6
1679.0,4.6
1680.0,4.6
229.0,4.599574892194148
72.0,4.402676277455591
230.0,4.400312451462394
