item_id,predicted_score
196.0,4.8011235359343125
191.0,4.800670755842271
987.0,4.8
998.0,4.8
363.0,4.8
1270.0,4.8
1302.0,4.8
1385.0,4.8
1408.0,4.8
1445.0,4.8
