item_id,predicted_score
1674.0,5.0
1653.0,4.666666666666667
1012.0,4.60487671679745
286.0,4.604270287657364
209.0,4.602121169811911
1298.0,4.6
134.0,4.598615679644055
246.0,4.598110033434588
262.0,4.597478792989395
1122.0,4.5
