item_id,predicted_score
598.0,5.0
903.0,5.0
908.0,5.0
1287.0,5.0
1412.0,5.0
1531.0,5.0
387.0,4.800754893327832
64.0,4.80014657323651
651.0,4.800081942278187
18.0,4.8
