item_id,predicted_score
882.0,4.40023578005859
187.0,4.40018777988667
317.0,4.399931968414425
1.0,4.396928304712935
185.0,4.201193907261273
79.0,4.200662047698506
357.0,4.200529267107708
132.0,4.20018103622084
307.0,4.200155079457244
86.0,4.20004253660293
