item_id,predicted_score
204.0,4.800652602837952
1425.0,4.8
215.0,4.60218633673085
238.0,4.602008882402862
462.0,4.6009817636094175
70.0,4.600921102437556
726.0,4.6
1415.0,4.6
1342.0,4.6
20.0,4.599689077720736
