item_id,predicted_score
200.0,4.60036563508309
651.0,4.40096046472925
98.0,4.400900069451328
216.0,4.400457161974276
908.0,4.4
1332.0,4.4
655.0,4.399963528924079
318.0,4.399943264808846
79.0,4.399654143968199
153.0,4.39948003512533
