item_id,predicted_score
1165.0,5.0
995.0,5.0
246.0,4.800958551914585
919.0,4.80068920996915
35.0,4.8
804.0,4.8
986.0,4.8
987.0,4.8
376.0,4.8
1138.0,4.8
