item_id,predicted_score
696.0,5.000000000000001
651.0,5.0
1023.0,5.0
1347.0,5.0
1418.0,5.0
1658.0,5.0
108.0,4.803821757005015
679.0,4.802552581077425
250.0,4.801440730371983
148.0,4.801212839343008
