item_id,predicted_score
1332.0,5.0
1542.0,5.0
1455.0,5.0
1674.0,5.0
1473.0,4.8
1628.0,4.799954715257759
731.0,4.798543253818451
1541.0,4.75
1201.0,4.666666666666667
760.0,4.603517109112883
