item_id,predicted_score
61.0,4.799029357896734
50.0,4.601703569459907
200.0,4.601328880869387
150.0,4.601295454005426
239.0,4.601238321852658
1011.0,4.6006717302512605
181.0,4.600241718261824
169.0,4.600055448847143
586.0,4.6
984.0,4.6
