item_id,predicted_score
520.0,4.798690182208291
1354.0,4.666666666666667
28.0,4.6000571557905445
1523.0,4.6
196.0,4.59565580849999
651.0,4.400405909872019
805.0,4.4
1060.0,4.4
1234.0,4.4
1235.0,4.4
