item_id,predicted_score
1342.0,4.666666666666667
7.0,4.6005756738073185
98.0,4.400269765784354
257.0,4.400173145447302
1654.0,4.2
1500.0,4.2
1673.0,4.2
197.0,4.195701104710647
286.0,4.00112131053358
238.0,4.000972274298621
