item_id,predicted_score
1360.0,5.0
1593.0,5.0
1342.0,5.0
1526.0,4.75
761.0,4.602063776048144
1011.0,4.601970864715518
956.0,4.60165151760147
587.0,4.601434742619296
273.0,4.600731200742172
895.0,4.6006512770570085
