item_id,predicted_score
480.0,4.8002907195686335
313.0,4.800263526237655
357.0,4.800129232867062
185.0,4.799983279529857
427.0,4.799955654541939
479.0,4.799915373845591
178.0,4.799804401337675
58.0,4.798806003856002
723.0,4.601058332849097
172.0,4.600916293402784
