item_id,predicted_score
829.0,4.4
339.0,4.2
718.0,4.2
752.0,4.2
316.0,4.199717975017977
1012.0,4.198750645806595
690.0,4.198461888476446
198.0,4.198070699173653
385.0,4.196267187243504
343.0,4.0023119302902055
