item_id,predicted_score
1332.0,4.6
1526.0,4.6
1675.0,4.6
1676.0,4.6
2.0,4.595367232891192
195.0,4.400263957148902
115.0,4.4
439.0,4.4
777.0,4.4
1026.0,4.4
