item_id,predicted_score
1542.0,5.0
1558.0,5.0
1653.0,5.0
1500.0,5.0
1673.0,5.0
764.0,4.802162961506693
961.0,4.801466523530414
934.0,4.801283059944296
316.0,4.800933322492475
315.0,4.800834561569978
