item_id,predicted_score
367.0,5.0
79.0,4.800765371526395
82.0,4.800485253718481
891.0,4.8
1083.0,4.8
1260.0,4.8
1385.0,4.8
1529.0,4.8
1628.0,4.8
1318.0,4.666666666666667
