item_id,predicted_score
1619.0,5.0
255.0,4.602757111062429
273.0,4.600433507465905
822.0,4.6
297.0,4.599364059567183
318.0,4.598881201589303
170.0,4.598322153786125
963.0,4.5975135483516425
660.0,4.597013949397044
705.0,4.596980360337249
