item_id,predicted_score
496.0,4.80008507119044
725.0,4.8
1482.0,4.8
1491.0,4.8
1631.0,4.8
1661.0,4.8
1342.0,4.666666666666667
242.0,4.601602107611635
172.0,4.601519823272664
515.0,4.600587726938535
