item_id,predicted_score
117.0,4.001832622677365
546.0,4.000784402611808
405.0,4.00036199400237
1619.0,4.0
684.0,3.803466726721984
1073.0,3.8020441775321805
97.0,3.802000417236204
245.0,3.801785674773931
157.0,3.8015902944836366
508.0,3.8013835750171237
