item_id,predicted_score
1467.0,5.0
1318.0,5.0
1614.0,5.0
1657.0,5.0
1361.0,4.5
70.0,4.200944466087513
875.0,4.200736035820733
183.0,4.200680942242848
1407.0,4.200583293237287
134.0,4.200513829713279
