item_id,predicted_score
1653.0,4.5
677.0,4.4
1201.0,4.4
1326.0,4.4
1506.0,4.4
1523.0,4.4
1344.0,4.4
197.0,4.201337702498273
473.0,4.200742560714299
238.0,4.200245332337468
