item_id,predicted_score
1653.0,4.666666666666667
361.0,4.6
1500.0,4.6
23.0,4.598997735562151
1054.0,4.4
1191.0,4.4
1237.0,4.4
1127.0,4.4
1440.0,4.4
1390.0,4.4
