item_id,predicted_score
383.0,4.8
362.0,4.6
1003.0,4.6
103.0,4.6
618.0,4.6
1166.0,4.6
1237.0,4.6
1124.0,4.6
866.0,4.598053559363865
173.0,4.4006986262882615
