item_id,predicted_score
17.0,5.0
1224.0,5.0
1371.0,5.0
1541.0,5.0
1614.0,5.0
1618.0,5.0
1672.0,5.0
1673.0,5.0
1124.0,4.999999999999999
619.0,4.80184451383433
