item_id,predicted_score
1332.0,5.0
1342.0,5.0
1653.0,5.0
603.0,4.801080636497723
98.0,4.800257630986313
1191.0,4.8
1243.0,4.8
1127.0,4.8
1390.0,4.8
1417.0,4.8
