item_id,predicted_score
1653.0,5.0
879.0,4.601518833585474
578.0,4.6009696865119105
433.0,4.600563394082868
866.0,4.60033100747077
1115.0,4.6
1486.0,4.6
1494.0,4.6
1033.0,4.599621267181565
1037.0,4.596827234389372
