item_id,predicted_score
124.0,5.000000000000001
168.0,5.000000000000001
479.0,5.000000000000001
150.0,5.000000000000001
274.0,5.0
293.0,5.0
430.0,5.0
177.0,5.0
603.0,5.0
709.0,5.0
