item_id,predicted_score
470.0,4.401024125694943
760.0,4.401015629319006
82.0,4.400571616742416
22.0,4.400512831026517
954.0,4.4
1402.0,4.4
132.0,4.399985403311793
151.0,4.399846701274571
215.0,4.399563446209959
172.0,4.3990047876447775
