item_id,predicted_score
483.0,5.000000000000002
4.0,5.000000000000001
9.0,5.000000000000001
22.0,5.000000000000001
46.0,5.000000000000001
66.0,5.000000000000001
181.0,5.000000000000001
231.0,5.000000000000001
347.0,5.000000000000001
387.0,5.000000000000001
