item_id,predicted_score
750.0,4.604542162499079
66.0,4.601003305726316
49.0,4.600944220385078
274.0,4.600361863336698
96.0,4.599866576163624
11.0,4.597093862139633
794.0,4.402388984905563
202.0,4.402229911511416
1041.0,4.402216121391937
176.0,4.4015865070428815
