item_id,predicted_score
1342.0,5.0
1332.0,4.666666666666667
132.0,4.600728962132204
496.0,4.600021098603666
600.0,4.6
677.0,4.6
1523.0,4.6
1550.0,4.6
1595.0,4.6
1596.0,4.6
