item_id,predicted_score
1360.0,4.6
1593.0,4.6
934.0,4.59969546854646
760.0,4.40292871591378
463.0,4.40248531150521
137.0,4.4022768919463395
38.0,4.402095354551341
1013.0,4.400805659965224
141.0,4.400633142197376
346.0,4.400519502335641
