item_id,predicted_score
1235.0,5.0
1354.0,5.0
1433.0,5.0
1671.0,5.0
105.0,4.800859579311228
94.0,4.800696364865487
1201.0,4.8
1434.0,4.8
759.0,4.8
1253.0,4.8
