item_id,predicted_score
473.0,5.000000000000001
651.0,5.000000000000001
523.0,5.0
588.0,4.801695557947913
202.0,4.801335939315493
12.0,4.801227137933351
207.0,4.80100811891468
132.0,4.800637698453829
122.0,4.800437505028824
201.0,4.800434924652804
