item_id,predicted_score
197.0,5.0
185.0,5.0
1653.0,5.0
191.0,4.999999999999999
483.0,4.999999999999999
7.0,4.800416000417035
427.0,4.800415509212322
484.0,4.800359319990251
238.0,4.80035649115646
180.0,4.800184519579333
