item_id,predicted_score
867.0,5.0
411.0,4.800687656174984
473.0,4.8001930574030585
681.0,4.8
1085.0,4.8
752.0,4.8
1438.0,4.8
934.0,4.600975836139375
755.0,4.600932454896609
1047.0,4.60082994335372
