item_id,predicted_score
1246.0,5.0
1517.0,5.0
421.0,4.800563647003149
60.0,4.800528267414609
880.0,4.8
998.0,4.8
1004.0,4.8
1060.0,4.8
1146.0,4.8
1367.0,4.8
