item_id,predicted_score
1.0,5.0
515.0,4.800665083690896
850.0,4.8
880.0,4.8
426.0,4.8
1189.0,4.8
79.0,4.797985491591727
151.0,4.601490433965633
22.0,4.600775285152718
817.0,4.6
