item_id,predicted_score
1357.0,5.0
173.0,4.800201381593028
1654.0,4.8
168.0,4.7997689137885455
730.0,4.79694461956585
1414.0,4.666666666666667
172.0,4.6024581600414445
1127.0,4.6
1359.0,4.6
1422.0,4.6
