item_id,predicted_score
1122.0,5.0
67.0,4.804520011468522
874.0,4.801913349622156
179.0,4.801138136784555
1296.0,4.800853708134206
297.0,4.800588944065363
373.0,4.8
969.0,4.8
878.0,4.8
434.0,4.7996729299244745
