item_id,predicted_score
1234.0,5.0
1237.0,5.0
1354.0,5.0
1610.0,5.0
1500.0,4.8
1342.0,4.666666666666667
1243.0,4.603287533077416
427.0,4.60013579995701
1302.0,4.6
1345.0,4.6
