item_id,predicted_score
321.0,4.597388838663893
1360.0,4.333333333333333
1593.0,4.333333333333333
1342.0,4.333333333333333
961.0,4.204330057439092
216.0,4.201438531419272
1488.0,4.2
1239.0,4.2
1153.0,4.19995144622375
969.0,4.197299943302199
