item_id,predicted_score
736.0,4.601982190867411
883.0,4.601643830845739
855.0,4.6011506923967564
632.0,4.6010017569605095
454.0,4.600184814525169
912.0,4.599530236695042
644.0,4.403904315069958
1052.0,4.402854304755054
48.0,4.401388091911342
1159.0,4.400489900498397
