item_id,predicted_score
201.0,4.800231301506832
32.0,4.7990165910004885
118.0,4.4018833754155935
132.0,4.401871154089951
237.0,4.401402982811423
924.0,4.401069518716578
396.0,4.400340554351509
64.0,4.400247801191015
1.0,4.400232447971871
585.0,4.4
