item_id,predicted_score
172.0,4.599955826422344
480.0,4.599858480753971
64.0,4.599771318051025
195.0,4.598794180579535
144.0,4.597143783402063
181.0,4.40104518191971
175.0,4.400703351356104
1.0,4.400238632960849
479.0,4.400122613024738
357.0,4.400038431401496
