item_id,predicted_score
144.0,5.000000000000001
558.0,5.000000000000001
52.0,5.0
178.0,5.0
195.0,5.0
163.0,5.0
27.0,5.0
638.0,5.0
372.0,5.0
382.0,5.0
