item_id,predicted_score
1201.0,5.0
1414.0,5.0
1300.0,4.8
1496.0,4.8
1609.0,4.8
1653.0,4.666666666666667
583.0,4.602729273720755
273.0,4.601744846682178
1012.0,4.601539002221189
15.0,4.601433714686884
