item_id,predicted_score
577.0,5.000000000000001
625.0,5.0
835.0,5.0
781.0,5.0
1300.0,5.0
1354.0,5.0
1131.0,5.0
1427.0,5.0
29.0,4.999999999999999
403.0,4.801215654506204
