item_id,predicted_score
50.0,5.000000000000001
181.0,5.000000000000001
96.0,5.0
1500.0,5.0
172.0,4.801175882865274
605.0,4.80041884978299
210.0,4.80040299988897
195.0,4.800383558678187
22.0,4.800316801214426
174.0,4.800230887738862
