item_id,predicted_score
99.0,5.0
483.0,5.0
423.0,5.0
659.0,5.0
1653.0,5.0
38.0,4.999999999999999
764.0,4.8016193418876645
98.0,4.801139341709924
286.0,4.800862341195569
369.0,4.800732456569944
