item_id,predicted_score
1122.0,5.0
1604.0,5.0
1342.0,5.0
1674.0,5.0
1682.0,5.0
1201.0,4.666666666666667
1360.0,4.666666666666667
1593.0,4.666666666666667
1653.0,4.666666666666667
1619.0,4.5
