item_id,predicted_score
10.0,5.000000000000001
132.0,5.000000000000001
942.0,5.000000000000001
842.0,5.000000000000001
71.0,5.0
77.0,5.0
135.0,5.0
311.0,5.0
298.0,5.0
488.0,5.0
