item_id,predicted_score
1653.0,5.0
997.0,4.406669808421643
659.0,4.404962687495111
487.0,4.404284494815855
462.0,4.4036974297288785
103.0,4.403286387281827
154.0,4.40288233420928
319.0,4.402175443874916
317.0,4.402118849065202
114.0,4.401872417425678
