item_id,predicted_score
83.0,4.799011171478231
405.0,4.60136701820949
959.0,4.601213466194791
365.0,4.60080619538797
128.0,4.600637661708777
386.0,4.600461533858381
134.0,4.600383494358433
64.0,4.600356637342934
585.0,4.6002156130255925
41.0,4.6
