item_id,predicted_score
343.0,4.601496013880777
268.0,4.601388871663331
1142.0,4.600644700589539
909.0,4.600608214758496
12.0,4.600554259441051
1009.0,4.60050835066162
200.0,4.600323913144793
256.0,4.600291199608089
98.0,4.6002611429865965
302.0,4.600219399391482
