item_id,predicted_score
1653.0,4.666666666666667
408.0,4.600183854547696
35.0,4.6
677.0,4.6
911.0,4.6
1280.0,4.6
1491.0,4.6
1346.0,4.6
1560.0,4.6
868.0,4.6
