item_id,predicted_score
583.0,4.805589269491598
1067.0,4.802568667771759
1215.0,4.802150790920288
958.0,4.801442912940194
41.0,4.80140501092344
1400.0,4.800633741058786
555.0,4.800496000894466
920.0,4.8
976.0,4.8
351.0,4.8
