item_id,predicted_score
291.0,4.601661288584555
628.0,4.601354552464591
590.0,4.6
854.0,4.6
1054.0,4.6
1234.0,4.6
1442.0,4.6
50.0,4.599812127950591
286.0,4.5984547810491225
79.0,4.598389330873624
