item_id,predicted_score
527.0,5.000000000000001
872.0,5.000000000000001
307.0,5.0
439.0,5.0
1031.0,5.0
1080.0,5.0
1182.0,5.0
1308.0,5.0
1323.0,5.0
1345.0,5.0
