item_id,predicted_score
1225.0,4.8
180.0,4.601374737921149
96.0,4.601328083150186
568.0,4.6012492984689635
40.0,4.6005017145960405
558.0,4.6001794974147066
365.0,4.6
779.0,4.6
932.0,4.6
1145.0,4.6
