item_id,predicted_score
136.0,5.000000000000001
404.0,5.000000000000001
34.0,5.0
296.0,5.0
487.0,5.0
789.0,5.0
935.0,5.0
1233.0,5.0
1308.0,5.0
1368.0,5.0
