item_id,predicted_score
1342.0,5.0
1430.0,4.8
907.0,4.8
1618.0,4.666666666666667
1612.0,4.600106676170072
442.0,4.6
1125.0,4.6
1200.0,4.6
1353.0,4.6
1332.0,4.6
