item_id,predicted_score
38.0,5.0
1523.0,5.0
90.0,4.803061570190543
1.0,4.800832218816784
396.0,4.800481182006942
654.0,4.800268803633399
315.0,4.800123112496698
4.0,4.800062059356262
677.0,4.8
804.0,4.8
