item_id,predicted_score
1354.0,5.0
1332.0,5.0
1618.0,5.0
397.0,4.8
759.0,4.8
1558.0,4.8
1555.0,4.8
1429.0,4.666666666666667
258.0,4.600811267455132
222.0,4.600710948667508
