item_id,predicted_score
1597.0,4.6
161.0,4.5979958736465925
230.0,4.595589860029392
868.0,4.400805659965224
176.0,4.400620685081238
455.0,4.400057843157211
34.0,4.4
37.0,4.4
390.0,4.4
437.0,4.4
