item_id,predicted_score
1618.0,4.6
195.0,4.596192156232405
181.0,4.402950449034882
588.0,4.400510605144614
1381.0,4.4
1416.0,4.4
1312.0,4.4
1347.0,4.4
1327.0,4.4
1342.0,4.4
