item_id,predicted_score
1237.0,5.0
1243.0,5.0
1678.0,5.0
1679.0,5.0
1680.0,5.0
1463.0,4.89363244899291
384.0,4.8035515624304
697.0,4.801251796934068
616.0,4.8
671.0,4.8
