item_id,predicted_score
596.0,5.0
1120.0,5.0
273.0,4.999999999999999
188.0,4.801080315882521
32.0,4.800628292690713
657.0,4.800509867111138
481.0,4.800474991495184
525.0,4.800423308594754
366.0,4.8
551.0,4.8
