item_id,predicted_score
1134.0,4.801146449684056
374.0,4.8
1030.0,4.799390959973949
368.0,4.606238412931685
303.0,4.602189470663083
364.0,4.601454681437034
975.0,4.60138047273961
1025.0,4.600841948452341
798.0,4.6
1032.0,4.6
