item_id,predicted_score
491.0,4.602025558750138
1026.0,4.6
1081.0,4.6
1614.0,4.6
1618.0,4.6
1500.0,4.6
230.0,4.598238178611852
13.0,4.597296232841499
318.0,4.596948868895165
1267.0,4.400425107805852
