item_id,predicted_score
90.0,4.6
273.0,4.4020330390690665
582.0,4.400039037722522
147.0,4.4
368.0,4.4
472.0,4.4
504.0,4.4
140.0,4.4
575.0,4.4
586.0,4.4
