item_id,predicted_score
55.0,4.205853894188863
92.0,4.203671386172988
122.0,4.2034862746017305
80.0,4.201307371338943
204.0,4.201218518531136
1044.0,4.200958091352722
50.0,4.200678160954581
71.0,4.200196648376091
84.0,4.200150489622666
1291.0,4.2
