item_id,predicted_score
250.0,5.000000000000001
69.0,5.000000000000001
49.0,5.000000000000001
559.0,5.000000000000001
790.0,5.000000000000001
476.0,5.000000000000001
236.0,5.000000000000001
1010.0,5.000000000000001
1091.0,5.000000000000001
1188.0,5.000000000000001
