item_id,predicted_score
1354.0,5.0
902.0,4.801416548349065
879.0,4.800894834399464
1.0,4.8002392431932215
313.0,4.800018630033364
891.0,4.8
897.0,4.8
1155.0,4.8
1196.0,4.8
1106.0,4.8
