item_id,predicted_score
1.0,5.000000000000001
116.0,5.000000000000001
144.0,5.000000000000001
283.0,5.000000000000001
501.0,5.000000000000001
503.0,5.000000000000001
657.0,5.000000000000001
8.0,5.0
79.0,5.0
83.0,5.0
