item_id,predicted_score
166.0,4.201569112855332
1347.0,4.2
173.0,4.19956825368919
620.0,4.00177145652581
845.0,4.001693349703465
1251.0,4.001225764821756
748.0,4.000903362145024
222.0,4.000759138295062
751.0,4.000702189803921
1290.0,4.0
