item_id,predicted_score
661.0,4.600759962550478
1652.0,4.6
523.0,4.5997885211898035
111.0,4.401425962074613
221.0,4.401155885706245
549.0,4.400854805024217
404.0,4.400669015552079
506.0,4.400646145516505
62.0,4.400556441591866
434.0,4.400516042523473
