item_id,predicted_score
626.0,5.0
895.0,4.800086906055482
1405.0,4.8
1678.0,4.8
1679.0,4.8
1680.0,4.8
322.0,4.602048139014334
130.0,4.601835055458278
245.0,4.600339018895926
25.0,4.60005504692747
