item_id,predicted_score
173.0,5.000000000000001
528.0,5.000000000000001
88.0,5.0
417.0,5.0
779.0,5.0
792.0,5.0
623.0,5.0
1305.0,5.0
1342.0,5.0
172.0,4.801218069745279
