item_id,predicted_score
1653.0,5.0
817.0,4.8
1451.0,4.8
1432.0,4.6909830056250525
1433.0,4.667321868746502
1308.0,4.666666666666667
1613.0,4.666666666666667
1624.0,4.666666666666667
1625.0,4.666666666666667
1671.0,4.666666666666667
