item_id,predicted_score
1414.0,4.333333333333333
22.0,4.20267128709424
380.0,4.2023815311456225
258.0,4.200701179733279
294.0,4.2005924648393975
595.0,4.200535369911379
121.0,4.200501764013334
431.0,4.2002743777473865
592.0,4.2
1027.0,4.2
