item_id,predicted_score
361.0,4.8
1169.0,4.8
50.0,4.799060454669749
41.0,4.6
103.0,4.6
1191.0,4.6
1618.0,4.6
1662.0,4.6
4.0,4.598136954483758
780.0,4.403892967802627
