item_id,predicted_score
574.0,4.8
1526.0,4.8
1327.0,4.8
22.0,4.601019149752639
88.0,4.6005606222671425
556.0,4.6
1234.0,4.6
1279.0,4.6
1295.0,4.6
1308.0,4.6
