item_id,predicted_score
247.0,4.8
777.0,4.8
1420.0,4.8
1658.0,4.8
12.0,4.798726927686333
195.0,4.797769669251995
202.0,4.600375415547929
353.0,4.6
355.0,4.6
437.0,4.6
