item_id,predicted_score
1354.0,5.0
1472.0,5.0
1515.0,5.0
1517.0,5.0
654.0,4.801066156901733
423.0,4.80078740445221
181.0,4.800420144393758
28.0,4.800270762150325
48.0,4.8002177992526915
360.0,4.8
