item_id,predicted_score
870.0,4.6
1079.0,4.403917504263706
391.0,4.401100445873145
402.0,4.400388247603847
44.0,4.400324543136844
914.0,4.4
1295.0,4.4
1300.0,4.4
1312.0,4.4
1521.0,4.4
