item_id,predicted_score
1130.0,5.0
1354.0,5.0
1472.0,5.0
1619.0,5.0
80.0,4.806788072926074
552.0,4.8033319237892815
173.0,4.801897615496765
174.0,4.801115087135785
1059.0,4.8006778198577384
786.0,4.8
