item_id,predicted_score
283.0,4.800057313437907
779.0,4.8
940.0,4.8
1215.0,4.8
422.0,4.8
1232.0,4.8
1480.0,4.8
1612.0,4.8
1614.0,4.8
411.0,4.600877713925804
