item_id,predicted_score
298.0,4.400062847719372
864.0,4.397796699855349
1012.0,4.396170147557931
1201.0,4.333333333333333
625.0,4.201756864687219
845.0,4.200013565212687
592.0,4.2
1382.0,4.2
1434.0,4.2
393.0,4.199830509014248
