item_id,predicted_score
64.0,4.800375846111671
18.0,4.8
1468.0,4.8
1486.0,4.8
1494.0,4.8
1516.0,4.8
1591.0,4.8
1351.0,4.8
527.0,4.600540016840929
515.0,4.600450883318654
