item_id,predicted_score
127.0,4.8003778190537885
1039.0,4.80037121818307
480.0,4.800124844876923
1302.0,4.8
9.0,4.7986586277982965
151.0,4.7976256523678655
202.0,4.602879959705392
721.0,4.601199848244289
176.0,4.6009109219826785
183.0,4.600845638466626
