item_id,predicted_score
1526.0,5.0
406.0,4.402231448625088
582.0,4.401471533514821
1389.0,4.4
1261.0,4.4
847.0,4.399821198391782
187.0,4.399595550251025
306.0,4.399008581638842
1067.0,4.398721571527816
156.0,4.398244000087922
