item_id,predicted_score
187.0,4.600460171670185
137.0,4.600158640903369
149.0,4.6
904.0,4.6
905.0,4.6
948.0,4.6
185.0,4.599796622306987
291.0,4.599633463160644
735.0,4.599600106859245
193.0,4.401081210626671
