item_id,predicted_score
1432.0,5.000000000000001
1463.0,5.000000000000001
1235.0,5.0
1295.0,5.0
1404.0,5.0
1354.0,5.0
1540.0,5.0
1617.0,5.0
1653.0,5.0
1664.0,5.0
