item_id,predicted_score
532.0,4.8
1251.0,4.8
525.0,4.798284356565983
436.0,4.602300712233501
151.0,4.601961049150145
1065.0,4.600223026236685
427.0,4.600145944709116
665.0,4.6001228903820355
595.0,4.6
935.0,4.6
