item_id,predicted_score
95.0,3.6020028945121587
204.0,3.600587067674931
202.0,3.6003309141761455
141.0,3.598605679220873
393.0,3.596793630892928
1342.0,3.5
172.0,3.4023300123255447
1.0,3.4008714515216196
1338.0,3.4
1410.0,3.4
