item_id,predicted_score
1455.0,5.0
819.0,4.000562328023214
1130.0,4.0
1614.0,4.0
1681.0,4.0
118.0,3.9995984654830026
358.0,3.804182899116803
517.0,3.802228584628586
894.0,3.80122406366017
532.0,3.800492677059809
