item_id,predicted_score
151.0,5.000000000000001
188.0,5.000000000000001
21.0,5.0
111.0,5.0
144.0,5.0
442.0,5.0
817.0,5.0
822.0,5.0
850.0,5.0
891.0,5.0
