item_id,predicted_score
1022.0,5.000000000000001
4.0,5.0
5.0,5.0
541.0,5.0
851.0,5.0
1408.0,5.0
1414.0,5.0
1405.0,5.0
1357.0,5.0
137.0,4.999999999999999
