item_id,predicted_score
1619.0,4.5
1674.0,4.5
301.0,4.202105198262474
529.0,4.201702074506494
751.0,4.200752830471052
172.0,4.200550856714681
1109.0,4.200212553902926
50.0,4.200146561720624
33.0,4.200037993758057
75.0,4.2
