item_id,predicted_score
1317.0,4.8
1358.0,4.8
1312.0,4.8
471.0,4.799400624752765
879.0,4.798439342894236
222.0,4.600529482661763
1389.0,4.6
1392.0,4.6
1534.0,4.6
1601.0,4.6
