item_id,predicted_score
1076.0,4.4
1240.0,4.4
1244.0,4.4
1414.0,4.4
1347.0,4.4
476.0,4.2007648309478824
401.0,4.200117890029295
368.0,4.2
545.0,4.2
552.0,4.2
