item_id,predicted_score
172.0,4.800692774215078
1201.0,4.8
1332.0,4.8
1599.0,4.8
1674.0,4.8
237.0,4.6000038205843
804.0,4.6
1326.0,4.6
1528.0,4.6
1500.0,4.6
