item_id,predicted_score
1414.0,5.0
439.0,4.545836543402008
1130.0,4.5
1201.0,4.5
1360.0,4.5
1593.0,4.5
907.0,4.5
1408.0,4.497474683058328
437.0,4.333333333333333
442.0,4.333333333333333
