item_id,predicted_score
1653.0,5.0
129.0,4.79949968951267
945.0,4.7994954297897365
718.0,4.798968410990552
558.0,4.79852098838003
354.0,4.602470271996728
660.0,4.601822516198217
1197.0,4.6012835827783976
1503.0,4.60101788515694
283.0,4.600998868288036
