item_id,predicted_score
1332.0,4.666666666666667
1599.0,4.6
804.0,4.4
1448.0,4.4
1542.0,4.4
1517.0,4.4
1614.0,4.4
1292.0,4.4
1098.0,4.200020647293999
987.0,4.2
