item_id,predicted_score
96.0,5.0
1342.0,5.0
181.0,4.801554476639213
210.0,4.8006968404283645
174.0,4.800322801962626
257.0,4.800045158033635
95.0,4.7998290821497225
172.0,4.603805176191344
50.0,4.603520409389418
710.0,4.600360559180925
