item_id,predicted_score
8.0,5.000000000000001
26.0,5.000000000000001
58.0,5.000000000000001
71.0,5.000000000000001
83.0,5.000000000000001
87.0,5.000000000000001
95.0,5.000000000000001
99.0,5.000000000000001
135.0,5.000000000000001
136.0,5.000000000000001
