item_id,predicted_score
1040.0,4.6
834.0,4.4
1157.0,4.4
361.0,4.4
50.0,4.200418656065299
761.0,4.2002428148938
916.0,4.2
1033.0,4.2
1036.0,4.2
1215.0,4.2
