item_id,predicted_score
192.0,5.000000000000001
410.0,5.000000000000001
557.0,5.000000000000001
709.0,5.000000000000001
526.0,5.000000000000001
662.0,5.000000000000001
292.0,5.000000000000001
413.0,5.000000000000001
824.0,5.000000000000001
880.0,5.000000000000001
