item_id,predicted_score
1357.0,4.6
273.0,4.400749171403794
357.0,4.400342282063081
1398.0,4.4
1369.0,4.4
1510.0,4.4
1595.0,4.4
1596.0,4.4
651.0,4.201665232671837
482.0,4.201064200587769
