item_id,predicted_score
1424.0,5.0
1519.0,5.0
1371.0,5.0
64.0,4.800409052682268
174.0,4.797766976700548
375.0,4.605142288748754
153.0,4.604296849364447
423.0,4.603269894068527
230.0,4.602648053735744
11.0,4.601833614977886
