item_id,predicted_score
195.0,5.0
1234.0,5.0
1431.0,5.0
79.0,4.799278728709662
66.0,4.600660032438128
1227.0,4.6
1398.0,4.6
1169.0,4.6
1595.0,4.6
1596.0,4.6
