item_id,predicted_score
1160.0,4.4
462.0,4.399087937614658
778.0,4.201027375912907
395.0,4.2
571.0,4.2
1078.0,4.2
1511.0,4.2
1615.0,4.2
516.0,4.000951881421504
243.0,4.0
