item_id,predicted_score
302.0,5.000000000000001
405.0,5.000000000000001
475.0,5.000000000000001
75.0,5.0
119.0,5.0
191.0,5.0
234.0,5.0
247.0,5.0
257.0,5.0
70.0,5.0
