item_id,predicted_score
105.0,4.00350664970517
167.0,3.8051067752699486
135.0,3.800749371016623
693.0,3.7922044258882512
1308.0,3.6666666666666665
1408.0,3.6666666666666665
1484.0,3.6666666666666665
643.0,3.6666666666666665
784.0,3.6666666666666665
1104.0,3.6666666666666665
