item_id,predicted_score
2.0,5.000000000000001
4.0,5.000000000000001
15.0,5.000000000000001
21.0,5.000000000000001
52.0,5.000000000000001
71.0,5.000000000000001
83.0,5.000000000000001
93.0,5.000000000000001
126.0,5.000000000000001
172.0,5.000000000000001
