item_id,predicted_score
514.0,5.000000000000001
100.0,5.0
283.0,5.0
317.0,5.0
636.0,4.801954497440601
112.0,4.801254640145128
207.0,4.801121920506184
735.0,4.800897646707905
306.0,4.8008583488903325
179.0,4.800760076877551
