item_id,predicted_score
1653.0,5.0
1547.0,4.8
435.0,4.601663134428997
111.0,4.601589209777043
172.0,4.6014099031803655
204.0,4.600710766604613
247.0,4.6
992.0,4.6
954.0,4.6
1389.0,4.6
