item_id,predicted_score
400.0,4.801084816976523
1177.0,4.8
912.0,4.8
1544.0,4.8
11.0,4.794898703298155
1429.0,4.645410609866169
788.0,4.612942001776332
1308.0,4.6036044237991725
274.0,4.602482897465457
433.0,4.601633617880739
