item_id,predicted_score
490.0,4.20274340618314
1468.0,4.200020647293999
893.0,4.2
1502.0,4.2
1528.0,4.2
861.0,4.2
1043.0,4.2
1384.0,4.2
1517.0,4.2
1588.0,4.2
