item_id,predicted_score
938.0,5.0
1434.0,5.0
1528.0,5.0
1342.0,5.0
195.0,4.8009181430981585
47.0,4.800232915147723
1081.0,4.8
1122.0,4.8
1476.0,4.8
1371.0,4.8
