item_id,predicted_score
1077.0,5.0
1354.0,5.0
173.0,4.79973965326931
1157.0,4.799703368700022
88.0,4.798834797657315
263.0,4.6
1430.0,4.6
1500.0,4.6
907.0,4.6
617.0,4.4
