item_id,predicted_score
480.0,5.000000000000001
603.0,4.800391883911888
153.0,4.800113624442657
867.0,4.8
893.0,4.8
1114.0,4.8
1301.0,4.8
1456.0,4.8
1534.0,4.8
1376.0,4.8
