item_id,predicted_score
944.0,4.600570789579965
1473.0,4.6
1531.0,4.6
1351.0,4.6
1643.0,4.6
1342.0,4.6
340.0,4.599359281613375
1414.0,4.5
1653.0,4.5
1500.0,4.5
