item_id,predicted_score
7.0,5.000000000000001
1342.0,5.0
952.0,4.800904400160387
196.0,4.800580686300639
710.0,4.800543150099887
1.0,4.799869289468742
202.0,4.799862909269553
150.0,4.799760729888673
199.0,4.79937352218661
516.0,4.796128519682392
