item_id,predicted_score
609.0,5.000000000000002
1022.0,5.000000000000002
25.0,5.000000000000001
110.0,5.000000000000001
176.0,5.000000000000001
231.0,5.000000000000001
246.0,5.000000000000001
257.0,5.000000000000001
255.0,5.000000000000001
300.0,5.000000000000001
