item_id,predicted_score
156.0,5.000000000000001
294.0,5.000000000000001
358.0,5.000000000000001
229.0,5.000000000000001
250.0,5.000000000000001
396.0,5.000000000000001
448.0,5.000000000000001
482.0,5.000000000000001
566.0,5.000000000000001
568.0,5.000000000000001
