item_id,predicted_score
80.0,5.0
722.0,4.803035005920032
685.0,4.8028646851021985
235.0,4.8017952331518
636.0,4.801702907629377
421.0,4.801388230332118
86.0,4.801324139056046
762.0,4.801318872582545
182.0,4.800625590863943
48.0,4.800442121071544
