item_id,predicted_score
1653.0,5.0
204.0,4.600490405109437
96.0,4.599032697065173
239.0,4.401544937213521
79.0,4.400931694790875
1.0,4.40054847251592
496.0,4.400349173815138
822.0,4.4
1251.0,4.4
1187.0,4.4
