item_id,predicted_score
1175.0,5.0
742.0,4.800587231787166
1051.0,4.799392611045596
1653.0,4.75
191.0,4.6008302057260515
647.0,4.600409592987391
457.0,4.600117959560575
757.0,4.6
266.0,4.6
707.0,4.599738962359123
