item_id,predicted_score
476.0,4.403045306534394
709.0,4.40070283400455
179.0,4.400312967431822
135.0,4.4000430345718335
326.0,4.4
717.0,4.4
1052.0,4.4
114.0,4.4
1601.0,4.4
154.0,4.398981252002848
