item_id,predicted_score
1500.0,4.4
79.0,4.399942114047834
742.0,4.194142089706244
1234.0,4.0
1354.0,4.0
1601.0,4.0
98.0,3.9961131683740665
1463.0,3.8047389947199894
1060.0,3.8
1125.0,3.8
