item_id,predicted_score
860.0,4.2
1094.0,4.2
1130.0,4.0
1354.0,4.0
749.0,3.802832609271365
883.0,3.8001512229568704
119.0,3.8
551.0,3.8
668.0,3.8
976.0,3.8
