item_id,predicted_score
907.0,5.0
205.0,4.8013226417041945
109.0,4.800500799092209
291.0,4.800219650768595
137.0,4.800168308033944
70.0,4.8000134817031705
263.0,4.8
1431.0,4.8
1434.0,4.8
1396.0,4.8
