item_id,predicted_score
216.0,5.000000000000001
222.0,5.000000000000001
418.0,5.000000000000001
963.0,5.000000000000001
132.0,5.0
297.0,5.0
1455.0,5.0
1674.0,5.0
350.0,4.80274697426406
59.0,4.801797092349972
