item_id,predicted_score
359.0,5.0
987.0,5.0
1612.0,5.0
317.0,4.999999999999999
182.0,4.800482486195746
917.0,4.8
994.0,4.8
1027.0,4.8
84.0,4.8
1114.0,4.8
