item_id,predicted_score
1354.0,5.0
1371.0,4.4
839.0,4.4
1507.0,4.2
1124.0,4.2
1556.0,4.2
1618.0,4.2
50.0,4.00010906261661
1012.0,4.000011705119283
440.0,4.0
