item_id,predicted_score
12.0,4.800129329116729
1234.0,4.8
1654.0,4.8
64.0,4.600338167896584
947.0,4.6
1389.0,4.6
1534.0,4.6
1628.0,4.6
79.0,4.599656345475759
655.0,4.599517980409545
