item_id,predicted_score
205.0,4.7997025533839235
713.0,4.799031931967146
1653.0,4.75
1119.0,4.6009139107922765
528.0,4.600527726206792
181.0,4.600475473070099
1101.0,4.600237786406877
19.0,4.600202565121819
200.0,4.6001848704923125
100.0,4.600105379316641
