item_id,predicted_score
1.0,4.8004110496669306
1500.0,4.6
868.0,4.4
1677.0,4.4
58.0,4.399463767174966
480.0,4.398524844570438
496.0,4.397169076301745
87.0,4.201408813948525
386.0,4.20101160858356
203.0,4.200722472516916
