item_id,predicted_score
347.0,5.000000000000001
657.0,4.800272504603307
439.0,4.8
305.0,4.60234788306044
654.0,4.601095276443087
187.0,4.601073659067171
904.0,4.6
1083.0,4.6
1087.0,4.6
1191.0,4.6
