item_id,predicted_score
1175.0,5.0
1678.0,4.8
1679.0,4.8
1680.0,4.8
228.0,4.601074368493265
191.0,4.6007619799848465
302.0,4.600145450256392
355.0,4.6
819.0,4.6
786.0,4.6
