item_id,predicted_score
841.0,5.000000000000001
988.0,5.000000000000001
2.0,5.0
195.0,5.0
249.0,5.0
62.0,5.0
96.0,5.0
513.0,5.0
540.0,5.0
571.0,5.0
