item_id,predicted_score
646.0,4.6
1354.0,4.6
39.0,4.400090569484481
596.0,4.4
934.0,4.4
1075.0,4.4
1433.0,4.4
1671.0,4.4
111.0,4.20307318534564
19.0,4.2
