item_id,predicted_score
361.0,4.0
1662.0,4.0
1658.0,3.8
172.0,3.799345957318017
204.0,3.799004411496718
780.0,3.7974114554657263
70.0,3.797223450622819
209.0,3.7956795064179234
96.0,3.6006953274072813
1191.0,3.6
