item_id,predicted_score
1619.0,5.0
1653.0,5.0
18.0,4.802439097383624
1456.0,4.801957841840646
1134.0,4.8002784759898915
851.0,4.8
1442.0,4.8
1678.0,4.8
1679.0,4.8
1680.0,4.8
