item_id,predicted_score
1201.0,5.0
1416.0,5.0
1354.0,5.0
1509.0,5.0
267.0,5.0
1600.0,5.0
1351.0,5.0
589.0,4.80146471700641
389.0,4.8013908535724745
692.0,4.800877982764744
