item_id,predicted_score
1360.0,4.666666666666667
1593.0,4.666666666666667
997.0,4.5947109740063485
902.0,4.403101603390152
518.0,4.402325686688163
350.0,4.401233105919074
777.0,4.4
927.0,4.4
1080.0,4.4
1125.0,4.4
