item_id,predicted_score
1414.0,5.0
1464.0,4.6
39.0,4.401180666532837
603.0,4.400090686147863
247.0,4.4
439.0,4.4
777.0,4.4
851.0,4.4
891.0,4.4
897.0,4.4
