item_id,predicted_score
429.0,4.800439312408727
1150.0,4.8
357.0,4.60034685168259
748.0,4.60005914790986
935.0,4.6
888.0,4.6
1186.0,4.6
1289.0,4.6
1353.0,4.6
1405.0,4.6
