item_id,predicted_score
1514.0,4.6
787.0,4.6
1552.0,4.6
570.0,4.599769737833953
284.0,4.596816611536884
484.0,4.400635394137615
479.0,4.400572491051765
75.0,4.4
359.0,4.4
595.0,4.4
