item_id,predicted_score
1146.0,4.6
1300.0,4.4
1383.0,4.4
509.0,4.399817329001083
480.0,4.20079053892464
209.0,4.200365646510319
302.0,4.200353396049842
127.0,4.200262628989066
185.0,4.200109831551259
427.0,4.200084524552767
