item_id,predicted_score
1354.0,5.0
423.0,4.80068911378086
133.0,4.800586034993556
191.0,4.800500449729258
99.0,4.800364609963182
479.0,4.8000504217254285
349.0,4.8
1162.0,4.8
498.0,4.79974376167109
97.0,4.600892823210278
