item_id,predicted_score
1318.0,3.6666666666666665
1619.0,3.6666666666666665
595.0,3.6020245999832583
820.0,3.600820529090522
769.0,3.600024689550925
594.0,3.6
1542.0,3.6
1473.0,3.5989500491103095
736.0,3.598053751019836
1674.0,3.5
