item_id,predicted_score
176.0,5.0
125.0,5.0
1255.0,5.0
603.0,4.80059513947652
480.0,4.800457045462058
127.0,4.800047202172264
948.0,4.8
840.0,4.8
1252.0,4.8
1440.0,4.8
