item_id,predicted_score
50.0,4.401328490871488
181.0,4.400925635152735
655.0,4.399642489308918
135.0,4.399078607804379
204.0,4.200691793182879
479.0,4.2004434385130125
1.0,4.200114561847474
132.0,4.2000868755931275
1272.0,4.2
1332.0,4.2
