item_id,predicted_score
70.0,4.600006002320806
23.0,4.59822340227085
368.0,4.4
1254.0,4.4
191.0,4.39960018600276
193.0,4.399218834801844
185.0,4.202523596225159
1251.0,4.2
1092.0,4.2
1413.0,4.2
