item_id,predicted_score
144.0,5.000000000000001
285.0,5.000000000000001
295.0,5.000000000000001
313.0,5.000000000000001
9.0,5.0
34.0,5.0
66.0,5.0
119.0,5.0
237.0,5.0
244.0,5.0
