item_id,predicted_score
1358.0,4.6
1302.0,4.4
1332.0,4.4
1455.0,4.4
4.0,4.399707117468888
210.0,4.2012261399454385
172.0,4.200819632278171
168.0,4.200158540596848
263.0,4.2
341.0,4.2
