item_id,predicted_score
28.0,5.000000000000001
50.0,5.000000000000001
304.0,5.000000000000001
119.0,5.0
195.0,5.0
247.0,5.0
296.0,5.0
437.0,5.0
598.0,5.0
600.0,5.0
