item_id,predicted_score
1332.0,4.75
951.0,4.6011846291443455
562.0,4.6
1600.0,4.6
478.0,4.599878253483891
742.0,4.401856670704192
20.0,4.400769173964816
565.0,4.4
757.0,4.4
957.0,4.4
