item_id,predicted_score
738.0,4.8
462.0,4.797623228215088
12.0,4.6008672401181
64.0,4.600624758181206
642.0,4.600405183682803
940.0,4.6
1318.0,4.6
98.0,4.59954117655823
89.0,4.599123790443264
428.0,4.599012780394245
