item_id,predicted_score
1342.0,4.5
1682.0,4.5
246.0,4.202804513901324
1412.0,4.202073953771489
444.0,4.189251862349247
1134.0,4.000646880769663
903.0,4.000114309327969
686.0,4.000057569445566
838.0,4.0
1122.0,4.0
