item_id,predicted_score
20.0,4.619313051440065
94.0,4.611665030767746
133.0,4.611535926064702
159.0,4.610597569125947
946.0,4.610272772014426
120.0,4.609597650926213
403.0,4.608457116724795
85.0,4.608342584709159
465.0,4.608258908622533
301.0,4.607926330561544
