item_id,predicted_score
473.0,5.000000000000001
125.0,5.000000000000001
930.0,5.000000000000001
354.0,5.000000000000001
1074.0,5.000000000000001
48.0,5.0
122.0,5.0
141.0,5.0
199.0,5.0
286.0,5.0
