item_id,predicted_score
1175.0,5.0
173.0,4.800117435503533
1026.0,4.8
1355.0,4.8
1327.0,4.8
1455.0,4.8
1.0,4.600206561493146
437.0,4.6
598.0,4.6
884.0,4.6
