item_id,predicted_score
1675.0,5.0
1676.0,5.0
1510.0,4.5
1405.0,4.202626806523544
359.0,4.202456035734078
847.0,4.202010988562525
1495.0,4.201609163952739
976.0,4.20105273610132
1421.0,4.200839758401725
1204.0,4.200770317649052
