item_id,predicted_score
1653.0,5.0
183.0,4.601249084778874
1130.0,4.6
1525.0,4.6
1392.0,4.6
444.0,4.406299133461322
231.0,4.40443406216119
979.0,4.402895201772623
82.0,4.402697378417694
101.0,4.402505294423576
