item_id,predicted_score
260.0,5.000000000000001
196.0,5.000000000000001
268.0,5.0
64.0,5.0
157.0,5.0
357.0,5.0
290.0,5.0
515.0,5.0
1619.0,5.0
508.0,4.999999999999999
