item_id,predicted_score
22.0,5.0
1653.0,5.0
70.0,4.800921675305956
173.0,4.800402481439336
202.0,4.8000890225041015
668.0,4.8
701.0,4.8
957.0,4.8
1125.0,4.8
1345.0,4.8
