item_id,predicted_score
296.0,4.6
1233.0,4.6
361.0,4.6
1506.0,4.6
1377.0,4.6
1618.0,4.6
181.0,4.598305686950446
50.0,4.40163170798587
733.0,4.4
681.0,4.4
