item_id,predicted_score
1175.0,5.0
1653.0,5.0
34.0,4.8
858.0,4.8
1096.0,4.8
1301.0,4.8
1551.0,4.8
1605.0,4.8
423.0,4.799387222782136
651.0,4.600458317296413
