item_id,predicted_score
204.0,5.000000000000001
313.0,4.999999999999999
181.0,4.802074003601318
50.0,4.801248944500298
172.0,4.800443012940582
69.0,4.800291590595787
257.0,4.800281835790411
403.0,4.800233579195448
75.0,4.8
437.0,4.8
