item_id,predicted_score
122.0,4.801600321955135
220.0,4.8
1354.0,4.8
209.0,4.7987160336811225
475.0,4.60121289248758
100.0,4.601163963093724
128.0,4.600872632803598
451.0,4.600676927710408
55.0,4.600471667514133
147.0,4.6000862040420705
