item_id,predicted_score
286.0,5.0
56.0,5.0
480.0,5.0
11.0,4.800580416206765
23.0,4.800362137198863
315.0,4.800339434684997
135.0,4.800216445563077
343.0,4.606806788118303
339.0,4.606248194614015
324.0,4.606053909770581
