item_id,predicted_score
957.0,5.0
1125.0,5.0
1354.0,5.0
1332.0,5.0
1526.0,5.0
1318.0,5.0
1455.0,5.0
1674.0,5.0
1290.0,4.666666666666667
1523.0,4.660865580016295
