item_id,predicted_score
9.0,5.000000000000002
100.0,5.000000000000002
193.0,5.000000000000002
25.0,5.000000000000001
32.0,5.000000000000001
42.0,5.000000000000001
149.0,5.000000000000001
187.0,5.000000000000001
246.0,5.000000000000001
255.0,5.000000000000001
