item_id,predicted_score
881.0,4.800912578018775
244.0,4.800400958108862
948.0,4.8
1127.0,4.8
1661.0,4.8
167.0,4.604526647792098
237.0,4.6012430824753885
283.0,4.601046930553646
137.0,4.600348015164506
538.0,4.600043131596373
