item_id,predicted_score
172.0,5.000000000000001
455.0,5.0
1455.0,5.0
181.0,4.8014602610945225
437.0,4.8
565.0,4.8
600.0,4.8
891.0,4.8
897.0,4.8
932.0,4.8
