item_id,predicted_score
135.0,4.603270371473467
42.0,4.603245354024193
303.0,4.603212385329439
1419.0,4.600596359627075
571.0,4.600578721383099
290.0,4.600488589792854
196.0,4.600442308444622
983.0,4.6
427.0,4.599926472430301
221.0,4.599850740103921
