item_id,predicted_score
1392.0,5.0
181.0,4.801318709494463
50.0,4.800794695302661
1122.0,4.6
1130.0,4.6
1234.0,4.6
1127.0,4.6
1360.0,4.6
1593.0,4.6
1123.0,4.6
