item_id,predicted_score
1342.0,5.0
181.0,4.800188917675153
174.0,4.600556624051643
1347.0,4.6
1096.0,4.4
1365.0,4.4
1369.0,4.4
1449.0,4.4
1332.0,4.4
1424.0,4.4
