item_id,predicted_score
90.0,5.000000000000001
55.0,5.0
404.0,5.0
924.0,5.0
50.0,4.999999999999999
25.0,4.999999999999998
451.0,4.804324798132787
470.0,4.802676819275685
403.0,4.80225608578684
475.0,4.802181806379233
