item_id,predicted_score
1090.0,4.80640093295202
847.0,4.800701311393437
236.0,4.800151783582185
406.0,4.799882109970706
337.0,4.799117674531413
849.0,4.6074632417043935
53.0,4.60521871351477
713.0,4.604819102993758
455.0,4.604702144447377
276.0,4.6037455248269294
