item_id,predicted_score
1556.0,4.4
1500.0,4.25
7.0,4.201396357213655
50.0,4.200216021542174
1433.0,4.2
784.0,4.2
1104.0,4.2
1306.0,4.2
1307.0,4.2
1334.0,4.2
