item_id,predicted_score
589.0,4.4012927276932095
321.0,4.400855548077325
690.0,4.400802485114389
354.0,4.400486941840266
767.0,4.4
1245.0,4.4
1068.0,4.4
194.0,4.399130429805478
117.0,4.399008853043757
496.0,4.393165572871203
