item_id,predicted_score
668.0,4.8
1345.0,4.8
1599.0,4.8
1308.0,4.755640383157577
643.0,4.666666666666667
784.0,4.666666666666667
1104.0,4.666666666666667
1306.0,4.666666666666667
1307.0,4.666666666666667
1334.0,4.666666666666667
