item_id,predicted_score
7.0,4.8006600775248875
12.0,4.8006377205120145
123.0,4.800596470860571
22.0,4.799704763528974
174.0,4.601978740766551
538.0,4.601360352621053
181.0,4.601124308925137
471.0,4.60080263998171
127.0,4.600743376401025
328.0,4.600379263286134
