item_id,predicted_score
1354.0,5.0
1654.0,5.0
151.0,4.801108012434147
357.0,4.800274353674735
1234.0,4.8
1431.0,4.8
1434.0,4.8
1369.0,4.8
1294.0,4.8
1682.0,4.8
