item_id,predicted_score
1054.0,4.0
182.0,3.795879266455175
1000.0,3.6
859.0,3.6
1531.0,3.6
199.0,3.5996764719263887
202.0,3.5992044932943146
179.0,3.4006104924175284
1049.0,3.4
1431.0,3.4
