item_id,predicted_score
175.0,5.000000000000001
100.0,5.0
298.0,5.0
462.0,5.0
489.0,5.0
23.0,5.0
466.0,5.0
12.0,4.999999999999999
607.0,4.999999999999999
16.0,4.802410272158128
