item_id,predicted_score
1235.0,5.0
1354.0,5.0
1175.0,5.0
1433.0,5.0
1671.0,5.0
549.0,4.800916079869225
163.0,4.800604935520714
932.0,4.8
864.0,4.8
812.0,4.8
