item_id,predicted_score
846.0,4.400731616895902
1092.0,4.4
1318.0,4.333333333333333
1342.0,4.333333333333333
1653.0,4.25
586.0,4.203445115625121
180.0,4.2016604995150955
809.0,4.201049483437265
589.0,4.200919396434175
551.0,4.2
