item_id,predicted_score
207.0,5.000000000000001
306.0,5.000000000000001
663.0,5.000000000000001
9.0,5.0
286.0,5.0
357.0,5.0
540.0,5.0
572.0,5.0
582.0,5.0
676.0,5.0
