item_id,predicted_score
1226.0,5.0
332.0,4.801029304213051
832.0,4.800745185680475
479.0,4.80064369622091
654.0,4.800574553447626
283.0,4.800454735044784
595.0,4.8004206587606175
498.0,4.800350637105115
466.0,4.800331540383231
496.0,4.800230150187241
