item_id,predicted_score
1524.0,5.0
1158.0,5.0
936.0,4.999999999999999
1042.0,4.801067373210222
1228.0,4.800100458175916
442.0,4.8
973.0,4.8
954.0,4.8
1196.0,4.8
1234.0,4.8
