item_id,predicted_score
185.0,5.0
551.0,5.0
603.0,5.0
479.0,5.0
483.0,4.800758083262579
168.0,4.800526606810017
484.0,4.800461251892085
191.0,4.800253558434746
419.0,4.800058336594485
954.0,4.8
