item_id,predicted_score
172.0,4.601646030727563
210.0,4.6004818573182105
436.0,4.600106532560298
1490.0,4.6
614.0,4.59910330100742
48.0,4.598957054682217
21.0,4.59829157322014
1342.0,4.5
228.0,4.400461801774217
195.0,4.400079721197197
