item_id,predicted_score
987.0,4.6
994.0,4.4
1326.0,4.4
1385.0,4.4
1499.0,4.4
1327.0,4.4
603.0,4.200940008186281
174.0,4.200362094552055
260.0,4.2
538.0,4.2
