item_id,predicted_score
185.0,5.000000000000001
655.0,5.000000000000001
1175.0,5.000000000000001
223.0,5.0
482.0,5.0
679.0,5.0
1011.0,5.0
1295.0,5.0
1314.0,5.0
1331.0,5.0
