item_id,predicted_score
600.0,5.0
1289.0,5.0
1162.0,5.0
1272.0,5.0
1513.0,5.0
1523.0,5.0
294.0,4.801745926835877
117.0,4.801340807007681
151.0,4.800727254313586
594.0,4.8
