item_id,predicted_score
939.0,4.80026925907639
1232.0,4.8
644.0,4.799951273037761
1157.0,4.799768555971096
511.0,4.799292084738861
808.0,4.601572691897338
824.0,4.60128506273269
975.0,4.600519617211188
967.0,4.6
976.0,4.6
