item_id,predicted_score
38.0,4.200550937489709
1347.0,4.2
55.0,4.199327537571224
172.0,4.000278938211389
263.0,4.0
832.0,4.0
6.0,4.0
704.0,4.0
103.0,4.0
1177.0,4.0
