item_id,predicted_score
79.0,5.0
195.0,5.0
1424.0,5.0
1500.0,5.0
172.0,4.800818858841823
588.0,4.800792439579618
50.0,4.800722618696592
70.0,4.800698307977094
98.0,4.800449951806074
357.0,4.800403318553397
