item_id,predicted_score
1500.0,5.0
174.0,4.80052506844335
173.0,4.800424327465862
1308.0,4.8
1162.0,4.8
626.0,4.8
784.0,4.8
788.0,4.8
1104.0,4.8
1306.0,4.8
