item_id,predicted_score
204.0,5.000000000000001
432.0,5.000000000000001
1012.0,5.000000000000001
176.0,5.0
228.0,5.0
250.0,5.0
600.0,5.0
188.0,5.0
850.0,5.0
851.0,5.0
