item_id,predicted_score
98.0,4.799994450019891
28.0,4.799481337933191
265.0,4.601689325880223
332.0,4.6
732.0,4.400720387982343
1472.0,4.4
82.0,4.399746100476456
117.0,4.399583142413886
222.0,4.200422333550531
419.0,4.200355526351593
