item_id,predicted_score
1526.0,5.0
1455.0,5.0
1239.0,4.8
1603.0,4.8
1621.0,4.8
1661.0,4.8
288.0,4.797856160322579
258.0,4.600773012708027
333.0,4.600703915203202
446.0,4.6
