item_id,predicted_score
1120.0,4.4
1314.0,4.4
1232.0,4.4
1528.0,4.4
861.0,4.4
1529.0,4.4
1009.0,4.399795688405939
1463.0,4.291707938318025
1617.0,4.216734475747445
1293.0,4.206476690600232
