item_id,predicted_score
237.0,4.400831435149911
1347.0,4.4
651.0,4.200937613530503
1327.0,4.2
628.0,4.199541380001971
95.0,4.0040085302824195
471.0,4.001397516946614
56.0,4.000761202584495
522.0,4.0
1072.0,4.0
