item_id,predicted_score
1342.0,5.0
729.0,4.999999999999999
392.0,4.802727679700936
1293.0,4.802478057904125
51.0,4.8021619692582815
38.0,4.801140205168506
577.0,4.8
1480.0,4.8
1035.0,4.799935187556
44.0,4.7994029236050055
