item_id,predicted_score
804.0,4.2
1151.0,4.2
1275.0,4.2
999.0,4.2
279.0,4.19836028949767
91.0,4.190488121992646
826.0,4.00240677137099
940.0,4.002029574783315
404.0,4.001887720685263
187.0,4.001405756769508
