item_id,predicted_score
515.0,4.400091792872108
586.0,4.4
880.0,4.4
1227.0,4.4
1242.0,4.4
1506.0,4.4
1682.0,4.4
99.0,4.201324588984687
153.0,4.2008980699901395
480.0,4.200634233000041
