item_id,predicted_score
998.0,4.8
480.0,4.798382697665514
488.0,4.600291102053136
980.0,4.6
1058.0,4.6
1231.0,4.6
1355.0,4.6
1531.0,4.6
1367.0,4.6
476.0,4.599826087635646
