item_id,predicted_score
427.0,4.000064901672739
1318.0,4.0
1618.0,4.0
480.0,3.99883921131235
179.0,3.80529559378225
143.0,3.8032539497580022
242.0,3.8002380446899666
592.0,3.8
1080.0,3.8
1151.0,3.8
