item_id,predicted_score
1507.0,5.0
1455.0,5.0
1674.0,5.0
1201.0,4.5
322.0,4.006390668596384
1112.0,4.0057967886477615
1076.0,4.002854803125019
403.0,4.00213503497056
544.0,4.001865357943028
591.0,4.001688849276539
