item_id,predicted_score
685.0,4.600793134918385
1011.0,4.59858212780206
739.0,4.402476820944699
188.0,4.40106033464824
404.0,4.40076681769094
255.0,4.400736707673644
515.0,4.400319776190315
619.0,4.400090569484481
41.0,4.4
324.0,4.4
