item_id,predicted_score
1347.0,4.8
394.0,4.6
667.0,4.6
1125.0,4.6
1201.0,4.6
1337.0,4.6
1338.0,4.6
1469.0,4.6
213.0,4.599507663211728
193.0,4.598892015111409
