item_id,predicted_score
698.0,4.8
213.0,4.798079183226367
306.0,4.602328450317223
448.0,4.600723840986078
254.0,4.6
1070.0,4.6
608.0,4.6
1230.0,4.6
1017.0,4.599968741752714
752.0,4.59967045658098
