item_id,predicted_score
508.0,4.601881621857071
568.0,4.601262850478206
283.0,4.601011442899004
123.0,4.600853966276047
221.0,4.600613180227359
725.0,4.6
496.0,4.5995466000865495
318.0,4.599485989729727
744.0,4.5993816034906585
1014.0,4.4030146619345665
