item_id,predicted_score
699.0,5.000000000000001
700.0,5.000000000000001
936.0,5.000000000000001
1019.0,5.000000000000001
19.0,5.0
35.0,5.0
99.0,5.0
126.0,5.0
138.0,5.0
261.0,5.0
