item_id,predicted_score
1342.0,5.0
1423.0,4.8
1468.0,4.8
1618.0,4.8
228.0,4.799980980891809
181.0,4.601872535961594
403.0,4.600078721172515
308.0,4.6
1097.0,4.6
1264.0,4.6
