item_id,predicted_score
79.0,4.800804278676945
146.0,4.6
99.0,4.599344775700106
151.0,4.599249018839129
496.0,4.401956084349041
132.0,4.40101910423247
318.0,4.400907494319511
845.0,4.400772464195293
22.0,4.400577366102732
804.0,4.4
