item_id,predicted_score
1618.0,4.2
109.0,4.001703787704824
1026.0,4.0
361.0,4.0
1342.0,4.0
1112.0,3.8005544435755065
174.0,3.8005062049282596
856.0,3.8000591431654405
574.0,3.8
701.0,3.8
