item_id,predicted_score
174.0,4.999999999999999
1281.0,4.8
1449.0,4.8
1346.0,4.8
1618.0,4.8
258.0,4.601671045517854
239.0,4.601360190339555
132.0,4.600543375215686
237.0,4.600329711323997
98.0,4.600256443862007
