item_id,predicted_score
172.0,4.801736960468121
50.0,4.8011805957725855
174.0,4.800413777574873
1205.0,4.8
1308.0,4.8
643.0,4.8
784.0,4.8
1104.0,4.8
1306.0,4.8
1307.0,4.8
