item_id,predicted_score
586.0,4.208928809048405
797.0,4.201016198765441
110.0,4.199134956027818
1239.0,4.195313434545024
672.0,4.012218390551267
398.0,4.010372685884903
522.0,4.009850864619012
840.0,4.009123393372264
996.0,4.008984318180951
158.0,4.008971364828835
