item_id,predicted_score
258.0,5.0
332.0,5.0
1619.0,5.0
1674.0,5.0
750.0,4.803966837439909
304.0,4.803933058121442
895.0,4.803854292236449
313.0,4.802811571868073
429.0,4.802452518479134
909.0,4.802266052815985
