item_id,predicted_score
151.0,4.8332544072328165
69.0,4.63784969863297
313.0,4.6171580143993936
169.0,4.554583827022954
124.0,4.5534220905103115
777.0,4.531617897649029
854.0,4.529164999420307
50.0,4.488828010646049
59.0,4.4826329588355245
60.0,4.465153593746114
