item_id,predicted_score
151.0,4.797103128033706
69.0,4.601698419433861
313.0,4.581006735200283
169.0,4.518432547823845
124.0,4.517270811311201
777.0,4.495466618449919
854.0,4.493013720221197
50.0,4.452676731446939
59.0,4.446481679636415
60.0,4.429002314547005
