item_id,predicted_score
151.0,4.795636852373883
69.0,4.600232143774036
313.0,4.57954045954046
169.0,4.516966272164021
124.0,4.515804535651377
777.0,4.494000342790095
854.0,4.491547444561373
50.0,4.451210455787115
59.0,4.445015403976591
60.0,4.4275360388871805
