item_id,predicted_score
151.0,5.1612074519870355
69.0,4.965802743387189
313.0,4.945111059153612
169.0,4.882536871777173
124.0,4.88137513526453
777.0,4.859570942403248
854.0,4.857118044174525
50.0,4.816781055400267
59.0,4.810586003589743
60.0,4.793106638500333
