item_id,predicted_score
151.0,5.558623865360895
69.0,5.363219156761049
313.0,5.342527472527472
169.0,5.279953285151033
124.0,5.27879154863839
777.0,5.256987355777108
854.0,5.254534457548385
50.0,5.2141974687741275
59.0,5.208002416963604
60.0,5.190523051874194
