item_id,predicted_score
151.0,4.819205875942906
69.0,4.62380116734306
313.0,4.603109483109483
169.0,4.540535295733044
124.0,4.539373559220401
777.0,4.517569366359118
854.0,4.515116468130397
50.0,4.474779479356139
59.0,4.468584427545614
60.0,4.451105062456204
