item_id,predicted_score
151.0,5.048835505572535
69.0,4.85343079697269
313.0,4.832739112739112
169.0,4.770164925362674
124.0,4.76900318885003
777.0,4.747198995988748
854.0,4.744746097760026
50.0,4.704409108985768
59.0,4.698214057175244
60.0,4.680734692085834
