item_id,predicted_score
151.0,5.005668200336265
69.0,4.810263491736419
313.0,4.789571807502842
169.0,4.726997620126403
124.0,4.72583588361376
777.0,4.704031690752477
854.0,4.7015787925237555
50.0,4.661241803749498
59.0,4.655046751938973
60.0,4.637567386849563
