item_id,predicted_score
151.0,4.038061094798125
69.0,3.8426563861982785
313.0,3.821964701964702
169.0,3.759390514588263
124.0,3.7582287780756194
777.0,3.736424585214337
854.0,3.7339716869856154
50.0,3.6936346982113575
59.0,3.6874396464008328
60.0,3.6699602813114227
