item_id,predicted_score
151.0,5.094338151075181
69.0,4.898933442475335
313.0,4.878241758241758
169.0,4.815667570865319
124.0,4.814505834352676
777.0,4.792701641491393
854.0,4.790248743262672
50.0,4.749911754488414
59.0,4.743716702677889
60.0,4.726237337588479
