item_id,predicted_score
151.0,5.464086050234846
69.0,5.268681341634999
313.0,5.247989657401422
169.0,5.185415470024983
124.0,5.18425373351234
777.0,5.162449540651058
854.0,5.159996642422335
50.0,5.119659653648077
59.0,5.113464601837554
60.0,5.0959852367481435
