item_id,predicted_score
151.0,4.992297334748651
69.0,4.7968926261488045
313.0,4.776200941915227
169.0,4.713626754538788
124.0,4.712465018026145
777.0,4.690660825164863
854.0,4.6882079269361405
50.0,4.647870938161883
59.0,4.641675886351359
60.0,4.624196521261949
