item_id,predicted_score
151.0,4.654985051344723
69.0,4.459580342744877
313.0,4.4388886585113
169.0,4.376314471134862
124.0,4.375152734622217
777.0,4.353348541760935
854.0,4.350895643532214
50.0,4.310558654757956
59.0,4.304363602947431
60.0,4.286884237858021
