item_id,predicted_score
151.0,5.561371118108148
69.0,5.365966409508302
313.0,5.345274725274725
169.0,5.282700537898286
124.0,5.281538801385643
777.0,5.259734608524361
854.0,5.257281710295638
50.0,5.21694472152138
59.0,5.210749669710856
60.0,5.193270304621446
