item_id,predicted_score
151.0,5.297103128033706
69.0,5.101698419433861
313.0,5.081006735200283
169.0,5.018432547823845
124.0,5.017270811311201
777.0,4.995466618449919
854.0,4.993013720221197
50.0,4.952676731446939
59.0,4.946481679636415
60.0,4.929002314547005
