item_id,predicted_score
151.0,5.742421774768561
69.0,5.547017066168715
313.0,5.526325381935138
169.0,5.463751194558699
124.0,5.462589458046056
777.0,5.440785265184774
854.0,5.438332366956051
50.0,5.397995378181793
59.0,5.3918003263712695
60.0,5.374320961281859
