item_id,predicted_score
151.0,5.492606549343579
69.0,5.297201840743734
313.0,5.276510156510156
169.0,5.2139359691337175
124.0,5.212774232621074
777.0,5.190970039759792
854.0,5.18851714153107
50.0,5.148180152756812
59.0,5.141985100946288
60.0,5.124505735856878
