item_id,predicted_score
151.0,4.534674285528963
69.0,4.339269576929117
313.0,4.318577892695539
169.0,4.256003705319101
124.0,4.254841968806457
777.0,4.233037775945175
854.0,4.230584877716453
50.0,4.190247888942195
59.0,4.184052837131671
60.0,4.166573472042261
