item_id,predicted_score
151.0,3.3717068305057163
69.0,3.17630212190587
313.0,3.1556104376722933
169.0,3.0930362502958544
124.0,3.091874513783211
777.0,3.0700703209219284
854.0,3.067617422693207
50.0,3.027280433918949
59.0,3.0210853821084243
60.0,3.003606017019014
