item_id,predicted_score
151.0,5.634020690757721
69.0,5.438615982157875
313.0,5.417924297924297
169.0,5.3553501105478585
124.0,5.354188374035215
777.0,5.332384181173933
854.0,5.329931282945211
50.0,5.289594294170953
59.0,5.283399242360429
60.0,5.265919877271019
