item_id,predicted_score
151.0,4.894338151075181
69.0,4.698933442475335
313.0,4.678241758241758
169.0,4.61566757086532
124.0,4.614505834352675
777.0,4.592701641491393
854.0,4.590248743262672
50.0,4.549911754488414
59.0,4.543716702677889
60.0,4.526237337588479
