item_id,predicted_score
151.0,4.8312669283497796
69.0,4.635862219749933
313.0,4.615170535516357
169.0,4.552596348139918
124.0,4.551434611627274
777.0,4.529630418765992
854.0,4.52717752053727
50.0,4.486840531763012
59.0,4.4806454799524875
60.0,4.4631661148630775
