item_id,predicted_score
151.0,5.232311289048319
69.0,5.036906580448473
313.0,5.016214896214896
169.0,4.953640708838457
124.0,4.952478972325814
777.0,4.930674779464532
854.0,4.928221881235809
50.0,4.8878848924615514
59.0,4.881689840651028
60.0,4.864210475561618
