item_id,predicted_score
151.0,5.489011274561864
69.0,5.293606565962018
313.0,5.272914881728441
169.0,5.210340694352002
124.0,5.209178957839359
777.0,5.187374764978077
854.0,5.184921866749354
50.0,5.144584877975096
59.0,5.138389826164572
60.0,5.120910461075162
