item_id,predicted_score
151.0,5.7133857701228
69.0,5.5179810615229545
313.0,5.497289377289377
169.0,5.4347151899129384
124.0,5.433553453400295
777.0,5.411749260539013
854.0,5.4092963623102905
50.0,5.368959373536033
59.0,5.362764321725509
60.0,5.345284956636099
