item_id,predicted_score
151.0,4.373208980844215
69.0,4.1778042722443685
313.0,4.157112588010791
169.0,4.094538400634352
124.0,4.093376664121709
777.0,4.071572471260427
854.0,4.0691195730317045
50.0,4.0287825842574465
59.0,4.022587532446923
60.0,4.005108167357513
