item_id,predicted_score
151.0,5.279319836056866
69.0,5.08391512745702
313.0,5.063223443223443
169.0,5.000649255847004
124.0,4.999487519334361
777.0,4.977683326473079
854.0,4.975230428244356
50.0,4.934893439470098
59.0,4.9286983876595745
60.0,4.911219022570164
