item_id,predicted_score
151.0,4.58540957964661
69.0,4.390004871046764
313.0,4.369313186813186
169.0,4.306738999436748
124.0,4.305577262924104
777.0,4.283773070062822
854.0,4.2813201718341
50.0,4.240983183059842
59.0,4.234788131249318
60.0,4.217308766159908
