item_id,predicted_score
151.0,4.556242912979943
69.0,4.360838204380097
313.0,4.3401465201465195
169.0,4.277572332770081
124.0,4.2764105962574375
777.0,4.2546064033961555
854.0,4.252153505167433
50.0,4.211816516393175
59.0,4.205621464582651
60.0,4.188142099493241
