item_id,predicted_score
151.0,5.451481008218038
69.0,5.256076299618192
313.0,5.235384615384615
169.0,5.172810428008177
124.0,5.171648691495532
777.0,5.14984449863425
854.0,5.147391600405529
50.0,5.107054611631271
59.0,5.100859559820746
60.0,5.083380194731336
