item_id,predicted_score
151.0,5.735675537093417
69.0,5.540270828493572
313.0,5.519579144259994
169.0,5.457004956883556
124.0,5.455843220370912
777.0,5.43403902750963
854.0,5.431586129280908
50.0,5.39124914050665
59.0,5.385054088696126
60.0,5.367574723606716
