item_id,predicted_score
151.0,5.572909579646609
69.0,5.377504871046764
313.0,5.356813186813186
169.0,5.294238999436748
124.0,5.293077262924104
777.0,5.271273070062822
854.0,5.2688201718341
50.0,5.228483183059842
59.0,5.222288131249318
60.0,5.204808766159908
