item_id,predicted_score
151.0,5.39790957964661
69.0,5.202504871046764
313.0,5.181813186813186
169.0,5.119238999436748
124.0,5.118077262924104
777.0,5.096273070062822
854.0,5.0938201718341
50.0,5.053483183059842
59.0,5.047288131249318
60.0,5.029808766159908
