item_id,predicted_score
151.0,5.052321344352492
69.0,4.856916635752646
313.0,4.8362249515190685
169.0,4.77365076414263
124.0,4.7724890276299865
777.0,4.7506848347687045
854.0,4.748231936539982
50.0,4.707894947765724
59.0,4.7016998959552
60.0,4.68422053086579
