item_id,predicted_score
151.0,5.592474797037914
69.0,5.397070088438068
313.0,5.37637840420449
169.0,5.313804216828052
124.0,5.312642480315408
777.0,5.290838287454126
854.0,5.288385389225404
50.0,5.248048400451146
59.0,5.241853348640622
60.0,5.224373983551212
