item_id,predicted_score
151.0,4.8651318018688325
69.0,4.669727093268986
313.0,4.649035409035409
169.0,4.58646122165897
124.0,4.585299485146327
777.0,4.563495292285045
854.0,4.561042394056322
50.0,4.520705405282064
59.0,4.5145103534715405
60.0,4.4970309883821304
