item_id,predicted_score
151.0,4.829840272715916
69.0,4.63443556411607
313.0,4.6137438798824935
169.0,4.551169692506054
124.0,4.5500079559934115
777.0,4.528203763132129
854.0,4.525750864903407
50.0,4.485413876129149
59.0,4.479218824318624
60.0,4.461739459229214
