item_id,predicted_score
151.0,4.715217271954302
69.0,4.519812563354456
313.0,4.499120879120879
169.0,4.43654669174444
124.0,4.435384955231797
777.0,4.413580762370515
854.0,4.411127864141792
50.0,4.370790875367534
59.0,4.364595823557011
60.0,4.3471164584676005
