item_id,predicted_score
151.0,5.208623865360895
69.0,5.013219156761049
313.0,4.992527472527472
169.0,4.929953285151033
124.0,4.92879154863839
777.0,4.906987355777107
854.0,4.904534457548386
50.0,4.864197468774128
59.0,4.858002416963603
60.0,4.840523051874193
