item_id,predicted_score
151.0,5.508623865360896
69.0,5.31321915676105
313.0,5.292527472527472
169.0,5.2299532851510335
124.0,5.22879154863839
777.0,5.206987355777108
854.0,5.204534457548386
50.0,5.164197468774128
59.0,5.158002416963604
60.0,5.140523051874194
