item_id,predicted_score
151.0,5.112971691447852
69.0,4.9175669828480055
313.0,4.896875298614429
169.0,4.8343011112379894
124.0,4.833139374725347
777.0,4.811335181864064
854.0,4.808882283635342
50.0,4.7685452948610845
59.0,4.76235024305056
60.0,4.74487087796115
