item_id,predicted_score
151.0,4.877195293932324
69.0,4.681790585332478
313.0,4.6610989010989
169.0,4.598524713722462
124.0,4.597362977209818
777.0,4.575558784348536
854.0,4.573105886119814
50.0,4.532768897345556
59.0,4.526573845535032
60.0,4.509094480445622
