item_id,predicted_score
151.0,5.601561265039868
69.0,5.406156556440022
313.0,5.385464872206445
169.0,5.322890684830006
124.0,5.321728948317363
777.0,5.299924755456081
854.0,5.297471857227358
50.0,5.2571348684531
59.0,5.2509398166425765
60.0,5.233460451553166
