item_id,predicted_score
151.0,4.560176660391951
69.0,4.364771951792105
313.0,4.344080267558528
169.0,4.281506080182089
124.0,4.280344343669446
777.0,4.258540150808163
854.0,4.256087252579442
50.0,4.215750263805184
59.0,4.209555211994659
60.0,4.192075846905249
