item_id,predicted_score
151.0,4.6138186705557
69.0,4.418413961955855
313.0,4.397722277722277
169.0,4.335148090345839
124.0,4.333986353833195
777.0,4.312182160971913
854.0,4.309729262743191
50.0,4.269392273968933
59.0,4.263197222158409
60.0,4.245717857068999
