item_id,predicted_score
151.0,6.068364125101155
69.0,5.87295941650131
313.0,5.852267732267732
169.0,5.789693544891294
124.0,5.78853180837865
777.0,5.766727615517368
854.0,5.764274717288646
50.0,5.723937728514388
59.0,5.717742676703864
60.0,5.700263311614454
