item_id,predicted_score
151.0,5.489714558899722
69.0,5.294309850299876
313.0,5.273618166066298
169.0,5.21104397868986
124.0,5.209882242177216
777.0,5.188078049315934
854.0,5.185625151087212
50.0,5.145288162312954
59.0,5.13909311050243
60.0,5.12161374541302
