item_id,predicted_score
151.0,5.969968403176022
69.0,5.774563694576176
313.0,5.753872010342598
169.0,5.69129782296616
124.0,5.690136086453516
777.0,5.668331893592234
854.0,5.665878995363512
50.0,5.625542006589254
59.0,5.61934695477873
60.0,5.60186758968932
