item_id,predicted_score
151.0,4.988256114300075
69.0,4.792851405700229
313.0,4.772159721466652
169.0,4.709585534090213
124.0,4.70842379757757
777.0,4.686619604716287
854.0,4.684166706487566
50.0,4.643829717713308
59.0,4.637634665902783
60.0,4.620155300813373
