item_id,predicted_score
151.0,4.864275041493999
69.0,4.668870332894153
313.0,4.648178648660576
169.0,4.585604461284137
124.0,4.584442724771494
777.0,4.562638531910212
854.0,4.560185633681489
50.0,4.519848644907231
59.0,4.513653593096707
60.0,4.496174228007297
