item_id,predicted_score
151.0,5.240858297595327
69.0,5.045453588995482
313.0,5.024761904761904
169.0,4.962187717385466
124.0,4.961025980872822
777.0,4.93922178801154
854.0,4.936768889782818
50.0,4.89643190100856
59.0,4.890236849198036
60.0,4.872757484108626
