item_id,predicted_score
151.0,5.357771964967711
69.0,5.162367256367864
313.0,5.141675572134288
169.0,5.079101384757848
124.0,5.077939648245206
777.0,5.056135455383923
854.0,5.053682557155201
50.0,5.013345568380943
59.0,5.007150516570419
60.0,4.989671151481009
