item_id,predicted_score
151.0,4.312383263857136
69.0,4.1169785552572895
313.0,4.096286871023713
169.0,4.033712683647273
124.0,4.032550947134631
777.0,4.010746754273348
854.0,4.008293856044626
50.0,3.9679568672703684
59.0,3.9617618154598437
60.0,3.9442824503704337
