item_id,predicted_score
151.0,4.87290957964661
69.0,4.6775048710467635
313.0,4.656813186813187
169.0,4.594238999436747
124.0,4.593077262924105
777.0,4.571273070062822
854.0,4.5688201718341
50.0,4.528483183059842
59.0,4.522288131249318
60.0,4.504808766159908
