item_id,predicted_score
151.0,5.548550605287636
69.0,5.353145896687789
313.0,5.332454212454212
169.0,5.269880025077773
124.0,5.26871828856513
777.0,5.246914095703848
854.0,5.244461197475125
50.0,5.2041242087008674
59.0,5.197929156890344
60.0,5.180449791800934
