item_id,predicted_score
151.0,5.780974095775642
69.0,5.585569387175796
313.0,5.564877702942218
169.0,5.50230351556578
124.0,5.501141779053136
777.0,5.479337586191854
854.0,5.476884687963132
50.0,5.436547699188874
59.0,5.43035264737835
60.0,5.41287328228894
