item_id,predicted_score
151.0,5.735030791767821
69.0,5.539626083167976
313.0,5.518934398934398
169.0,5.45636021155796
124.0,5.455198475045316
777.0,5.433394282184034
854.0,5.430941383955312
50.0,5.390604395181054
59.0,5.38440934337053
60.0,5.36692997828112
