item_id,predicted_score
151.0,4.599832656569687
69.0,4.4044279479698405
313.0,4.383736263736264
169.0,4.321162076359824
124.0,4.320000339847182
777.0,4.298196146985899
854.0,4.295743248757177
50.0,4.255406259982919
59.0,4.249211208172395
60.0,4.231731843082985
