item_id,predicted_score
151.0,3.8107883675253977
69.0,3.615383658925552
313.0,3.5946919746919743
169.0,3.532117787315536
124.0,3.5309560508028923
777.0,3.5091518579416103
854.0,3.506698959712888
50.0,3.46636197093863
59.0,3.460166919128106
60.0,3.442687554038696
