item_id,predicted_score
151.0,5.0784651352021655
69.0,4.883060426602319
313.0,4.862368742368742
169.0,4.799794554992303
124.0,4.79863281847966
777.0,4.776828625618378
854.0,4.774375727389655
50.0,4.734038738615397
59.0,4.727843686804873
60.0,4.710364321715463
