item_id,predicted_score
151.0,5.265131801868832
69.0,5.069727093268986
313.0,5.049035409035409
169.0,4.9864612216589705
124.0,4.985299485146326
777.0,4.963495292285044
854.0,4.961042394056323
50.0,4.920705405282065
59.0,4.91451035347154
60.0,4.89703098838213
