item_id,predicted_score
151.0,4.715892035786961
69.0,4.520487327187115
313.0,4.499795642953537
169.0,4.437221455577099
124.0,4.436059719064455
777.0,4.414255526203173
854.0,4.411802627974451
50.0,4.371465639200193
59.0,4.365270587389669
60.0,4.347791222300259
