item_id,predicted_score
151.0,4.830601887338917
69.0,4.635197178739071
313.0,4.614505494505494
169.0,4.551931307129055
124.0,4.550769570616412
777.0,4.52896537775513
854.0,4.526512479526407
50.0,4.486175490752149
59.0,4.479980438941626
60.0,4.4625010738522155
