item_id,predicted_score
151.0,5.358352617621293
69.0,5.162947909021447
313.0,5.14225622478787
169.0,5.079682037411431
124.0,5.078520300898788
777.0,5.056716108037506
854.0,5.054263209808783
50.0,5.0139262210345255
59.0,5.007731169224002
60.0,4.990251804134592
