item_id,predicted_score
151.0,5.095373347762552
69.0,4.899968639162705
313.0,4.879276954929129
169.0,4.816702767552689
124.0,4.815541031040047
777.0,4.793736838178764
854.0,4.791283939950042
50.0,4.750946951175784
59.0,4.7447518993652595
60.0,4.7272725342758495
