item_id,predicted_score
151.0,5.675775821684827
69.0,5.48037111308498
313.0,5.459679428851403
169.0,5.397105241474964
124.0,5.395943504962321
777.0,5.374139312101039
854.0,5.371686413872316
50.0,5.331349425098058
59.0,5.325154373287535
60.0,5.3076750081981245
