item_id,predicted_score
151.0,5.541659579646609
69.0,5.346254871046764
313.0,5.325563186813186
169.0,5.262988999436748
124.0,5.261827262924104
777.0,5.240023070062822
854.0,5.2375701718341
50.0,5.197233183059842
59.0,5.191038131249318
60.0,5.173558766159908
