item_id,predicted_score
151.0,4.503572563072025
69.0,4.308167854472178
313.0,4.287476170238601
169.0,4.224901982862162
124.0,4.223740246349519
777.0,4.201936053488237
854.0,4.199483155259514
50.0,4.1591461664852565
59.0,4.152951114674733
60.0,4.135471749585323
