item_id,predicted_score
151.0,5.241863828012622
69.0,5.046459119412777
313.0,5.025767435179199
169.0,4.963193247802761
124.0,4.962031511290117
777.0,4.9402273184288354
854.0,4.937774420200113
50.0,4.897437431425855
59.0,4.891242379615331
60.0,4.873763014525921
