item_id,predicted_score
151.0,5.20290957964661
69.0,5.007504871046764
313.0,4.986813186813187
169.0,4.9242389994367475
124.0,4.923077262924105
777.0,4.901273070062822
854.0,4.8988201718341005
50.0,4.8584831830598425
59.0,4.852288131249318
60.0,4.834808766159908
