item_id,predicted_score
151.0,5.6657667225037525
69.0,5.470362013903907
313.0,5.4496703296703295
169.0,5.387096142293891
124.0,5.3859344057812475
777.0,5.3641302129199655
854.0,5.361677314691243
50.0,5.321340325916985
59.0,5.315145274106461
60.0,5.297665909017051
