item_id,predicted_score
151.0,4.7451318018688315
69.0,4.549727093268986
313.0,4.529035409035409
169.0,4.46646122165897
124.0,4.465299485146327
777.0,4.443495292285045
854.0,4.441042394056322
50.0,4.400705405282064
59.0,4.39451035347154
60.0,4.37703098838213
