item_id,predicted_score
151.0,5.580601887338917
69.0,5.385197178739071
313.0,5.364505494505494
169.0,5.301931307129055
124.0,5.300769570616412
777.0,5.27896537775513
854.0,5.276512479526407
50.0,5.236175490752149
59.0,5.229980438941626
60.0,5.2125010738522155
