item_id,predicted_score
151.0,4.48236903910607
69.0,4.2869643305062235
313.0,4.266272646272646
169.0,4.203698458896207
124.0,4.202536722383564
777.0,4.180732529522282
854.0,4.1782796312935595
50.0,4.1379426425193016
59.0,4.131747590708778
60.0,4.114268225619368
