item_id,predicted_score
151.0,4.651941837711126
69.0,4.45653712911128
313.0,4.435845444877702
169.0,4.373271257501264
124.0,4.37210952098862
777.0,4.350305328127338
854.0,4.347852429898616
50.0,4.307515441124358
59.0,4.301320389313834
60.0,4.283841024224424
