item_id,predicted_score
151.0,4.92290957964661
69.0,4.727504871046763
313.0,4.706813186813187
169.0,4.644238999436748
124.0,4.643077262924104
777.0,4.621273070062822
854.0,4.6188201718341
50.0,4.578483183059842
59.0,4.5722881312493175
60.0,4.5548087661599075
