item_id,predicted_score
151.0,5.101856948067662
69.0,4.906452239467816
313.0,4.885760555234239
169.0,4.823186367857801
124.0,4.8220246313451565
777.0,4.8002204384838745
854.0,4.797767540255153
50.0,4.757430551480895
59.0,4.75123549967037
60.0,4.73375613458096
