item_id,predicted_score
151.0,6.2266132833503125
69.0,6.031208574750467
313.0,6.0105168905168895
169.0,5.947942703140451
124.0,5.9467809666278075
777.0,5.9249767737665255
854.0,5.922523875537803
50.0,5.882186886763545
59.0,5.875991834953021
60.0,5.858512469863611
