item_id,predicted_score
151.0,5.157055921110024
69.0,4.961651212510178
313.0,4.9409595282766015
169.0,4.878385340900163
124.0,4.877223604387519
777.0,4.855419411526237
854.0,4.852966513297515
50.0,4.812629524523257
59.0,4.806434472712732
60.0,4.788955107623322
