item_id,predicted_score
151.0,4.642909579646609
69.0,4.447504871046764
313.0,4.426813186813186
169.0,4.364238999436748
124.0,4.363077262924104
777.0,4.341273070062822
854.0,4.3388201718341
50.0,4.298483183059842
59.0,4.292288131249318
60.0,4.274808766159908
