item_id,predicted_score
151.0,5.570528627265658
69.0,5.375123918665811
313.0,5.354432234432234
169.0,5.291858047055795
124.0,5.290696310543152
777.0,5.26889211768187
854.0,5.266439219453147
50.0,5.226102230678889
59.0,5.2199071788683655
60.0,5.2024278137789555
