item_id,predicted_score
151.0,4.8029095796466095
69.0,4.607504871046763
313.0,4.5868131868131865
169.0,4.524238999436747
124.0,4.5230772629241045
777.0,4.501273070062822
854.0,4.4988201718341
50.0,4.458483183059842
59.0,4.452288131249317
60.0,4.434808766159907
