item_id,predicted_score
151.0,4.920345477082507
69.0,4.724940768482661
313.0,4.704249084249084
169.0,4.641674896872646
124.0,4.640513160360001
777.0,4.618708967498719
854.0,4.616256069269998
50.0,4.57591908049574
59.0,4.569724028685215
60.0,4.552244663595805
