item_id,predicted_score
151.0,6.057793300576842
69.0,5.8623885919769965
313.0,5.841696907743419
169.0,5.77912272036698
124.0,5.777960983854337
777.0,5.756156790993055
854.0,5.7537038927643325
50.0,5.7133669039900745
59.0,5.707171852179551
60.0,5.689692487090141
