item_id,predicted_score
151.0,5.458689396160372
69.0,5.2632846875605255
313.0,5.242593003326948
169.0,5.180018815950509
124.0,5.178857079437866
777.0,5.157052886576584
854.0,5.1545999883478615
50.0,5.1142629995736035
59.0,5.10806794776308
60.0,5.09058858267367
