item_id,predicted_score
151.0,4.7021210491806595
69.0,4.506716340580814
313.0,4.486024656347237
169.0,4.423450468970798
124.0,4.422288732458155
777.0,4.400484539596873
854.0,4.39803164136815
50.0,4.357694652593892
59.0,4.351499600783368
60.0,4.334020235693958
