item_id,predicted_score
151.0,5.26759043071044
69.0,5.072185722110594
313.0,5.051494037877016
169.0,4.988919850500578
124.0,4.987758113987934
777.0,4.965953921126652
854.0,4.96350102289793
50.0,4.923164034123672
59.0,4.916968982313148
60.0,4.899489617223738
