item_id,predicted_score
151.0,4.992393147721727
69.0,4.796988439121881
313.0,4.776296754888304
169.0,4.713722567511866
124.0,4.712560830999221
777.0,4.690756638137939
854.0,4.688303739909218
50.0,4.64796675113496
59.0,4.641771699324435
60.0,4.624292334235025
