item_id,predicted_score
151.0,5.337724394461425
69.0,5.142319685861579
313.0,5.121628001628001
169.0,5.059053814251563
124.0,5.057892077738919
777.0,5.036087884877637
854.0,5.033634986648915
50.0,4.993297997874657
59.0,4.987102946064133
60.0,4.969623580974723
