item_id,predicted_score
151.0,4.477864534601565
69.0,4.282459826001719
313.0,4.261768141768141
169.0,4.199193954391703
124.0,4.198032217879059
777.0,4.176228025017777
854.0,4.173775126789055
50.0,4.133438138014797
59.0,4.127243086204273
60.0,4.109763721114863
