item_id,predicted_score
151.0,4.289576246313276
69.0,4.0941715377134305
313.0,4.073479853479853
169.0,4.010905666103414
124.0,4.009743929590771
777.0,3.987939736729489
854.0,3.9854868385007665
50.0,3.9451498497265085
59.0,3.9389547979159847
60.0,3.9214754328265746
