item_id,predicted_score
151.0,4.880052436789467
69.0,4.684647728189621
313.0,4.663956043956044
169.0,4.601381856579605
124.0,4.600220120066961
777.0,4.578415927205679
854.0,4.5759630289769575
50.0,4.5356260402026995
59.0,4.529430988392175
60.0,4.511951623302765
