item_id,predicted_score
151.0,5.34603883134729
69.0,5.1506341227474435
313.0,5.129942438513867
169.0,5.067368251137427
124.0,5.066206514624785
777.0,5.044402321763502
854.0,5.04194942353478
50.0,5.001612434760522
59.0,4.995417382949998
60.0,4.977938017860588
