item_id,predicted_score
151.0,5.103554740936932
69.0,4.908150032337086
313.0,4.887458348103509
169.0,4.82488416072707
124.0,4.823722424214427
777.0,4.801918231353144
854.0,4.799465333124423
50.0,4.759128344350165
59.0,4.75293329253964
60.0,4.73545392745023
