item_id,predicted_score
151.0,5.126215364770577
69.0,4.93081065617073
313.0,4.910118971937154
169.0,4.847544784560714
124.0,4.846383048048072
777.0,4.824578855186789
854.0,4.822125956958067
50.0,4.781788968183809
59.0,4.775593916373285
60.0,4.7581145512838745
