item_id,predicted_score
151.0,5.460016497885603
69.0,5.264611789285757
313.0,5.24392010505218
169.0,5.181345917675742
124.0,5.1801841811630975
777.0,5.1583799883018155
854.0,5.155927090073094
50.0,5.115590101298836
59.0,5.109395049488311
60.0,5.091915684398901
