item_id,predicted_score
151.0,5.605554207745783
69.0,5.410149499145938
313.0,5.38945781491236
169.0,5.3268836275359215
124.0,5.325721891023278
777.0,5.303917698161996
854.0,5.301464799933274
50.0,5.261127811159016
59.0,5.254932759348492
60.0,5.237453394259082
