item_id,predicted_score
151.0,5.426135386098222
69.0,5.230730677498377
313.0,5.210038993264799
169.0,5.147464805888361
124.0,5.146303069375717
777.0,5.124498876514435
854.0,5.122045978285713
50.0,5.081708989511455
59.0,5.075513937700931
60.0,5.058034572611521
