item_id,predicted_score
151.0,4.7642888899914375
69.0,4.568884181391591
313.0,4.548192497158014
169.0,4.485618309781575
124.0,4.484456573268932
777.0,4.46265238040765
854.0,4.460199482178927
50.0,4.419862493404669
59.0,4.4136674415941455
60.0,4.396188076504735
