item_id,predicted_score
151.0,4.628172737541346
69.0,4.4327680289415
313.0,4.412076344707923
169.0,4.349502157331484
124.0,4.348340420818841
777.0,4.3265362279575585
854.0,4.324083329728837
50.0,4.283746340954579
59.0,4.277551289144054
60.0,4.260071924054644
