item_id,predicted_score
151.0,5.008623865360896
69.0,4.81321915676105
313.0,4.792527472527472
169.0,4.7299532851510335
124.0,4.72879154863839
777.0,4.706987355777108
854.0,4.704534457548386
50.0,4.664197468774128
59.0,4.658002416963604
60.0,4.640523051874194
