item_id,predicted_score
151.0,4.747399375564977
69.0,4.551994666965131
313.0,4.531302982731554
169.0,4.468728795355116
124.0,4.467567058842471
777.0,4.445762865981189
854.0,4.443309967752468
50.0,4.40297297897821
59.0,4.396777927167685
60.0,4.379298562078275
