item_id,predicted_score
151.0,5.107179242567958
69.0,4.911774533968112
313.0,4.891082849734535
169.0,4.828508662358097
124.0,4.827346925845452
777.0,4.80554273298417
854.0,4.803089834755449
50.0,4.762752845981191
59.0,4.756557794170666
60.0,4.739078429081256
