item_id,predicted_score
151.0,4.609033981560485
69.0,4.413629272960639
313.0,4.392937588727062
169.0,4.330363401350623
124.0,4.32920166483798
777.0,4.307397471976698
854.0,4.304944573747975
50.0,4.264607584973717
59.0,4.2584125331631935
60.0,4.240933168073783
