item_id,predicted_score
151.0,5.0761010690083115
69.0,4.880696360408466
313.0,4.8600046761748885
169.0,4.79743048879845
124.0,4.7962687522858065
777.0,4.7744645594245245
854.0,4.772011661195802
50.0,4.731674672421544
59.0,4.72547962061102
60.0,4.70800025552161
