item_id,predicted_score
151.0,4.222909579646609
69.0,4.027504871046764
313.0,4.006813186813186
169.0,3.944238999436748
124.0,3.9430772629241044
777.0,3.9212730700628224
854.0,3.9188201718341
50.0,3.878483183059842
59.0,3.8722881312493183
60.0,3.854808766159908
