item_id,predicted_score
151.0,5.371394428131458
69.0,5.1759897195316125
313.0,5.155298035298035
169.0,5.092723847921596
124.0,5.091562111408953
777.0,5.069757918547671
854.0,5.0673050203189485
50.0,5.0269680315446905
59.0,5.020772979734167
60.0,5.003293614644757
