item_id,predicted_score
151.0,5.254616896719781
69.0,5.059212188119934
313.0,5.038520503886358
169.0,4.975946316509919
124.0,4.974784579997275
777.0,4.952980387135993
854.0,4.950527488907271
50.0,4.910190500133013
59.0,4.903995448322489
60.0,4.8865160832330785
