item_id,predicted_score
151.0,4.878172737541346
69.0,4.6827680289415
313.0,4.662076344707923
169.0,4.599502157331484
124.0,4.598340420818841
777.0,4.5765362279575585
854.0,4.574083329728837
50.0,4.533746340954579
59.0,4.527551289144054
60.0,4.510071924054644
