item_id,predicted_score
151.0,5.011798468535499
69.0,4.816393759935653
313.0,4.795702075702075
169.0,4.733127888325637
124.0,4.731966151812993
777.0,4.710161958951711
854.0,4.707709060722989
50.0,4.667372071948731
59.0,4.661177020138207
60.0,4.643697655048797
