item_id,predicted_score
151.0,5.494338151075182
69.0,5.298933442475335
313.0,5.278241758241758
169.0,5.215667570865319
124.0,5.214505834352676
777.0,5.192701641491394
854.0,5.190248743262671
50.0,5.149911754488413
59.0,5.14371670267789
60.0,5.1262373375884795
