item_id,predicted_score
151.0,5.2900328673178425
69.0,5.094628158717996
313.0,5.0739364744844195
169.0,5.01136228710798
124.0,5.0102005505953375
777.0,4.988396357734055
854.0,4.985943459505333
50.0,4.945606470731075
59.0,4.9394114189205505
60.0,4.92193205383114
