item_id,predicted_score
151.0,5.394075223818389
69.0,5.198670515218542
313.0,5.177978830984966
169.0,5.115404643608526
124.0,5.114242907095884
777.0,5.092438714234601
854.0,5.089985816005879
50.0,5.049648827231621
59.0,5.043453775421097
60.0,5.025974410331687
