item_id,predicted_score
151.0,5.308623865360895
69.0,5.113219156761049
313.0,5.092527472527472
169.0,5.029953285151033
124.0,5.02879154863839
777.0,5.006987355777108
854.0,5.004534457548385
50.0,4.9641974687741275
59.0,4.958002416963604
60.0,4.940523051874194
