item_id,predicted_score
151.0,5.704727761464792
69.0,5.5093230528649455
313.0,5.488631368631368
169.0,5.426057181254929
124.0,5.424895444742286
777.0,5.403091251881004
854.0,5.4006383536522815
50.0,5.3603013648780236
59.0,5.3541063130675
60.0,5.33662694797809
