item_id,predicted_score
151.0,5.81978457964661
69.0,5.624379871046764
313.0,5.603688186813186
169.0,5.541113999436748
124.0,5.539952262924104
777.0,5.518148070062822
854.0,5.5156951718341
50.0,5.475358183059842
59.0,5.469163131249318
60.0,5.451683766159908
