item_id,predicted_score
151.0,5.9229095796466105
69.0,5.727504871046764
313.0,5.706813186813187
169.0,5.644238999436748
124.0,5.643077262924105
777.0,5.621273070062823
854.0,5.6188201718341
50.0,5.578483183059842
59.0,5.572288131249318
60.0,5.554808766159908
