item_id,predicted_score
151.0,5.16807086996919
69.0,4.972666161369344
313.0,4.951974477135767
169.0,4.889400289759328
124.0,4.888238553246685
777.0,4.866434360385402
854.0,4.863981462156681
50.0,4.823644473382423
59.0,4.817449421571898
60.0,4.799970056482488
