item_id,predicted_score
151.0,5.6715582282952575
69.0,5.476153519695412
313.0,5.4554618354618345
169.0,5.392887648085396
124.0,5.3917259115727525
777.0,5.3699217187114705
854.0,5.367468820482748
50.0,5.32713183170849
59.0,5.320936779897966
60.0,5.303457414808556
