item_id,predicted_score
151.0,4.470278000699241
69.0,4.274873292099395
313.0,4.254181607865818
169.0,4.19160742048938
124.0,4.190445683976735
777.0,4.168641491115453
854.0,4.166188592886732
50.0,4.125851604112474
59.0,4.119656552301949
60.0,4.102177187212539
