item_id,predicted_score
151.0,4.603990660727691
69.0,4.4085859521278445
313.0,4.387894267894268
169.0,4.3253200805178285
124.0,4.324158344005186
777.0,4.302354151143903
854.0,4.299901252915181
50.0,4.2595642641409235
59.0,4.253369212330399
60.0,4.235889847240989
