item_id,predicted_score
151.0,5.19682262312487
69.0,5.001417914525025
313.0,4.980726230291447
169.0,4.9181520429150085
124.0,4.916990306402365
777.0,4.895186113541083
854.0,4.892733215312361
50.0,4.852396226538103
59.0,4.846201174727579
60.0,4.828721809638169
