item_id,predicted_score
151.0,4.432000488737518
69.0,4.236595780137673
313.0,4.215904095904095
169.0,4.153329908527657
124.0,4.152168172015013
777.0,4.130363979153731
854.0,4.127911080925009
50.0,4.087574092150751
59.0,4.081379040340227
60.0,4.063899675250817
