item_id,predicted_score
151.0,5.107325164062194
69.0,4.911920455462348
313.0,4.8912287712287705
169.0,4.828654583852332
124.0,4.8274928473396885
777.0,4.8056886544784065
854.0,4.803235756249684
50.0,4.762898767475426
59.0,4.756703715664902
60.0,4.739224350575492
