item_id,predicted_score
151.0,5.196463298654875
69.0,5.001058590055028
313.0,4.980366905821451
169.0,4.917792718445012
124.0,4.916630981932369
777.0,4.894826789071087
854.0,4.892373890842364
50.0,4.8520369020681064
59.0,4.845841850257583
60.0,4.828362485168173
