item_id,predicted_score
151.0,6.1657667225037525
69.0,5.970362013903907
313.0,5.9496703296703295
169.0,5.887096142293891
124.0,5.8859344057812475
777.0,5.8641302129199655
854.0,5.861677314691243
50.0,5.821340325916985
59.0,5.815145274106461
60.0,5.797665909017051
