item_id,predicted_score
151.0,4.08540957964661
69.0,3.890004871046764
313.0,3.8693131868131863
169.0,3.8067389994367478
124.0,3.8055772629241043
777.0,3.7837730700628223
854.0,3.7813201718341
50.0,3.740983183059842
59.0,3.734788131249318
60.0,3.717308766159908
