item_id,predicted_score
151.0,5.056242912979943
69.0,4.860838204380097
313.0,4.8401465201465195
169.0,4.777572332770081
124.0,4.7764105962574375
777.0,4.7546064033961555
854.0,4.752153505167433
50.0,4.711816516393175
59.0,4.705621464582651
60.0,4.688142099493241
