item_id,predicted_score
151.0,5.355026367967778
69.0,5.159621659367931
313.0,5.138929975134355
169.0,5.076355787757915
124.0,5.075194051245273
777.0,5.05338985838399
854.0,5.050936960155268
50.0,5.01059997138101
59.0,5.004404919570486
60.0,4.9869255544810756
