item_id,predicted_score
151.0,4.52290957964661
69.0,4.327504871046764
313.0,4.306813186813186
169.0,4.244238999436748
124.0,4.243077262924104
777.0,4.221273070062822
854.0,4.2188201718341
50.0,4.178483183059842
59.0,4.172288131249318
60.0,4.154808766159908
