item_id,predicted_score
151.0,4.677250415659471
69.0,4.481845707059625
313.0,4.461154022826048
169.0,4.39857983544961
124.0,4.397418098936965
777.0,4.375613906075683
854.0,4.373161007846962
50.0,4.332824019072704
59.0,4.326628967262179
60.0,4.309149602172769
