item_id,predicted_score
151.0,5.001782819083229
69.0,4.806378110483383
313.0,4.785686426249806
169.0,4.723112238873368
124.0,4.721950502360723
777.0,4.700146309499441
854.0,4.69769341127072
50.0,4.657356422496462
59.0,4.651161370685937
60.0,4.633682005596527
