item_id,predicted_score
151.0,5.374228524490734
69.0,5.178823815890889
313.0,5.158132131657311
169.0,5.0955579442808725
124.0,5.094396207768229
777.0,5.072592014906947
854.0,5.070139116678225
50.0,5.029802127903967
59.0,5.023607076093443
60.0,5.006127711004033
