item_id,predicted_score
151.0,5.119400807716785
69.0,4.923996099116939
313.0,4.903304414883362
169.0,4.840730227506923
124.0,4.83956849099428
777.0,4.817764298132998
854.0,4.815311399904275
50.0,4.774974411130017
59.0,4.768779359319494
60.0,4.7512999942300835
