item_id,predicted_score
151.0,5.563725906177222
69.0,5.368321197577376
313.0,5.347629513343798
169.0,5.28505532596736
124.0,5.283893589454716
777.0,5.262089396593434
854.0,5.259636498364712
50.0,5.219299509590454
59.0,5.21310445777993
60.0,5.19562509269052
