item_id,predicted_score
151.0,5.138294195031225
69.0,4.942889486431379
313.0,4.922197802197802
169.0,4.859623614821363
124.0,4.85846187830872
777.0,4.836657685447437
854.0,4.834204787218716
50.0,4.793867798444458
59.0,4.787672746633933
60.0,4.770193381544523
