item_id,predicted_score
151.0,5.528314985052015
69.0,5.33291027645217
313.0,5.312218592218592
169.0,5.2496444048421536
124.0,5.24848266832951
777.0,5.226678475468228
854.0,5.224225577239506
50.0,5.183888588465248
59.0,5.177693536654724
60.0,5.160214171565314
