item_id,predicted_score
151.0,5.226135386098223
69.0,5.030730677498377
313.0,5.010038993264799
169.0,4.947464805888361
124.0,4.946303069375717
777.0,4.924498876514435
854.0,4.922045978285713
50.0,4.881708989511455
59.0,4.875513937700931
60.0,4.858034572611521
