item_id,predicted_score
151.0,5.329361192549836
69.0,5.13395648394999
313.0,5.113264799716412
169.0,5.050690612339974
124.0,5.04952887582733
777.0,5.027724682966048
854.0,5.025271784737326
50.0,4.984934795963068
59.0,4.978739744152544
60.0,4.961260379063134
