item_id,predicted_score
151.0,5.400460600054773
69.0,5.2050558914549265
313.0,5.18436420722135
169.0,5.1217900198449104
124.0,5.120628283332268
777.0,5.098824090470985
854.0,5.096371192242263
50.0,5.0560342034680055
59.0,5.049839151657481
60.0,5.032359786568071
