item_id,predicted_score
151.0,5.52290957964661
69.0,5.327504871046764
313.0,5.306813186813186
169.0,5.244238999436748
124.0,5.243077262924104
777.0,5.221273070062822
854.0,5.2188201718341
50.0,5.178483183059842
59.0,5.172288131249318
60.0,5.154808766159908
