item_id,predicted_score
151.0,5.830601887338917
69.0,5.635197178739071
313.0,5.614505494505494
169.0,5.551931307129055
124.0,5.550769570616412
777.0,5.52896537775513
854.0,5.526512479526407
50.0,5.486175490752149
59.0,5.479980438941626
60.0,5.4625010738522155
