item_id,predicted_score
151.0,4.75367881041584
69.0,4.558274101815995
313.0,4.537582417582417
169.0,4.475008230205979
124.0,4.473846493693335
777.0,4.452042300832053
854.0,4.449589402603331
50.0,4.409252413829073
59.0,4.403057362018549
60.0,4.385577996929139
