item_id,predicted_score
151.0,5.583515640252671
69.0,5.388110931652824
313.0,5.367419247419247
169.0,5.304845060042808
124.0,5.303683323530165
777.0,5.281879130668883
854.0,5.27942623244016
50.0,5.2390892436659025
59.0,5.232894191855379
60.0,5.215414826765969
