item_id,predicted_score
151.0,5.269388452886046
69.0,5.0739837442862
313.0,5.053292060052623
169.0,4.990717872676184
124.0,4.989556136163541
777.0,4.967751943302258
854.0,4.965299045073537
50.0,4.924962056299279
59.0,4.918767004488754
60.0,4.901287639399344
