item_id,predicted_score
151.0,5.427671484408514
69.0,5.232266775808668
313.0,5.211575091575091
169.0,5.149000904198653
124.0,5.1478391676860085
777.0,5.1260349748247265
854.0,5.123582076596005
50.0,5.083245087821747
59.0,5.077050036011222
60.0,5.059570670921812
