item_id,predicted_score
151.0,5.104727761464792
69.0,4.909323052864946
313.0,4.888631368631368
169.0,4.82605718125493
124.0,4.824895444742286
777.0,4.803091251881004
854.0,4.800638353652282
50.0,4.760301364878024
59.0,4.7541063130675
60.0,4.73662694797809
