item_id,predicted_score
151.0,4.965862599780838
69.0,4.770457891180992
313.0,4.749766206947415
169.0,4.6871920195709755
124.0,4.686030283058333
777.0,4.66422609019705
854.0,4.6617731919683285
50.0,4.621436203194071
59.0,4.615241151383546
60.0,4.597761786294136
