item_id,predicted_score
151.0,5.548931884479323
69.0,5.353527175879478
313.0,5.3328354916459
169.0,5.270261304269462
124.0,5.269099567756818
777.0,5.247295374895536
854.0,5.244842476666814
50.0,5.204505487892556
59.0,5.198310436082032
60.0,5.180831070992622
