item_id,predicted_score
151.0,4.842497208512589
69.0,4.647092499912743
313.0,4.626400815679166
169.0,4.563826628302728
124.0,4.562664891790083
777.0,4.540860698928801
854.0,4.53840780070008
50.0,4.498070811925822
59.0,4.491875760115297
60.0,4.474396395025887
