item_id,predicted_score
151.0,5.0895762463132765
69.0,4.89417153771343
313.0,4.873479853479854
169.0,4.810905666103414
124.0,4.809743929590772
777.0,4.787939736729489
854.0,4.785486838500767
50.0,4.745149849726509
59.0,4.7389547979159845
60.0,4.7214754328265744
