item_id,predicted_score
151.0,4.839982750378317
69.0,4.644578041778471
313.0,4.623886357544894
169.0,4.5613121701684545
124.0,4.560150433655812
777.0,4.538346240794529
854.0,4.5358933425658075
50.0,4.4955563537915495
59.0,4.489361301981025
60.0,4.471881936891615
