item_id,predicted_score
151.0,4.83540957964661
69.0,4.640004871046764
313.0,4.619313186813186
169.0,4.556738999436748
124.0,4.555577262924104
777.0,4.533773070062822
854.0,4.5313201718341
50.0,4.490983183059842
59.0,4.484788131249318
60.0,4.467308766159908
