item_id,predicted_score
151.0,5.4117984685354985
69.0,5.216393759935652
313.0,5.1957020757020755
169.0,5.133127888325637
124.0,5.131966151812993
777.0,5.110161958951711
854.0,5.107709060722989
50.0,5.067372071948731
59.0,5.0611770201382065
60.0,5.043697655048796
