item_id,predicted_score
151.0,3.580945293932324
69.0,3.3855405853324783
313.0,3.3648489010989007
169.0,3.302274713722462
124.0,3.3011129772098187
777.0,3.2793087843485367
854.0,3.2768558861198143
50.0,3.2365188973455563
59.0,3.2303238455350325
60.0,3.2128444804456224
