item_id,predicted_score
151.0,4.972909579646609
69.0,4.777504871046764
313.0,4.756813186813186
169.0,4.694238999436748
124.0,4.693077262924104
777.0,4.671273070062822
854.0,4.6688201718341
50.0,4.628483183059842
59.0,4.622288131249318
60.0,4.604808766159908
