item_id,predicted_score
151.0,5.277626560778685
69.0,5.082221852178839
313.0,5.061530167945262
169.0,4.998955980568823
124.0,4.99779424405618
777.0,4.975990051194898
854.0,4.973537152966175
50.0,4.933200164191917
59.0,4.927005112381393
60.0,4.909525747291983
