item_id,predicted_score
151.0,5.493497814940728
69.0,5.298093106340882
313.0,5.277401422107304
169.0,5.2148272347308655
124.0,5.213665498218222
777.0,5.19186130535694
854.0,5.189408407128218
50.0,5.14907141835396
59.0,5.142876366543436
60.0,5.125397001454026
