item_id,predicted_score
151.0,5.288341678412042
69.0,5.092936969812196
313.0,5.072245285578618
169.0,5.00967109820218
124.0,5.008509361689536
777.0,4.986705168828254
854.0,4.984252270599532
50.0,4.943915281825274
59.0,4.93772023001475
60.0,4.92024086492534
