item_id,predicted_score
151.0,6.08628986133675
69.0,5.890885152736905
313.0,5.870193468503327
169.0,5.807619281126889
124.0,5.806457544614245
777.0,5.784653351752963
854.0,5.782200453524241
50.0,5.741863464749983
59.0,5.735668412939459
60.0,5.718189047850049
