item_id,predicted_score
151.0,5.14790957964661
69.0,4.952504871046764
313.0,4.931813186813186
169.0,4.869238999436748
124.0,4.868077262924104
777.0,4.846273070062822
854.0,4.8438201718341
50.0,4.803483183059842
59.0,4.797288131249318
60.0,4.779808766159908
