item_id,predicted_score
151.0,5.475961222839098
69.0,5.280556514239252
313.0,5.259864830005675
169.0,5.197290642629236
124.0,5.196128906116593
777.0,5.17432471325531
854.0,5.171871815026589
50.0,5.131534826252331
59.0,5.125339774441806
60.0,5.107860409352396
