item_id,predicted_score
151.0,4.620583998251261
69.0,4.425179289651415
313.0,4.404487605417837
169.0,4.341913418041399
124.0,4.340751681528755
777.0,4.318947488667473
854.0,4.316494590438751
50.0,4.276157601664493
59.0,4.269962549853969
60.0,4.252483184764559
