item_id,predicted_score
151.0,5.3489965361683485
69.0,5.153591827568503
313.0,5.1329001433349255
169.0,5.070325955958487
124.0,5.0691642194458435
777.0,5.0473600265845615
854.0,5.044907128355839
50.0,5.004570139581581
59.0,4.998375087771057
60.0,4.980895722681647
