item_id,predicted_score
151.0,4.659638802166716
69.0,4.464234093566871
313.0,4.443542409333293
169.0,4.380968221956855
124.0,4.379806485444211
777.0,4.358002292582929
854.0,4.355549394354207
50.0,4.315212405579949
59.0,4.309017353769425
60.0,4.291537988680015
