item_id,predicted_score
151.0,5.243839812204749
69.0,5.048435103604903
313.0,5.027743419371326
169.0,4.965169231994887
124.0,4.964007495482244
777.0,4.942203302620961
854.0,4.93975040439224
50.0,4.899413415617982
59.0,4.893218363807457
60.0,4.875738998718047
