item_id,predicted_score
151.0,5.967354024091055
69.0,5.7719493154912085
313.0,5.751257631257631
169.0,5.688683443881192
124.0,5.687521707368549
777.0,5.665717514507267
854.0,5.6632646162785445
50.0,5.6229276275042865
59.0,5.616732575693763
60.0,5.599253210604353
