item_id,predicted_score
151.0,4.7133857701228
69.0,4.5179810615229545
313.0,4.497289377289377
169.0,4.4347151899129384
124.0,4.433553453400295
777.0,4.411749260539013
854.0,4.4092963623102905
50.0,4.368959373536033
59.0,4.362764321725509
60.0,4.345284956636099
