item_id,predicted_score
151.0,4.467354024091055
69.0,4.2719493154912085
313.0,4.251257631257631
169.0,4.188683443881192
124.0,4.187521707368549
777.0,4.165717514507267
854.0,4.1632646162785445
50.0,4.1229276275042865
59.0,4.116732575693763
60.0,4.099253210604353
