item_id,predicted_score
151.0,5.708094764831795
69.0,5.512690056231949
313.0,5.491998371998371
169.0,5.429424184621933
124.0,5.428262448109289
777.0,5.406458255248007
854.0,5.404005357019285
50.0,5.363668368245027
59.0,5.357473316434503
60.0,5.339993951345093
