item_id,predicted_score
151.0,5.416526600923206
69.0,5.221121892323359
313.0,5.200430208089783
169.0,5.137856020713343
124.0,5.136694284200701
777.0,5.114890091339418
854.0,5.112437193110696
50.0,5.072100204336438
59.0,5.065905152525914
60.0,5.0484257874365035
