item_id,predicted_score
151.0,5.788732364456736
69.0,5.59332765585689
313.0,5.5726359716233125
169.0,5.510061784246874
124.0,5.5089000477342305
777.0,5.4870958548729485
854.0,5.484642956644226
50.0,5.444305967869968
59.0,5.438110916059444
60.0,5.420631550970034
