item_id,predicted_score
151.0,4.265766722503752
69.0,4.070362013903907
313.0,4.049670329670329
169.0,3.9870961422938906
124.0,3.985934405781247
777.0,3.964130212919965
854.0,3.9616773146912427
50.0,3.921340325916985
59.0,3.915145274106461
60.0,3.897665909017051
