item_id,predicted_score
151.0,4.44290957964661
69.0,4.247504871046764
313.0,4.226813186813186
169.0,4.164238999436748
124.0,4.163077262924104
777.0,4.141273070062822
854.0,4.1388201718341
50.0,4.098483183059842
59.0,4.092288131249318
60.0,4.074808766159908
