item_id,predicted_score
151.0,3.4016974584344886
69.0,3.2062927498346427
313.0,3.185601065601065
169.0,3.1230268782246267
124.0,3.121865141711983
777.0,3.100060948850701
854.0,3.0976080506219787
50.0,3.057271061847721
59.0,3.051076010037197
60.0,3.033596644947787
