item_id,predicted_score
151.0,4.6508165563907955
69.0,4.455411847790949
313.0,4.4347201635573725
169.0,4.372145976180933
124.0,4.3709842396682905
777.0,4.349180046807008
854.0,4.346727148578286
50.0,4.306390159804028
59.0,4.3001951079935035
60.0,4.282715742904093
