item_id,predicted_score
151.0,4.870735666603132
69.0,4.675330958003285
313.0,4.654639273769709
169.0,4.592065086393269
124.0,4.590903349880627
777.0,4.569099157019344
854.0,4.566646258790622
50.0,4.526309270016364
59.0,4.52011421820584
60.0,4.5026348531164295
