item_id,predicted_score
151.0,5.3947044514414815
69.0,5.199299742841635
313.0,5.1786080586080585
169.0,5.11603387123162
124.0,5.114872134718976
777.0,5.093067941857694
854.0,5.090615043628972
50.0,5.050278054854714
59.0,5.044083003044189
60.0,5.026603637954779
