item_id,predicted_score
151.0,4.730226652817342
69.0,4.534821944217495
313.0,4.514130259983919
169.0,4.451556072607479
124.0,4.450394336094837
777.0,4.428590143233554
854.0,4.426137245004832
50.0,4.385800256230574
59.0,4.3796052044200495
60.0,4.3621258393306395
