item_id,predicted_score
151.0,4.940820027407804
69.0,4.745415318807957
313.0,4.724723634574381
169.0,4.662149447197942
124.0,4.660987710685298
777.0,4.639183517824016
854.0,4.636730619595294
50.0,4.596393630821036
59.0,4.5901985790105115
60.0,4.5727192139211015
