item_id,predicted_score
151.0,4.888851608632117
69.0,4.693446900032271
313.0,4.672755215798694
169.0,4.6101810284222555
124.0,4.609019291909611
777.0,4.587215099048329
854.0,4.584762200819608
50.0,4.54442521204535
59.0,4.538230160234825
60.0,4.520750795145415
