item_id,predicted_score
151.0,4.388215702095589
69.0,4.192810993495743
313.0,4.1721193092621665
169.0,4.109545121885727
124.0,4.1083833853730845
777.0,4.086579192511802
854.0,4.08412629428308
50.0,4.043789305508822
59.0,4.037594253698297
60.0,4.020114888608887
