item_id,predicted_score
151.0,5.1657667225037525
69.0,4.970362013903906
313.0,4.9496703296703295
169.0,4.88709614229389
124.0,4.8859344057812475
777.0,4.864130212919965
854.0,4.861677314691243
50.0,4.821340325916985
59.0,4.81514527410646
60.0,4.79766590901705
