item_id,predicted_score
151.0,5.159273216010246
69.0,4.9638685074104
313.0,4.943176823176823
169.0,4.8806026358003844
124.0,4.87944089928774
777.0,4.857636706426458
854.0,4.8551838081977365
50.0,4.814846819423479
59.0,4.808651767612954
60.0,4.791172402523544
