item_id,predicted_score
151.0,5.255303945843792
69.0,5.059899237243947
313.0,5.039207553010369
169.0,4.976633365633931
124.0,4.975471629121287
777.0,4.953667436260005
854.0,4.951214538031283
50.0,4.910877549257025
59.0,4.904682497446501
60.0,4.887203132357091
