item_id,predicted_score
151.0,4.566387840516175
69.0,4.370983131916329
313.0,4.350291447682752
169.0,4.287717260306313
124.0,4.28655552379367
777.0,4.264751330932388
854.0,4.262298432703665
50.0,4.221961443929407
59.0,4.2157663921188835
60.0,4.198287027029473
