item_id,predicted_score
151.0,4.380052436789467
69.0,4.184647728189621
313.0,4.163956043956044
169.0,4.101381856579605
124.0,4.100220120066961
777.0,4.078415927205679
854.0,4.0759630289769575
50.0,4.0356260402026995
59.0,4.029430988392175
60.0,4.011951623302765
