item_id,predicted_score
151.0,5.64790957964661
69.0,5.452504871046764
313.0,5.431813186813186
169.0,5.369238999436748
124.0,5.368077262924104
777.0,5.346273070062822
854.0,5.3438201718341
50.0,5.303483183059842
59.0,5.297288131249318
60.0,5.279808766159908
