item_id,predicted_score
151.0,4.84337290010993
69.0,4.647968191510084
313.0,4.627276507276507
169.0,4.564702319900068
124.0,4.563540583387425
777.0,4.541736390526142
854.0,4.539283492297421
50.0,4.498946503523163
59.0,4.492751451712638
60.0,4.475272086623228
