item_id,predicted_score
151.0,5.650569154114695
69.0,5.455164445514849
313.0,5.434472761281271
169.0,5.371898573904833
124.0,5.370736837392189
777.0,5.348932644530907
854.0,5.346479746302185
50.0,5.306142757527927
59.0,5.299947705717403
60.0,5.282468340627993
