item_id,predicted_score
151.0,5.046719103456134
69.0,4.851314394856288
313.0,4.83062271062271
169.0,4.7680485232462715
124.0,4.766886786733628
777.0,4.745082593872346
854.0,4.742629695643624
50.0,4.702292706869366
59.0,4.696097655058842
60.0,4.678618289969432
