item_id,predicted_score
151.0,5.145986502723533
69.0,4.9505817941236865
313.0,4.92989010989011
169.0,4.86731592251367
124.0,4.866154186001028
777.0,4.844349993139745
854.0,4.841897094911023
50.0,4.801560106136765
59.0,4.795365054326241
60.0,4.777885689236831
