item_id,predicted_score
151.0,4.856242912979943
69.0,4.660838204380097
313.0,4.64014652014652
169.0,4.577572332770082
124.0,4.576410596257437
777.0,4.554606403396155
854.0,4.552153505167434
50.0,4.511816516393176
59.0,4.505621464582651
60.0,4.488142099493241
