item_id,predicted_score
151.0,4.910006353840158
69.0,4.714601645240312
313.0,4.693909961006735
169.0,4.631335773630296
124.0,4.630174037117653
777.0,4.60836984425637
854.0,4.605916946027649
50.0,4.565579957253391
59.0,4.559384905442866
60.0,4.541905540353456
