item_id,predicted_score
151.0,5.02290957964661
69.0,4.827504871046764
313.0,4.806813186813186
169.0,4.744238999436748
124.0,4.743077262924104
777.0,4.721273070062822
854.0,4.7188201718341
50.0,4.678483183059842
59.0,4.672288131249318
60.0,4.654808766159908
