item_id,predicted_score
151.0,5.247680221848444
69.0,5.052275513248598
313.0,5.031583829015021
169.0,4.969009641638582
124.0,4.967847905125939
777.0,4.9460437122646566
854.0,4.943590814035935
50.0,4.903253825261677
59.0,4.897058773451152
60.0,4.879579408361742
