item_id,predicted_score
151.0,5.201481008218038
69.0,5.006076299618192
313.0,4.985384615384615
169.0,4.922810428008177
124.0,4.921648691495532
777.0,4.89984449863425
854.0,4.897391600405529
50.0,4.857054611631271
59.0,4.850859559820746
60.0,4.833380194731336
