item_id,predicted_score
151.0,4.63795382743422
69.0,4.442549118834374
313.0,4.421857434600797
169.0,4.359283247224358
124.0,4.358121510711715
777.0,4.336317317850432
854.0,4.333864419621711
50.0,4.293527430847453
59.0,4.287332379036928
60.0,4.269853013947518
