item_id,predicted_score
151.0,5.177671484408514
69.0,4.982266775808668
313.0,4.961575091575091
169.0,4.899000904198653
124.0,4.8978391676860085
777.0,4.8760349748247265
854.0,4.873582076596005
50.0,4.833245087821747
59.0,4.827050036011222
60.0,4.809570670921812
