item_id,predicted_score
151.0,4.4911635479005785
69.0,4.295758839300732
313.0,4.275067155067155
169.0,4.212492967690716
124.0,4.211331231178073
777.0,4.189527038316791
854.0,4.187074140088068
50.0,4.14673715131381
59.0,4.140542099503286
60.0,4.123062734413876
