item_id,predicted_score
151.0,4.822909579646609
69.0,4.627504871046764
313.0,4.606813186813186
169.0,4.544238999436748
124.0,4.543077262924104
777.0,4.521273070062822
854.0,4.5188201718341
50.0,4.478483183059842
59.0,4.472288131249318
60.0,4.454808766159908
