item_id,predicted_score
151.0,5.643347535850989
69.0,5.447942827251143
313.0,5.427251143017566
169.0,5.364676955641127
124.0,5.363515219128484
777.0,5.341711026267202
854.0,5.339258128038479
50.0,5.2989211392642215
59.0,5.292726087453698
60.0,5.275246722364288
