item_id,predicted_score
151.0,5.808623865360895
69.0,5.613219156761049
313.0,5.592527472527472
169.0,5.529953285151033
124.0,5.52879154863839
777.0,5.506987355777108
854.0,5.504534457548385
50.0,5.4641974687741275
59.0,5.458002416963604
60.0,5.440523051874194
