item_id,predicted_score
151.0,5.870735666603132
69.0,5.675330958003285
313.0,5.654639273769708
169.0,5.592065086393269
124.0,5.590903349880626
777.0,5.569099157019344
854.0,5.566646258790621
50.0,5.526309270016363
59.0,5.52011421820584
60.0,5.5026348531164295
