item_id,predicted_score
151.0,3.6876154619995507
69.0,3.4922107533997044
313.0,3.4715190691661277
169.0,3.408944881789689
124.0,3.4077831452770453
777.0,3.385978952415763
854.0,3.3835260541870413
50.0,3.3431890654127834
59.0,3.3369940136022587
60.0,3.3195146485128486
