item_id,predicted_score
151.0,4.250182306919337
69.0,4.0547775983194905
313.0,4.034085914085914
169.0,3.971511726709475
124.0,3.9703499901968313
777.0,3.948545797335549
854.0,3.9460928991068274
50.0,3.9057559103325694
59.0,3.8995608585220447
60.0,3.8820814934326346
