item_id,predicted_score
151.0,5.844338151075181
69.0,5.648933442475335
313.0,5.628241758241757
169.0,5.565667570865319
124.0,5.564505834352675
777.0,5.542701641491393
854.0,5.540248743262671
50.0,5.499911754488413
59.0,5.493716702677889
60.0,5.476237337588479
