item_id,predicted_score
151.0,4.903191269787454
69.0,4.707786561187609
313.0,4.687094876954031
169.0,4.624520689577593
124.0,4.623358953064949
777.0,4.601554760203667
854.0,4.599101861974945
50.0,4.558764873200687
59.0,4.552569821390163
60.0,4.535090456300753
