item_id,predicted_score
151.0,5.568364125101155
69.0,5.37295941650131
313.0,5.352267732267732
169.0,5.289693544891294
124.0,5.28853180837865
777.0,5.266727615517368
854.0,5.264274717288646
50.0,5.223937728514388
59.0,5.217742676703864
60.0,5.200263311614454
