item_id,predicted_score
151.0,5.06978457964661
69.0,4.874379871046764
313.0,4.853688186813186
169.0,4.791113999436748
124.0,4.789952262924104
777.0,4.768148070062822
854.0,4.7656951718341
50.0,4.725358183059842
59.0,4.719163131249318
60.0,4.701683766159908
