item_id,predicted_score
151.0,5.24290957964661
69.0,5.047504871046764
313.0,5.026813186813187
169.0,4.964238999436748
124.0,4.963077262924104
777.0,4.941273070062822
854.0,4.9388201718341005
50.0,4.8984831830598425
59.0,4.892288131249318
60.0,4.874808766159908
