item_id,predicted_score
151.0,5.119239854875968
69.0,4.923835146276121
313.0,4.903143462042545
169.0,4.840569274666105
124.0,4.839407538153463
777.0,4.81760334529218
854.0,4.815150447063458
50.0,4.7748134582892
59.0,4.768618406478676
60.0,4.751139041389266
