item_id,predicted_score
151.0,5.972909579646609
69.0,5.777504871046764
313.0,5.756813186813186
169.0,5.694238999436748
124.0,5.693077262924104
777.0,5.671273070062822
854.0,5.6688201718341
50.0,5.628483183059842
59.0,5.622288131249318
60.0,5.604808766159908
