item_id,predicted_score
151.0,4.908451748321308
69.0,4.713047039721462
313.0,4.692355355487885
169.0,4.629781168111446
124.0,4.628619431598803
777.0,4.6068152387375205
854.0,4.604362340508799
50.0,4.564025351734541
59.0,4.557830299924016
60.0,4.540350934834606
