item_id,predicted_score
151.0,5.154488527015031
69.0,4.959083818415185
313.0,4.9383921341816075
169.0,4.875817946805169
124.0,4.8746562102925255
777.0,4.8528520174312435
854.0,4.850399119202521
50.0,4.810062130428263
59.0,4.803867078617739
60.0,4.786387713528329
