item_id,predicted_score
151.0,5.399660279926722
69.0,5.204255571326875
313.0,5.183563887093299
169.0,5.12098969971686
124.0,5.119827963204216
777.0,5.098023770342934
854.0,5.095570872114212
50.0,5.055233883339954
59.0,5.04903883152943
60.0,5.03155946644002
