item_id,predicted_score
151.0,5.5784651352021655
69.0,5.383060426602319
313.0,5.362368742368742
169.0,5.299794554992303
124.0,5.29863281847966
777.0,5.276828625618378
854.0,5.274375727389655
50.0,5.234038738615397
59.0,5.227843686804873
60.0,5.210364321715463
