item_id,predicted_score
151.0,4.667095626158238
69.0,4.471690917558392
313.0,4.450999233324814
169.0,4.388425045948376
124.0,4.387263309435732
777.0,4.36545911657445
854.0,4.363006218345728
50.0,4.32266922957147
59.0,4.316474177760946
60.0,4.298994812671536
