item_id,predicted_score
151.0,5.369063425800456
69.0,5.17365871720061
313.0,5.152967032967033
169.0,5.0903928455905945
124.0,5.08923110907795
777.0,5.067426916216668
854.0,5.0649740179879466
50.0,5.024637029213689
59.0,5.018441977403164
60.0,5.000962612313754
