item_id,predicted_score
151.0,5.218561753559653
69.0,5.023157044959807
313.0,5.00246536072623
169.0,4.939891173349791
124.0,4.938729436837148
777.0,4.916925243975865
854.0,4.914472345747144
50.0,4.874135356972886
59.0,4.867940305162361
60.0,4.850460940072951
