item_id,predicted_score
151.0,6.072909579646609
69.0,5.877504871046764
313.0,5.856813186813186
169.0,5.794238999436748
124.0,5.793077262924104
777.0,5.771273070062822
854.0,5.7688201718341
50.0,5.728483183059842
59.0,5.722288131249318
60.0,5.704808766159908
