item_id,predicted_score
151.0,5.175083492690088
69.0,4.9796787840902415
313.0,4.958987099856665
169.0,4.896412912480226
124.0,4.895251175967582
777.0,4.8734469831063
854.0,4.870994084877578
50.0,4.83065709610332
59.0,4.824462044292796
60.0,4.806982679203386
