item_id,predicted_score
151.0,4.902909579646609
69.0,4.707504871046764
313.0,4.686813186813186
169.0,4.624238999436748
124.0,4.623077262924104
777.0,4.601273070062822
854.0,4.5988201718341
50.0,4.558483183059842
59.0,4.552288131249318
60.0,4.534808766159908
