item_id,predicted_score
151.0,4.925506982244013
69.0,4.7301022736441665
313.0,4.709410589410589
169.0,4.64683640203415
124.0,4.645674665521507
777.0,4.623870472660225
854.0,4.6214175744315025
50.0,4.5810805856572445
59.0,4.574885533846721
60.0,4.557406168757311
