item_id,predicted_score
151.0,4.992955662595918
69.0,4.797550953996073
313.0,4.776859269762495
169.0,4.7142850823860565
124.0,4.713123345873413
777.0,4.691319153012131
854.0,4.688866254783409
50.0,4.648529266009151
59.0,4.642334214198627
60.0,4.624854849109217
