item_id,predicted_score
151.0,5.313485495876976
69.0,5.11808078727713
313.0,5.097389103043553
169.0,5.0348149156671145
124.0,5.03365317915447
777.0,5.011848986293188
854.0,5.009396088064467
50.0,4.969059099290209
59.0,4.962864047479684
60.0,4.945384682390274
