item_id,predicted_score
151.0,5.310143622199801
69.0,5.114738913599955
313.0,5.094047229366378
169.0,5.031473041989939
124.0,5.030311305477296
777.0,5.008507112616013
854.0,5.006054214387292
50.0,4.965717225613034
59.0,4.959522173802509
60.0,4.942042808713099
