item_id,predicted_score
151.0,5.216787130667018
69.0,5.0213824220671714
313.0,5.000690737833595
169.0,4.938116550457156
124.0,4.936954813944512
777.0,4.91515062108323
854.0,4.912697722854508
50.0,4.87236073408025
59.0,4.866165682269726
60.0,4.848686317180316
