item_id,predicted_score
151.0,5.268192598514535
69.0,5.0727878899146885
313.0,5.052096205681111
169.0,4.9895220183046725
124.0,4.988360281792029
777.0,4.966556088930747
854.0,4.9641031907020245
50.0,4.923766201927767
59.0,4.917571150117243
60.0,4.900091785027833
