item_id,predicted_score
151.0,5.130052436789467
69.0,4.934647728189621
313.0,4.913956043956044
169.0,4.851381856579605
124.0,4.850220120066961
777.0,4.828415927205679
854.0,4.8259630289769575
50.0,4.7856260402026995
59.0,4.779430988392175
60.0,4.761951623302765
