item_id,predicted_score
151.0,5.0311063009580845
69.0,4.835701592358239
313.0,4.815009908124662
169.0,4.752435720748223
124.0,4.75127398423558
777.0,4.729469791374298
854.0,4.727016893145575
50.0,4.686679904371317
59.0,4.680484852560793
60.0,4.663005487471383
