item_id,predicted_score
151.0,4.740954692428565
69.0,4.545549983828718
313.0,4.524858299595142
169.0,4.462284112218702
124.0,4.46112237570606
777.0,4.439318182844777
854.0,4.436865284616055
50.0,4.396528295841797
59.0,4.390333244031273
60.0,4.3728538789418625
