item_id,predicted_score
151.0,4.502076246313276
69.0,4.30667153771343
313.0,4.285979853479853
169.0,4.223405666103414
124.0,4.222243929590771
777.0,4.200439736729488
854.0,4.197986838500767
50.0,4.157649849726509
59.0,4.151454797915984
60.0,4.133975432826574
