item_id,predicted_score
151.0,4.9406310986339514
69.0,4.745226390034105
313.0,4.7245347058005285
169.0,4.66196051842409
124.0,4.660798781911446
777.0,4.638994589050164
854.0,4.636541690821442
50.0,4.596204702047184
59.0,4.590009650236659
60.0,4.572530285147249
