item_id,predicted_score
151.0,5.269178236363027
69.0,5.073773527763182
313.0,5.053081843529604
169.0,4.990507656153166
124.0,4.989345919640522
777.0,4.96754172677924
854.0,4.965088828550518
50.0,4.92475183977626
59.0,4.918556787965736
60.0,4.901077422876326
