item_id,predicted_score
151.0,5.513475617382459
69.0,5.318070908782612
313.0,5.297379224549036
169.0,5.234805037172597
124.0,5.233643300659953
777.0,5.211839107798671
854.0,5.209386209569949
50.0,5.169049220795691
59.0,5.162854168985167
60.0,5.1453748038957565
