item_id,predicted_score
151.0,4.9495400144292185
69.0,4.754135305829372
313.0,4.733443621595796
169.0,4.670869434219357
124.0,4.669707697706713
777.0,4.647903504845431
854.0,4.645450606616709
50.0,4.605113617842451
59.0,4.5989185660319265
60.0,4.581439200942516
