item_id,predicted_score
151.0,5.267095626158238
69.0,5.071690917558391
313.0,5.050999233324815
169.0,4.988425045948375
124.0,4.987263309435733
777.0,4.96545911657445
854.0,4.963006218345728
50.0,4.92266922957147
59.0,4.9164741777609455
60.0,4.8989948126715355
