item_id,predicted_score
151.0,5.237195293932324
69.0,5.041790585332478
313.0,5.021098901098901
169.0,4.958524713722462
124.0,4.957362977209819
777.0,4.935558784348537
854.0,4.933105886119814
50.0,4.892768897345556
59.0,4.8865738455350325
60.0,4.869094480445622
