item_id,predicted_score
151.0,5.284814341551371
69.0,5.089409632951526
313.0,5.068717948717948
169.0,5.00614376134151
124.0,5.004982024828866
777.0,4.983177831967584
854.0,4.980724933738862
50.0,4.940387944964604
59.0,4.93419289315408
60.0,4.91671352806467
