item_id,predicted_score
151.0,5.0285275571747
69.0,4.833122848574853
313.0,4.812431164341277
169.0,4.749856976964837
124.0,4.748695240452195
777.0,4.726891047590912
854.0,4.72443814936219
50.0,4.684101160587932
59.0,4.677906108777408
60.0,4.660426743687998
