item_id,predicted_score
151.0,4.9346742855289625
69.0,4.739269576929116
313.0,4.7185778926955395
169.0,4.656003705319101
124.0,4.654841968806457
777.0,4.633037775945175
854.0,4.630584877716453
50.0,4.590247888942195
59.0,4.58405283713167
60.0,4.56657347204226
