item_id,predicted_score
151.0,5.750182306919337
69.0,5.554777598319491
313.0,5.534085914085914
169.0,5.471511726709475
124.0,5.470349990196832
777.0,5.44854579733555
854.0,5.446092899106827
50.0,5.405755910332569
59.0,5.399560858522046
60.0,5.3820814934326355
