item_id,predicted_score
151.0,5.446886187833744
69.0,5.251481479233898
313.0,5.230789795000321
169.0,5.168215607623882
124.0,5.167053871111239
777.0,5.145249678249956
854.0,5.142796780021235
50.0,5.102459791246977
59.0,5.096264739436452
60.0,5.078785374347042
