item_id,predicted_score
151.0,5.53761546199955
69.0,5.342210753399705
313.0,5.321519069166127
169.0,5.258944881789689
124.0,5.257783145277045
777.0,5.235978952415763
854.0,5.233526054187041
50.0,5.193189065412783
59.0,5.186994013602259
60.0,5.169514648512849
