item_id,predicted_score
151.0,5.375850756117198
69.0,5.180446047517352
313.0,5.159754363283775
169.0,5.0971801759073365
124.0,5.096018439394692
777.0,5.07421424653341
854.0,5.071761348304689
50.0,5.031424359530431
59.0,5.025229307719906
60.0,5.007749942630496
