item_id,predicted_score
151.0,5.637195293932324
69.0,5.441790585332478
313.0,5.4210989010989
169.0,5.358524713722462
124.0,5.357362977209818
777.0,5.335558784348536
854.0,5.333105886119814
50.0,5.292768897345556
59.0,5.286573845535032
60.0,5.269094480445622
