item_id,predicted_score
151.0,4.627387191586909
69.0,4.431982482987062
313.0,4.411290798753485
169.0,4.348716611377046
124.0,4.347554874864403
777.0,4.325750682003121
854.0,4.323297783774398
50.0,4.2829607950001405
59.0,4.276765743189617
60.0,4.259286378100207
