item_id,predicted_score
151.0,4.430938776726902
69.0,4.2355340681270555
313.0,4.214842383893479
169.0,4.15226819651704
124.0,4.151106460004396
777.0,4.129302267143114
854.0,4.126849368914392
50.0,4.086512380140134
59.0,4.08031732832961
60.0,4.0628379632402
