item_id,predicted_score
151.0,4.66807086996919
69.0,4.472666161369344
313.0,4.451974477135767
169.0,4.389400289759328
124.0,4.388238553246685
777.0,4.366434360385402
854.0,4.363981462156681
50.0,4.323644473382423
59.0,4.317449421571898
60.0,4.299970056482488
