item_id,predicted_score
151.0,5.779666336403366
69.0,5.584261627803521
313.0,5.563569943569943
169.0,5.500995756193505
124.0,5.499834019680861
777.0,5.478029826819579
854.0,5.475576928590857
50.0,5.435239939816599
59.0,5.429044888006075
60.0,5.411565522916665
