item_id,predicted_score
151.0,5.6953233727500585
69.0,5.499918664150212
313.0,5.479226979916635
169.0,5.416652792540196
124.0,5.415491056027553
777.0,5.393686863166271
854.0,5.391233964937548
50.0,5.35089697616329
59.0,5.3447019243527665
60.0,5.327222559263356
