item_id,predicted_score
151.0,4.938993495730526
69.0,4.74358878713068
313.0,4.722897102897103
169.0,4.6603229155206645
124.0,4.65916117900802
777.0,4.637356986146738
854.0,4.634904087918017
50.0,4.594567099143759
59.0,4.588372047333234
60.0,4.570892682243824
