item_id,predicted_score
151.0,4.801598104236774
69.0,4.606193395636928
313.0,4.58550171140335
169.0,4.522927524026912
124.0,4.521765787514268
777.0,4.499961594652986
854.0,4.497508696424264
50.0,4.457171707650006
59.0,4.450976655839482
60.0,4.433497290750072
