item_id,predicted_score
151.0,4.995882552619582
69.0,4.800477844019737
313.0,4.779786159786159
169.0,4.717211972409721
124.0,4.716050235897077
777.0,4.694246043035795
854.0,4.691793144807073
50.0,4.651456156032815
59.0,4.645261104222291
60.0,4.627781739132881
