item_id,predicted_score
151.0,5.167931224668255
69.0,4.972526516068409
313.0,4.951834831834831
169.0,4.889260644458393
124.0,4.888098907945749
777.0,4.866294715084467
854.0,4.863841816855745
50.0,4.823504828081487
59.0,4.817309776270963
60.0,4.799830411181553
