item_id,predicted_score
151.0,5.477455034192064
69.0,5.282050325592218
313.0,5.261358641358641
169.0,5.198784453982203
124.0,5.197622717469558
777.0,5.175818524608276
854.0,5.173365626379555
50.0,5.133028637605297
59.0,5.126833585794772
60.0,5.109354220705362
