item_id,predicted_score
151.0,4.891330632278189
69.0,4.695925923678343
313.0,4.675234239444765
169.0,4.6126600520683265
124.0,4.611498315555683
777.0,4.589694122694401
854.0,4.587241224465679
50.0,4.546904235691421
59.0,4.540709183880897
60.0,4.523229818791487
