item_id,predicted_score
151.0,4.62290957964661
69.0,4.4275048710467635
313.0,4.406813186813187
169.0,4.344238999436747
124.0,4.343077262924105
777.0,4.321273070062822
854.0,4.3188201718341
50.0,4.278483183059842
59.0,4.272288131249318
60.0,4.254808766159908
