item_id,predicted_score
151.0,4.780052436789466
69.0,4.584647728189621
313.0,4.563956043956043
169.0,4.501381856579605
124.0,4.500220120066961
777.0,4.478415927205679
854.0,4.475963028976957
50.0,4.435626040202699
59.0,4.429430988392175
60.0,4.411951623302765
