item_id,predicted_score
151.0,5.713920815601666
69.0,5.51851610700182
313.0,5.497824422768242
169.0,5.435250235391804
124.0,5.43408849887916
777.0,5.412284306017878
854.0,5.409831407789156
50.0,5.369494419014898
59.0,5.363299367204374
60.0,5.345820002114964
