item_id,predicted_score
151.0,5.46040957964661
69.0,5.265004871046764
313.0,5.244313186813186
169.0,5.181738999436748
124.0,5.180577262924104
777.0,5.158773070062822
854.0,5.1563201718341
50.0,5.115983183059842
59.0,5.109788131249318
60.0,5.092308766159908
