item_id,predicted_score
151.0,4.552321344352492
69.0,4.356916635752646
313.0,4.3362249515190685
169.0,4.27365076414263
124.0,4.2724890276299865
777.0,4.2506848347687045
854.0,4.248231936539982
50.0,4.207894947765724
59.0,4.2016998959552
60.0,4.18422053086579
