item_id,predicted_score
151.0,5.8829095796466095
69.0,5.687504871046764
313.0,5.666813186813187
169.0,5.604238999436748
124.0,5.603077262924105
777.0,5.581273070062823
854.0,5.5788201718341
50.0,5.538483183059842
59.0,5.532288131249318
60.0,5.514808766159908
