item_id,predicted_score
151.0,5.669968403176021
69.0,5.474563694576176
313.0,5.453872010342598
169.0,5.39129782296616
124.0,5.390136086453516
777.0,5.368331893592234
854.0,5.365878995363512
50.0,5.325542006589254
59.0,5.31934695477873
60.0,5.30186758968932
