item_id,predicted_score
151.0,4.984448041185072
69.0,4.7890433325852255
313.0,4.768351648351648
169.0,4.705777460975209
124.0,4.704615724462566
777.0,4.682811531601284
854.0,4.6803586333725615
50.0,4.640021644598304
59.0,4.63382659278778
60.0,4.61634722769837
