item_id,predicted_score
151.0,6.065766722503753
69.0,5.8703620139039066
313.0,5.849670329670329
169.0,5.7870961422938905
124.0,5.785934405781247
777.0,5.764130212919965
854.0,5.761677314691243
50.0,5.721340325916985
59.0,5.715145274106461
60.0,5.697665909017051
