item_id,predicted_score
151.0,4.356242912979943
69.0,4.160838204380097
313.0,4.14014652014652
169.0,4.077572332770082
124.0,4.076410596257437
777.0,4.054606403396155
854.0,4.052153505167434
50.0,4.011816516393176
59.0,4.005621464582651
60.0,3.988142099493241
