item_id,predicted_score
151.0,4.964770044762888
69.0,4.769365336163043
313.0,4.748673651929465
169.0,4.686099464553027
124.0,4.684937728040383
777.0,4.663133535179101
854.0,4.660680636950379
50.0,4.620343648176121
59.0,4.614148596365597
60.0,4.596669231276187
