item_id,predicted_score
151.0,4.943701658854531
69.0,4.748296950254685
313.0,4.727605266021107
169.0,4.6650310786446685
124.0,4.663869342132025
777.0,4.642065149270743
854.0,4.639612251042021
50.0,4.599275262267763
59.0,4.593080210457239
60.0,4.575600845367829
