item_id,predicted_score
151.0,6.21040957964661
69.0,6.015004871046764
313.0,5.994313186813186
169.0,5.931738999436748
124.0,5.930577262924104
777.0,5.908773070062822
854.0,5.9063201718341
50.0,5.865983183059842
59.0,5.859788131249318
60.0,5.842308766159908
