item_id,predicted_score
151.0,5.389576246313276
69.0,5.19417153771343
313.0,5.173479853479853
169.0,5.110905666103415
124.0,5.1097439295907705
777.0,5.0879397367294885
854.0,5.085486838500767
50.0,5.045149849726509
59.0,5.038954797915984
60.0,5.021475432826574
