item_id,predicted_score
151.0,4.90526252082308
69.0,4.709857812223234
313.0,4.689166127989657
169.0,4.626591940613219
124.0,4.625430204100574
777.0,4.603626011239292
854.0,4.601173113010571
50.0,4.560836124236313
59.0,4.554641072425788
60.0,4.537161707336378
