item_id,predicted_score
151.0,5.045636852373883
69.0,4.850232143774036
313.0,4.82954045954046
169.0,4.766966272164021
124.0,4.765804535651377
777.0,4.744000342790095
854.0,4.741547444561373
50.0,4.701210455787115
59.0,4.695015403976591
60.0,4.6775360388871805
