item_id,predicted_score
151.0,4.49851933574417
69.0,4.303114627144325
313.0,4.282422942910747
169.0,4.219848755534309
124.0,4.218687019021665
777.0,4.196882826160383
854.0,4.194429927931661
50.0,4.154092939157403
59.0,4.147897887346879
60.0,4.130418522257469
