item_id,predicted_score
151.0,5.137367410971911
69.0,4.941962702372065
313.0,4.921271018138488
169.0,4.8586968307620495
124.0,4.857535094249405
777.0,4.835730901388123
854.0,4.833278003159402
50.0,4.792941014385144
59.0,4.786745962574619
60.0,4.769266597485209
