item_id,predicted_score
151.0,5.641189149539082
69.0,5.445784440939237
313.0,5.425092756705659
169.0,5.362518569329221
124.0,5.361356832816577
777.0,5.339552639955295
854.0,5.337099741726573
50.0,5.296762752952315
59.0,5.290567701141791
60.0,5.273088336052381
