item_id,predicted_score
151.0,5.542140348877378
69.0,5.346735640277533
313.0,5.326043956043955
169.0,5.263469768667517
124.0,5.262308032154873
777.0,5.240503839293591
854.0,5.238050941064869
50.0,5.197713952290611
59.0,5.191518900480087
60.0,5.174039535390677
