item_id,predicted_score
151.0,5.204391061128091
69.0,5.008986352528245
313.0,4.988294668294668
169.0,4.92572048091823
124.0,4.924558744405585
777.0,4.902754551544303
854.0,4.900301653315582
50.0,4.859964664541324
59.0,4.853769612730799
60.0,4.836290247641389
