item_id,predicted_score
151.0,4.939576246313276
69.0,4.74417153771343
313.0,4.723479853479853
169.0,4.660905666103414
124.0,4.659743929590771
777.0,4.637939736729488
854.0,4.635486838500767
50.0,4.595149849726509
59.0,4.588954797915984
60.0,4.571475432826574
