item_id,predicted_score
151.0,5.411385416077836
69.0,5.21598070747799
313.0,5.195289023244413
169.0,5.132714835867974
124.0,5.131553099355331
777.0,5.1097489064940484
854.0,5.107296008265327
50.0,5.066959019491069
59.0,5.060763967680544
60.0,5.043284602591134
