item_id,predicted_score
151.0,4.93540957964661
69.0,4.7400048710467635
313.0,4.719313186813187
169.0,4.656738999436747
124.0,4.655577262924105
777.0,4.633773070062822
854.0,4.6313201718341
50.0,4.590983183059842
59.0,4.584788131249318
60.0,4.567308766159908
