item_id,predicted_score
151.0,5.144423523869717
69.0,4.949018815269871
313.0,4.928327131036294
169.0,4.865752943659855
124.0,4.864591207147212
777.0,4.842787014285929
854.0,4.840334116057208
50.0,4.79999712728295
59.0,4.793802075472425
60.0,4.776322710383015
