item_id,predicted_score
151.0,5.641957198694229
69.0,5.4465524900943825
313.0,5.425860805860805
169.0,5.363286618484366
124.0,5.362124881971723
777.0,5.340320689110441
854.0,5.3378677908817185
50.0,5.2975308021074605
59.0,5.291335750296937
60.0,5.273856385207527
