item_id,predicted_score
151.0,5.12290957964661
69.0,4.9275048710467635
313.0,4.906813186813187
169.0,4.844238999436747
124.0,4.843077262924105
777.0,4.821273070062822
854.0,4.8188201718341
50.0,4.778483183059842
59.0,4.772288131249318
60.0,4.754808766159908
