item_id,predicted_score
151.0,5.469338151075181
69.0,5.273933442475335
313.0,5.253241758241758
169.0,5.190667570865319
124.0,5.189505834352676
777.0,5.167701641491393
854.0,5.165248743262672
50.0,5.124911754488414
59.0,5.118716702677889
60.0,5.101237337588479
