item_id,predicted_score
151.0,4.893788700525731
69.0,4.698383991925884
313.0,4.677692307692308
169.0,4.615118120315868
124.0,4.613956383803226
777.0,4.592152190941943
854.0,4.589699292713221
50.0,4.549362303938963
59.0,4.5431672521284385
60.0,4.5256878870390285
