item_id,predicted_score
151.0,4.78761546199955
69.0,4.592210753399705
313.0,4.571519069166127
169.0,4.508944881789689
124.0,4.507783145277045
777.0,4.485978952415763
854.0,4.483526054187041
50.0,4.443189065412783
59.0,4.436994013602259
60.0,4.419514648512849
