item_id,predicted_score
151.0,5.865766722503752
69.0,5.670362013903906
313.0,5.649670329670329
169.0,5.58709614229389
124.0,5.585934405781247
777.0,5.564130212919965
854.0,5.561677314691242
50.0,5.521340325916984
59.0,5.515145274106461
60.0,5.4976659090170505
