item_id,predicted_score
151.0,4.064576246313276
69.0,3.86917153771343
313.0,3.848479853479853
169.0,3.7859056661034143
124.0,3.7847439295907708
777.0,3.7629397367294883
854.0,3.760486838500767
50.0,3.720149849726509
59.0,3.713954797915984
60.0,3.696475432826574
