item_id,predicted_score
151.0,5.479431318777044
69.0,5.284026610177198
313.0,5.263334925943621
169.0,5.200760738567182
124.0,5.199599002054539
777.0,5.177794809193257
854.0,5.175341910964534
50.0,5.1350049221902765
59.0,5.128809870379753
60.0,5.111330505290343
