item_id,predicted_score
151.0,5.334230334363591
69.0,5.138825625763745
313.0,5.118133941530168
169.0,5.0555597541537285
124.0,5.054398017641086
777.0,5.032593824779803
854.0,5.0301409265510815
50.0,4.9898039377768235
59.0,4.983608885966299
60.0,4.966129520876889
