item_id,predicted_score
151.0,4.670735666603131
69.0,4.475330958003285
313.0,4.4546392737697085
169.0,4.39206508639327
124.0,4.390903349880626
777.0,4.369099157019344
854.0,4.366646258790622
50.0,4.326309270016364
59.0,4.320114218205839
60.0,4.302634853116429
