item_id,predicted_score
151.0,4.8492694122825934
69.0,4.653864703682747
313.0,4.63317301944917
169.0,4.570598832072731
124.0,4.569437095560088
777.0,4.547632902698806
854.0,4.545180004470083
50.0,4.504843015695825
59.0,4.498647963885301
60.0,4.481168598795891
