item_id,predicted_score
151.0,5.38263808643394
69.0,5.187233377834094
313.0,5.166541693600517
169.0,5.103967506224079
124.0,5.102805769711434
777.0,5.081001576850152
854.0,5.078548678621431
50.0,5.038211689847173
59.0,5.032016638036648
60.0,5.014537272947238
