item_id,predicted_score
151.0,4.557156154989075
69.0,4.3617514463892295
313.0,4.341059762155652
169.0,4.278485574779213
124.0,4.27732383826657
777.0,4.255519645405288
854.0,4.2530667471765655
50.0,4.212729758402308
59.0,4.206534706591784
60.0,4.189055341502374
