item_id,predicted_score
151.0,5.215217271954302
69.0,5.019812563354456
313.0,4.999120879120879
169.0,4.93654669174444
124.0,4.935384955231797
777.0,4.913580762370515
854.0,4.911127864141792
50.0,4.870790875367534
59.0,4.864595823557011
60.0,4.8471164584676005
