item_id,predicted_score
151.0,4.553917331584595
69.0,4.358512622984748
313.0,4.337820938751171
169.0,4.275246751374732
124.0,4.274085014862089
777.0,4.252280822000807
854.0,4.249827923772084
50.0,4.2094909349978265
59.0,4.203295883187303
60.0,4.185816518097893
