item_id,predicted_score
151.0,5.415066442391708
69.0,5.219661733791861
313.0,5.198970049558285
169.0,5.136395862181846
124.0,5.135234125669202
777.0,5.11342993280792
854.0,5.110977034579198
50.0,5.07064004580494
59.0,5.064444993994416
60.0,5.0469656289050056
