item_id,predicted_score
151.0,5.419461303784541
69.0,5.2240565951846945
313.0,5.203364910951118
169.0,5.140790723574678
124.0,5.139628987062036
777.0,5.117824794200753
854.0,5.115371895972031
50.0,5.075034907197773
59.0,5.068839855387249
60.0,5.051360490297839
