item_id,predicted_score
151.0,5.597909579646609
69.0,5.402504871046764
313.0,5.381813186813186
169.0,5.319238999436748
124.0,5.318077262924104
777.0,5.296273070062822
854.0,5.2938201718341
50.0,5.253483183059842
59.0,5.247288131249318
60.0,5.229808766159908
