item_id,predicted_score
151.0,5.353678810415841
69.0,5.158274101815994
313.0,5.137582417582418
169.0,5.075008230205979
124.0,5.073846493693335
777.0,5.052042300832053
854.0,5.049589402603331
50.0,5.009252413829073
59.0,5.003057362018549
60.0,4.9855779969291385
