item_id,predicted_score
151.0,3.9157667225037525
69.0,3.720362013903906
313.0,3.6996703296703295
169.0,3.6370961422938906
124.0,3.635934405781247
777.0,3.6141302129199646
854.0,3.611677314691243
50.0,3.571340325916985
59.0,3.5651452741064604
60.0,3.5476659090170504
