item_id,predicted_score
151.0,5.175970804136405
69.0,4.98056609553656
313.0,4.959874411302982
169.0,4.8973002239265435
124.0,4.8961384874139
777.0,4.874334294552618
854.0,4.871881396323896
50.0,4.831544407549638
59.0,4.825349355739114
60.0,4.807869990649704
