item_id,predicted_score
151.0,5.786067474383453
69.0,5.590662765783606
313.0,5.569971081550029
169.0,5.50739689417359
124.0,5.506235157660947
777.0,5.484430964799665
854.0,5.481978066570942
50.0,5.441641077796684
59.0,5.435446025986161
60.0,5.4179666608967505
