item_id,predicted_score
151.0,4.466729804365711
69.0,4.271325095765865
313.0,4.250633411532288
169.0,4.1880592241558485
124.0,4.186897487643206
777.0,4.165093294781923
854.0,4.1626403965532015
50.0,4.1223034077789436
59.0,4.116108355968419
60.0,4.098628990879009
