item_id,predicted_score
151.0,5.336798468535498
69.0,5.141393759935653
313.0,5.120702075702075
169.0,5.058127888325637
124.0,5.056966151812993
777.0,5.035161958951711
854.0,5.032709060722989
50.0,4.992372071948731
59.0,4.986177020138207
60.0,4.968697655048797
