item_id,predicted_score
151.0,4.42290957964661
69.0,4.227504871046763
313.0,4.206813186813187
169.0,4.144238999436748
124.0,4.143077262924104
777.0,4.121273070062822
854.0,4.1188201718341
50.0,4.078483183059842
59.0,4.0722881312493175
60.0,4.0548087661599075
