item_id,predicted_score
151.0,5.350495786543162
69.0,5.1550910779433154
313.0,5.134399393709738
169.0,5.071825206333299
124.0,5.070663469820656
777.0,5.048859276959374
854.0,5.0464063787306515
50.0,5.0060693899563935
59.0,4.99987433814587
60.0,4.98239497305646
