item_id,predicted_score
151.0,5.722909579646609
69.0,5.527504871046764
313.0,5.506813186813186
169.0,5.444238999436748
124.0,5.443077262924104
777.0,5.421273070062822
854.0,5.4188201718341
50.0,5.378483183059842
59.0,5.372288131249318
60.0,5.354808766159908
