item_id,predicted_score
151.0,5.329032028626202
69.0,5.133627320026355
313.0,5.112935635792779
169.0,5.050361448416339
124.0,5.049199711903697
777.0,5.027395519042414
854.0,5.024942620813692
50.0,4.984605632039434
59.0,4.97841058022891
60.0,4.9609312151394995
