item_id,predicted_score
151.0,4.12290957964661
69.0,3.9275048710467635
313.0,3.906813186813187
169.0,3.844238999436748
124.0,3.8430772629241043
777.0,3.821273070062822
854.0,3.8188201718341004
50.0,3.7784831830598424
59.0,3.7722881312493177
60.0,3.7548087661599077
