item_id,predicted_score
151.0,4.435953057907479
69.0,4.240548349307633
313.0,4.219856665074056
169.0,4.157282477697617
124.0,4.156120741184974
777.0,4.134316548323691
854.0,4.13186365009497
50.0,4.091526661320712
59.0,4.085331609510187
60.0,4.067852244420777
