item_id,predicted_score
151.0,5.510170726143425
69.0,5.314766017543579
313.0,5.294074333310002
169.0,5.231500145933563
124.0,5.23033840942092
777.0,5.208534216559637
854.0,5.206081318330916
50.0,5.165744329556658
59.0,5.159549277746133
60.0,5.142069912656723
