item_id,predicted_score
151.0,5.486212331940187
69.0,5.290807623340342
313.0,5.2701159391067645
169.0,5.207541751730326
124.0,5.2063800152176825
777.0,5.1845758223564005
854.0,5.182122924127678
50.0,5.14178593535342
59.0,5.135590883542896
60.0,5.118111518453486
