item_id,predicted_score
151.0,5.574004470157558
69.0,5.378599761557712
313.0,5.357908077324135
169.0,5.295333889947696
124.0,5.294172153435053
777.0,5.272367960573771
854.0,5.269915062345048
50.0,5.22957807357079
59.0,5.223383021760267
60.0,5.2059036566708565
