item_id,predicted_score
151.0,5.1508165563907955
69.0,4.955411847790949
313.0,4.9347201635573725
169.0,4.872145976180933
124.0,4.8709842396682905
777.0,4.849180046807008
854.0,4.846727148578286
50.0,4.806390159804028
59.0,4.8001951079935035
60.0,4.782715742904093
