item_id,predicted_score
151.0,4.884020690757721
69.0,4.688615982157875
313.0,4.667924297924298
169.0,4.6053501105478585
124.0,4.604188374035216
777.0,4.582384181173933
854.0,4.5799312829452115
50.0,4.5395942941709535
59.0,4.533399242360429
60.0,4.515919877271019
