item_id,predicted_score
151.0,4.744148517699707
69.0,4.548743809099861
313.0,4.528052124866284
169.0,4.465477937489846
124.0,4.464316200977201
777.0,4.442512008115919
854.0,4.440059109887198
50.0,4.39972212111294
59.0,4.393527069302415
60.0,4.376047704213005
