item_id,predicted_score
151.0,4.817027226705433
69.0,4.621622518105587
313.0,4.60093083387201
169.0,4.538356646495571
124.0,4.537194909982928
777.0,4.515390717121646
854.0,4.512937818892923
50.0,4.472600830118665
59.0,4.4664057783081414
60.0,4.448926413218731
