item_id,predicted_score
151.0,5.49165957964661
69.0,5.296254871046764
313.0,5.275563186813186
169.0,5.212988999436748
124.0,5.211827262924104
777.0,5.190023070062822
854.0,5.1875701718341
50.0,5.147233183059842
59.0,5.141038131249318
60.0,5.123558766159908
