item_id,predicted_score
151.0,4.89298831980409
69.0,4.6975836112042435
313.0,4.676891926970667
169.0,4.614317739594227
124.0,4.613156003081585
777.0,4.591351810220302
854.0,4.58889891199158
50.0,4.5485619232173224
59.0,4.542366871406798
60.0,4.524887506317388
