item_id,predicted_score
151.0,4.906143112580741
69.0,4.710738403980895
313.0,4.690046719747318
169.0,4.627472532370879
124.0,4.626310795858236
777.0,4.6045066029969535
854.0,4.602053704768232
50.0,4.561716715993974
59.0,4.555521664183449
60.0,4.538042299094039
