item_id,predicted_score
151.0,5.36040957964661
69.0,5.165004871046763
313.0,5.144313186813187
169.0,5.081738999436748
124.0,5.080577262924104
777.0,5.058773070062822
854.0,5.0563201718341
50.0,5.015983183059842
59.0,5.0097881312493175
60.0,4.9923087661599075
