item_id,predicted_score
151.0,5.594338151075181
69.0,5.398933442475335
313.0,5.378241758241757
169.0,5.315667570865319
124.0,5.314505834352675
777.0,5.292701641491393
854.0,5.290248743262671
50.0,5.249911754488413
59.0,5.243716702677889
60.0,5.226237337588479
