item_id,predicted_score
151.0,4.5481196636802235
69.0,4.352714955080377
313.0,4.3320232708468
169.0,4.269449083470361
124.0,4.268287346957718
777.0,4.246483154096436
854.0,4.244030255867713
50.0,4.203693267093455
59.0,4.197498215282931
60.0,4.180018850193521
