item_id,predicted_score
151.0,5.106242912979943
69.0,4.910838204380097
313.0,4.89014652014652
169.0,4.827572332770082
124.0,4.826410596257437
777.0,4.804606403396155
854.0,4.802153505167434
50.0,4.761816516393176
59.0,4.755621464582651
60.0,4.738142099493241
