item_id,predicted_score
151.0,4.956871843797553
69.0,4.761467135197707
313.0,4.74077545096413
169.0,4.678201263587692
124.0,4.677039527075047
777.0,4.655235334213765
854.0,4.652782435985044
50.0,4.612445447210786
59.0,4.606250395400261
60.0,4.588771030310851
