item_id,predicted_score
151.0,5.458393450614352
69.0,5.262988742014506
313.0,5.242297057780928
169.0,5.17972287040449
124.0,5.178561133891846
777.0,5.156756941030564
854.0,5.154304042801842
50.0,5.113967054027584
59.0,5.10777200221706
60.0,5.09029263712765
