item_id,predicted_score
151.0,4.820206876943907
69.0,4.624802168344061
313.0,4.604110484110484
169.0,4.541536296734045
124.0,4.540374560221402
777.0,4.51857036736012
854.0,4.516117469131397
50.0,4.475780480357139
59.0,4.4695854285466154
60.0,4.452106063457205
