item_id,predicted_score
151.0,5.114746314340487
69.0,4.919341605740641
313.0,4.898649921507064
169.0,4.836075734130626
124.0,4.834913997617981
777.0,4.813109804756699
854.0,4.810656906527978
50.0,4.77031991775372
59.0,4.764124865943195
60.0,4.746645500853785
