item_id,predicted_score
151.0,5.414928358989332
69.0,5.219523650389487
313.0,5.198831966155909
169.0,5.136257778779471
124.0,5.135096042266827
777.0,5.113291849405545
854.0,5.110838951176823
50.0,5.070501962402565
59.0,5.064306910592041
60.0,5.046827545502631
