item_id,predicted_score
151.0,5.715217271954302
69.0,5.519812563354456
313.0,5.499120879120879
169.0,5.43654669174444
124.0,5.435384955231797
777.0,5.413580762370515
854.0,5.411127864141792
50.0,5.370790875367534
59.0,5.364595823557011
60.0,5.3471164584676005
