item_id,predicted_score
151.0,4.761004817741847
69.0,4.565600109142002
313.0,4.544908424908424
169.0,4.482334237531986
124.0,4.481172501019342
777.0,4.45936830815806
854.0,4.456915409929338
50.0,4.41657842115508
59.0,4.410383369344556
60.0,4.392904004255146
