item_id,predicted_score
151.0,5.305518275298784
69.0,5.110113566698938
313.0,5.08942188246536
169.0,5.026847695088922
124.0,5.025685958576278
777.0,5.003881765714996
854.0,5.001428867486274
50.0,4.961091878712016
59.0,4.954896826901492
60.0,4.937417461812082
