item_id,predicted_score
151.0,5.076963633700664
69.0,4.881558925100817
313.0,4.860867240867241
169.0,4.798293053490802
124.0,4.797131316978158
777.0,4.775327124116876
854.0,4.772874225888154
50.0,4.732537237113896
59.0,4.726342185303372
60.0,4.7088628202139615
