item_id,predicted_score
151.0,5.761715549795863
69.0,5.566310841196017
313.0,5.54561915696244
169.0,5.483044969586001
124.0,5.481883233073358
777.0,5.460079040212076
854.0,5.457626141983353
50.0,5.417289153209095
59.0,5.411094101398572
60.0,5.3936147363091616
