item_id,predicted_score
151.0,5.1814461650124635
69.0,4.986041456412617
313.0,4.9653497721790405
169.0,4.902775584802601
124.0,4.9016138482899585
777.0,4.879809655428676
854.0,4.877356757199954
50.0,4.837019768425696
59.0,4.830824716615171
60.0,4.813345351525761
