item_id,predicted_score
151.0,5.159644273524161
69.0,4.9642395649243145
313.0,4.943547880690738
169.0,4.880973693314299
124.0,4.879811956801655
777.0,4.858007763940373
854.0,4.855554865711651
50.0,4.8152178769373934
59.0,4.809022825126869
60.0,4.791543460037459
