item_id,predicted_score
151.0,5.7451318018688315
69.0,5.549727093268986
313.0,5.529035409035409
169.0,5.46646122165897
124.0,5.465299485146327
777.0,5.443495292285045
854.0,5.441042394056322
50.0,5.400705405282064
59.0,5.39451035347154
60.0,5.37703098838213
