item_id,predicted_score
151.0,5.819205875942906
69.0,5.623801167343061
313.0,5.603109483109483
169.0,5.5405352957330445
124.0,5.539373559220401
777.0,5.517569366359119
854.0,5.515116468130397
50.0,5.474779479356139
59.0,5.468584427545615
60.0,5.451105062456205
