item_id,predicted_score
151.0,5.625473682210712
69.0,5.430068973610866
313.0,5.4093772893772885
169.0,5.34680310200085
124.0,5.3456413654882065
777.0,5.3238371726269245
854.0,5.321384274398202
50.0,5.281047285623944
59.0,5.27485223381342
60.0,5.25737286872401
