item_id,predicted_score
151.0,5.5895762463132765
69.0,5.39417153771343
313.0,5.373479853479853
169.0,5.310905666103414
124.0,5.309743929590771
777.0,5.287939736729489
854.0,5.285486838500766
50.0,5.245149849726508
59.0,5.2389547979159845
60.0,5.2214754328265744
