item_id,predicted_score
151.0,4.766812018671001
69.0,4.571407310071154
313.0,4.550715625837577
169.0,4.488141438461138
124.0,4.486979701948495
777.0,4.465175509087213
854.0,4.46272261085849
50.0,4.422385622084232
59.0,4.4161905702737085
60.0,4.3987112051842985
