item_id,predicted_score
151.0,5.69290957964661
69.0,5.497504871046764
313.0,5.476813186813186
169.0,5.414238999436748
124.0,5.413077262924104
777.0,5.391273070062822
854.0,5.3888201718341
50.0,5.348483183059842
59.0,5.342288131249318
60.0,5.324808766159908
