item_id,predicted_score
151.0,5.163935220672251
69.0,4.968530512072404
313.0,4.947838827838828
169.0,4.885264640462388
124.0,4.884102903949746
777.0,4.862298711088463
854.0,4.859845812859741
50.0,4.819508824085483
59.0,4.813313772274959
60.0,4.7958344071855485
