item_id,predicted_score
151.0,4.918949183607006
69.0,4.723544475007159
313.0,4.702852790773583
169.0,4.640278603397144
124.0,4.6391168668845
777.0,4.617312674023218
854.0,4.614859775794496
50.0,4.574522787020238
59.0,4.568327735209714
60.0,4.5508483701203035
