item_id,predicted_score
151.0,4.759751684909768
69.0,4.564346976309921
313.0,4.543655292076345
169.0,4.481081104699905
124.0,4.479919368187263
777.0,4.45811517532598
854.0,4.455662277097258
50.0,4.415325288323
59.0,4.409130236512476
60.0,4.3916508714230655
