item_id,predicted_score
151.0,5.140193530263893
69.0,4.944788821664048
313.0,4.92409713743047
169.0,4.861522950054032
124.0,4.860361213541388
777.0,4.838557020680106
854.0,4.836104122451384
50.0,4.795767133677126
59.0,4.789572081866602
60.0,4.772092716777192
