item_id,predicted_score
151.0,5.515916572653603
69.0,5.320511864053756
313.0,5.29982017982018
169.0,5.237245992443741
124.0,5.236084255931097
777.0,5.214280063069815
854.0,5.211827164841093
50.0,5.171490176066835
59.0,5.1652951242563105
60.0,5.1478157591669005
