item_id,predicted_score
151.0,4.258203697293668
69.0,4.062798988693823
313.0,4.042107304460245
169.0,3.9795331170838066
124.0,3.978371380571163
777.0,3.956567187709881
854.0,3.9541142894811587
50.0,3.9137773007069008
59.0,3.907582248896377
60.0,3.890102883806967
