item_id,predicted_score
151.0,5.160409579646609
69.0,4.965004871046764
313.0,4.944313186813186
169.0,4.881738999436748
124.0,4.880577262924104
777.0,4.858773070062822
854.0,4.8563201718341
50.0,4.815983183059842
59.0,4.809788131249318
60.0,4.792308766159908
