item_id,predicted_score
151.0,5.4418284985655285
69.0,5.246423789965682
313.0,5.225732105732106
169.0,5.163157918355667
124.0,5.161996181843023
777.0,5.140191988981741
854.0,5.137739090753019
50.0,5.097402101978761
59.0,5.0912070501682365
60.0,5.073727685078826
