item_id,predicted_score
151.0,5.727455034192063
69.0,5.532050325592218
313.0,5.51135864135864
169.0,5.448784453982202
124.0,5.447622717469558
777.0,5.425818524608276
854.0,5.423365626379554
50.0,5.383028637605296
59.0,5.376833585794772
60.0,5.359354220705362
