item_id,predicted_score
151.0,5.314576246313276
69.0,5.11917153771343
313.0,5.098479853479853
169.0,5.035905666103414
124.0,5.034743929590771
777.0,5.012939736729488
854.0,5.010486838500767
50.0,4.970149849726509
59.0,4.963954797915984
60.0,4.946475432826574
