item_id,predicted_score
151.0,5.08540957964661
69.0,4.890004871046764
313.0,4.869313186813186
169.0,4.806738999436748
124.0,4.805577262924104
777.0,4.783773070062822
854.0,4.7813201718341
50.0,4.740983183059842
59.0,4.734788131249318
60.0,4.717308766159908
