item_id,predicted_score
151.0,5.266078978553713
69.0,5.070674269953868
313.0,5.04998258572029
169.0,4.9874083983438515
124.0,4.986246661831208
777.0,4.964442468969926
854.0,4.961989570741204
50.0,4.921652581966946
59.0,4.915457530156422
60.0,4.897978165067012
