item_id,predicted_score
151.0,5.913153482085635
69.0,5.717748773485789
313.0,5.697057089252211
169.0,5.6344829018757725
124.0,5.633321165363129
777.0,5.611516972501847
854.0,5.609064074273125
50.0,5.568727085498867
59.0,5.562532033688343
60.0,5.545052668598933
