item_id,predicted_score
151.0,5.043457524852089
69.0,4.848052816252243
313.0,4.827361132018666
169.0,4.764786944642227
124.0,4.763625208129584
777.0,4.741821015268301
854.0,4.73936811703958
50.0,4.699031128265322
59.0,4.692836076454797
60.0,4.675356711365387
