item_id,predicted_score
151.0,4.750182306919337
69.0,4.5547775983194905
313.0,4.534085914085914
169.0,4.471511726709474
124.0,4.470349990196832
777.0,4.448545797335549
854.0,4.446092899106827
50.0,4.405755910332569
59.0,4.399560858522045
60.0,4.382081493432635
