item_id,predicted_score
151.0,4.631017687754717
69.0,4.435612979154872
313.0,4.414921294921294
169.0,4.352347107544856
124.0,4.351185371032212
777.0,4.32938117817093
854.0,4.326928279942208
50.0,4.28659129116795
59.0,4.280396239357426
60.0,4.262916874268016
