item_id,predicted_score
151.0,4.489576246313277
69.0,4.294171537713431
313.0,4.273479853479853
169.0,4.2109056661034145
124.0,4.209743929590771
777.0,4.187939736729489
854.0,4.185486838500767
50.0,4.145149849726509
59.0,4.138954797915985
60.0,4.121475432826575
