item_id,predicted_score
151.0,4.570528627265658
69.0,4.375123918665811
313.0,4.354432234432234
169.0,4.291858047055795
124.0,4.290696310543152
777.0,4.26889211768187
854.0,4.266439219453147
50.0,4.226102230678889
59.0,4.2199071788683655
60.0,4.2024278137789555
