item_id,predicted_score
151.0,4.476755733492764
69.0,4.281351024892918
313.0,4.26065934065934
169.0,4.198085153282902
124.0,4.196923416770258
777.0,4.175119223908976
854.0,4.172666325680254
50.0,4.132329336905996
59.0,4.126134285095472
60.0,4.108654920006062
