item_id,predicted_score
151.0,5.448835505572536
69.0,5.253430796972689
313.0,5.232739112739113
169.0,5.170164925362673
124.0,5.169003188850031
777.0,5.147198995988748
854.0,5.144746097760026
50.0,5.104409108985768
59.0,5.098214057175244
60.0,5.080734692085834
