item_id,predicted_score
151.0,4.931193603315249
69.0,4.7357888947154025
313.0,4.715097210481826
169.0,4.6525230231053865
124.0,4.651361286592744
777.0,4.629557093731461
854.0,4.627104195502739
50.0,4.5867672067284815
59.0,4.580572154917957
60.0,4.563092789828547
