item_id,predicted_score
151.0,4.14327995001698
69.0,3.947875241417134
313.0,3.9271835571835565
169.0,3.864609369807118
124.0,3.8634476332944745
777.0,3.8416434404331925
854.0,3.83919054220447
50.0,3.798853553430212
59.0,3.7926585016196883
60.0,3.7751791365302783
