item_id,predicted_score
151.0,4.848210784465887
69.0,4.652806075866041
313.0,4.632114391632464
169.0,4.569540204256025
124.0,4.568378467743381
777.0,4.546574274882099
854.0,4.5441213766533775
50.0,4.5037843878791195
59.0,4.497589336068595
60.0,4.480109970979185
