item_id,predicted_score
151.0,5.324992912979943
69.0,5.129588204380097
313.0,5.10889652014652
169.0,5.046322332770082
124.0,5.045160596257437
777.0,5.023356403396155
854.0,5.020903505167434
50.0,4.980566516393176
59.0,4.974371464582651
60.0,4.956892099493241
