item_id,predicted_score
151.0,5.386987249549522
69.0,5.1915825409496765
313.0,5.170890856716099
169.0,5.10831666933966
124.0,5.107154932827017
777.0,5.085350739965735
854.0,5.0828978417370125
50.0,5.042560852962755
59.0,5.036365801152231
60.0,5.018886436062821
