item_id,predicted_score
151.0,4.579727761464792
69.0,4.3843230528649455
313.0,4.363631368631368
169.0,4.301057181254929
124.0,4.299895444742286
777.0,4.278091251881004
854.0,4.2756383536522815
50.0,4.2353013648780236
59.0,4.2291063130675
60.0,4.21162694797809
