item_id,predicted_score
151.0,4.675850756117198
69.0,4.4804460475173515
313.0,4.459754363283775
169.0,4.3971801759073355
124.0,4.396018439394693
777.0,4.37421424653341
854.0,4.371761348304688
50.0,4.3314243595304305
59.0,4.325229307719906
60.0,4.307749942630496
