item_id,predicted_score
151.0,4.496242912979943
69.0,4.300838204380097
313.0,4.28014652014652
169.0,4.2175723327700805
124.0,4.216410596257438
777.0,4.194606403396155
854.0,4.1921535051674335
50.0,4.1518165163931755
59.0,4.145621464582651
60.0,4.128142099493241
