item_id,predicted_score
151.0,4.316560373297403
69.0,4.121155664697557
313.0,4.10046398046398
169.0,4.037889793087541
124.0,4.036728056574898
777.0,4.014923863713616
854.0,4.012470965484893
50.0,3.9721339767106354
59.0,3.9659389249001116
60.0,3.9484595598107015
