item_id,predicted_score
151.0,5.4402649515474355
69.0,5.24486024294759
313.0,5.2241685587140125
169.0,5.161594371337574
124.0,5.1604326348249305
777.0,5.1386284419636485
854.0,5.136175543734926
50.0,5.095838554960668
59.0,5.089643503150144
60.0,5.072164138060734
