item_id,predicted_score
151.0,4.591875096887989
69.0,4.396470388288143
313.0,4.375778704054566
169.0,4.313204516678127
124.0,4.312042780165484
777.0,4.290238587304201
854.0,4.28778568907548
50.0,4.247448700301222
59.0,4.241253648490697
60.0,4.223774283401287
