item_id,predicted_score
729,13.079681089401861
439,12.70200698823896
1172,10.365777704993652
288,10.28920614495651
1100,10.067506153044578
1106,9.40158594326969
607,9.286693073588172
598,9.13699192773424
186,8.941933362690433
1585,8.921203350938852
