item_id,predicted_score
54,11.597313960822614
1322,10.06392910088751
468,9.468203978469656
1591,9.360705197404043
34,9.333889502901664
1637,8.962635183607816
500,8.684717741928141
1041,8.678937177507962
777,8.673199183480236
18,8.49276931170372
