item_id,predicted_score
1150,4.679948015487067
13,4.664851202388603
218,4.364147952877319
989,4.232788816289087
554,4.067930918629227
637,4.060291533086194
487,4.028784897195354
1161,3.980654637454669
1123,3.918655323037574
322,3.8953239990016084
