item_id,predicted_score
335,19.615307344875184
1437,19.075800752338505
232,16.003061397947057
1276,15.941034208432695
1159,15.27143475974053
990,14.072269296208429
1193,13.169464960330911
412,13.016784229308517
751,12.789569099319902
977,12.760930199579539
