item_id,predicted_score
666,8.164766063902757
702,7.404812388832005
647,7.195787222434778
1438,6.3431172720454665
640,6.242424721275845
1268,6.105386909875447
651,5.792936026460248
1046,5.7558615823525106
1542,5.6747460729227495
727,5.587347643417001
