item_id,predicted_score
699,8.908988080132701
1,7.4139417487311405
376,7.356836436428453
606,7.337778743893663
1299,6.633481992811193
1138,6.555609449492549
1171,6.469770385048662
131,6.290955470153169
1411,6.134449299092278
802,5.901570640119488
