item_id,predicted_score
1281,15.066740375981547
135,14.205780919331781
1315,14.140548743003507
831,13.441801845220908
1279,12.612289709209378
1178,12.484540803082012
1681,12.292812382967332
82,11.863758858474966
111,11.79728041564844
240,11.565991690464182
