item_id,predicted_score
538,8.691257850433354
1648,7.81197771532305
1511,7.758059279683099
861,7.691051648907447
250,7.650174016139989
63,7.480649459595244
583,7.474370722336499
1154,7.306060593092976
199,7.285909072400591
34,7.1766249795157675
