item_id,predicted_score
374,13.261389641233542
653,13.24088443130864
1578,12.688573916886032
847,12.54967388372187
1000,12.35035240321869
710,11.989003582860681
709,11.937561342999311
738,11.736898212925741
521,11.696904929874023
565,11.010121661666513
