item_id,predicted_score
207,14.84366036937651
990,12.925954062649762
1435,11.256275369289883
1238,10.687069893541937
431,10.589358067556535
1434,10.48388819318422
1522,10.197814370344567
537,10.038992190107926
1400,9.988169814402966
586,9.857879980014657
