item_id,predicted_score
1072,4.041712146164541
662,3.6362504601354844
262,3.620523929568046
1185,3.4735924880622098
1648,3.4681523616079666
950,3.3806776582268263
10,3.3337772961849357
822,3.3127010544730036
80,3.299410837527167
552,3.2121290492342376
