item_id,predicted_score
669,3.4957259588038783
167,3.480536401667699
531,3.412751607478024
667,3.38481392525507
57,3.335559114129336
1298,3.266400025769789
3,3.2563977696443307
798,3.255265781284285
805,3.2137085345757086
280,3.160423567973877
