item_id,predicted_score
956,3.9423680478722307
791,3.674682545573469
1199,3.6286285060675687
369,3.4642901472409244
1670,3.1385129544752903
1311,3.055893641819359
288,3.040543981323534
970,3.000340579600122
1427,2.978001395574604
1175,2.9160779533762953
