item_id,predicted_score
439,4.6904129081365085
1585,4.25467990120962
632,4.234665302560487
739,4.055991143292646
598,4.026357487639927
1620,4.005306557055292
729,3.935538299486491
41,3.8992115814436334
607,3.8845342986454914
1606,3.836697204815536
