item_id,predicted_score
590,12.540656112942408
1344,11.749985650156969
699,11.585119848038511
351,11.50586619427418
1515,11.288594251448613
1016,11.27492743207187
618,10.847003335728147
904,10.817646692598025
1194,10.730358060918727
1163,10.218991339968493
