item_id,predicted_score
57,5.93891352094082
1267,5.139373673170978
394,4.833192520164088
1298,4.736670906594897
994,4.734838149498545
280,4.733012329914236
1230,4.658890311949135
1675,4.506963139854917
1063,4.467041990265701
5,4.442921048441149
