item_id,predicted_score
874,18.215327745767496
294,17.504189970325122
1529,14.723470539843195
65,13.3745349954857
436,13.315172660761913
545,13.047162792814628
1599,12.782125945145294
192,12.408133315373828
1083,12.306259094149784
1094,12.023892432637783
