item_id,predicted_score
578,19.27197775228133
1656,17.1216569976396
861,16.64284112561789
498,16.298321985750942
1016,14.636534266196785
1425,14.306113601836024
31,14.284836843999798
1289,14.018096433308887
699,13.918666236096838
374,13.885918072215793
