item_id,predicted_score
131,8.017237342702987
468,7.883500944013218
727,7.586512809526504
699,7.479222653129647
1066,7.428674539683034
827,7.329363297243794
1,7.103032137475293
1138,6.91251406916843
1305,6.808965771635151
1529,6.4665862242027226
