item_id,predicted_score
1387,13.804668886021126
1252,12.730197779803015
182,12.402098857315103
1558,11.48054541621456
1014,10.961833103643723
359,10.718205316137485
724,10.502460793338965
144,10.367018707463302
929,10.123285033726708
516,10.08515579302239
