item_id,predicted_score
207,20.771728658397723
367,19.350544100623864
524,19.34228449905945
1083,17.99690643776686
1022,15.958072610049125
1637,15.612684972847257
401,15.41500684802053
1285,15.012879717412465
15,14.065812820854628
450,13.990085345795439
