item_id,predicted_score
1306,6.681684947810764
1091,6.144977672720075
907,6.03238505531818
1423,5.909174081546304
1217,5.89369777128383
888,5.8867963910331325
879,5.844111200802806
1157,5.819921943463453
1374,5.453342408646491
954,5.396320557686369
