item_id,predicted_score
389,18.706899320696618
1398,18.1332601666687
1041,14.207137792230652
959,14.055137892548384
18,13.807636429987692
156,13.097305370900195
1637,12.665608127312595
483,12.35573874695407
1122,12.153290570140078
1029,11.975194237274936
