item_id,predicted_score
649,13.531392904195716
579,13.447398683783625
339,12.913123022591819
1295,12.654531974709396
183,12.198972463440573
1174,11.977589235546791
1294,11.866889716205772
18,11.834029065236827
1279,11.773612375645984
442,11.713951555825993
