item_id,predicted_score
1072,6.719250640940279
662,6.709834103007949
1420,6.485078633097907
552,6.147765808505286
822,6.0801870220876095
920,5.856633630135914
10,5.601231896798221
262,5.587175465374247
1185,5.434154402529631
326,5.403104718722256
