item_id,predicted_score
583,5.251711750810948
273,5.249706664555036
915,5.051109913116888
629,4.7163573834007
63,4.575233991489906
362,4.481294334635623
838,4.396735570994239
1271,4.1767111980881415
493,4.1479222071697635
845,4.099756092674289
