item_id,predicted_score
1321,6.080192432043244
538,5.976932941543865
209,5.921216518577387
598,5.854093029582693
1319,5.779818156054264
647,5.16180496657336
901,5.1037850839960655
1150,4.952414803042369
199,4.911024071037208
242,4.845145339101573
