item_id,predicted_score
822,16.665907371727428
367,16.562571167168443
701,15.440491406351754
192,14.544847271496263
120,14.469685529818335
1398,14.295297979067694
111,14.22015875961706
906,13.91738654597605
1387,13.789801574098163
1034,13.25633904499196
