item_id,predicted_score
95,8.049184185430272
1307,7.5163658136439695
208,7.3847706463378335
286,7.167836050604861
117,7.049601891949291
167,7.045978413169274
1089,6.938786183831248
1021,6.639334813881368
724,6.395130404882201
206,6.255432543937727
