item_id,predicted_score
288,8.75028247620506
791,8.041727039557603
1351,7.232409174407302
1199,6.972265262913236
968,6.812545566778986
1573,6.7788515227754145
360,6.768445272386548
657,6.617832485322533
533,6.4823692331652465
409,6.293880563857857
