item_id,predicted_score
1044,15.766170165415774
512,12.24394448417333
1549,12.238880461689451
751,11.378392343964167
997,11.160417093545782
438,10.454914708943694
386,10.20348801587069
1111,10.054550687115478
73,9.893895879077908
742,9.861126353298825
