item_id,predicted_score
729,3.945596985259721
186,3.657593397149308
1274,3.1560005134089066
949,3.155106475278334
439,3.009300340719484
607,2.831548412580373
218,2.6780423150956363
981,2.595300954236725
989,2.592774056187767
598,2.502055918964001
