item_id,predicted_score
186,5.7698925108283525
228,4.624919375712742
1472,4.576593701508124
1237,4.550064191699652
1172,4.5404070446783855
597,4.5259814572011585
1199,4.469158781602575
1435,4.26708401972155
316,4.072959992482456
1638,3.9917032363816105
