item_id,predicted_score
199,4.962423784958041
72,4.349038793848249
1073,4.318289171178041
826,4.095597979193711
538,3.947700945267425
759,3.7752608336445492
34,3.770902981978082
500,3.5835251577017218
1293,3.5604666849331927
1445,3.53890507090599
