item_id,predicted_score
1269,15.634947932815528
202,15.568013415133981
1284,15.10633266351337
374,13.704238662548404
1316,12.498256117017023
1308,12.456773090435302
319,12.36066564733335
1126,12.296578931264426
700,11.899127329664804
1414,11.780436232161644
