item_id,predicted_score
78,5.2199150738392746
1455,4.661491941797958
1475,4.627295574926024
608,4.579835467266206
1634,4.3785991355899005
1331,4.376051680228516
733,4.358889823173756
408,4.32784615675649
52,4.135679335639212
915,4.0899905308119555
