item_id,predicted_score
274,4.792412952535672
970,3.8026669091301137
820,3.78532749554844
964,3.760217501887823
149,3.6337179494340894
1012,3.522268903999358
1132,3.47422274969079
267,3.465485228611806
1255,3.4261341329749615
1197,3.4060783005080277
