item_id,predicted_score
1251,11.114056275336072
1519,10.390965354641638
275,10.35765201260569
1414,10.114642750887478
1279,9.557853152940853
1585,9.539169957669328
373,9.398859691685928
224,9.311377868724906
366,9.29223637054507
689,8.880887627685262
