item_id,predicted_score
209,8.195294995225074
538,6.759880694233496
1321,6.438502907799289
199,6.433163108894062
598,6.246102193926086
871,6.159536737637896
1489,6.039242728937514
647,5.939137605165433
305,5.7507770540889505
1197,5.683694421244157
