item_id,predicted_score
1091,4.819251145506055
1237,4.810752796933397
1274,4.6439036598283145
1306,4.505435045916479
1157,4.505100567394567
331,4.243231325123774
430,4.173498746168538
981,4.144830878858147
1137,4.144630166725087
1374,4.1225784044807865
