item_id,predicted_score
294,13.311636843990975
300,13.249174787333953
436,13.006642769798354
279,11.424218065475259
1529,10.551616550947589
1637,10.41855197260481
886,10.294377434249753
108,9.93152084142908
1426,9.91173044765297
1321,9.764214643299823
