item_id,predicted_score
56,7.62181164268511
1423,7.4827481341331135
1306,7.169604634994351
1157,7.063907744070279
888,7.0075554585019395
1217,6.7935986279993035
150,6.641816766039859
981,6.52826654768114
1374,6.521842958177259
879,6.155390543022739
