item_id,predicted_score
1162,8.461239922148549
1584,8.374357753678277
612,7.967114924495506
971,7.8356626238611256
703,7.645482508020859
1161,7.249301144776163
994,7.17011764090994
1375,7.1582773434137845
817,7.092397993472674
330,7.022758870033955
