item_id,predicted_score
881,11.51443397758251
1048,11.37965487231908
855,10.221780529619855
1500,10.059292414159858
1617,9.93139255952689
928,9.876748005303064
831,9.862865442749177
682,9.808994034670881
169,9.762650248597883
681,9.448602028137152
