item_id,predicted_score
743,15.333049259829078
1161,14.93634509195838
514,13.657159457403797
1218,12.899665481531693
1151,12.7667045740688
327,12.122026518950861
1377,12.009226213731013
1383,11.779185651298254
386,11.588820840950188
860,11.17243418086274
