item_id,predicted_score
208,6.573061810236531
1151,5.660792106118717
323,5.404247911969428
696,4.996280979465401
1306,4.74565862534422
37,4.745250079695925
1089,4.608027620465064
1529,4.447486936767028
491,4.281133788041687
1211,4.274782645898479
