item_id,predicted_score
948,14.480021252059235
5,13.181141669148026
952,12.628084891866006
1436,11.865368480551599
1657,11.763569852840696
1238,11.703800999483558
666,11.686032066963147
1628,11.26343736517208
1649,11.24105951476297
1285,11.240185030991505
