item_id,predicted_score
1298,9.070887419929516
57,8.368165879560838
1267,8.365359437337025
1197,8.062188987320882
805,7.990363095500034
280,7.984227514785468
167,7.609048370984333
1525,7.506816647632531
1169,7.4903649768932965
3,7.397566312709288
