item_id,predicted_score
871,17.370162613151667
149,14.739691693077399
840,13.662641658236481
1012,12.366176696703816
484,12.052519134793421
489,11.852341921489217
1322,11.72562367587285
242,11.71420852918896
1002,11.381003487047764
306,11.335500576514132
