item_id,predicted_score
956,9.376852867089779
1427,9.01250589029995
369,8.93954410987587
288,8.561108910247121
1199,8.32887664669067
1438,8.123580660562602
1175,7.99816738822332
970,7.947056134456929
949,7.668718793155864
1662,7.211562472356848
