item_id,predicted_score
1021,5.15008442178946
422,5.125566728044122
1161,4.7891675075194415
1472,4.506874287120816
359,4.452121884204461
780,4.3857402087978254
392,4.1047493870445795
817,3.909691375412687
1237,3.884351253702173
770,3.8687227801072877
