item_id,predicted_score
1090,9.778102758277939
431,9.084262677269443
1190,8.589929501460748
1344,8.503072769497443
1079,8.05374402715996
68,8.005847518097825
13,7.9513740478301544
549,7.897749151129473
1276,7.891356178124907
1212,7.853121371536819
