item_id,predicted_score
531,4.241903025435957
167,3.5994368562184396
336,3.444272258664992
669,3.431922481348132
549,3.3342751452358064
824,3.2645386017248708
201,3.1253969642367108
1377,3.1251997746468123
638,3.0853931228697427
907,3.083011305753163
