item_id,predicted_score
369,3.8539273217016357
1427,3.8529761602799657
651,3.7916488383233267
1481,3.2438139257497673
647,3.1897216604644245
83,3.0992606114492784
970,3.0624405280967735
775,2.951101315072407
407,2.8967990372074466
1003,2.8967896928690693
