item_id,predicted_score
1138,5.006827235420509
1091,4.995613915100348
441,4.832572187337223
787,4.4877773216661
531,4.40359408460505
562,4.32564129236587
1135,4.231495863488918
360,4.04105735025511
669,3.973257044346993
994,3.9401423389492423
