item_id,predicted_score
582,14.611577492794332
1590,12.812241425724576
927,12.693446603677849
178,12.651430497174218
1354,12.428425613652742
340,12.245545164567112
1426,11.930396508285385
617,11.092985921180745
701,10.993297289576377
227,10.978800904877549
