item_id,predicted_score
651,6.690659251082799
647,6.215762368598719
702,6.007659203305709
666,5.4530327105391425
1438,5.25371829569932
1346,5.05556797357091
83,5.011898045647132
1616,4.871052537708057
679,4.615866124121909
1606,4.610610142089388
