item_id,predicted_score
1254,16.1947218193278
564,13.471072454222101
15,13.46763377416949
854,13.321175175817821
629,12.977582462021747
1466,12.9226429383564
909,12.674632243181161
981,12.334171473012704
1096,12.294122220767282
450,12.106444609585616
