item_id,predicted_score
136,15.415161338629368
442,14.568364919836679
410,14.233078195107108
1062,13.80761893695485
216,13.526340073120785
240,13.261723208266492
17,13.175480863153567
374,13.09781772232255
1411,13.092274336161477
743,13.029627693222132
