item_id,predicted_score
666,14.49404627131598
585,14.07954506040492
1287,12.93270355584768
1628,12.585928534530385
897,12.518820676354988
208,11.508160401549162
156,11.502206288672836
60,11.40284087606798
10,11.219724412151216
1056,11.027553691827327
