item_id,predicted_score
947,12.985045234110299
926,12.24049746345971
669,12.128568857166222
604,11.531258821133108
695,11.425583929535325
1240,11.318376448010468
899,11.152627042239232
243,10.728967921046742
1312,10.719915980198508
939,10.660579051911283
