item_id,predicted_score
1319,6.479761824582195
1321,5.644252192117129
1073,5.423831242599424
1237,5.402365703208206
909,5.173601087098921
422,5.040558870142299
124,5.002098326977793
1021,4.8363932384335895
770,4.830239855134161
1161,4.819547111498044
