item_id,predicted_score
208,8.796827174880615
1151,8.38077867269532
583,8.080003330131424
296,7.795756002411959
1644,7.731284448823655
737,7.686497236464378
362,7.5399922298258675
1109,7.4958429220879434
914,7.3493160178461086
629,7.238687345477461
