item_id,predicted_score
40,12.007433048605343
886,11.765934925963187
1252,11.754366818498172
1353,11.686174916204763
192,10.065264194740877
280,9.985710608552612
1609,9.948935669027849
1529,9.758566744820069
1000,9.617232525169642
1637,9.469503018388227
