item_id,predicted_score
607,9.132682187323926
981,8.048596551201317
1585,8.027440713517919
729,7.994270968707837
218,7.923058467024505
685,7.84096626481163
439,7.821053613545589
598,7.60565989363336
1106,7.593404770642088
1372,7.404480628229483
