item_id,predicted_score
896,17.34484035997133
48,16.346088288905243
697,15.676250939010577
653,14.867100901374604
108,14.846691296473711
725,14.468088302318971
682,13.725663151924474
341,13.65078723404227
543,13.343364509517059
1258,12.719594423218998
