item_id,predicted_score
369,7.470982785221717
1427,7.248293372080567
1158,6.985943735915129
1298,6.69157857936184
956,6.240285849032082
1311,6.225208779919342
1481,6.101525923799231
235,6.09260997179683
1003,6.013402648049608
1197,6.008081957584443
