item_id,predicted_score
1269,15.133798368077883
735,12.11698687185795
1169,11.845338352583873
610,11.81665254854181
350,11.64290870789834
374,11.57256196280127
1574,11.12021084280741
240,10.832662531734329
700,10.705336094140598
313,10.693515953501091
