item_id,predicted_score
920,15.233171559193991
243,13.080595040131666
38,12.780290659286576
132,11.900414158661345
207,11.727749811762767
1237,11.61225470860425
651,11.4438424764542
1269,11.336535898793436
477,10.829236156540237
1279,10.711022413293389
