item_id,predicted_score
1529,7.15133110225864
887,5.886872019708082
708,5.513575080105106
690,5.240197942055142
298,5.187783596813645
277,5.121529187279279
695,5.050397651998399
1123,4.966652784091325
483,4.9330859689752
9,4.802594891893183
