item_id,predicted_score
1573,13.105379625760207
1088,12.518969083568269
478,12.474658278458108
484,12.166065868590433
849,11.692893947416884
897,11.47702057137597
991,11.153973905290623
1512,11.145296788705414
743,11.144238276581671
854,11.067916964056494
