item_id,predicted_score
1252,15.126628302940986
1312,13.934075753361927
1004,13.494536256799105
851,12.366021967325302
1484,12.068500075921218
1029,11.959389347533957
1321,11.875327525858077
562,11.507874731983323
735,10.933096372903098
559,10.606466625583767
