item_id,predicted_score
13,9.437677889792417
1109,7.904504861593399
1644,7.769369164805329
989,7.2557997075694605
172,6.97473690951488
1123,6.819468097074971
723,6.809627914030264
296,6.658750630717121
487,6.606167941401167
1655,6.5875388929813266
