item_id,predicted_score
376,4.124762158558459
699,4.070985019202838
208,3.888478161811018
513,3.8855914083880663
858,3.8090791808073856
1021,3.7166003908427796
1429,3.4706966869818654
478,3.162145789320124
727,3.0677156597154758
780,3.0667950480647144
