item_id,predicted_score
1312,16.778974616611404
1450,16.65066638635957
500,14.589432395124899
89,13.494763407760331
1164,12.970577741058117
1652,12.782652212376362
806,12.704608437655075
847,12.637293595038491
914,12.57718397934978
1057,12.502950256186168
