item_id,predicted_score
930,12.763078025317729
719,12.021862451908943
602,11.782233521859741
354,10.949474100707993
1081,10.84443252118288
996,10.662532771600407
728,10.638229513370767
644,10.60592037631371
247,10.31785014139627
664,10.197827320402077
