item_id,predicted_score
1305,8.51282852734852
974,7.492507231356652
1138,7.367563618872063
274,7.244306375591919
1510,6.821361045574334
802,6.817916950869138
1494,6.782405598184364
451,6.51275206958349
267,6.319123083716767
1197,6.19430161641939
