item_id,predicted_score
1306,4.490854231364597
1091,4.469741729045017
1209,4.405142971294498
568,4.272096349996422
1407,3.737611414997338
1086,3.683341007117912
1284,3.670618955457451
531,3.605626654921171
954,3.5758535096304542
907,3.418912952413121
