item_id,predicted_score
1329,3.7506625307171433
72,3.6891923813822673
273,3.5882252261373404
430,3.37445035030707
733,3.373068509925843
1297,3.313436837021715
915,3.2917326330580026
493,3.2332039926070637
1661,3.218274287222436
629,3.206700903306692
