item_id,predicted_score
1581,13.900467372540316
1680,13.69998419443506
35,13.631471273906106
526,13.59476006310705
1483,13.54798483189525
1198,13.524676915882342
831,12.977677601994285
594,12.97066557572157
1183,12.747285586010408
1128,12.506892626327833
