item_id,predicted_score
920,9.895059711024759
651,8.882900678543997
54,8.278585786607318
1100,8.244891766724653
846,8.041619660926953
1346,7.969824606056571
842,7.7496977112091665
326,7.612655704166402
1523,7.53582727090117
1319,7.450097045830682
