item_id,predicted_score
920,7.906941247505048
1585,7.014964146537321
41,6.296867812006041
1100,6.29366498259517
439,6.193791367993102
1564,6.135683686314486
1453,6.021013830977585
1495,5.829868236370601
917,5.817690212753871
1606,5.697043526865376
