item_id,predicted_score
608,6.76706994670401
1584,6.721011392275515
1162,6.476063376687438
1634,5.962016388101403
612,5.943042500051374
971,5.735239438714824
164,5.571378974188283
703,5.504305841790798
160,5.493355867997185
401,5.428444094155584
