item_id,predicted_score
1604,3.8967213673580794
933,3.86584660205746
912,3.761745699135676
635,3.710276601466366
1287,3.567485883094735
1443,3.5415230923829575
241,3.4437346834751015
279,3.397458055290442
1380,3.3546602415788547
682,3.337381844869102
