item_id,predicted_score
508,13.859223918498866
1338,13.141691940017907
1550,13.05618524148999
1570,12.17230149427434
1654,12.127953667961279
1198,11.590206882167923
421,11.538097104733883
1517,11.20289549319511
594,11.148736164999255
756,10.997998483795651
