item_id,predicted_score
1021,5.392470483351985
1616,4.991220741742799
842,4.976338298684875
1641,4.926387740773946
35,4.861168694090695
59,4.738046514200025
364,4.7354424163953075
1296,4.658234402008944
846,4.615772509855104
1481,4.57721163284235
