item_id,predicted_score
1338,18.7266915430104
635,18.189806017203768
116,17.625225022521896
1511,16.426815306584064
156,16.26148235010466
437,15.367294332241903
1652,15.193394390063883
796,14.966650880847073
647,14.891442081419614
1521,14.206183400262132
