item_id,predicted_score
313,4.058279631650873
905,3.9791558441545507
1439,3.9528205922387456
100,3.908239732675241
692,3.8818929964951523
258,3.8428692745599853
871,3.8199972014662986
208,3.748374714542003
1640,3.7347317544444136
1151,3.728500570940084
