item_id,predicted_score
468,18.02991278465336
1430,16.338753546768373
1322,15.311526334407006
1589,13.117865289665897
1532,12.739562058420198
1054,12.708207058928036
22,12.125211812142755
56,12.111688666665996
1385,11.719557076727883
128,11.52741654552063
