item_id,predicted_score
1648,7.353637529350117
462,7.120143952520275
729,6.74827557351394
994,6.678512293671607
562,6.513234841176576
1521,6.221736582010688
1472,5.965123074281489
1072,5.795952314030131
186,5.704495910675207
1102,5.473824344668961
