item_id,predicted_score
117,5.325403943185812
1634,5.2824964232829155
733,4.790239706847355
342,4.568078228370884
959,4.505879409762951
703,4.445441788491838
1455,4.420443946131927
1139,4.307086310558123
528,4.273706314987993
222,4.225624801392424
