item_id,predicted_score
508,19.15775154223887
247,18.77051593696053
1642,17.46092280274545
1480,16.170011213069948
307,16.15349986938142
1317,14.976674122870357
189,14.956086792574173
578,13.91276166199146
279,13.868119143117552
1240,13.680874642991132
