item_id,predicted_score
708,9.758676180413806
591,7.859991229284797
637,7.67470519106647
446,7.638988207949383
1025,7.611779567337665
887,7.5094306733286285
1123,7.053585158690221
1242,7.0475944589067065
340,6.958951265453646
1031,6.919714954805802
