item_id,predicted_score
208,8.67615504757663
696,7.679197186356664
240,7.448430618524696
1151,7.433575720538724
1560,7.1889298670328134
175,6.8368548616276685
63,6.492321299855079
925,6.383513113072654
1589,6.290223910397489
250,6.219018107495211
