item_id,predicted_score
1091,6.824786790977328
669,6.533099136536366
1237,6.392177405310799
531,5.54452201850721
441,5.5311110713343155
505,5.443345529904914
1497,5.10327125813514
408,5.090541019028639
1209,4.679898968143318
1302,4.643542585655088
