item_id,predicted_score
538,6.6589401164100135
598,5.440914904904568
13,5.390747521901184
487,5.383184541825714
692,5.356270780264666
353,5.143159944706998
905,5.113102638777803
400,5.089241420597199
1511,4.889261698897878
837,4.741011777985063
