item_id,predicted_score
1398,18.82550507806709
128,13.442218691311911
22,11.943016072705383
1573,11.79963746628585
1144,11.676191370555816
1430,11.375598554495458
367,11.36961473310554
1022,11.292893087183359
1446,10.91392362126442
394,10.312931379758163
