item_id,predicted_score
23,15.893748475942797
623,15.375859969324537
754,15.186482622929326
1013,14.823753544999109
450,13.57249769741936
22,13.46482648455108
1654,13.37136621228892
1163,13.290301564321656
983,13.273531597000229
208,13.243311459460067
