item_id,predicted_score
1427,10.201792999491442
369,8.943033385446965
288,8.818282394790726
1172,8.706301096791833
956,8.347402043881145
949,8.01241101910202
1175,7.529136560820757
1662,7.525732140344744
1438,7.421564501327652
1100,7.418599147035729
