item_id,predicted_score
1427,2.8021449811349664
369,2.7488416216742957
956,2.7436047670985215
288,2.548739319439134
1319,2.5318063835618245
235,2.4320501964334493
791,2.4081559871314697
1199,2.3889648614385535
1311,2.295119276201234
1172,2.278320179882032
