item_id,predicted_score
1679,15.325284043368868
1328,13.317743591675365
1138,13.316893282661649
1032,12.714232909899764
1549,11.940238341556825
952,11.437593386540385
136,11.187237417546102
1265,10.906853143650348
1643,10.76005672904525
751,10.538601392060272
