item_id,predicted_score
1062,17.335268140531475
681,14.65859593337235
424,13.109622613141527
757,13.101010614715857
834,12.934387732480177
354,12.790281530113482
82,12.78733666339781
1509,12.647016951527092
1504,12.141425914630574
881,11.97352556017896
