item_id,predicted_score
209,5.246000949627147
1361,5.032392383389178
1490,4.487818544479952
974,4.42208788322287
1494,4.309193158176107
1197,4.298636048699833
1560,4.294457221915203
44,4.188127204861178
943,4.127922116377318
293,4.0661054559375875
