item_id,predicted_score
1274,9.291243185331398
123,8.626339569608415
115,8.269143565614051
81,7.833564177534004
669,7.72005244701946
84,7.4838377417977995
524,7.307376542830772
1016,7.289060772987279
1661,7.183611574203
1160,7.082987958823907
