item_id,predicted_score
301,19.972819480406613
341,16.398317443531656
478,14.42537137135083
108,13.636944186306845
888,13.569936947897975
895,13.301323186094145
1231,13.178675674007614
1027,12.981789925119838
721,12.501560480126233
1060,12.44714716038705
