item_id,predicted_score
117,11.672010990486294
733,10.65193751980933
95,10.551806357262894
1634,10.281966714205373
1089,9.735044304595414
1455,9.591915005905332
39,9.292129654263633
342,8.987877482837037
586,8.834419343068904
703,8.806442262874079
