item_id,predicted_score
651,6.557352438181965
1346,5.243007586849633
1606,4.719570497014398
407,4.508434473785554
1100,4.382268562934869
783,4.141973664405507
1481,4.0131428571435785
1427,4.003454145942674
35,3.9367361122854745
480,3.900502993465519
