item_id,predicted_score
254,15.700284103386434
1081,13.218846094992859
1354,12.120167432130929
951,11.626039650000632
149,11.477995443596273
1323,11.243654651810747
653,11.237199873569502
463,10.119571827928091
1280,10.11572655301074
706,10.009442459311535
