item_id,predicted_score
208,8.374873047972176
1151,7.238034236256352
323,6.803318149407208
696,6.375132481222143
37,5.95918623870816
1306,5.936617260326667
1089,5.639210831986821
1211,5.511925697805089
858,5.455158198845375
1529,5.442319868391118
