item_id,predicted_score
651,8.118531970097171
1427,7.141477581732704
702,7.05010440297502
732,6.627913300573039
1003,6.428696824558427
83,6.314321308922206
1662,6.285110920557472
1065,6.263604203997743
1464,6.125342490996184
741,5.953094716258584
