item_id,predicted_score
1016,7.595905940982973
331,7.519435874096284
1247,7.478072699977893
1274,7.433527377744555
1157,6.6580160508692
1237,6.623368423456317
123,6.58294312133334
1423,6.326258429505689
981,6.312780767909963
614,6.26929260740199
