item_id,predicted_score
288,11.13685028865384
1091,10.190408191018818
598,9.863735116350597
632,9.810504382445922
607,9.357216360727982
1550,8.428963390992614
1269,8.082924853849907
1107,7.9114709522218485
1237,7.874281419193826
439,7.817100738393227
