item_id,predicted_score
559,17.22308996274681
192,15.171767558297011
355,14.37279713496756
968,13.643685340607252
1104,13.546558230054618
556,13.430439598990363
1169,13.364380637188066
283,13.187634667847854
1656,12.618928090091888
1000,12.512627804780555
