item_id,predicted_score
606,10.24168515478011
1,8.615881799202654
131,7.959924722999212
323,7.914177843748853
208,7.737247743155855
1123,7.733371194747431
780,7.3991191154959575
1089,7.199652702754949
491,6.986377263795347
1411,6.969088032214049
