item_id,predicted_score
949,9.177054873195463
1274,8.666784265292545
1438,8.526132241233709
702,7.616627904314115
1136,7.455436636680071
1065,7.380289187049107
115,7.077898508968865
1427,7.026060259367287
666,6.8662092731553255
1662,6.802344788700191
