item_id,predicted_score
742,17.451456500938917
1104,14.688641089840985
239,14.680069201150445
1080,13.067910940280527
743,12.776703323923986
682,12.65765626332624
202,12.326501125249639
827,12.07078331191141
964,11.847518899579317
7,11.549891762824807
