item_id,predicted_score
1204,9.176039347677483
961,9.15557264880691
373,9.143178745849422
749,8.921011701719802
243,8.88231254376068
1632,8.493138078690881
922,8.272451932546947
652,8.059507588668415
601,7.946162317705693
665,7.681454652056596
