item_id,predicted_score
167,3.9910023164238577
57,3.8280453349059895
336,3.677411627314357
1189,3.5392941658956434
1004,3.4728222217990496
1675,3.385684437807299
920,3.309111832317733
1473,3.2617117151105597
994,3.246226578294447
311,3.106344878404276
