item_id,predicted_score
974,7.182256231437708
1494,6.442450404085908
376,6.328878411853021
1197,6.008509757214312
699,5.943846995474402
943,5.780531553701542
209,5.545406553857628
393,5.392466986860632
513,5.2448082272431895
1346,5.15301899606101
