item_id,predicted_score
887,3.3869204438991387
1529,3.1975204883031036
167,3.117576719780122
844,2.9846381777621103
1089,2.958076057278117
9,2.895501037901547
606,2.8737646353647053
323,2.868937822155756
208,2.8334659608968815
277,2.808163455863345
