item_id,predicted_score
1414,13.310233864880331
817,12.918209498919316
288,12.715142836881656
1428,12.610856816745383
1587,12.573919976843685
111,12.566628819096398
1453,12.345815827983596
1000,12.307642974664397
665,12.14385126801485
762,12.06592687106792
