item_id,predicted_score
1312,11.63096051493498
1237,10.605628390995705
290,10.4537410992987
156,9.989255854517936
1111,9.909870626672214
695,9.802462531478465
508,9.56262313478527
1559,9.41962848411803
1670,9.259555518681788
735,9.093383965594397
