item_id,predicted_score
888,4.357888824411376
1217,4.200590828617135
1072,3.971293357729049
1519,3.9233975857486696
1243,3.880085970435573
907,3.8201812498025
1466,3.811563615600989
1408,3.6982500322223597
738,3.5929545661426237
1247,3.5729269000274644
