item_id,predicted_score
1274,12.152644721025897
288,11.7653829173386
949,10.577120259509941
1237,9.373843787592717
1638,8.831395895256897
1199,8.679886020539184
1091,8.37637216505084
1107,8.292621455435496
629,8.1906800137974
729,8.07214641891065
