item_id,predicted_score
1306,8.927304264710333
1091,8.191351200146668
954,7.202663324901188
1209,6.917737006877298
568,6.890542701759145
322,6.821819356000295
1237,6.7846672663356635
1086,6.65829337384447
430,6.607539205639833
1374,6.586225112364954
