item_id,predicted_score
336,18.08013559854122
1324,17.227549000645602
999,16.952896529429403
491,16.59941000831723
1062,15.667014523898555
407,15.628317546658014
1653,15.400506450817904
254,14.80597035070788
1399,14.546161050338526
690,14.511115657605425
