item_id,predicted_score
1669,16.773167883260466
821,16.323510970190522
1615,15.381683505856287
1511,15.067294096378063
1408,14.228516760226466
132,14.157103410815942
627,14.105252165714266
81,13.543733062500532
594,12.879914514146838
582,12.81762752294074
