item_id,predicted_score
63,5.898107522097859
273,5.489108867023736
1648,5.08214086433741
72,5.004674510594212
341,4.583943641465845
1151,4.5101195014289255
1504,4.454181872298734
100,4.360676466973628
430,4.341856397718773
175,4.241731948499449
