item_id,predicted_score
1529,3.856623179246143
457,3.784351729010648
959,3.753215388173732
117,3.749646165309247
827,3.6405483699702197
906,3.470098932146967
468,3.4321223063653385
342,3.4288997495569435
733,3.4132043861073322
1089,3.3997161922238885
