item_id,predicted_score
41,6.556080327431552
1031,6.25387609782082
1661,6.118081155277621
826,6.036360347271692
442,6.024989540263979
28,5.981141303338949
1619,5.931545578055701
189,5.902411252011165
673,5.889366538763441
965,5.828701308410068
