item_id,predicted_score
1606,7.123025593403422
1296,6.9062387445398885
1616,6.807009144462355
651,6.675373123672347
1430,6.414469256520235
647,6.383765586552461
679,6.278591367095096
1021,6.247003767751334
407,6.219376136987537
1346,6.143771093467096
