item_id,predicted_score
1228,6.27517988729146
1111,5.393942325491533
651,4.938615011919794
822,4.911379839006854
10,4.811673807879624
279,4.7607704514930544
682,4.732068810151677
1513,4.704249577517281
7,4.4445734770085465
1346,4.406793283072472
