item_id,predicted_score
386,11.813134277030999
227,10.866147964201305
590,9.79648062249112
489,9.470073829106754
1090,9.288979713187148
149,9.090279687170202
1032,9.01508643945296
891,8.958238813309247
845,8.927031579232178
3,8.875605085000526
