item_id,predicted_score
651,10.804482786570743
325,9.17861805315871
741,8.259169229167021
63,8.146979035062255
1046,7.952006843134647
1147,7.420475839548906
377,7.411533154666754
707,7.165346626783794
100,7.115924748595401
1065,7.074168906832343
