item_id,predicted_score
1414,14.399326513489596
101,14.295832470756395
797,13.332165705552104
1446,12.718002223489416
954,11.996848098277413
870,11.945943391301203
410,11.438396955145494
1284,11.375110742406898
1062,11.253946196767615
374,11.222025675896262
