item_id,predicted_score
741,5.389986466950406
1065,5.270663765236954
614,5.1061658053529895
1016,4.914295163176688
115,4.858569307929295
377,4.858343619103945
1127,4.667721541044522
63,4.600034928991838
1092,4.581927563742867
989,4.566597946938603
