item_id,predicted_score
1387,13.42531629045926
306,12.49011182746177
1591,12.35327161363758
626,11.95899946872683
252,11.829903944481828
1400,11.826249850471843
1133,11.632674401739926
753,11.205622360742325
263,11.061621791219446
1430,10.877379521079089
