item_id,predicted_score
1346,4.540694338284124
56,3.9256677529009956
46,3.74039355783159
542,3.7256254925717283
846,3.720588651275146
1286,3.67320117271015
1560,3.5814401138019742
565,3.4853511513123787
1453,3.3774234571658748
783,3.3568027269480205
