item_id,predicted_score
632,4.643686204213769
1319,4.497930561962455
1620,4.300137977091664
1172,4.283342802543373
729,4.272969846980499
439,4.26627308695634
657,4.004454895679631
791,3.910834696023319
1167,3.815665821502211
1351,3.7729039924073025
