item_id,predicted_score
729,8.373521760583303
439,7.980763802026329
1427,7.547626238221003
1100,7.362817527880301
651,6.705353441002467
1172,6.64602850728587
1464,6.612216102366032
186,6.406405838661223
1372,6.374062740578105
1106,6.264202058995219
