item_id,predicted_score
1021,7.309038449903912
13,6.370600950093323
1321,6.360859671956323
1319,6.350047292097717
143,6.018536846577113
598,6.01748923256688
245,5.885644700213442
901,5.84787570201479
1193,5.834802717785041
462,5.802437809469516
