item_id,predicted_score
780,7.693292831644516
237,7.23781708720928
627,7.075824592180427
906,7.049460382678673
117,6.999666600938315
1605,6.8595787656687515
1301,6.846324843624605
222,6.663976060623933
1139,6.569115680316834
1305,6.557354020806322
