item_id,predicted_score
1379,12.095386686715429
149,10.252814360990515
386,8.474126114452613
1044,8.430335308072888
1174,8.240483913299592
1170,8.078516219414459
7,7.797507225054487
1163,7.735870420331176
1218,7.685824774979727
1030,7.66046499608405
