item_id,predicted_score
1634,7.9428554223519265
586,6.931575079676884
1106,6.810182597084507
1149,6.780990361331369
1134,6.76335858600832
782,6.580416931771374
706,6.494298840945877
117,6.477230482771304
733,6.434923131791171
206,6.385022166327306
