item_id,predicted_score
1021,7.323913228112179
780,6.6719378060458165
770,6.190208803892147
393,6.100164793814564
422,5.844368963781781
286,5.796337091801405
1346,5.656170859229495
1237,5.550321350784974
990,5.305834195178852
117,5.218026708722507
