item_id,predicted_score
1069,17.596450253734773
1193,17.302348221051567
602,17.022261378009812
586,16.515733864821538
694,15.591496551876531
1083,15.266518799441386
874,15.159440282711554
1096,15.078889381294674
1439,14.95033531339945
644,14.923262703239889
