item_id,predicted_score
699,6.875030115574985
376,6.37743123972489
1299,5.640305373106413
363,5.411333213489161
606,5.405386241072979
1021,5.205602322012806
1171,5.10508624746634
1472,5.103331629122457
1411,4.949061778234176
1193,4.810260229955939
