item_id,predicted_score
1091,8.640404174166497
1237,8.572267284906726
669,7.470637105921194
505,7.17560532204095
954,7.0241908785206615
1407,6.9455976728123705
1160,6.863137197162647
531,6.669319369635187
322,6.576684653952738
1274,6.5645689364749344
