item_id,predicted_score
791,8.10908556575524
1199,6.826026297875859
1128,6.656931377151918
1670,6.463030417980321
1604,6.338601228544255
1391,6.191676294924091
483,5.902392718795971
533,5.883663260129709
968,5.631059982040813
522,5.4151993565503025
