item_id,predicted_score
1353,10.514260986741792
1679,9.940331006095334
951,9.765503466600284
242,9.460194790912764
977,9.206047532280792
421,9.147044368677967
443,8.956652674082628
777,8.832217107570532
1627,8.736942335121281
34,8.6933609862251
