item_id,predicted_score
640,8.59240112024022
666,8.490509742903745
1228,8.282326124077908
727,7.50375518253718
254,7.4986911078339835
647,7.3632521717953106
713,7.189464872834472
702,7.164039562843854
1227,6.897186962277694
682,6.770908102822868
