item_id,predicted_score
240,18.031396607057587
1437,16.311431581107193
636,15.909763886586582
350,14.029694469102294
232,13.579614027096738
610,13.442984275927852
1494,13.397941202125061
15,13.106671665400754
1658,12.561884451517113
313,12.389230786827003
