item_id,predicted_score
1581,15.008725860422512
716,13.76696784222327
1615,13.669770905436826
57,13.27455951872216
771,11.836472086819793
1591,11.77855369781476
694,11.057057959881472
1358,10.905716270998365
1191,10.85865993444368
1369,10.598982479797732
