item_id,predicted_score
1022,3.9130080241961274
1305,3.902678732900013
1301,3.7959711760456827
91,3.644704215207514
1472,3.443157684833704
237,3.348241463485857
816,3.2541355489194976
309,3.247685150146266
684,3.198763914521698
1383,3.1781262955860745
