item_id,predicted_score
974,8.500085736865046
1668,6.678996165215225
943,6.450401524678117
274,6.430514062907714
1305,6.173809745818934
1237,6.072941088054347
770,6.038810723943903
1494,6.033080994009757
761,6.02584712042358
1621,6.007921089959222
