item_id,predicted_score
1427,4.695020677858936
651,4.318208712504012
1100,3.606750698651157
369,3.573841135589406
1662,3.4547783398074894
1464,3.4534831120911185
1648,3.41083662457606
263,3.3616686202444432
1494,3.262395455300401
729,3.201616714929423
