item_id,predicted_score
736,12.202114087389697
1387,11.350619618489425
247,10.508963741213844
283,10.363576637712292
45,10.084461689733274
61,9.810025607133715
647,9.791887387916194
1325,9.732873692734014
306,9.711838841823594
575,9.491169487928742
