item_id,predicted_score
669,10.171443502357176
1139,9.335978843222998
926,9.204938663719458
888,9.16752824330603
779,8.737230727423306
645,8.219095286952797
899,8.197238442236792
675,8.173811503058896
1275,7.962113224202858
1336,7.931096206384581
