item_id,predicted_score
708,10.697296615197299
1011,9.472313244501734
1031,9.014143420123213
1302,8.793870523817617
1529,8.792059074583848
1281,8.761851879191362
201,8.741372545830888
1636,8.709230747502192
591,8.669051088757309
825,8.178848984815062
