item_id,predicted_score
1174,16.524974674786108
136,15.39112423759369
288,15.219111615460363
1295,14.933669581830477
649,14.529754075603122
579,14.213959401143583
983,13.79717861296722
1446,12.231115876990158
272,12.140193637974843
654,11.78895761641682
