item_id,predicted_score
454,12.8862848722165
930,11.307527516520201
881,11.186048391560796
1048,10.883704042433303
1054,10.857642625319462
816,10.823531745210836
302,10.706781431050043
1551,10.344010460457497
1080,10.09876180732601
483,9.737749292821237
