item_id,predicted_score
844,4.142200956874844
645,3.964131639849287
1162,3.872372404213575
971,3.741651996839503
608,3.6134508800135574
330,3.589612267123954
912,3.4322429487721386
1242,3.387596751714506
194,3.308078686749527
703,3.2919201536468563
