item_id,predicted_score
1048,17.951530998628233
145,14.23408839293872
1279,13.902035762032849
559,12.800857146461459
425,12.164931852005587
468,11.487851452838997
944,11.305960243624586
1450,11.014987028353323
302,10.895223600976069
1529,10.290977239712817
