item_id,predicted_score
1298,2.350098872089914
1443,2.2800861458214388
912,2.2160900493712967
667,2.1302052817225103
1604,2.1245216678501637
279,2.0934959708596037
1169,2.077090131494989
933,2.068684632668287
616,2.0345549797222215
1267,1.9866580574696608
