item_id,predicted_score
111,15.778567174844076
136,15.03079829168512
283,14.715603987632598
985,14.415283620485697
192,12.66186264902921
288,11.89291798325656
178,11.620724328005407
367,11.36568946600528
475,11.093671359525894
703,10.69394058211632
