item_id,predicted_score
1091,10.351118850932139
531,9.387865559579776
1209,9.273503019998596
1237,8.663817027958558
505,8.341554381516168
954,8.290594480926012
1306,8.285068102101315
1407,8.117072170068628
1497,8.009724593611354
1086,7.9302901475260335
