item_id,predicted_score
1634,6.421420609701225
1001,5.888665214129867
1149,5.349685953677769
978,5.30228273831631
1668,5.145314201080582
1063,5.101708534014811
862,5.007098925741396
1139,4.942671069738923
781,4.930038460843351
401,4.877834344967363
