item_id,predicted_score
1550,17.16882443153989
450,14.112028719962439
1654,12.828925753793264
1125,12.435234041370459
865,12.291224089409775
1159,12.279054647079098
1443,12.189584374792132
754,11.597455292340646
1596,11.3322564541031
1640,11.274102339785394
