item_id,predicted_score
708,10.950876057152918
1123,10.189885010513237
887,9.881759306881152
316,8.198880967525053
1242,7.422927969070045
446,7.382437173787772
1099,7.30415877903813
637,7.3019307543778424
1,7.0214135258026715
568,6.721815003590126
