item_id,predicted_score
844,4.855157247484506
645,4.779994571557396
606,4.646936555768089
13,4.530277167042493
1472,4.517060591312889
1123,4.500375626096169
359,4.483222687652663
136,4.025958458313524
887,3.970086975121041
526,3.847073206827626
