item_id,predicted_score
1604,4.770005729239695
791,4.732294617434009
956,4.49966399349461
1670,4.29993166331111
1199,4.22001226409486
1443,4.114169622033035
1296,4.047669393798446
1128,3.9133014711604295
466,3.9021550560625062
970,3.892963771698399
