item_id,predicted_score
632,8.20374813734252
729,7.8920314036119485
1091,7.490987280280753
1572,6.882866899635071
439,6.785581520716757
598,6.605429602859881
791,6.392366162872206
1107,6.382352377993941
1351,6.38075348456811
1620,6.368678900076974
