item_id,predicted_score
1305,5.906292620826091
802,4.741500242424095
1011,4.539236338775735
1244,4.439772730943208
1138,4.273425062274808
1302,3.97234491932126
1025,3.962094732188522
676,3.9281808986869247
816,3.9157826299258476
1012,3.896035479565006
