item_id,predicted_score
651,6.589048564830964
1481,5.757931648682874
407,5.54156793809446
35,5.181462680840167
1319,5.118742064967058
1021,5.110330973344218
364,5.091526564917983
1100,5.0712871987196575
1427,4.910805631450749
1346,4.895501695951071
