item_id,predicted_score
531,4.476705871194822
352,4.195143508019831
201,3.9706815477611856
1403,3.8415082858637715
1391,3.7221576298882333
1209,3.66515473719528
24,3.645058516024209
1497,3.5870486355250115
798,3.574984915491077
1220,3.545379268245405
