item_id,predicted_score
1139,14.740956148897931
508,14.700342745592257
1279,13.957488662660555
364,13.837712562832657
316,13.770033605165684
17,13.394487734052646
34,12.729545944705574
161,12.577141224938527
1198,12.41366116384734
920,12.411906434974568
