item_id,predicted_score
1021,5.735191425493487
1307,5.399122868207632
143,5.104669049920142
286,5.086837743046601
780,4.9471471629415005
359,4.899798563430553
95,4.703694275606034
422,4.643671954478858
526,4.604598806750479
167,4.570985769545963
