item_id,predicted_score
701,13.586556891279706
865,13.531694232670713
1511,13.31976550100556
927,12.455817737957467
631,12.002325182623823
872,11.860553331638855
66,11.630082656491409
272,11.46518333744793
1602,11.410153606692644
300,11.172133050177234
