item_id,predicted_score
57,9.612147010262955
279,8.717358081405788
131,8.591915900280178
1051,8.389460069564624
10,7.9047039941013
1267,7.893566852193728
167,7.841945889725189
336,7.797853015980479
1004,7.454866267464597
1298,7.443495369990823
