item_id,predicted_score
243,18.966639180550796
497,17.911223159739137
1572,16.53963018117853
898,15.827460799368279
341,15.113605078340518
922,14.838078995680016
982,14.328850229814813
1404,13.694447007957521
1352,12.345870879772942
216,12.278427443009573
