item_id,predicted_score
640,6.579789950369216
1604,6.215594829471272
1228,5.8607161458267685
1509,5.787183634134786
254,5.766247317926361
666,5.628305431569665
1227,5.597747782305562
727,5.3823333615599775
713,5.259786583951212
1094,5.205687157653807
