item_id,predicted_score
1679,12.674992960297077
952,11.14410208214111
1034,10.774565624315448
335,10.22823894888586
1527,10.011919453176827
985,9.859030358188807
377,9.852286102647462
1368,9.437234263681805
1276,9.330909432250781
1186,9.308239378496603
