item_id,predicted_score
1062,15.91120283018571
468,12.94675154008004
562,12.804902141139364
1032,12.250774082278344
324,12.183195838851994
183,12.100748523385358
115,11.797687058464195
275,11.787537224979472
601,11.763941866896252
1375,11.507792689708403
