item_id,predicted_score
1228,5.151043952856456
682,4.827653019836329
377,4.20083383763078
147,4.175808342345454
741,4.160531659931853
1490,4.127604347032889
702,4.039038157749585
1046,3.946144524273242
1111,3.9283523930241757
640,3.893123616881716
