item_id,predicted_score
568,5.005199021715412
1306,4.942233223350843
1509,4.404096687473153
666,4.333525006411227
596,4.28873046068097
640,4.176376478795675
1086,4.053018089827116
1284,3.9721831134211527
863,3.9128057137268892
551,3.840953692924331
