item_id,predicted_score
167,9.38982704526115
824,8.723910844217357
950,8.702361488636935
10,8.203950192346511
1247,7.974783138895853
822,7.526300698424927
667,7.512205818180769
1668,7.422188725525363
3,7.4044023598473805
7,7.298964791325803
