item_id,predicted_score
288,5.140297435413064
632,5.09999645460184
739,4.757405513900613
1550,4.241885654762991
1676,4.160242096368859
940,4.058538274401622
1278,4.028412938099146
425,3.98507423860103
823,3.9794723814244826
568,3.9464885368653655
