item_id,predicted_score
1573,3.091754100303276
1197,2.9062555441099547
729,2.880283756160219
186,2.853173265991903
1158,2.799058492170672
378,2.7437978168305786
1435,2.7071599870141703
949,2.59711369778582
1332,2.5939181531869413
81,2.5479775009995795
