item_id,predicted_score
727,12.299403076492696
699,10.307507006933735
974,9.9571267502979
1560,9.59703264984753
1066,9.581214754271706
513,9.422985880470902
468,9.266505657241241
131,8.756014420779113
264,8.446119828980867
1494,8.159666062605114
