item_id,predicted_score
63,7.795311752470709
1648,7.74879722301926
538,6.9510787606594295
250,6.700098249557257
273,6.641303193639307
1504,6.621882808939533
199,6.603311185596893
1154,6.526799168201183
905,6.410886799635169
341,6.193789215678778
