item_id,predicted_score
1512,15.929007556956883
1399,14.739175386825426
169,14.692705870470878
1061,14.617907033567679
647,14.584209186048927
437,14.025078295178416
382,13.948392526894086
1170,13.65885102152067
45,13.486856954519155
1062,13.435871988756311
