item_id,predicted_score
227,15.477672271779333
990,12.589371522184283
880,12.29371013026018
376,12.28286571566787
891,11.93225038130347
590,11.56340427879708
1434,11.124541844970164
433,11.124015965359648
1238,10.928790943216233
1522,10.78356289544732
