item_id,predicted_score
365,16.170811534170767
340,15.269333462470808
1574,13.890801350742038
356,13.463747785926225
1517,13.434096661851708
313,13.26503389546548
231,13.196661246827134
374,13.089532495245956
1571,12.879827715768132
388,12.848845726602764
