item_id,predicted_score
412,16.617738263424197
280,14.869652791098286
31,14.18599306146681
1193,13.93522214428257
569,13.326546082825331
1190,13.16031085781266
1609,13.106042726624732
1539,12.719530124825638
1483,12.633538375280112
1016,12.385775402380354
