item_id,predicted_score
651,11.124785851813629
1427,10.421749631845746
1464,9.038997902833929
1100,8.234257550741189
1662,7.778756405902306
141,7.649661289715881
369,7.64890529837201
1065,7.631253163243633
729,7.408745111991829
949,7.151554953823729
