item_id,predicted_score
887,8.08637077562413
912,7.423993114204742
1331,7.410958526325669
446,7.40451121346083
530,7.146125752186391
78,7.09665772890822
1242,7.076359092693634
844,7.067658888095778
1475,7.065135945340243
708,6.942734373265823
