item_id,predicted_score
1606,9.207164223413367
739,8.013112874970147
1100,7.763083694290607
1585,7.588453333672638
1430,7.214712697714474
1319,7.182079295077288
439,7.130924788970756
1106,7.052774252238124
671,6.996258108492487
41,6.994433135860013
