item_id,predicted_score
1634,5.6851882949779124
117,5.582596561199855
733,5.025574763355913
1139,5.011184502035459
990,4.946183369095051
246,4.912427031178119
974,4.883587517256109
1091,4.682822807901435
1106,4.666072432203311
716,4.574343552241092
