item_id,predicted_score
1668,3.7485609366037362
1247,3.634805888349054
950,3.5300855867678225
1509,3.4852297815505375
1477,3.4219962996110826
603,3.412437180441124
56,3.378503136832045
667,3.3763088558497962
824,3.326215930915351
1292,3.249758690354122
