item_id,predicted_score
1197,3.329482375404073
23,3.0836697117951157
1063,2.813118334790353
1298,2.6835355766632865
1169,2.645201837188139
3,2.6357729479957186
1247,2.632827583772891
994,2.615854914156194
1158,2.603727273873495
1573,2.586443523962617
