item_id,predicted_score
1322,14.715781975085774
1174,12.385602673342387
1032,12.054115080559022
1248,11.682867235716005
1651,11.235435459191926
324,10.97685367949117
1513,10.949485185908312
280,10.584256495271541
1560,10.532964068928273
394,10.408775335464375
