item_id,predicted_score
1361,10.014605149032281
1073,9.965353595853307
1560,9.100286225651608
44,8.79429413787906
1269,8.103988618211794
1255,8.01753442463559
341,7.430941635363364
1221,7.367700282830372
1370,7.303480970320527
199,7.286098793109208
