item_id,predicted_score
1322,16.172006085978495
261,14.727513958880246
1000,13.98843608261967
930,13.609242459257871
1450,13.398603644763472
644,13.012703167024306
473,11.82136460842273
65,11.784059811613652
1444,11.233247336912221
257,10.719497203266313
