item_id,predicted_score
355,12.415669655818377
1163,12.263801398430683
746,11.845098523579464
763,11.153139772814676
1487,10.886788712391638
315,10.86189069344466
1461,10.840476033990006
1104,10.661041849088
956,10.522353364862777
453,10.391211927100986
