item_id,predicted_score
1427,9.957690517906705
651,9.073078583471162
1464,8.394194950112404
949,7.822151240740539
1662,7.695223285306865
369,7.661035130420112
1438,7.4345331033129
1100,7.369195987804196
729,7.138146351552565
1172,7.103503967743503
