item_id,predicted_score
167,4.894004438432637
824,4.654264971445374
667,4.52511830498104
1668,4.13413789478857
1247,4.029248888261042
531,3.9935819118060736
3,3.9882113508266985
336,3.7537752280708983
669,3.7132784221441253
459,3.7057070374241707
