item_id,predicted_score
1648,6.64757577003627
186,6.469784847011312
1197,6.111798451405621
1332,6.107264726529964
1158,6.052055517893261
729,5.74162943413928
1573,5.61074663608216
23,5.570700745253628
989,5.4832969851778985
1409,5.466120395892406
