item_id,predicted_score
1531,3.7487434017376375
727,3.5948548045596804
699,3.47863230162201
904,3.1924386774812614
1494,3.16842650695233
751,3.038494176932791
57,3.00125956508569
374,2.970651964885846
886,2.9089012684767406
926,2.7982039549002304
