item_id,predicted_score
1062,17.18857213030684
847,16.708806616601336
881,15.616323361961939
973,14.094235356978118
1375,13.710945864948688
491,13.552367514852063
49,13.479846786213967
653,13.403464626933665
983,12.008130518933706
1050,12.00255397273443
