item_id,predicted_score
733,6.8863271445128245
915,6.004112884773923
838,5.6261640311223875
1529,5.38691946915498
716,5.32073863748849
1455,5.267279807210077
78,5.226440979462934
1633,5.176562222917191
1331,5.0501126906956735
1010,4.838708550850393
