item_id,predicted_score
632,3.857007263200619
288,3.7709396398512416
439,3.1870298498000107
1620,3.180256312759748
729,3.099251722407836
598,3.088448289513611
1091,3.0072584205043085
739,2.9035858489296147
1572,2.8502199105459987
1495,2.8339556228373195
