item_id,predicted_score
136,15.216737934362884
294,13.32937924153988
733,13.222843453701888
526,12.880071952004359
374,11.803065878897783
864,11.358759593013293
243,11.350540444496215
343,10.449071081600415
1398,10.172574135565055
1644,10.164154228215647
