item_id,predicted_score
1123,12.222509521236159
887,12.080495724843006
708,11.225245953627304
606,10.139327415991726
1529,9.987087295384384
316,9.464113488421793
695,9.349996875797338
1,9.136390235128747
461,8.793266467757231
323,8.543183869428663
