item_id,predicted_score
1161,7.703464860206617
1319,7.002130764363572
245,6.590537218148375
598,6.541766318078835
1150,6.440704067147258
1321,6.4007735720474965
550,6.274325679397924
13,6.222587939902004
1590,6.211962628386408
901,6.022628334290252
