item_id,predicted_score
1584,4.781028304828059
861,4.4721247706357286
826,4.462398020134165
994,4.272122782876791
550,4.176135373281725
1161,4.145765479039136
1319,4.112547784823628
211,4.0896146632682955
538,4.055911409354405
970,4.008443314137542
