item_id,predicted_score
1001,2.869356904433118
862,2.78107419296129
1031,2.5784866579148735
1634,2.5594844996927204
1149,2.4850348427028273
1010,2.4068271111411117
978,2.366811073039398
1302,2.3513360315110066
733,2.2082188914357284
1636,2.196526759129092
