item_id,predicted_score
377,7.989237217560375
741,7.405436953122625
115,6.660453871829226
325,6.313744074744827
1065,6.2421061648279546
732,6.236775401523048
702,6.214958242131661
241,6.078003253179961
1332,6.060725365399112
1177,6.028366539402982
