item_id,predicted_score
1021,4.717416237852007
842,4.432017275258191
364,4.345268757936365
1641,4.263628944177441
887,4.199180014012966
1481,4.132052527693889
59,4.0657830859118675
34,4.022861260857337
57,4.011410958173339
1296,3.9719528034196103
