item_id,predicted_score
10,5.665189582041526
822,5.367790745290471
7,5.199907290971716
1228,4.844176667913002
279,4.776243119311422
167,4.477271653429461
147,4.358833036067993
950,4.322771683982036
1490,4.282570758954409
1169,4.275104664478241
