item_id,predicted_score
363,5.6337483512823985
1150,5.386220661373984
209,5.347394700975694
487,5.3290008473629475
400,5.223740995525539
598,5.193032656561928
647,4.996146582411997
1005,4.926624623176936
13,4.853047320454842
1321,4.813579690038684
