item_id,predicted_score
583,5.947444328920518
1109,5.786738834302772
912,5.742066848253783
861,5.678807342072733
608,5.606790881539988
737,5.434171956146138
642,5.313725355246082
362,5.035601479861426
28,4.9171263211279825
510,4.865500419240275
