item_id,predicted_score
108,14.168224494103686
1564,12.176254426492209
508,12.175127685613122
1128,11.849673345005543
1048,11.683534378666906
971,11.596810155779371
1113,11.470528217549159
68,11.456165427315128
198,11.207331982353628
290,11.116128926112125
