item_id,predicted_score
1435,13.386214382705855
1300,12.394824841292952
1473,12.320633687554782
1665,11.154430321395774
1151,10.092212849528583
1186,9.5711532903651
493,9.504043647672923
551,9.308988764876574
345,9.199316767758173
587,9.09795963911299
