item_id,predicted_score
3,17.586134421784173
1021,16.31815986725028
652,15.616344393015227
483,15.381524936404105
927,13.585662727331126
280,13.002026145818556
1063,12.863776282760892
675,12.783799089262683
321,12.47292945690592
684,11.961559151278507
