item_id,predicted_score
1034,14.061949034274894
610,13.43307017206573
952,13.143706715444871
1153,12.97966949332125
716,12.580515326000885
1269,12.125387981123103
1318,11.773310247983591
365,11.387500380986634
1571,11.159972596050338
1312,11.151315688679952
