item_id,predicted_score
1379,18.08438927100685
1269,15.926006957711312
1515,15.237223420151647
1437,12.480444858492362
1351,12.082319069930596
224,11.430782666736029
939,11.400283179239697
700,11.39229132546757
1153,11.355874016468793
809,11.018739449991713
