item_id,predicted_score
1252,18.159877512998094
904,15.887031281304743
1360,15.183374327955237
1087,14.568776693898613
1041,14.562168117105854
306,14.292867245166068
562,14.246144625124359
440,14.136027211921835
736,13.259699991423107
1444,12.61178707581302
