item_id,predicted_score
888,5.79220232162877
468,5.176276120608004
920,5.103910497193753
1420,5.076513358999736
1217,5.028660415212675
187,4.99962524497095
1519,4.891062954450362
1466,4.848973738249455
1072,4.671699413832988
1135,4.656254404206123
