item_id,predicted_score
56,11.632503869093135
63,10.316293081652951
603,10.24192529793182
1519,9.731093875416324
1046,9.665589052020794
46,9.118147746880545
738,8.757537562678847
822,8.747970242893139
565,8.415919959943121
950,8.413159474261256
