item_id,predicted_score
862,9.430743180196261
1031,8.973127310516315
826,8.81500328488245
1445,8.181249761634247
1149,7.9999333806691215
106,7.789430808088309
759,7.753111545996866
965,7.6636184173376085
1010,7.592652302805446
1450,7.534180270670083
