item_id,predicted_score
781,6.127029429067429
959,6.037731837950168
277,5.908057630324514
1521,5.889327452734703
309,5.837686253338463
237,5.61907355089946
703,5.443700316024451
471,5.374545780036032
194,5.351816714779351
32,5.308886035302892
