item_id,predicted_score
626,11.124918733503176
1640,9.73556624473557
770,9.484632450691228
996,9.363332886137117
855,9.2638657203033
627,9.115107953388632
475,8.773293696636273
740,8.50619878461314
1326,8.371722628537608
507,8.29950227484122
