item_id,predicted_score
1531,7.404800904271122
751,6.442043516394143
374,6.22406403437357
1378,5.92443838976561
1297,5.888439959767322
889,5.865929210275451
36,5.69165775383368
404,5.624355886556341
886,5.34841334869519
1293,5.105196070845982
