item_id,predicted_score
1100,10.796638722578333
1427,10.324490343193792
1319,9.388701044439484
651,8.729640639484996
439,8.441697713090548
1102,8.18282973274498
369,8.148450466935863
729,8.040963081819354
1465,7.608392463117582
1172,7.581409878059512
