item_id,predicted_score
192,12.646323487021142
9,11.776034272423864
582,11.300021093838486
1400,10.571255573238252
178,10.543970051438414
412,10.265423705359462
1464,10.030560958952915
135,9.846435419991012
497,9.680167426239938
1312,9.395552402258138
