item_id,predicted_score
666,9.876600621631528
702,9.25722751504153
1438,9.235047568011778
970,7.407903594577969
1268,6.786982618137517
1136,6.6702642721604795
931,6.541030172831021
836,6.4093495627087895
640,6.275382168441796
1065,6.140956987273909
