item_id,predicted_score
167,13.02834983868528
1484,12.313589787508405
340,11.77888332857632
54,11.058201432250431
497,10.961711534253684
242,10.842238992949795
931,10.706431044356528
1090,10.704748538896231
950,10.6997827352224
803,10.423726753691554
