item_id,predicted_score
780,8.77084939984037
703,8.17306309939882
286,7.947555135815061
117,7.873633935586421
526,7.760064895995101
971,7.722947690951076
592,7.483806554831451
1513,7.376720929776936
1021,7.1770086587043345
330,7.167734877344504
