item_id,predicted_score
863,15.556403811071783
468,14.80045166980398
816,13.142105036775868
443,12.797585906643906
1652,12.690785145782293
1430,12.658224301847039
1029,12.437044839670994
911,12.098401249912357
1054,12.06311702267573
1545,11.983592779629701
