item_id,predicted_score
1652,18.152718489183552
552,16.39855803434776
1681,15.348711966998998
1090,14.696302472206142
1411,14.279437964472478
217,13.739167424387897
1034,13.294968207694499
13,13.173962910513008
442,12.65892739973885
1581,12.592832074797066
