item_id,predicted_score
826,8.808763097019085
1073,8.249177368102789
1584,8.027577698276128
861,7.686935575258638
199,7.305221401944851
538,7.237572961271602
1198,7.144827964915107
1641,7.099969934717336
1319,6.9914007871604245
706,6.73998500336587
