item_id,predicted_score
651,7.767608190032777
1346,5.804644823886626
1046,5.687854131584918
325,5.456720150448943
1542,5.262313473817532
46,5.258290605352943
685,5.0033872089649725
1065,4.993665687115926
63,4.824569710037607
141,4.8241275592621315
