item_id,predicted_score
1560,6.7762104313912825
1361,6.343590240186902
1329,5.8744936185664045
1454,5.599552290133382
727,5.471735649531603
751,5.335054386276079
175,5.334479411613334
404,5.1492945179307545
1297,5.117035366565938
72,5.105691693714412
