item_id,predicted_score
36,7.128008841055646
369,7.0456774969020834
1305,6.989084699712869
1001,6.771355234097512
274,6.701547453405559
1588,6.5952024863202645
1012,6.286360362389767
862,6.04306631716934
291,5.929990925354936
1011,5.830432967396477
