item_id,predicted_score
115,6.241894632904493
1274,6.069035402796169
241,5.5395212680668635
1661,5.303800395593552
81,5.251064896479264
1136,5.230341120675956
1016,5.161684129999802
949,5.127949956466805
84,4.904665827990751
377,4.89641568591335
