item_id,predicted_score
1400,14.780575778969927
443,13.042785167749386
252,12.02680677851805
6,11.810608763899547
803,11.743422001606564
11,11.616654175910037
1180,11.608403159628102
1306,11.509717700933004
187,11.367507836614212
1623,11.343003463276363
