item_id,predicted_score
708,12.816829302911277
887,12.12100331242128
1123,11.152455319102758
1242,9.427988376634067
277,9.374640540529949
1099,9.339416123934678
446,9.325481115281397
194,9.256820462839858
316,8.769639572082669
844,8.569059761932797
