item_id,predicted_score
199,4.969751321080033
341,4.779607127683555
1504,4.592018372551022
1648,4.578765479689813
1361,4.502231822111215
1073,4.455912060686138
1269,4.383997572212522
34,4.272216545808737
63,4.130083339360533
44,4.068136839031313
