item_id,predicted_score
401,17.98328116348428
48,15.48557563463651
1461,15.11917419327564
952,14.695736149807182
336,14.296101182176931
165,14.123281232210141
665,13.482230242004075
1387,13.015779228709235
187,12.654751569284324
1196,12.583754323391807
