item_id,predicted_score
388,15.695180960146988
1430,13.857489271700437
1550,13.631101475637884
91,13.20241683015347
835,13.085022433385848
924,12.65179528957783
575,12.103552622348968
119,11.847862236061829
1570,11.748858923860212
1330,11.593658256466226
