item_id,predicted_score
739,4.790450447077482
1606,4.726878648185345
1319,4.473049381781306
632,4.152266890554522
1430,3.9650501228227153
940,3.949795513895567
1100,3.8322354551939615
568,3.792140949653736
671,3.768292907424422
425,3.725042748532631
