item_id,predicted_score
355,11.575482982054831
5,11.501976135297053
939,11.327758595155004
735,10.418680178392908
15,10.126566181970661
500,9.857032113367643
57,9.496309471198497
412,9.473370118125288
336,8.952881776533857
1258,8.877108740818617
