item_id,predicted_score
56,5.979826237676351
331,5.978952713207027
1509,5.853644602392047
1154,5.294770703809369
666,5.234056323418035
1423,5.130559583545224
1157,5.090640108496294
1535,5.001037171495068
614,4.957116161785458
150,4.912492206206238
