item_id,predicted_score
1509,4.52859634048013
1604,4.378824355595714
807,3.7734971752135325
134,3.7357256658938565
531,3.539798519252213
1284,3.4791850745750708
1086,3.390234399215872
640,3.3075027028429274
1584,3.2359064087179363
1094,3.21445408548522
