item_id,predicted_score
1128,13.977622418218687
779,13.17017574309985
893,13.096322566208551
436,12.834584321104236
546,12.367762063685685
534,12.058165158477081
1283,12.048569574575177
1597,11.80615071325336
943,11.387887246754424
353,11.282270966973925
