item_id,predicted_score
1307,8.737400057071278
1237,8.406113157741324
1021,8.388411170989945
770,8.335778064944433
422,8.147645490569882
1319,8.122863859709767
653,7.965514811011128
7,7.7845083407517714
206,7.777275113522355
95,7.709693944893428
