item_id,predicted_score
651,10.818564519593131
1427,9.268992523930716
369,7.531893046451539
1464,7.453991112098741
83,7.123371325668245
1100,6.8421888620929785
702,6.649248533977192
1494,6.626859045728393
1662,6.5920953807151985
1003,6.4953617850582654
