item_id,predicted_score
586,12.670311824402495
1046,11.787561189641425
1319,11.43141879653545
50,11.379484328336108
1522,11.234638057706707
559,11.22590505186777
1182,10.66198889802888
1433,10.500654121264969
964,10.445628194676734
1619,10.388159807418306
