item_id,predicted_score
1379,20.2975943618441
1294,19.76414019247147
757,17.07511437318561
983,17.047320337540874
968,15.709687710708762
483,15.588383505809176
733,15.428380302469954
7,15.239201630333
809,15.166344702421805
662,15.088226326712174
