item_id,predicted_score
994,6.325714338208449
167,5.650780176752591
1675,5.393738827831584
1230,5.187667758508631
280,5.1829426244430605
1004,5.151963654262539
562,5.096969260398894
805,5.001802698180872
242,4.967337821533171
394,4.782152396001291
