item_id,predicted_score
669,18.781690583455088
1383,13.099246039351888
1050,11.565071795923654
562,11.549091104495226
526,11.48088139481352
364,10.928302612164483
1530,10.71235641525403
817,10.577555299125613
365,10.455452076464244
1275,10.410619323582818
