item_id,predicted_score
7,7.1936162516065
10,6.220671859168875
1490,6.132646460898826
1298,5.829768146848836
1158,5.7650083497913265
1197,5.630551294190569
147,5.494610493350707
651,5.482399612955203
912,5.478618108818852
384,5.385878065603542
