item_id,predicted_score
733,4.739511870166645
1455,4.517472182711657
1634,4.264517298238596
52,3.892302136751587
959,3.8515780032630174
838,3.7149926167145058
703,3.643097014844303
78,3.5909442455589904
1331,3.479511696644213
716,3.4673248695843073
