item_id,predicted_score
167,4.913410053314312
1089,4.820237543145481
208,4.6286774156025166
844,4.218062948316206
323,4.199094912398969
1529,4.144646289620312
606,4.102132756550439
887,4.062162740747235
95,4.033130667409718
9,3.9930101383552676
