item_id,predicted_score
367,14.289708660878668
1042,12.749972628187557
120,12.44275780166421
356,12.036485283353516
822,11.79196889971442
985,11.691044861602215
1026,11.25795622110854
1282,10.787637943093927
703,10.530560992264117
1547,10.147296035719926
