item_id,predicted_score
1637,9.875481898508697
1521,9.217910090212381
108,8.615498936170173
1604,8.493167835527684
40,8.454411089091252
144,8.395837000905086
1122,8.079130237528739
1054,7.941765801770499
1041,7.938650907353996
251,7.791285842477458
