item_id,predicted_score
1403,3.9087878204852435
791,3.7961336537896937
1604,3.5904329182137023
24,3.5630050389729813
352,3.562477385083409
1284,3.5512592483248193
1220,3.413008292101348
568,3.39523143994214
376,3.3546178785315015
1407,3.3244931787838685
