item_id,predicted_score
483,14.585548113763249
1056,13.723106131971054
796,12.501099237772145
757,12.32344999434013
803,11.679646526357214
1062,11.293414876246118
1202,10.920985676255633
525,10.75233317177136
424,10.650088971343248
704,10.346069048805136
