item_id,predicted_score
1255,5.489795078776785
862,5.359799689331225
1361,5.1269684971899565
1560,4.858109308107073
1073,4.634268346389286
1378,4.531634462072953
1001,4.475058572177009
44,4.4679542397434036
751,4.420909208072622
1370,4.319550303107155
