item_id,predicted_score
1529,6.4865682200286585
1329,6.246629375554544
838,5.874242202744023
690,5.345428172683819
1454,5.3422105698849895
483,5.273605717224475
9,5.119334142968643
629,5.078420496421851
733,5.059018287810463
493,4.894040288097196
