item_id,predicted_score
964,15.013241634304963
661,14.623322403103998
757,11.626561803111622
932,11.50709106766572
217,10.840312024626359
1080,10.725691760582517
1056,10.530073089644798
743,10.444298862395573
1509,10.421811787605169
734,10.402710982366806
