item_id,predicted_score
1648,6.12606020908001
729,5.620241938327166
186,5.544061258878643
1158,4.7089657818143404
1332,4.606377710845165
263,4.511264238005565
1197,4.441514319107514
462,4.388220437626504
1573,4.330121006276899
1409,4.325493614639292
