item_id,predicted_score
871,12.03584346984167
1067,11.385204631072867
319,10.225108646040725
323,10.046149580133411
534,9.988804504179777
1581,9.669097007592399
1615,9.653946986730467
1679,9.543503060441179
951,9.482472438822738
1357,9.4313488313375
