item_id,predicted_score
729,6.2667216168698205
439,6.172572008307736
1427,5.855752387249482
1100,5.788877598091483
1172,5.230216378209896
1464,4.961206024499528
651,4.9011129730915375
1372,4.815831124788576
1106,4.805946723382123
1606,4.658099607113541
