item_id,predicted_score
802,8.87105420983961
699,8.126216115105272
1138,8.029477142330688
1305,7.7192041005803445
149,7.5663554515808125
267,7.3918140264533
218,7.289585441362632
1150,7.057196018337811
1197,6.976281487156454
412,6.872288518920121
