item_id,predicted_score
345,13.515960819886613
1430,13.304336394109901
623,12.139759483641917
9,12.112153045285037
1269,11.999631629627734
1420,11.974374465741228
1237,11.678163847807202
1034,11.660044763794954
587,11.434870040137785
1161,11.407326493030371
