item_id,predicted_score
421,16.368323682280064
351,14.817635082746927
1523,14.056298588499864
1168,13.542884062455624
1104,13.450744407827083
1506,13.280180957610273
1062,13.200443191569432
1656,13.017639606545147
1599,12.798806440488253
743,12.735558827217165
