item_id,predicted_score
1072,6.025367462560484
1243,5.486257253167657
462,5.4358489204423845
1648,5.333678711040342
186,5.182230790233178
552,4.748124501916807
1519,4.7442738089218786
1247,4.649491473922195
729,4.624462845847413
738,4.347135379190961
