item_id,predicted_score
1329,5.889990903833099
1454,5.278590989296129
1529,5.081139725366645
629,4.810694537110755
690,4.591495616528125
258,4.548433489055408
1661,4.497712810231262
493,4.495059411070716
838,4.484000594143504
1151,4.454306079076764
