item_id,predicted_score
1150,7.674688473686492
487,7.593459575152471
1005,7.579688958716359
363,7.2929849031077705
400,7.281141611805868
692,7.153285503125741
209,7.0313794932997356
886,7.022146531203413
13,6.822087395360258
598,6.687699758829185
