item_id,predicted_score
669,6.581712995015542
1247,6.190170539289548
378,5.898903748536204
1197,5.842723768839859
81,5.469918275181452
195,5.368975362720237
1573,5.338846433934196
23,5.279378422857414
524,5.223910620870548
414,4.915293229151277
