item_id,predicted_score
701,19.692396159371405
778,19.64940990904796
1387,19.07176062509534
1550,17.40039743688751
1656,16.98337656492719
647,16.383907013494586
1032,15.90978001264866
1000,15.731798542431209
630,15.459796045368563
1511,14.945987015291085
