item_id,predicted_score
729,8.989357643914863
288,8.82509568938608
949,8.416676806659607
1573,8.20897770396
1435,7.607685396875008
378,7.487134775854864
1199,7.429032461916769
81,7.274711746551899
1274,7.227976769963327
1441,7.150440721913918
