item_id,predicted_score
702,7.718664379026446
1228,7.563832792873849
682,7.407241375786067
1380,7.3261563343908085
666,6.9648625688000765
933,6.926007010422124
1625,6.6407588033908835
1490,6.572897918568296
1442,6.41797021229166
377,6.395765866628754
