item_id,predicted_score
254,17.349902596510937
336,17.25797948575492
1324,16.611726623309682
1512,15.835573614263744
999,15.303967421816814
343,15.298503297611614
1170,15.250158470559022
1149,15.022055585068342
149,14.341573827722975
866,13.937480505986287
