item_id,predicted_score
1274,6.622793718585072
949,5.561542291291332
1136,4.940912402094504
115,4.9160422435218845
1438,4.761364635286523
1065,4.745269562728026
666,4.645270806639836
981,4.625468808294279
1016,4.450182982721361
130,4.271261777561215
