item_id,predicted_score
1247,13.093867038453954
1324,12.047069959116499
336,11.094451168627094
1315,9.874259147449427
1400,9.573067965605848
1344,9.317291543924947
1568,9.147217921321136
431,9.048500928280793
1434,8.967769317355057
1353,8.918645183687298
