item_id,predicted_score
729,9.157729669520748
1472,7.891367511950431
1495,7.648087811008898
920,7.568103509043829
439,7.314732690602397
501,7.239192890617783
1620,7.235034324147277
462,6.915431027192356
787,6.8879930924771635
1648,6.658402507642452
