item_id,predicted_score
199,6.794527857705342
538,6.595199364225508
63,6.300031437562877
1648,6.208738106333983
34,5.95806692586891
1504,5.691492318242831
72,5.499819613668878
273,5.486366398080041
826,5.27809079508348
341,5.2203449342592325
