item_id,predicted_score
359,8.642592593475849
844,7.902094861760954
645,7.798622364091051
971,7.652409001085981
1161,7.6011091908982085
1601,7.122423637607602
1162,7.054811921092709
526,6.944158852074233
143,6.67468606797739
608,6.4017850347454
