item_id,predicted_score
994,7.537211942631147
562,7.253141953092716
167,6.971537257112979
448,6.466011051565068
1072,6.428351405897879
462,6.299359682082554
8,5.970181314892013
1063,5.655576820241375
553,5.525131237669345
262,5.499114327802199
