item_id,predicted_score
1495,8.172025408289471
1135,8.076316218443683
1620,7.980798779163521
632,7.978224695914081
1091,7.8014026230756155
729,7.571147669714667
439,7.47026504208273
920,7.36896877931353
598,7.08953759364846
787,6.933426312638858
