item_id,predicted_score
95,4.118195612676829
206,3.9822478549180382
724,3.5712114125009164
208,3.5193015090195354
1307,3.4231411240487897
913,3.3963420747126816
250,3.336279402647696
117,3.269542633199624
1089,3.2447178745122365
925,3.202447236236619
