item_id,predicted_score
645,1.8965238592881963
844,1.8837809033586286
1472,1.8777328417631032
359,1.8358400281199674
606,1.7472923632718858
1123,1.7159324456804155
1022,1.67481614949115
1242,1.6692662618483194
526,1.6094562793697769
91,1.58188490886253
