item_id,predicted_score
57,3.8250672558919465
842,3.7972332120956445
1523,3.651788145953346
920,3.515971926861894
1319,3.449601774316866
343,3.440274336943384
213,3.3705939786465775
548,3.2041448937835972
1641,3.18942313694178
887,3.183301270693929
