item_id,predicted_score
1306,2.908042576743888
331,2.8236749634567953
1157,2.7819012560428584
1274,2.7415051875803305
1237,2.613878151155638
1509,2.611776486161762
1137,2.558526150492925
322,2.551936269780016
1423,2.5416846865002998
430,2.5266908179739898
