item_id,predicted_score
1046,4.521435699242517
651,4.506939213575445
1346,4.091258066202623
1228,3.9767942309778914
565,3.915790947729189
702,3.8438608450489533
1542,3.790839560337902
666,3.725639531986885
56,3.673439404952
46,3.6293136797803855
