item_id,predicted_score
608,6.475561734119959
1584,6.086110204072923
861,5.30608815640666
423,5.2826103907009125
1162,5.192359014891543
826,5.167223563262248
1363,5.106589550632272
971,5.08841783802927
343,4.888757200818607
160,4.887672919399928
