item_id,predicted_score
1632,11.744415797998027
1585,11.73783418671318
1406,11.493914922418895
922,11.41108294476547
988,11.25474040005706
1312,11.212962277564081
1452,11.171999108739922
567,10.8500103425701
669,10.602318941247269
995,10.565627873449962
