item_id,predicted_score
1483,15.531164361194666
789,13.295867629435225
1165,12.639495313402918
1254,11.963674937745264
1669,11.288037976866674
1580,11.078811877514905
1222,10.624056638147142
725,10.453674740804026
81,10.39682040896695
1549,10.201478575407698
