item_id,predicted_score
1031,7.6463980810024905
733,7.385568062031594
1636,6.821604618580599
1010,6.819131792265107
1634,6.215578023262955
716,6.146963530425751
456,6.131891210734425
1001,5.998223755346843
327,5.93183929691569
862,5.91860125445334
