item_id,predicted_score
313,4.9352782168197304
1531,4.870793818031605
886,4.869414745818588
258,4.5884538166813975
16,4.552867842866379
692,4.537208239877521
637,4.46902571100112
1032,4.391027505124394
565,4.337235986468873
723,4.316177823636468
