item_id,predicted_score
1584,6.834221125827737
612,6.388782904541315
401,6.265289904246355
1162,5.970666523037322
1302,5.587139958212948
970,5.5859991657158865
994,5.4738964424788765
164,5.447084552110974
608,5.312051549707576
160,5.253570896035928
