item_id,predicted_score
598,3.9263862337619013
632,3.87137142137941
288,3.769643669041298
439,3.7310195786266576
1091,3.673822099332501
729,3.6675859583073116
607,3.643475014551511
1273,3.1577180445170923
739,3.118926576090891
1620,3.077866803792287
