item_id,predicted_score
974,4.599556476549517
1305,4.156381202802724
1138,4.040260680498425
727,3.93825831070595
1066,3.895534916285084
627,3.8298902396767107
699,3.826940021305606
1494,3.5937340890356575
376,3.4388555474490956
393,3.341795877491023
