item_id,predicted_score
1591,10.48734124195947
981,9.4064585172582
443,9.026481224744341
1400,8.558209925967866
753,8.09247084461709
626,7.811649139635475
1369,7.676116154884897
1287,7.594840666546091
582,7.588688848155993
1464,7.580109857235535
