item_id,predicted_score
1298,5.014761380773151
1197,4.937650664319164
394,4.8310164365438135
1063,4.830712592420301
1267,4.804020843082698
57,4.772745747028877
1230,4.600554643689929
1158,4.529503153994447
994,4.486615972780693
232,4.171726985006037
