item_id,predicted_score
517,11.442042464067367
1125,11.296993076503544
698,11.231936621118994
1576,11.13695508902389
459,10.980247576087457
981,10.7639268629162
560,10.517893632771539
393,10.252735419375238
1443,9.56633342667616
73,9.178550763196052
