item_id,predicted_score
1519,7.209226324452485
552,6.555335236107285
325,6.301569956500242
1072,5.995644915712603
651,5.971004697259641
1379,5.8659630641822
1243,5.8177964744124875
1147,5.667334823034665
46,5.477077153253296
615,5.469299245191679
