item_id,predicted_score
1269,21.705377955790293
619,16.207533036331213
1444,15.557878867479486
1652,15.078014354448602
1515,14.756537609975052
207,14.533721099182028
1581,14.13235774273955
1338,14.045950496723233
585,13.403057486869672
9,13.363805247194932
