item_id,predicted_score
1387,13.469398558516566
135,12.02375477233576
1681,11.69830268056986
1581,11.659439150792123
324,11.469784777190888
806,11.43781156651638
1499,11.043529017880196
719,10.851252649159878
489,10.670295695813829
545,10.642217089956066
