item_id,predicted_score
1283,10.575202605714127
1000,10.044134835053999
31,9.755633774568611
514,9.167738579974051
248,8.593530089113218
85,8.35108606909352
271,8.172827877592905
630,8.123403591061624
1609,8.060336596291815
1088,8.052741308226212
