item_id,predicted_score
1031,8.859120416443893
1636,8.2139160551353
1302,8.026350504053866
1001,7.808863150381386
327,7.366707058299053
36,7.218587286966251
862,7.085501420380151
1010,7.062808102226436
733,7.007909494447361
781,6.8981702797853846
