item_id,predicted_score
1548,13.865877152475374
353,12.735521122497273
742,12.05740020089102
231,11.792876197399092
1083,11.63153525567714
239,11.50554698570826
965,11.491111998284254
404,11.31924288737266
198,11.029395980622798
629,10.98756453540188
