item_id,predicted_score
1403,4.7176258553889605
1220,4.28775705193759
1604,4.279635636330935
1641,4.255905740988057
258,4.144615837321643
745,4.082943652053927
1051,4.0769467291162185
1443,4.075796580090623
791,3.9915196173879193
352,3.976577258345632
