item_id,predicted_score
208,6.520520251451618
1648,6.4693843562878515
250,6.344001347447178
63,5.697501817192555
1151,5.5115574844282404
653,5.479184950747394
1589,5.450966034128606
837,5.323454728942158
1307,5.273670091814248
925,5.2185301973868246
