item_id,predicted_score
1135,8.487192833827859
1138,7.995530144043814
1476,7.289926803815414
1091,7.00229853469381
1351,6.826133696723047
787,6.787434264058595
549,6.78418422103937
920,6.661912336777633
311,6.639229065229313
1209,6.495993859366932
