item_id,predicted_score
970,8.254612293861761
1073,8.02936111006975
994,7.657431803022153
274,7.5449966778122945
199,7.475036421821049
820,7.39406543839673
538,7.142375198216652
1584,6.976264039197435
211,6.824392251017884
826,6.766712443683282
