item_id,predicted_score
1240,15.016574447638106
1642,14.907279369035942
559,14.31400522061145
964,11.828030113734311
758,10.997766012251754
1058,10.871172394483226
585,10.492254230813494
49,10.464961454089181
627,10.34787040703532
358,10.147267449643742
