item_id,predicted_score
647,3.743067620901856
1438,3.7112679294922453
970,3.6547828032199
666,3.5033707967929
1296,3.406654302843142
702,3.3874392285977675
369,3.3623594309993936
956,3.246226417054064
466,3.0254414778419614
775,2.9006125130877733
