item_id,predicted_score
826,6.39078796982655
34,6.075446163181517
1073,5.742988454746209
861,5.55767539643295
199,5.457666335540064
1445,5.436247105500536
538,5.120521168490603
1648,5.032859336564191
455,4.932104362152323
250,4.904096544530126
