item_id,predicted_score
604,19.011161299570794
1581,18.593256594894385
38,18.022513450452607
1395,17.809497411184793
1632,16.90944324513508
1352,16.4579731297139
861,16.384072891814316
77,16.04994013385572
306,15.957276338426212
526,15.855231942630143
