item_id,predicted_score
1025,6.506727475404729
637,6.272986475444247
1670,5.754960821160802
554,5.243671417288098
218,5.14827186310924
898,5.128786280325981
1244,5.060227859917432
1034,5.020381292206816
708,4.9763398135928085
804,4.936309296140764
