item_id,predicted_score
844,6.90138602735912
645,6.896580591984549
1123,6.845341810545712
1022,6.699216107363959
1242,6.6216263553557315
887,6.548523098814571
606,6.442023609155244
91,6.255619646889899
708,6.240253644416607
1472,6.152114409141648
