item_id,predicted_score
56,4.307197308176438
981,4.015867121480543
46,3.956027020401981
614,3.9514550453545807
1542,3.758200888560679
1046,3.678712207070291
1268,3.5848340790640676
63,3.5234406146637753
1423,3.5197096150573017
1519,3.4721773901287354
