item_id,predicted_score
666,3.9549727839930453
823,3.801266036235182
568,3.783013416262233
1438,3.7497621439207074
1407,3.6697751662024345
1269,3.530230063455892
1274,3.3666490755927416
1550,3.3563156862442085
288,3.3186657494950245
1633,3.227256388989751
