item_id,predicted_score
702,8.619542507457258
666,8.020863968551696
647,7.821551928630936
1438,7.7450787793089635
970,7.205812766792487
732,7.177796566863219
1003,6.793311893453944
83,6.508187815821418
1442,6.407308788247028
1136,6.288102066085437
