item_id,predicted_score
729,7.891728745737494
920,7.78718479322576
1420,7.492610266956257
1453,7.305024325210172
1564,7.271771385792457
439,7.267179059842537
175,7.0370599281918755
1585,6.979106695804685
552,6.9278732238785645
917,6.645074222204008
