item_id,predicted_score
1398,12.96577896260954
747,12.824914935333258
53,11.926840670826723
218,11.498030150310957
503,11.350069415688036
1014,11.220065935991054
1444,10.642527744293075
1558,10.518169951685787
185,10.475763000066769
159,10.336966657516934
