item_id,predicted_score
1011,6.349439705510403
1302,6.339089498231456
708,6.297436591427801
1031,6.09449318180803
1636,5.894230857424573
1305,5.675469494868786
36,5.44046177232789
591,5.394628138399238
1281,5.3570798201626175
201,5.346853440340176
