item_id,predicted_score
1499,12.9439223939529
1315,11.644724666811863
1497,11.477242809580732
421,10.945550526535637
722,10.37172448733631
82,10.284870669340881
122,9.829955893793482
1452,9.469001261278276
351,9.363790960874187
314,9.123415445166856
