item_id,predicted_score
1183,13.510811450419826
1489,12.762033096356586
941,11.719165422648732
854,11.01984449852052
887,10.764646588173996
1564,10.321776665261316
1517,10.237103174433479
1128,10.119114153429791
438,10.074271767022472
68,9.860786775736111
