item_id,predicted_score
283,13.152889347433248
180,12.393162989453687
878,11.042747102601297
424,10.85408162875242
1315,10.601445659811953
1131,10.333799682091996
1001,10.3277845542362
177,10.216818150091065
962,10.17404657753529
135,10.128288175416841
