item_id,predicted_score
331,4.605743408627326
1247,4.576260945364544
377,4.344892518740383
950,4.17165575506543
768,4.101149645547218
635,4.074324108533442
115,4.063983989810874
1661,4.029833178704474
1016,4.015489798442213
1154,4.003643125827491
