item_id,predicted_score
489,15.334160806759648
1652,15.3240987207441
1029,14.292607230651852
735,13.357289788056635
96,13.312137655433418
1499,13.205739201540194
71,13.130702907429434
34,13.034522183898282
1002,12.904886670460385
1353,12.723451789507891
