item_id,predicted_score
132,17.108936810296544
169,16.645656880465594
594,15.33407881146203
585,15.1051653997388
1102,14.959615752677218
927,14.695993937665175
920,14.677360740291796
10,14.526756386543816
24,14.478073550263206
821,14.409169279144525
