item_id,predicted_score
590,14.090307594960628
722,14.0265446532928
462,13.18626873883534
1471,12.779505399503003
719,11.963654774830246
452,11.292930875431308
973,10.946573273505098
884,10.711678816876006
1578,10.494543542218125
1621,10.473538690100007
