item_id,predicted_score
653,16.585558057934403
1057,15.682845741998483
911,15.530758288199353
552,14.2042146496923
880,14.00040151128233
1054,13.887487266983342
568,13.856510219992614
1618,13.801186104477837
1521,12.626668436174844
950,12.450181542750975
