item_id,predicted_score
822,13.554501702889377
120,13.419329965702804
367,13.170990458161478
365,12.129262514452607
192,11.90731866342341
136,11.89824792656578
111,11.876395705963025
410,11.286046483782266
283,11.143964409664385
1574,11.100843421857334
