item_id,predicted_score
369,3.5829369242340054
1427,3.559370027816541
1158,3.5492795044761474
732,3.517253343048485
651,3.460441404842693
1003,3.4015728045543048
83,3.332418450691069
775,3.2805786061012028
7,3.227249197391901
1298,3.1374803981594823
