item_id,predicted_score
954,16.54331138270188
1032,16.041114255219934
1670,15.365305072690877
1654,15.208803022918001
221,13.617682629377413
1394,13.535111897558394
1279,13.440149374405117
243,13.414142344346155
1570,12.93144014266861
851,12.83169362326063
