item_id,predicted_score
906,17.536827063570662
1069,16.494781488388128
1679,14.577350412568308
33,13.44180677297462
1574,13.29628293132666
1387,13.127926485719275
1032,12.958964894531183
1303,12.856590770807173
915,12.747647651933475
885,12.701277568797963
