item_id,predicted_score
699,6.729090979243439
1138,6.533418304004975
1305,6.5163071603501885
727,6.4386571149602485
1066,5.916592377945613
802,5.799686466597383
468,5.483742961045992
1494,5.415504504843304
57,5.413224773794094
974,5.135656893353697
