item_id,predicted_score
729,9.736323659211585
1472,7.736470982282356
439,7.234307123960305
462,7.223279482100859
787,7.052002284315481
1361,6.72499957187994
1495,6.638795350486946
598,6.326811941521724
30,6.189582115572698
984,6.170816984606517
