item_id,predicted_score
57,9.890417100542807
1267,8.359575734637014
1051,7.972137332371706
1298,7.750817336467775
131,7.375708341909253
887,7.332054971624758
616,7.084483612687168
280,6.6796550950938585
1675,6.566408063831674
242,6.56123894487913
