item_id,predicted_score
1247,9.263414142525669
950,7.8661116330808944
1072,7.64700269194679
824,6.476633982592111
167,6.29436606868562
1243,6.167410710935431
462,5.890886008479185
3,5.827395432483537
1379,5.756860119306749
667,5.718225144946249
