item_id,predicted_score
669,3.2552329989446127
791,3.1896308221548035
1199,3.1149945727677255
288,2.939187253454467
1441,2.8614979681661223
1128,2.8311670161488145
1237,2.6554790125054613
408,2.610477985382498
1302,2.59783376241352
964,2.547588430967201
