item_id,predicted_score
651,7.2241397503872
1228,6.365771912421668
1346,6.0727663624238195
35,5.998390598890423
1481,5.920681589333668
1111,5.729688846040347
407,5.628866507636233
1616,5.431489547494265
364,5.366475249393979
332,5.194655447240494
