item_id,predicted_score
1073,3.978415723375865
206,3.9456099106415934
782,3.942079919832022
1280,3.678566159865655
34,3.6323512486651732
1106,3.627122916958513
1134,3.622372702701296
990,3.566054249340329
706,3.56233710944277
1221,3.5532147993447207
