item_id,predicted_score
1398,17.869360531206244
1062,13.110483687674938
872,12.513474608618534
766,12.418114039116025
1654,12.088975136129449
421,11.860409724293945
847,11.677898395585203
491,11.337759661130828
1550,11.330697306718001
1479,11.248474789649471
