item_id,predicted_score
377,12.8150059381368
63,12.498912906911148
1379,12.281423264517366
1127,11.907040091835697
950,11.84623650441318
1072,11.810802855304152
1016,11.601500856683064
1247,11.57681689381751
1519,11.543022779487506
325,11.495363552179521
