item_id,predicted_score
920,5.558050106345138
54,4.1967295240140565
994,4.060398337044022
461,3.9983577284420186
1523,3.9896509382354113
1420,3.9499497615930967
501,3.925241200080467
1102,3.8659658945529864
1648,3.8254856145981075
976,3.794154642270422
