item_id,predicted_score
915,6.805091800351074
733,6.190828820656076
78,5.877981259187982
1331,5.575237046481847
838,5.493999613989653
1633,5.312905785595037
583,5.284004880588844
28,5.274824167534131
1271,5.201412421661916
591,5.191685330069651
