item_id,predicted_score
981,3.1941867806626454
614,2.9924049278544147
1274,2.8724711613021783
56,2.787282980854832
1016,2.7325930783805337
1268,2.6466361280781636
1157,2.5779791951613014
1423,2.517478813745034
666,2.466606507135978
1374,2.4639423630769883
