item_id,predicted_score
280,20.21989672146544
1539,18.89797660124516
1651,17.84008230193517
560,16.85483544541698
1609,16.815632761857465
861,16.79957865258296
779,16.715735560518805
487,15.990478809010241
1581,15.911797808129371
31,15.593297865107537
