item_id,predicted_score
1274,4.1463241964111175
1438,3.862633285494089
666,3.805367865170996
1065,3.776543750983582
981,3.689871360927978
607,3.6217040021625238
1268,3.609166256312048
949,3.4856337104208173
702,3.425068900379366
1136,3.384988254496728
