item_id,predicted_score
669,5.311329453885572
1091,5.202458574992671
441,4.88632554400949
1237,4.814952275545647
1497,4.322719702858582
1302,4.159420399469609
531,4.08155578051848
1590,3.9980279677107946
378,3.9549858230845514
360,3.948834793846341
