item_id,predicted_score
879,11.591917018944773
981,11.369663069568077
1615,11.045115852240897
412,10.995467185095766
639,10.873657080420637
1669,10.838977928458341
1483,10.687595660138259
789,10.659324130299341
235,10.261553279529535
1538,10.125839571812966
