item_id,predicted_score
1073,1.9851103667495829
862,1.7622952370849894
1255,1.7340406040393241
974,1.732627850942886
1001,1.6863028744378488
706,1.6752395395607176
1668,1.6522867444024127
990,1.6194235371411434
257,1.579279880223806
1106,1.5556050115784796
