item_id,predicted_score
1073,9.444660675922293
826,8.23662014987576
34,7.882703982128607
199,7.734752059531803
706,7.065442286829224
455,6.934713971973912
1269,6.623352907335454
1641,6.444865405892424
538,6.345267489615391
1319,6.217383455851575
