item_id,predicted_score
1571,20.501249144075857
526,16.335608147559235
722,12.517539426390586
167,12.251040984528633
878,11.814317806051562
1537,11.72481964475403
823,11.679095949208937
1677,11.51050793122918
1051,11.445033065967365
1330,11.02618856782108
