item_id,predicted_score
508,14.862220917495366
1240,11.539340976847724
732,11.191596386168708
14,11.10481826212799
959,10.609228588802104
747,10.364217475698483
1167,10.134916581111568
1391,9.643407089850356
1611,9.335832692072298
594,9.185652690366231
