item_id,predicted_score
1228,9.238777110617384
990,8.55427206859517
1504,8.033345366817514
572,7.38113115783674
1509,7.17851918060492
439,7.041895957109028
757,6.769380717878477
1655,6.757441530084131
880,6.71969512059637
888,6.310169964765908
