item_id,predicted_score
1305,8.331339920765368
1244,6.339712554642194
1302,6.220232259693469
802,6.134235109364821
1011,5.934337868926489
816,5.88294184052459
1138,5.621786381067651
1301,5.545888445707274
708,5.440121421688717
427,5.432870921708086
