item_id,predicted_score
863,12.806764531787987
143,12.118176277566297
930,11.55046947318118
701,11.13654240203933
1081,11.062788635236851
871,10.980325533733001
1242,10.898247479696888
1067,10.862334564042863
1000,10.858955598515896
247,10.834026961773983
