item_id,predicted_score
1509,12.404383864089917
1238,11.779651146302603
138,11.330985942864622
1127,11.262110165627266
101,10.634963145248353
654,10.626309366354683
1580,10.549877710829723
1080,10.195376937210494
1642,9.953070637699115
1593,9.883747452872333
