item_id,predicted_score
1228,6.017696235773084
1443,5.79577823236076
279,5.717832168741358
1378,5.653185737552412
616,5.481022469488125
1604,5.4718932505141185
1380,5.3132584822440245
254,5.2689915474657525
933,5.249892655810608
1051,5.148684131078929
