item_id,predicted_score
1274,7.521544978224613
981,7.096371742338836
729,6.641079092192414
607,6.490336311621685
1016,6.331741471954337
949,6.070800544897589
130,6.0586085750666
989,5.911152359145663
30,5.876779467745852
685,5.582397987557859
