item_id,predicted_score
952,15.09181608534371
1092,14.936947106479234
524,14.901097607149955
1083,13.923595797584957
1411,13.85778807315128
403,13.284633143318533
141,13.219248461223728
450,13.006235894201364
171,12.635781127016845
1096,12.135522572715345
