item_id,predicted_score
336,7.663114639620325
531,7.593793983034173
549,7.50186761789184
311,7.384688992054267
1138,7.2367147754940655
1476,7.04901838751554
167,7.045224823072215
242,7.005995236587334
1135,6.847321912424941
201,6.7745003090782125
