item_id,predicted_score
1398,12.957238375364414
1013,12.795641773970491
260,12.428446553511682
906,11.990932859353736
1511,11.554296444075732
1044,11.526486818751659
594,10.862947425316982
311,10.745867958257033
544,10.605599816539325
1564,10.575213667363077
