item_id,predicted_score
95,6.103335499697258
117,5.448508023307241
1307,5.430862350067021
703,5.060704042240715
286,4.993489784852849
206,4.992793934227538
167,4.91414354507726
971,4.813442079882936
592,4.44793306981088
724,4.432817641969676
