item_id,predicted_score
1237,4.141036918469805
770,4.078053557475199
990,4.002939092847454
974,3.930579615883854
1073,3.882767602030602
1221,3.833559380909414
1668,3.5973585833257222
440,3.549356993618133
207,3.3171995975057937
553,3.3041765893774864
