item_id,predicted_score
208,13.705536248214713
1151,11.418723317877877
858,10.591131277514652
696,10.227173217861269
240,9.477339863326058
478,9.221579987637337
1439,9.08941405570177
323,8.904612535786693
1238,8.606274736688436
1589,8.54766159744649
