item_id,predicted_score
1560,8.079956320520782
1329,7.595909416830289
1454,6.761531608226201
1361,6.596751670362982
1556,6.483881715211468
175,6.4730971853396895
696,6.449676241442286
240,6.197064595908161
727,5.7887293359947645
572,5.6750334424730156
