item_id,predicted_score
1297,2.9747936813533107
36,2.8735459682464373
862,2.8652540252360157
1433,2.718984035658978
1010,2.4769740846151573
327,2.4460943589020863
1255,2.4134908339684396
751,2.397024539527986
1378,2.364352566402014
716,2.360367448980496
