item_id,predicted_score
651,6.764220403148106
325,6.030378539499166
741,5.422266444290026
63,5.393438710109849
377,5.066427612043323
1147,4.912220378787733
707,4.839957268508348
1046,4.836215287150639
1065,4.756331756282778
100,4.56362754591967
