item_id,predicted_score
954,13.514415517158909
863,13.089804292907292
965,11.52403260549862
886,11.476930032891143
1252,11.242051330268056
770,10.861042759988809
1274,10.506788188607576
1029,10.147271109270553
1648,10.063709788144827
756,9.994876882422385
