item_id,predicted_score
538,10.792200256028448
199,9.864254943915466
1511,7.845000393521008
211,7.558772991992398
598,7.379727928575
209,7.360619797163282
1319,7.338063263473343
692,7.212496537328368
353,7.20170986257493
1489,7.058380829063476
