item_id,predicted_score
1274,3.583611079749637
115,2.9439245372720424
949,2.8217850293797797
1016,2.7338095164721
1136,2.7012947572666564
84,2.49925714052859
666,2.4426597679143636
123,2.334530026024607
81,2.325973177646963
130,2.238246155807352
