item_id,predicted_score
733,17.493595533510753
1388,15.907407538878061
1398,15.585380513385708
1379,14.988139475773542
374,14.97073202229282
983,14.759613851208917
822,13.91636463601112
519,13.645450413702033
522,13.342960296941268
204,12.86455881942787
