item_id,predicted_score
1109,6.93308643032058
13,6.733386347167125
583,6.454035152657544
1644,5.943141312925327
172,5.90220233175477
737,5.791739716980607
296,5.715006337625053
989,5.586060038065419
912,5.503585463773128
723,5.3541578160675245
