item_id,predicted_score
1000,13.746342714108442
1656,12.232418982632186
995,11.822470360591117
565,11.604270788271458
337,11.576999346209213
119,10.750245135978204
424,10.713153974111993
728,10.628363161699564
1422,10.558635294629681
522,10.167828727541785
