item_id,predicted_score
1274,9.761881838699413
288,9.70101135285268
949,9.56006281835575
1438,8.987645669120663
1199,7.676290622518838
1175,7.068135077045401
956,6.940151413952682
1269,6.923534737663201
1172,6.915060881908381
1638,6.823198874965909
