item_id,predicted_score
1197,9.2078317320821
1158,7.973851599111444
1573,7.786937254041578
81,7.7596037828052955
1332,7.700248581294663
23,7.6556704603127965
378,7.601592457486607
1247,7.548468291014142
1435,7.21217535410537
241,7.072600875474459
