item_id,predicted_score
1274,16.97067804430179
140,14.054700595211777
33,13.200320676673696
578,13.098230604593116
119,12.55779903836892
937,12.243407774833853
1604,12.097013221836528
770,11.876374809710143
1008,11.787241360340204
644,11.628864825646216
