item_id,predicted_score
36,12.020263952200395
1297,11.23478312465575
1636,10.673744200792113
1031,10.670018348784684
1376,10.520719342197989
591,10.065881700451271
327,10.065269383560661
710,9.831085386121767
1529,9.444727800220758
1011,9.361500564638757
