item_id,predicted_score
959,14.25821733045362
1640,13.032802500959157
40,12.107564981160145
1142,11.928207109963703
235,11.834556311297018
222,11.438764874423475
387,11.413460096680343
930,11.184826718076039
1266,11.064219880940412
780,10.594259808947236
