item_id,predicted_score
657,5.809953044179299
1351,5.722581618912455
1319,5.542292242475763
1620,5.280343614549922
791,5.1704790930712345
729,5.113890319269137
1521,4.915308392228386
1172,4.864736885932005
1335,4.8406287791495535
360,4.777652825774566
