item_id,predicted_score
708,6.1989879072764165
554,5.995730924944841
1242,5.7691056741284275
1123,5.278729769410896
1244,5.160058933683844
1302,5.139851650858548
1162,5.049872523611843
887,4.9825428155247735
1120,4.869631238104969
612,4.827171768585295
