item_id,predicted_score
1106,15.85178544180305
659,15.758855044794114
259,15.104175589352788
586,15.045711021045822
1434,14.89116406000447
1654,14.743786214296955
160,13.86240997823604
1394,13.82323309144049
666,13.522321336616052
401,13.519038857479662
