item_id,predicted_score
1615,12.561120715077578
888,12.420021465344192
443,12.25123201321235
40,12.115883532795115
639,11.507180825930247
165,11.480814069471926
1609,11.453491514732644
1461,11.321266827911689
990,11.27171877917801
202,11.035533713952002
