item_id,predicted_score
1197,8.47257349637688
1158,7.391836935704869
1573,6.784703226273764
23,6.351086686855338
1332,6.330841659972302
1298,6.272727772847789
912,6.187611488452813
669,6.079374808896548
1525,6.077744688119892
1522,6.0763883696065735
