item_id,predicted_score
733,7.738037355008878
716,6.946489542870841
1010,6.805682443191697
1297,6.365411666326536
357,6.029497680777286
1273,6.018290750624543
915,5.843319414557811
1631,5.646719093444418
1031,5.593096521050883
1329,5.5387181663070395
