item_id,predicted_score
1183,19.431404623160198
1259,15.19661080321816
1279,15.028978769021546
731,14.57017266240708
425,14.209295669142563
1096,13.896990409566815
79,13.747715310522743
661,12.83483342007948
132,12.643246324719101
1319,12.580620372160297
