item_id,predicted_score
1004,16.49501906455393
1321,15.1062428090125
1048,14.026288741029958
1398,13.88898650392247
959,13.516016627976596
930,13.404636685764258
928,13.23250493485357
389,12.964204468056629
1227,12.65519336039067
1010,12.440190151948206
