item_id,predicted_score
1648,3.632625060212716
920,3.6263037304192314
994,3.542530530994141
562,3.4882875640075968
462,3.4255119273698775
729,3.345667586728005
501,3.342099842934621
1472,3.1744305761705003
976,3.150203053818072
1072,3.0814643349136936
