item_id,predicted_score
1242,5.68230245525686
708,5.564803988061799
912,5.438578618827933
554,5.140108528890114
887,5.0936531221195915
446,5.010146959852266
1162,4.842476815581449
1123,4.689455223758843
608,4.383727502976881
1400,4.3348827309010085
