item_id,predicted_score
441,7.307562998353007
1091,7.189179807999091
669,6.967874803129599
360,6.657366253976669
462,6.50902006758541
378,6.468582136175776
1237,6.146047421364588
1590,6.061284972362894
729,6.060189691805662
408,6.05483153975015
