item_id,predicted_score
1531,4.443802890027106
886,3.89341641050908
1671,3.6927138607916405
904,3.647504981115514
889,3.603788299600813
637,3.5278364287534285
1315,3.3961540519853273
699,3.3878079261039207
16,3.3469116952000975
511,3.281742980662038
