item_id,predicted_score
36,11.030317702377408
862,10.573401093321872
1001,10.163723852719492
1588,9.846402091052251
369,9.569656687417254
1255,9.326490173001037
1297,9.315193678142057
327,9.28177971355934
1433,9.189775103038087
1378,9.140193524682473
