item_id,predicted_score
1361,7.068361914848767
974,6.861066240675706
1255,6.7158506554754895
1560,6.562408891486212
1073,6.532583717749795
44,6.098343091327276
1370,5.5306469888480745
943,5.400119036272644
862,5.399595992121697
1221,5.142154672501862
