item_id,predicted_score
1072,8.260616061565793
10,8.114338878508958
822,7.82036886611463
7,7.819791873167689
262,7.341751037179875
950,7.301453032148819
167,7.224395697717435
1185,7.126910793471317
662,6.954915911930558
80,6.5811062857264915
