item_id,predicted_score
780,9.65166779546295
1021,8.217583704976207
286,7.983312508175688
627,7.508816040757043
606,7.508326983581258
906,7.487092726100649
393,7.304440806405225
1171,7.078840730175488
1472,7.062583181464399
376,6.980492583721413
