item_id,predicted_score
751,14.676834777064
578,14.509016299047243
1013,14.394058331917442
1549,13.863393254278098
1328,13.128949830322846
1481,12.971439650129481
1064,12.527531108237913
1624,12.06453143520417
178,11.429567926448755
99,10.848280499524513
