item_id,predicted_score
1063,4.7770820498692625
10,4.603679086045833
262,4.585774784589727
1158,4.559617978609326
662,4.383191757350674
1197,4.35808804639451
1648,4.354494017375358
1322,4.3235055213724785
394,4.275435282291346
263,4.12801976578299
