item_id,predicted_score
367,13.805672550534005
232,12.650208446031229
350,12.511991898524316
1153,12.210660634383359
625,11.692507588363334
207,11.285555815169289
1252,11.151410224639555
148,11.038408916796033
1269,11.019101250316236
327,10.980857589767837
