item_id,predicted_score
272,11.264718166106242
1487,9.60031402568287
434,9.597776536631297
1522,9.166094937175249
1238,9.101324661016541
123,8.914150403417999
1182,8.887360455131486
91,8.655282423231654
944,8.633401295374583
1008,8.595813076665124
