item_id,predicted_score
288,8.95673884992723
632,7.613218776053679
598,7.428811323824998
607,7.199807579435482
1091,7.105041482738208
1550,6.79867640448435
1269,6.641400527752787
823,6.319916219154985
739,6.275149490822992
1274,6.230763483800324
