item_id,predicted_score
1604,9.289822778117953
933,8.594258129527036
912,8.4490514410619
241,8.297306385347252
1380,8.120646978153854
635,7.926689423816756
1443,7.859745163887257
200,7.700609834416209
1287,7.58367717977841
682,7.543317067135749
