item_id,predicted_score
1661,10.700068903540435
591,10.357185196210278
189,10.24352231108324
298,9.592593254651945
708,9.435937734983652
1376,9.13560419835343
1529,8.781328968593881
915,8.76175140245119
710,8.699015139398034
1031,8.66303117207519
