item_id,predicted_score
1379,18.925012403447134
699,18.643559825327554
593,15.323523138783765
1269,14.39554034222806
147,14.245114792075189
636,12.794114946535691
1078,12.45624798141322
1284,12.387858035337018
981,12.379948207612777
32,11.76875511209974
