item_id,predicted_score
3,16.055029904612454
1300,15.928002903549071
294,14.57788130872709
1574,13.994436662132442
1483,13.910696544014147
590,13.289126369064872
900,12.944255695625241
1222,12.881779281395065
1441,12.831260979355498
1165,12.55048784327359
