item_id,predicted_score
336,16.904086760133858
578,15.089816791994522
1574,14.348368945604236
1483,13.434678801424504
1242,12.070792030887985
1679,12.041070956693673
1165,11.960932558780568
1390,11.681978526364949
750,11.593725668763177
1646,11.461254338265826
