item_id,predicted_score
1051,14.555561131603664
1442,13.25370526880787
639,12.575675397047215
1408,11.35319144520361
369,11.076423947874092
1150,10.645327897939373
425,10.63842064694163
1489,9.906359361035298
529,9.859240785589854
856,9.801965075359753
