item_id,predicted_score
136,12.811726439433297
1398,12.402050795915464
645,11.609844957988903
177,10.807241324747679
1608,10.804457038485523
61,10.729877505744478
1353,10.719676417771637
243,10.66211202482992
413,10.654996891377937
110,10.565799179881893
