item_id,predicted_score
846,9.258411866149858
1403,9.202212117040723
1641,9.076849429924701
842,8.58177885775998
1560,7.415400937007339
352,7.392630244831566
1296,7.069526719117368
1467,6.95467247769224
258,6.92930241811871
1616,6.783886934673428
