item_id,predicted_score
1247,7.089744113958223
462,6.8221197255273545
378,5.993577039049238
1072,5.849173485443825
186,5.792791554717386
1243,5.446054919322363
562,5.070231155626377
669,4.962057638130687
195,4.865230625489401
729,4.783157012922882
