item_id,predicted_score
666,4.9193201030242415
1268,3.9031718589296376
645,3.6451364630842114
1535,3.487469193161873
1274,3.4562866523510403
640,3.4021546296981
1094,3.2866701140435817
863,3.250731603926104
331,3.1935824015463754
614,3.1859435760324173
