item_id,predicted_score
1669,14.559402222052494
578,13.780832173883592
81,13.288968774030849
984,13.270703943069563
1483,13.024385136363156
964,12.345060112415956
3,11.620728411647898
540,11.552597649338798
767,11.509678613707276
1091,11.477353920474297
