item_id,predicted_score
994,10.861523938581932
1063,10.019546669904377
462,9.21106246916659
262,8.860158390424798
1648,8.741679154818973
1521,8.541851424486023
1072,8.530807597475413
1212,8.371671610993518
394,8.317049614117009
167,8.289011740043296
