item_id,predicted_score
1573,7.937694825525195
1197,7.821606691871792
1158,7.603658268763127
1332,7.188992989292274
186,7.159031918427795
1435,7.050638040287343
729,6.958469361244498
378,6.904580881258583
949,6.8930270001412
81,6.61639549217965
