item_id,predicted_score
583,8.938243267023378
1661,7.955584942558789
321,7.772092243795733
1109,7.769692898385296
737,7.4502199870581425
258,7.137285101278263
189,7.092534874589841
708,7.072489088644498
695,6.9522946922172935
887,6.9519516977684574
