item_id,predicted_score
974,3.3707674705413893
1237,3.343585082685963
770,3.3317004741320515
1221,3.25472289633135
990,3.2192611503751802
1073,2.957397044286278
440,2.8516198378558117
1356,2.80024063471845
1361,2.764564319174645
1560,2.7632665302065678
