item_id,predicted_score
861,5.46126023835644
608,5.102713207587264
826,4.996084391600441
510,4.905761540980229
28,4.84897741294823
1445,4.702641935994411
912,4.640741129115143
583,4.5343243559764534
423,4.516586771290478
78,4.4449193422261875
