item_id,predicted_score
1574,17.50612953190862
1034,14.499996905371283
1225,12.505582948158665
288,12.298824233792567
1186,11.738529114303976
421,11.010003784929998
1679,10.740868220334796
639,10.574015073762816
983,10.519942026556997
1042,10.165051751198877
