item_id,predicted_score
1656,10.605356178093231
1000,10.591386780378194
374,9.36242787477689
1574,9.215237152393428
498,9.053115269564064
874,8.89918488414602
1599,8.28742780453111
119,8.117077020996653
1085,8.02740204359474
1550,7.9373091934883195
