item_id,predicted_score
1531,3.7488136382262005
199,3.31056668209029
374,3.176089521017237
209,3.06644729821739
886,3.0658744260340343
313,3.0312932509951596
751,3.002827261294752
871,2.957478298170633
692,2.9562600469278917
1640,2.949109902908685
