item_id,predicted_score
1247,6.059398822841109
1243,5.347432777056272
1016,5.30725784462652
1519,5.228274115643491
738,4.828278234344869
1127,4.772662522864834
1072,4.701325703397233
63,4.555478474867937
950,4.499728846520853
1379,4.448595786193151
