item_id,predicted_score
538,9.24054335888699
1661,8.60748098749307
583,8.245606833059913
1124,8.08255539406697
313,7.910265266589497
41,7.797167131214146
258,7.399124207335984
199,7.3735654877105
321,7.3310029809842225
968,7.304234888673234
