item_id,predicted_score
791,8.330138568286133
1391,7.473499898841764
1497,7.1446851342870366
632,7.001837766876995
352,6.989824368189074
1351,6.888048416497834
1403,6.611730632251501
749,6.442352946597571
1670,6.235090524829945
1220,6.157732357738582
