item_id,predicted_score
1319,6.432270291618936
1021,6.307610781310919
1307,5.876570518067523
1321,5.801965900710641
250,5.654979265628512
653,5.279245245089043
143,5.161124263389253
598,5.110428127209498
242,5.106124677641889
462,5.068634752243082
