item_id,predicted_score
1438,1.91717908682901
1606,1.813094223291971
607,1.7694931368003028
141,1.6557972571585926
1268,1.5391511802740403
685,1.533243099027457
666,1.531321455886885
1372,1.530675915189769
647,1.5301290058854502
702,1.5299633501779564
