item_id,predicted_score
608,6.882868217671489
861,6.472152613402197
1584,6.132004253395851
912,6.021795765169321
423,5.886311875905759
1363,5.830728945873492
826,5.593748450241257
1162,5.407484218573574
1601,5.343215673105728
510,5.0988422786166705
