item_id,predicted_score
377,4.60602706749094
741,4.591715961168312
115,4.380680335971668
1065,4.273112781473187
1016,3.992606333581174
614,3.779405550275213
702,3.7382672731148254
1136,3.707190065895822
989,3.706809177622938
1127,3.7014236954172004
