item_id,predicted_score
733,2.859677886743433
1031,2.7362271969265697
1010,2.58404459523001
1636,2.5432601626028353
716,2.44337405833276
1634,2.351759999433714
1001,2.2789267670654603
327,2.2714559300522374
959,2.2292069764939453
862,2.2289178570920654
