item_id,predicted_score
1032,13.70769637499163
1387,13.704434304915354
1467,12.437001470920602
306,12.004996181571329
1322,11.214114417075024
143,10.997466493383339
845,10.993955377989355
715,10.705473423795292
1415,10.704527967465554
266,10.58815876803398
