item_id,predicted_score
462,6.973434823482057
186,6.529214707890811
1247,6.4965032833541825
378,6.2723523524062355
1648,5.9467822428585135
1072,5.776981033144307
729,5.707670299087166
23,5.402578023155356
1573,5.238646969291299
1243,5.226443894296055
