item_id,predicted_score
207,15.760986346867432
421,13.134711868450818
725,13.03080774926996
341,12.65333885504354
590,12.111379694395048
978,12.104552004816643
9,11.955096037042821
40,11.724939118916074
82,11.582638174491056
682,11.396875275537251
