item_id,predicted_score
1016,14.622316918689709
664,14.476680990168868
1656,13.670714537394286
1187,12.759738675958705
78,12.416209639391509
1025,11.503004508326475
1651,10.749302720925607
595,10.620792125499996
45,10.391822109160895
1515,10.351572076795671
