item_id,predicted_score
1083,11.00615230990936
1506,10.232736423823777
1042,9.897512493659836
1548,9.412913964896568
171,9.347990214433075
257,9.217318750473389
1383,9.075035455460988
1397,9.061511884166448
1194,8.953230026139838
612,8.686117930870811
