item_id,predicted_score
538,8.274522581813315
211,6.526657085231296
199,6.30327866420505
1353,6.067612779542043
861,5.996379310336806
1511,5.79108693669416
598,5.666206774377156
1049,5.588291457745955
353,5.473007892404222
968,5.3517442957616925
