item_id,predicted_score
826,4.178163981088197
862,4.175538476343642
274,4.014449814866345
970,3.8166917424486915
401,3.751785439552469
1073,3.7091368268077085
1584,3.65532883922468
106,3.585728682898393
1149,3.572310015532789
1001,3.5552882993772243
