item_id,predicted_score
167,4.527529871320651
822,4.008005418053295
57,3.7262220464826594
355,3.711731066787132
824,3.69244258691645
1004,3.5796134929089884
188,3.533185172145878
1189,3.5016047415091593
5,3.4593113378592477
1169,3.453188537606365
