item_id,predicted_score
846,8.040349952974465
336,7.760176063287813
897,7.634204536400829
56,7.394155792651059
1669,7.33946316589041
754,7.271670055023259
596,7.174185619562433
1306,6.949892984936137
888,6.777367564870526
1194,6.675320882097292
