item_id,predicted_score
1669,15.834158393495613
132,15.355329616108675
1400,14.66415221755687
1551,14.267195074972278
984,13.81369781605147
167,13.787777572970759
880,13.033223667005059
590,12.95739292319593
686,12.801298754328222
891,12.716940946285371
