item_id,predicted_score
1319,6.051186332218941
1427,5.903240341434594
369,5.790796684523937
235,5.094790535843804
956,5.059020367011135
548,5.0165713598161
1311,4.859821327326358
657,4.72783849904659
1167,4.6190350941082965
394,4.5559802354708765
