item_id,predicted_score
1361,5.361254422696932
209,5.074728219676097
341,4.748843262592328
1560,4.509276122740502
44,4.457437697130207
199,4.3333367847105775
1167,4.194313670703358
1490,4.193219405854943
1504,4.14917112614699
871,4.14019307975399
