item_id,predicted_score
920,9.908284029629248
54,7.837246397404324
1523,7.7011125532792155
343,7.066996308297763
57,6.937661291908199
461,6.812474137755639
1473,6.6101174111982886
326,6.4742045449953105
842,6.462133564500658
587,6.4039184392118
