item_id,predicted_score
1319,5.377312999140332
920,5.054770633407341
1523,4.917682680599399
1100,4.884605468526814
439,4.814859102399757
632,4.66720194380485
1495,4.5505960160733165
1465,4.468849211135663
657,4.45713446272051
671,4.2871970281832885
