item_id,predicted_score
369,15.163755918270454
789,15.062342142262601
996,14.848737050300981
657,13.906370265562334
644,13.151969023012558
1266,12.712402002825524
1254,12.676832159897433
257,12.30370759280929
143,12.259254643513666
591,12.028419072126171
