item_id,predicted_score
904,13.93107904857177
1444,13.34585375794577
1194,13.240422589532988
1322,12.840339177332964
341,12.718756773049392
1558,12.461475748121348
353,12.282354035145591
1515,10.308959054897965
1088,10.308356221028564
604,10.276594079574188
