item_id,predicted_score
10,11.055933089696063
7,10.463095403101537
822,9.25986481527752
681,9.130957411352691
355,8.316829312641818
39,8.288520281067127
651,8.19557437530646
57,8.096341896126102
1185,7.9888508887194805
887,7.7568521945812705
