item_id,predicted_score
60,11.630972258174229
1082,10.62078036040777
207,10.599989849234912
1237,10.451768631599972
217,10.198994921369357
779,10.192486527805661
1662,10.083899174341415
1181,9.799832008308368
1041,9.788199000980978
713,9.769457639037682
