item_id,predicted_score
13,9.494633304284655
598,9.03758607966689
487,8.730432401356364
538,8.461610965211298
1150,8.263609737836173
1321,8.234218315489002
400,8.016233976038226
245,7.9842580156922835
901,7.843727554295297
1319,7.804866519634446
