item_id,predicted_score
247,22.834378785429763
1325,17.94749515253015
45,16.86994190140362
951,15.009626621456592
507,14.875901831768676
1390,14.275795117605664
627,13.896693021415778
1081,13.843484271165241
416,13.808967881593073
871,13.791314056531967
