item_id,predicted_score
1228,10.387640100359913
666,10.02578578294293
702,9.741102577055633
640,9.597851689427634
647,9.555781152765341
727,8.946668334944981
682,8.663492406453212
651,8.463532916221626
1046,8.421224780782689
254,8.35636482328645
