item_id,predicted_score
1161,7.019380239861487
1584,6.7478316970485475
994,6.357452514498488
1319,5.836674784831311
550,5.794768836123201
1162,5.7596563550111295
608,5.612247822949949
1363,5.4545313342131125
359,5.367502460342137
612,5.1534879177948145
