item_id,predicted_score
1322,15.019987055632157
1450,11.83906543827524
294,11.251414226514257
828,10.987505712406104
958,10.783049258983498
1295,10.658472219705333
514,10.350230949824425
1564,10.296731109644892
1030,10.17413813613636
1575,10.088325582130382
