item_id,predicted_score
1531,6.025837308938368
36,5.313963393630463
1297,5.210746154288357
751,5.098931574801772
404,5.045011070911285
374,4.979749118201333
727,4.895771979265667
889,4.710488110005436
1454,4.635665063760364
904,4.513786292608384
