item_id,predicted_score
377,5.53117291395912
682,5.48528737286344
1490,5.4519052627172355
147,5.4206597729773405
741,5.052548351924368
822,4.609980568592686
241,4.557539169572582
933,4.552926910620662
384,4.552292885340138
1111,4.4885961146551825
