item_id,predicted_score
57,8.916084214435148
394,8.746674729687355
1298,8.365097928190455
1267,8.335767580856292
1063,8.106723181310917
10,7.792330698709321
7,7.783272378046212
1230,7.6438312106921655
229,7.63129385047383
1197,7.18828846807319
