item_id,predicted_score
1473,12.824192282450422
382,12.547498054973886
140,12.542508261952669
1433,12.262724997296715
961,11.787799805632242
1677,11.597847296823403
336,11.532579713274378
1108,11.057980905598226
1406,10.994933878930915
1509,10.788892755592608
