item_id,predicted_score
1031,3.4163863039961884
733,3.2042517813697096
1010,3.175507271989412
1634,3.161702034678446
862,3.062007284858465
1149,3.058643180436901
1001,2.9043009442676886
978,2.7796148416527116
408,2.7678715623471035
1636,2.7343723211328363
