item_id,predicted_score
10,6.190957133738694
7,5.592784786255706
57,5.542345290342375
887,5.222879132852263
355,5.162694139185776
681,4.9624396703431355
822,4.827474435809984
1228,4.788390115469528
279,4.78205217305854
364,4.746496756979799
