item_id,predicted_score
1531,7.971048898555575
313,7.114284336400757
886,6.870130271278599
1661,6.800253514304027
889,6.796463670149465
799,6.439730628360014
374,6.4009258014675385
898,6.175079582729634
41,6.050105172393146
538,6.001002438649653
