item_id,predicted_score
632,5.1737419008147425
439,4.799627521281627
1620,4.766759992065747
1319,4.4450811877433996
729,4.298296254752927
739,4.2966647417930925
671,4.063498802073777
1495,3.97368310182102
1172,3.8993465279913972
1100,3.8628416645194954
