item_id,predicted_score
1550,20.629476466761112
990,18.471029690301563
653,18.081821993492447
977,15.833421517749306
491,15.158131049152002
690,14.997678437667624
1062,14.511394543344887
719,14.208958659324235
847,13.403184884195433
421,13.316361299252957
