item_id,predicted_score
653,14.511917680536401
215,14.015168100586168
837,13.942891121794574
1315,13.729136406972556
1062,12.37388656139677
796,12.321333040666033
606,12.2344534771294
1681,12.229060346947655
826,12.201631613715865
9,12.17589358642924
