item_id,predicted_score
822,4.243670812902603
167,3.938254615508165
950,3.9082947976066507
1519,3.866389323917003
603,3.862191345755348
1393,3.8483549544286006
63,3.706358727925774
824,3.651998750781294
1072,3.6503160160324986
1637,3.5990819843394535
