item_id,predicted_score
1021,6.209525858477816
1321,5.861513815446391
363,5.800104069117536
1150,5.782102409018462
598,5.576490100120341
1472,5.388834403153748
13,5.370064317761509
901,5.263534119895098
1161,5.192225933652037
1319,5.167065899180351
