item_id,predicted_score
3,12.278430448513156
336,9.565261138015181
438,9.548415646246058
715,9.417516701985866
402,9.348426032242344
1354,9.312724613328427
445,9.038767467323236
761,8.934854358733183
1511,8.73592127874248
1315,8.5539407412534
