item_id,predicted_score
274,6.797355577451564
799,6.726082435174029
898,6.601682484452714
970,6.381987058915138
1670,6.022933076551426
1366,5.8780508673372305
1040,5.8222074186487855
199,5.791118217667886
354,5.765270518556338
1132,5.758867046423617
