item_id,predicted_score
791,6.329437563641282
1298,6.022701621805018
1670,6.008622293022267
956,5.568513054811575
1199,5.297903063255003
548,5.273864646914485
1267,5.130171445450778
1158,4.976421118387248
533,4.97617264949904
1311,4.973073380712083
