item_id,predicted_score
1351,15.40015593086548
1194,14.445948950852966
761,11.725857779829386
729,11.724528784636982
586,11.476323065920228
626,11.304124701789593
1547,11.202155398896126
31,11.089688045532
1106,11.080989333676388
699,10.84018458059162
