item_id,predicted_score
1242,13.19855206749208
554,12.533689702452966
1162,12.532831832061175
708,11.727418063722293
1123,11.462276193128076
638,11.207001588265605
645,11.10805652265274
887,11.041105810869533
612,10.842125491610709
912,10.784703945938256
