item_id,predicted_score
606,4.164011702539806
1472,3.8562969572330834
1123,3.596201827735051
13,3.289882622624522
1299,3.2482640287827307
1171,3.2260268615640872
780,3.1307888027711686
136,3.09788301805807
1021,3.0675422408684545
1,3.0526817814531295
