item_id,predicted_score
637,6.418520725036156
708,6.3071600108262285
1123,6.165633414870811
1025,5.970627312603703
218,5.679590204313113
554,5.641034454938059
802,5.426768680350957
1244,5.359796903574391
316,5.131445964356475
989,5.049783594590245
