item_id,predicted_score
775,13.922845717281675
628,12.874357251309071
1321,11.096188741605879
575,10.942019184311762
1000,10.923208469438933
283,10.799034398997478
192,10.629512179428392
1656,10.524531011076238
562,10.271438956098349
1004,10.07443309066822
