item_id,predicted_score
708,5.980909056708256
1123,4.896516373586583
887,4.819855385288955
637,4.177989892053175
316,4.055511884400175
1099,4.009159741018127
1011,3.8993410182971093
446,3.7834383296181366
1281,3.705841661587437
1,3.6817814158473623
