item_id,predicted_score
1581,16.226257501771148
780,14.400826437444278
35,13.516110966540056
1638,12.0342256312897
1450,11.988314701461649
235,11.779166740064383
452,11.74012013002813
1357,11.258620681545679
831,11.158912845253477
1529,11.109646149955964
