item_id,predicted_score
288,5.911979015597206
791,5.028660636491575
632,4.791604583201107
1351,4.1855820586729875
1199,4.091128788945254
1497,3.8358617612906745
1391,3.765748540910491
360,3.753970798816115
1572,3.7416698141829694
1107,3.672554300902446
