item_id,predicted_score
1387,15.956432724772204
85,14.73690229407354
1048,14.72418116535945
499,14.260679714015552
1106,14.19500804863884
1439,13.958450471944543
207,13.344943207998512
1032,13.070316657945746
586,12.942255498749347
38,12.773354784911989
