item_id,predicted_score
207,18.72304907786848
1516,17.735865525030555
635,17.697020143387725
1538,17.170842153291716
842,16.70343155026913
1609,16.649874946568445
101,15.957203557244238
369,15.755196708340526
861,15.577342925610319
1269,15.577063311767729
