item_id,predicted_score
635,4.851462936917395
1477,4.6807121424150395
1509,4.540773041887049
1668,4.520034597304072
1287,4.4469426168484825
667,4.42745858722788
1604,4.356172853832624
241,4.157648745887095
933,4.141251604908291
682,4.125621476201128
