item_id,predicted_score
653,13.793454471495348
217,12.086320677437108
1452,11.859551015535825
247,11.819142854450789
525,11.699349459759357
17,11.252236768328514
847,11.183308113617246
522,10.773540409092123
424,10.71803871180606
78,10.636870736127038
