item_id,predicted_score
1153,22.569207564607346
56,19.6275797411619
435,18.373402811015268
566,17.93084463820971
1002,16.746335722308505
822,16.661118987387574
489,16.43136073385114
399,16.139310799696993
738,16.073985498210085
775,16.0576398783116
