item_id,predicted_score
920,11.150392481549492
1420,10.401730378110697
662,10.370769671082131
1648,10.017764094068562
917,9.794490025694312
552,9.679568758459613
1100,8.925317221534893
651,8.859637631931117
326,8.476371025929717
54,8.342254846021818
