item_id,predicted_score
729,7.8719089713157135
439,7.325342363253279
651,7.112257582011474
1100,6.90153911830599
186,6.4158960069749105
1427,6.22838972568593
1648,6.180593619572727
1372,6.139410904934919
1106,5.9000453091979495
735,5.894013233149623
