item_id,predicted_score
669,4.73937569788091
167,4.671815571666962
994,4.571991466558193
531,4.30686560803483
441,4.044959580162408
805,3.984771679815899
408,3.9633565785069442
57,3.937685326132455
562,3.9340997677754013
798,3.9109347721401484
