item_id,predicted_score
119,11.01985248539873
1275,10.264601114873166
880,10.26288680068055
590,10.224899814263079
736,9.933083252651421
503,9.85474530393848
2,9.62163760585878
511,9.17324891289415
266,9.160909202548803
904,9.12415662259076
