item_id,predicted_score
912,7.729312465506775
1242,7.193638614998009
13,6.537644089276095
1161,6.470116048681478
608,6.412595915652003
322,6.401306033333235
550,6.298328752274583
1162,6.257844798069279
1109,6.071408785449231
554,6.033525284891613
