item_id,predicted_score
709,18.647026827774077
198,15.276584865277254
664,14.659506631739536
738,14.31911811628678
1428,13.891773231059489
572,13.423822444601782
428,12.879913414224557
399,12.170993948636724
404,11.919162075065689
1269,11.709778674078791
