item_id,predicted_score
1634,7.325685454562761
733,6.3669312682008385
703,5.503977495719232
1455,5.461451477477095
1149,5.185324786098462
528,5.1221770977381995
1010,5.02195164736192
978,5.007623616441826
586,5.003896926950347
117,4.927246278306107
