item_id,predicted_score
1529,23.028770208417967
682,18.52780271802652
1004,17.791197702199796
1032,15.348760871241122
881,15.322887286246988
425,15.195556418093256
507,15.170185915880417
1454,15.102318019867
535,14.88920108044108
77,14.228771910954473
