item_id,predicted_score
424,17.13991206238497
669,16.344830772117014
1000,15.766943206385118
247,13.43366054107538
861,12.837692392917178
158,12.299066795860643
1656,12.297658828029583
675,12.28068210754979
374,12.102891341870576
178,11.632423543326604
