item_id,predicted_score
949,7.037213367249781
1274,6.906319282241686
115,6.705608992749586
1016,6.6851060003512
186,6.243849717723022
81,6.24331127088564
1332,6.017149837254728
377,5.982575696748817
989,5.9545095265575645
1435,5.6351796271967896
