item_id,predicted_score
797,15.09022096558054
1550,13.236348708793226
1297,12.280957697768581
1212,12.247649836222008
751,12.007281047200161
1665,11.62965751127296
1489,11.59608256774119
911,11.078596074616947
493,11.047296485088673
542,10.999987170451554
