item_id,predicted_score
607,7.31178626232316
598,6.283002868909613
1585,6.182326950254061
218,5.865585570958258
1106,5.839115438356031
439,5.831458462578355
41,5.6874056016417205
981,5.545398639597024
1606,5.4826184669252935
1372,5.474818244805618
