item_id,predicted_score
607,5.236678988538079
1606,5.129908528785771
1585,4.630652825750226
1106,4.380389415427196
41,4.3336166693550835
1372,4.236179760284734
1438,4.229663383847316
685,4.1720739241391005
1268,4.085660623040522
141,4.057250727502057
