item_id,predicted_score
897,13.315379357589933
1406,8.987903453896417
271,8.871271040214767
1311,8.733908479396746
1043,8.635238668213358
1399,8.57316437698373
411,8.502092767338109
45,8.460415763486811
602,8.234711874531005
1238,7.975993424046166
