item_id,predicted_score
1354,15.075768599720028
1016,14.13647800619439
1426,13.744613343537718
3,13.199793557060605
289,12.076988263476895
1539,11.254205746859842
861,10.936517886422628
1249,10.687100545811129
1268,10.66114340022368
878,10.575880813034786
