item_id,predicted_score
1046,7.285110741006789
56,7.095260110126246
63,6.9847092440237555
46,6.768059168541636
1346,6.64271244961948
1519,6.271358742312657
651,6.1879185180051435
565,6.061372670484084
822,6.006139775322558
1513,5.9189122100697045
