item_id,predicted_score
1072,9.40479381103915
462,8.387446585026076
1243,8.311519599900397
1648,8.264005430767337
552,7.500889149827598
1519,7.2156929902205995
729,7.10536256541521
1420,6.753970257398145
738,6.591168872169614
1247,6.526067835485344
