item_id,predicted_score
1584,4.240546747800113
1162,3.891759176432529
1161,3.845890598772681
994,3.8057560381265003
608,3.725983612962514
612,3.6941866150240457
550,3.473198973783954
912,3.3142149344758542
970,3.303874134192675
1363,3.155070351653906
