item_id,predicted_score
578,11.074911285514158
861,10.788278771902073
1222,10.560434813550884
1232,10.51177080837022
279,10.496810379022495
854,9.998990111436719
1677,9.873711017522874
669,9.73829281333363
961,9.735514720100499
571,9.699190524758556
