item_id,predicted_score
1560,3.1610188686702405
727,2.758107279950647
974,2.6976420065847995
1361,2.658722445390878
990,2.219546032953953
264,2.11115062116339
1556,2.081506106551698
246,1.9991091166839547
117,1.9870977564415768
1429,1.9813271394248448
