item_id,predicted_score
283,20.007072200326213
1642,15.4826772344183
775,14.73879038083196
575,14.595824099129828
45,14.255128787226845
247,14.251482630726613
1578,13.985818530400415
1656,13.664402112336806
647,13.463780810218807
871,13.337710642239653
