item_id,predicted_score
1679,12.819586115277612
1062,11.980047705066546
1034,11.647672363545363
1090,11.462372032041879
1527,11.24609507231621
1574,10.992358862400087
13,10.725882837752224
1324,10.267042438113975
1471,10.19451638755461
1379,10.163215520457001
