item_id,predicted_score
294,15.664197717884363
534,13.367162464121776
436,12.206723000260382
398,10.045299942220836
65,10.007523920004925
1474,9.55141670627631
119,9.399105266979237
567,9.119145063732335
1139,8.994608953612723
1578,8.900857558036428
