item_id,predicted_score
1008,12.50492662916566
1013,12.013953992559632
1679,10.765834331093917
952,10.467609922661214
1637,10.337664609394738
906,10.063184657978839
1550,9.716119307219069
1549,9.490427601496418
903,9.481378854193455
1022,9.387301860765211
