item_id,predicted_score
1522,16.07132291394529
1627,14.451532054761344
886,14.189969158166328
626,14.102531691176738
1434,13.948493155243424
1160,13.872341157898031
895,13.773775879033924
336,13.571535622540015
1347,13.323806790909082
1461,13.282049353274827
