item_id,predicted_score
1679,14.119326037348653
612,13.534357557608454
277,12.971660924994005
534,12.205533484716625
1083,12.091881106582031
293,11.571868533655662
990,10.796130031746529
639,10.682405787919718
265,10.66002002637383
719,10.513321893717274
