item_id,predicted_score
15,18.448757815088666
1041,17.571890950017377
1083,15.760151630810165
549,15.750122626032734
68,15.342174368762862
1029,15.22435559228258
1282,15.220478734293906
1019,15.06964707411814
564,14.575746851625022
666,13.761521254595621
