item_id,predicted_score
538,4.171565262589788
199,3.8889797731196953
209,3.809478517993392
871,3.6346103347351195
692,3.6266058647029125
1489,3.4265471204099467
1640,3.292923129390339
905,3.167961934734974
837,3.1561354688104735
100,3.1458933027197182
