item_id,predicted_score
956,7.478502559045525
369,6.812149826637973
970,6.79214454856098
732,6.300662167674091
1199,6.259595832931869
775,6.257092305728177
421,6.206083930106513
1003,6.177553651127737
647,5.950616546715926
1427,5.89662832386217
