item_id,predicted_score
1109,3.3203150590526582
1307,3.303210847369969
1644,3.2803151680820988
250,3.000433852913971
13,2.994850457222179
1655,2.944526631799471
1405,2.9424689489555895
296,2.8694218638338316
640,2.8192476854430613
462,2.818868379251129
