item_id,predicted_score
1571,15.766736006538626
752,15.557379660309858
1000,14.021362444942092
498,12.826449552151278
77,11.474644203445713
1242,11.346037337321247
1537,10.431148475935803
606,10.348407128003487
556,10.10714680298435
1169,9.916124111769268
