item_id,predicted_score
729,8.440666163380856
1648,7.2443991668778285
439,7.145420929115099
1100,5.962968710613471
837,5.745672439583786
1372,5.719895608571145
685,5.638087481983054
917,5.608285445377416
611,5.551440678398309
473,5.536094222239469
