item_id,predicted_score
865,17.198001926649738
1501,15.477133547910249
1511,15.443041144148243
3,14.437839930862712
448,14.377549193394895
1481,14.36436278485269
1519,14.310203608399792
1341,13.461880415197227
707,13.176935924256659
1248,13.17246175913037
