item_id,predicted_score
250,4.307226349656324
206,4.258560403311519
1307,3.8418841965353194
653,3.7809246864220123
208,3.671121546216087
95,3.649117498878113
1648,3.61392233842098
273,3.6063964296324023
925,3.553623271264788
63,3.412156098303273
