item_id,predicted_score
1560,2.9610406218814864
273,2.918608820869946
208,2.862406720227741
696,2.85900244433746
240,2.792072395990719
63,2.6772854078275476
430,2.6760071132091463
175,2.642661764961936
1329,2.6334898984898056
1382,2.5900269333114725
