item_id,predicted_score
209,8.999763227349929
598,8.149235879255754
1150,7.951388481800375
538,7.909484761443901
1321,7.8843421161555565
363,7.7336359156579455
647,7.688516933956552
487,7.4813889614966556
692,7.144114074632017
305,7.026903773732618
