item_id,predicted_score
607,7.5827657609477885
598,7.003059504326395
1306,6.51187968782562
568,6.093275173968612
1374,6.072545921024529
1273,6.010847544348857
1585,6.000411103616016
41,5.992464631958202
1091,5.944758437153614
610,5.864825298381458
