item_id,predicted_score
243,15.346373678845769
669,15.186305139269926
478,15.149163174761895
1549,14.637159367597494
364,14.325647737013544
161,13.662163697708328
922,12.754579418726287
1139,12.27297492394981
1115,11.936217926887704
1312,11.87938199464694
