item_id,predicted_score
1247,6.4393255819239
1072,6.252077494226432
1217,6.017089488934354
1243,6.01683913481052
888,6.001486613858365
907,5.7483409542849975
1519,5.647252807318465
1408,5.543897542292437
1466,5.415179849269491
1377,5.380645247368965
