item_id,predicted_score
838,10.618598135491396
1331,10.46729915143346
737,10.244131378141097
9,9.787451012938739
887,9.451477999362316
167,9.246395773147675
835,9.190920380752566
362,9.023154387544412
695,8.91013239183687
844,8.903367111241373
