item_id,predicted_score
1623,16.31626010899483
425,15.938359627089023
468,14.145640952559155
15,13.823931097265914
1191,13.81594441746179
1357,13.7591636337732
101,13.06159238207394
629,12.630720933346897
816,11.802196251645313
716,11.636848062817942
