item_id,predicted_score
862,4.874469521840807
1001,4.784669428878589
1031,4.691307116225666
1302,4.34328979835519
401,4.221849591455279
274,4.202267451994522
1149,4.198468850004609
978,3.825262287923982
1636,3.6684945277465357
1010,3.663832180833966
