item_id,predicted_score
719,14.9808520857861
1186,13.078638497519961
421,11.773629298039403
977,11.75957203116467
590,11.738896806802373
1679,11.696586435487392
545,11.633854695279942
1247,11.32315789331355
1276,10.940681487916857
412,10.722476225817068
