item_id,predicted_score
1228,8.545003284148
1194,7.2462799607194635
727,7.058838384970311
254,6.578113932433146
1111,6.505739015913239
1616,6.483927771915253
279,6.464332393027941
846,6.432125886027629
640,6.366849026812446
1669,5.988843234337457
