item_id,predicted_score
336,5.301194334226391
57,5.283714005595436
1004,4.820030122417703
1189,4.673116986515885
10,4.495559783472426
1675,4.490195447364181
355,4.404653375740026
242,4.331018725240776
131,4.233805562073884
201,4.063445626691387
