item_id,predicted_score
13,9.826466926085063
1021,8.95657362352597
363,8.684465315997546
1150,8.640817999289592
1472,8.617681460621782
1193,8.2046427109939
598,8.103609213701683
487,8.0859245104611
245,8.064997520994822
1321,8.03262824883388
