item_id,predicted_score
1274,8.086866824590565
1065,7.557328447400404
981,7.468783933615309
614,7.2223055014419595
1016,7.147943275135891
115,6.919528688610638
741,6.813454451467544
1092,6.545356556837352
1136,6.5196440881879205
130,6.506736717555742
