item_id,predicted_score
1045,12.421816721666746
900,12.067070576387373
272,11.476235911614234
744,10.987526807664935
810,10.568602489259643
1115,9.512591025083186
1471,9.465216318738557
884,9.423859116638202
1473,9.392060267449269
1300,9.31918369011785
