item_id,predicted_score
1550,14.769583531240054
1654,12.1401361175584
709,11.955622371155947
1655,11.134995509022483
91,10.959816747824247
232,10.944978310734083
1159,10.431520681145749
1618,10.176857308107195
335,9.798148617862825
1596,9.77040419599186
