item_id,predicted_score
699,5.150610061093619
208,4.573318135060914
1211,4.464160672930678
13,4.402692136984598
323,4.367651789394723
376,4.358661737134284
1411,4.341966596432791
606,4.331622727278092
1299,4.306303128435151
461,4.259260305939824
