item_id,predicted_score
56,7.479445531942623
46,6.889878154150227
1346,6.874058334687925
1046,6.8322903628318885
542,6.143833416928674
565,6.124400382738372
1286,6.108261618814036
1542,5.8107478863998665
888,5.7363860991301
1453,5.735960257668459
