item_id,predicted_score
1321,9.982892195460824
1263,9.132046464770873
299,8.552347026550779
165,8.514051422552246
1194,8.477493347524051
1387,8.327460427018915
1629,8.289388350360191
353,8.266503325976206
557,8.234808477710132
306,8.111920556791418
