item_id,predicted_score
1274,6.376313225363429
1091,6.361130473854087
1237,6.305128138274139
1407,5.509829684532101
1160,5.030064933239965
629,4.968965539728853
967,4.952943183879028
1107,4.839544406686177
1638,4.787278382813742
1269,4.582399279132988
