item_id,predicted_score
1642,16.723290726459876
1304,16.241122735595106
1165,14.52200131891086
132,14.100449835622182
306,13.669486042685309
170,13.514733272779367
1244,12.18402480141329
174,11.594949246324246
273,11.527306160601444
1412,11.223567547549855
