item_id,predicted_score
1228,6.831312311151482
279,6.012372815462132
1111,5.158146780138595
131,5.028808169383187
1194,4.949210689925017
727,4.8909735960280205
682,4.823431317644086
254,4.731926046990947
1051,4.632836924613558
640,4.533089975354646
