item_id,predicted_score
930,14.85333178398448
1454,13.182808143680852
1081,12.907307889063961
491,12.307841287920509
681,10.442078837290378
39,10.040282160340249
291,9.718659351290345
881,9.630009967759456
1325,9.54127031606996
577,9.522014288109846
