item_id,predicted_score
846,7.929403924595603
336,6.620669103219166
687,6.569425471497222
355,6.42154992901003
754,6.2486978071104655
1346,6.047465962330181
842,5.779353060413083
1069,5.764390990919978
1560,5.702848814413931
332,5.675307944724904
