item_id,predicted_score
1228,16.159153765341998
1225,14.895579503581907
320,13.899095888201654
898,13.767353112631312
1161,12.849800463558065
639,12.67736755493799
363,12.263523620512682
603,11.731420110486392
341,11.638283862816198
1655,11.524392172902415
