item_id,predicted_score
559,15.80882525427769
167,15.545560110917389
891,14.870846126567631
1177,14.591605300922739
250,13.331563872803411
143,13.076719701678714
1312,13.030497697225277
823,12.991807837141069
1142,12.823522578371438
484,12.629979004383365
