item_id,predicted_score
626,15.548402523096115
891,13.523042125314642
789,13.182823399969521
1266,12.879128778171998
1273,12.588855311964336
668,12.485972657526187
959,12.310462057436638
657,12.13384154779283
1483,11.549007279739932
1007,11.299150331209084
