item_id,predicted_score
842,16.36846322424936
363,16.174213464501463
1568,14.663350170556754
1252,14.344025102201453
343,14.318549687621136
1428,13.972954242576998
1653,13.729161257547048
999,13.7218093956555
886,13.695408296783011
1324,13.512136687499654
