item_id,predicted_score
1427,6.021387312327944
651,5.2412226432414775
1648,5.093014676538921
235,4.9916068706542855
1102,4.9708557893223295
1158,4.968332807023424
394,4.951996380213148
1100,4.9381670813847345
1063,4.885927474377356
369,4.7848140055867425
