item_id,predicted_score
669,7.446112219836979
667,6.9049013706210625
1247,6.477767159093311
167,6.263906864946429
824,6.108188963249771
798,5.809686482810758
644,5.559925485559148
1525,5.497537574076934
1668,5.355660141936895
998,5.336402182239434
