item_id,predicted_score
1247,4.195670709807647
378,3.7436465970927344
669,3.546209899765007
195,3.3228402172092646
1197,3.303695090040225
1573,3.196420083681411
81,3.1138460267879293
1072,2.9452787710529207
540,2.793682177211299
524,2.790372015711069
