item_id,predicted_score
1021,8.046966246112266
209,7.067818521739253
1525,6.973939036962113
1238,6.947417903216522
242,6.9171800466008815
837,6.874357937638777
1239,6.8202497086508
208,6.786337940135174
1648,6.726933582295923
1439,6.572989198026926
