item_id,predicted_score
208,4.843019002681952
727,4.743855904457169
1560,4.726258917130648
1454,4.57432095967526
696,4.4185033179348085
525,4.385596249625821
1329,4.233590095910703
240,4.173584857989694
175,4.164353552157606
513,4.143211501523977
