item_id,predicted_score
791,3.3685710801244113
956,3.1242597996338786
1296,3.123219452456616
369,3.117104043948838
548,3.065975615607206
1319,2.9598374541916845
1670,2.945569810961717
1199,2.8235102656403104
1676,2.739495421390152
34,2.6920790967717267
