item_id,predicted_score
1247,11.048285621717119
950,10.390954135719383
824,9.786592480041842
167,9.253952399791428
667,9.249411249916093
1668,9.135693564380633
1393,7.838942636567417
1292,7.82649111380848
3,7.801778107330452
1072,7.742432255432972
