item_id,predicted_score
920,8.36745611828807
1135,6.384957191918684
846,6.190922074420851
54,5.884109490761588
1495,5.785092020397333
468,5.766429197950442
1620,5.465637003686033
1585,5.313843847560083
1476,5.26043366851395
1473,5.174411176560706
