item_id,predicted_score
1014,14.689850342434365
508,13.864486371001469
888,13.850306991921187
1353,13.782557301090359
1004,13.321380438125296
604,13.246800662702881
1137,12.791280201226298
770,12.575146557971236
362,11.922647517213395
1332,11.720975889404968
