item_id,predicted_score
702,5.464271054137827
83,5.400874723841013
647,5.3679498709790465
651,5.340179016385663
732,5.339330722713561
369,5.202347206879724
775,5.094559340464891
1003,5.071572012414035
970,5.001485932606544
1427,4.892497750818009
