item_id,predicted_score
1648,6.043235180332472
1158,5.183559938379041
1197,4.998926049116308
1063,4.943047660408762
263,4.828813956249412
262,4.825845133234243
7,4.659007515292412
1332,4.631273232889292
1427,4.385434060360435
1322,4.28292169995397
