item_id,predicted_score
607,8.689424206204691
981,7.771804654972934
1274,7.3691509360600325
685,7.212710314079152
1268,6.9855272874409975
218,6.968255233761418
1438,6.888080162079333
598,6.5373254946657715
1106,6.476767416106616
1372,6.471740409201531
