item_id,predicted_score
10,5.949084065551956
822,5.093565225902502
1490,4.739204539131434
1169,4.557792195596808
1185,4.4932419100918395
147,4.469495240147736
1219,4.329635831463183
279,4.240541255860705
80,4.1897152560430895
1228,4.092337039805352
