item_id,predicted_score
567,14.579472625123564
534,14.542793559214552
1113,13.027234051557995
171,12.913837946583694
462,12.676084309850378
436,12.174110372656225
934,12.162664720808605
722,11.959914076078023
1604,11.645492205098577
1453,11.401300002768881
