item_id,predicted_score
1527,13.696778872079939
565,13.549664590307424
808,13.514199181962143
1655,13.376747764778699
3,13.116725958839478
1238,12.925293247014064
990,12.686346323403562
1501,12.375546193643926
1578,12.342034289803582
1630,12.18940565308631
