item_id,predicted_score
732,4.35062518272979
702,4.295664354093864
956,4.284977686291685
970,4.164412607954455
666,4.151478158423119
1003,4.0807364643522295
1438,4.049125449944982
1442,3.8854929211556013
421,3.842221007004986
647,3.841204854133795
