item_id,predicted_score
583,3.6576445162727675
1109,3.161501386055198
321,2.9934670407115913
737,2.9079105224724593
296,2.848717411829986
1661,2.7281660938900405
362,2.708127975101368
172,2.703747096374669
861,2.6398146882719202
538,2.5917351560374424
