item_id,predicted_score
729,7.120772843585055
1620,6.379688492472933
439,5.966941338263067
1351,5.912302492881975
1472,5.8893507887179135
501,5.842114690649851
657,5.690162720046881
1495,5.459223790946794
1521,5.408201278496479
1465,5.386726079841711
