item_id,predicted_score
651,9.896207345512648
325,7.233003622707892
662,7.197867126108804
1427,6.93825109263308
1494,6.602439998272803
7,6.555382071463782
263,6.356663414550665
1185,6.294177641822048
487,6.035724372189688
80,6.008554876917446
