item_id,predicted_score
1578,12.424817471944877
1330,12.069559294403774
467,11.990992622542134
999,11.589024738405833
1677,11.379019405984149
1404,10.941944035033895
138,10.692857421387115
1487,10.515418633866716
1436,10.428561926556078
497,10.323218857946282
