item_id,predicted_score
738,15.649646452763992
1537,11.907077696891069
1515,11.60468958892379
1016,11.227067651838173
355,10.469580229859087
901,9.895311061014414
808,9.534528578514642
1379,9.380954236530624
612,8.786176059829796
1153,8.50960294409181
