item_id,predicted_score
1021,5.745613012142968
422,5.299943091560498
1472,5.119353169655508
780,4.907831763265463
376,4.884756549198935
392,4.828645046380666
1161,4.534495498864634
1171,4.269613267572916
1321,4.076605464237765
241,4.042117715981766
