item_id,predicted_score
729,6.449637331004232
288,5.725773803241703
1172,5.538306634411148
1427,5.252168180061352
949,5.206980675295428
439,4.9812527788456675
186,4.973868214087797
316,4.595549363781436
235,4.560410654062279
109,4.500310057113914
