item_id,predicted_score
739,8.621899238377864
568,8.198076437715569
1606,7.735556035443667
632,7.611303058756328
1403,7.549140583142748
940,7.418072561433189
1296,7.212310515278017
1319,7.065947224643826
1430,6.917666205783851
1278,6.907146215522372
