item_id,predicted_score
1021,6.098763315494711
1472,5.996098184325251
606,5.26052537484959
780,4.9989379279217605
376,4.99545914352208
1299,4.9380947352989635
1171,4.918173900091685
13,4.782256052853698
363,4.762011556004501
1193,4.716423470160919
