item_id,predicted_score
990,14.024586908624912
1238,13.881058065803533
537,13.446228028094435
387,13.019123102331426
1679,12.99044169392867
186,12.95775996579201
981,12.384767636355217
207,12.32466408463506
23,12.162283082202663
870,12.153765653659732
