item_id,predicted_score
1403,4.255722357900381
791,4.039255284368778
1220,3.9694274161437795
1670,3.90485074851351
548,3.900510241530648
745,3.7974100021967514
1641,3.792909865080023
1604,3.7210124766727883
1051,3.678351222142478
1443,3.645294259120942
