item_id,predicted_score
733,6.02899767912397
716,5.812684114254502
1010,5.771324140276373
1297,5.693472378588316
862,5.572369096401364
36,5.342269999578141
1273,5.339120692400694
1433,5.285220403000501
357,5.1906593522549915
1631,5.079822291386833
