item_id,predicted_score
846,5.729475631228325
336,5.691784210863003
1228,5.661901768593377
1194,5.2422826815383
355,5.13179860519545
687,4.7903473934784815
754,4.775250261603074
1641,4.7731311042337214
1669,4.7669130071409604
897,4.756492150175579
