item_id,predicted_score
336,6.820984907241981
531,6.071158590282867
549,5.943313672092692
897,5.88264009874571
638,5.472022927538281
167,5.406961759832415
907,5.209739797365194
700,5.09461962137309
311,5.093582783809772
201,4.986622669719786
