item_id,predicted_score
538,7.172976906906249
199,6.732004924620795
826,5.300730474878346
583,5.293802290003496
353,5.117007536910689
905,5.100293650687035
861,5.077320800748664
1511,4.9837879714937445
41,4.933053517009069
1124,4.928578085739921
