item_id,predicted_score
1073,10.530355710855785
274,9.314235952998146
862,8.671896513375774
970,8.529174347656568
706,8.26405471927189
257,8.2348130412393
1255,7.993351079684026
1001,7.910170249001331
820,7.51476051747463
826,7.392191346756846
