item_id,predicted_score
1361,4.306202904115267
1560,4.225526169798201
974,3.379767340698276
341,3.2579809146676584
209,3.1942350827539308
727,3.1699891574813446
44,3.063174598622472
1221,3.018885618337204
1167,3.006509016569164
1429,2.9795428873178382
