item_id,predicted_score
1509,5.29284932152143
531,4.6577200760496815
134,4.59838007207009
807,4.597486916882989
1604,4.469952478288626
1086,3.929669001046736
1154,3.8731867133733013
1284,3.870602175839613
669,3.856164240528686
798,3.831090988726335
