item_id,predicted_score
13,8.09542998230496
1109,6.8766269482385365
1644,6.640526995620498
723,6.5881471223362
172,6.568326656139234
989,6.519423114056382
905,6.24893315520271
296,6.238790676328545
583,6.15882652406183
258,6.00471757755262
