item_id,predicted_score
626,11.741798304765188
1053,11.664097938028409
959,11.336594942034628
387,10.680512176229344
1541,10.665523175811312
1284,10.519581748345606
218,9.933661830583736
1538,9.752078681350714
1642,9.713348379638676
1004,9.25776284938856
