item_id,predicted_score
974,6.1778419384635095
770,5.590763937321629
1237,5.437940463521103
990,5.292443667423075
1668,5.184964711351476
393,5.161031399502818
761,4.989148062817833
207,4.585569922470145
440,4.529513294038852
1346,4.481849439396207
