item_id,predicted_score
1199,3.3232858285231184
791,2.9497565521858236
1438,2.8859556599447207
949,2.736577770075564
1175,2.6970408109729016
970,2.675186877435176
1274,2.5836855882957765
369,2.4072514597263304
666,2.3231731608760424
421,2.3026460599693284
