item_id,predicted_score
1127,13.533675987364681
301,12.549089573589333
272,11.704534436212677
1058,11.62501295629601
694,11.081969114756486
979,10.872753079507815
579,10.497171399390439
1602,10.48752579955627
824,10.3403637858104
1204,10.3167441061085
