item_id,predicted_score
1615,14.85008919919761
534,13.205491725836602
514,12.754746400634307
301,12.392805787299952
108,12.292502813194755
897,12.249253185035387
1263,12.231408809510496
996,12.141982418758749
1051,11.936265570183432
958,11.92090409888657
