item_id,predicted_score
1574,16.514291162663934
1300,16.342294335417144
1165,15.715623463357069
1312,15.677211440702425
1086,14.995305138180282
937,14.587889611733718
813,14.112714823938695
590,14.065513970478312
14,13.83953294829536
826,13.26162497398518
