item_id,predicted_score
288,2.1894618941534474
729,2.1320364024855403
439,2.025742458869545
1172,1.8383964516729991
949,1.7745751983807492
598,1.687367669189693
1274,1.5583182427964046
1106,1.4978780214346947
316,1.469782749748515
218,1.4487530692961597
