item_id,predicted_score
1247,2.829468778363319
950,2.15959839360218
1016,1.8895595612677323
1072,1.8088570645620947
669,1.7777177842898282
722,1.7684397210507665
824,1.7062335579767391
1243,1.7009815966204245
667,1.6979759082056467
1127,1.609801134305496
