item_id,predicted_score
729,4.494215780660213
439,4.16335165503105
288,4.151212851232621
1172,3.8461836311967352
949,3.4365168000262774
1427,3.296025357110644
1100,3.173038226929341
186,3.154355987565939
316,3.113265611141675
607,3.0001015763389063
