item_id,predicted_score
1353,21.933593465030302
340,20.74603014906659
1609,16.878180028846344
971,16.31367570601804
1249,15.966383062275664
1426,15.859284184880401
468,15.633027554386718
1636,14.58290618867042
57,14.360206253122671
1301,14.293401505474675
