item_id,predicted_score
1604,4.688996939112382
1128,3.6663933977218632
1199,3.5779120230415202
1160,3.515925804142596
669,3.4601584770775573
1274,3.4582061363336325
84,3.412362195942448
123,3.3898239169083944
629,3.3590670126276905
791,3.29511715409513
