item_id,predicted_score
1427,7.396662442311856
651,6.3886380021319145
1158,6.217727687320672
369,5.9605332191070435
235,5.937722464640259
263,5.655115170384922
1648,5.5231820827601625
1494,5.4413627269146945
1100,5.3604013837258355
1662,5.358428652833935
