item_id,predicted_score
1158,7.041721504380345
1197,6.985175916409198
1332,6.346506702014304
956,5.998334409094176
1573,5.770107792903599
1199,5.570839974147848
1522,5.460722933680335
732,5.456683478017802
235,5.367265142877059
1003,5.190586349261994
