item_id,predicted_score
1585,7.294750198493684
920,7.041012305142819
1453,6.762526650747384
1564,6.5293322027926175
439,6.4508175250299775
41,6.4092593147310435
1106,6.081452554832612
917,6.034160756235961
1100,5.897042859851126
1372,5.890172578970922
