item_id,predicted_score
208,5.513751085321871
1151,5.014076488940101
838,4.430260586770389
696,4.380431552945332
629,4.1472863771708655
323,4.129925829374545
737,4.11970950552201
925,4.0319709493277855
362,4.009792731512938
724,3.915959735347648
