item_id,predicted_score
1096,14.750468419856436
1308,13.264185240084853
1414,12.315683725129935
1616,12.157084495855809
1199,11.851595076931922
419,11.774440101198111
377,11.48912352858735
1461,11.368692716651953
439,10.730433061897301
48,10.72205432869367
