item_id,predicted_score
1031,3.363604206283619
591,2.9253804257616585
965,2.8807372722012934
1636,2.7234995160046207
189,2.690071953008455
1010,2.6769392816526127
710,2.6716248376045355
915,2.6470417714708967
673,2.6308901757457193
1661,2.6013873347616774
