item_id,predicted_score
1411,13.848472261816255
1227,12.732181392264497
1383,12.45109948432559
1322,12.29372684094979
294,12.167782289097245
934,12.003944534802647
1045,11.448454416167417
1630,10.662407428710866
1032,10.598853261492117
534,10.51374900990737
