item_id,predicted_score
369,7.2075738949683785
1427,6.93652962005661
956,6.243622394464765
970,6.086022025391293
647,5.664495791458578
1438,5.450500027413545
1296,5.404697991964383
1319,5.294863735782099
775,5.291044249209228
1175,5.239600326537259
