item_id,predicted_score
727,5.350010550795568
1560,4.95220481227049
1361,4.554716283788653
974,4.1506338422506674
264,3.97169138191906
751,3.955521480200463
607,3.694803685031395
468,3.6642829331481845
36,3.6334443583689424
1454,3.5956054211829946
