item_id,predicted_score
1306,6.663522233362373
888,5.604266213668458
596,5.430752777015478
907,5.34385399233643
1423,5.086867489747728
1217,5.0321745304805034
1374,4.842442694888774
1157,4.797734945169769
879,4.788328438976438
838,4.696328024184026
