item_id,predicted_score
279,10.94436160425061
1228,10.55619353526161
131,9.894174489349755
57,9.763229685526337
1051,9.472670194261335
10,9.385373602249967
355,8.603653844659563
616,8.489983026780894
1443,8.316025662716461
933,8.107625963466829
