item_id,predicted_score
1106,14.970507449638935
1515,14.716011006729536
1194,14.466608204330791
743,12.729572873521914
1439,11.830260038472485
327,11.79236883528571
343,11.692272800548363
224,11.464296014888344
90,11.42258217016483
243,11.102127641235569
