item_id,predicted_score
1398,14.485279457418558
387,12.188935948415082
184,12.055630376891974
930,11.950258614506772
1390,11.871300635831854
382,11.720167352762266
247,11.547090068188776
578,11.029581027340805
1679,11.026006187350099
1325,10.410219906302128
