item_id,predicted_score
538,6.0853346797231325
1319,5.497370710995151
1511,5.284669256217878
861,5.274230792288812
598,4.774502225206244
211,4.743162551508211
353,4.476741325004104
245,4.463434011025156
1109,4.439183692423329
1321,4.422723266950938
