item_id,predicted_score
91,14.58318372226039
1618,14.463276073322895
1161,12.910613258062162
192,12.902252208360638
283,12.78217623718872
266,12.219440269546606
243,12.126912588675474
1404,11.567243299124101
119,11.41634932177304
1527,11.30927886927687
