item_id,predicted_score
1032,17.9020628119735
243,15.653221362299673
1321,14.39362496862247
1670,13.303339919199068
726,12.503519317748115
1332,12.352603340420657
1322,12.176793643193335
1119,12.166227919218667
400,12.16429140344108
1048,11.818528432832045
