item_id,predicted_score
1319,4.291722759152444
1620,4.252733031326077
920,4.228449674940915
1523,4.110918444534737
632,3.730796631256393
657,3.6042575996974815
1100,3.55499314848436
1495,3.5090674526684316
213,3.4763670844677694
689,3.4577256846847964
