item_id,predicted_score
1216,13.009216992323127
38,10.471722020285773
445,10.392624306195367
891,10.384038316251534
590,10.358247043361127
1379,10.28070632165792
386,10.239600285606024
1247,9.678571581106805
9,9.583938838673603
742,9.429135980316484
