item_id,predicted_score
167,8.107786584253736
1072,7.851025908437458
822,7.642998880325534
1637,6.944139999461845
10,6.823845415628545
1189,6.791804820743983
1519,6.653389243803292
1420,6.555609193432269
950,6.532943537993404
824,6.4925234662395015
