item_id,predicted_score
1228,11.548908382732346
782,11.115104384797323
699,11.088267684272205
926,10.760747462793285
593,10.483438685858282
1623,10.29702328681341
981,9.451692517616396
89,9.412233320471952
966,9.170331846707642
178,9.128380940937143
