item_id,predicted_score
336,9.220596638260858
167,8.25301891924278
897,7.40455021094142
824,7.089505965046725
531,6.8100338069815285
549,6.656879982673229
355,6.641690058680319
201,6.64097599886898
638,6.612362112868374
279,6.606312174386198
