item_id,predicted_score
167,5.748882149360745
336,4.849959886675891
824,4.81794642266213
448,4.471950402717792
1247,4.370183067468407
531,4.264235059949593
3,4.18454765968471
638,4.17069503406579
1072,4.140338872994446
1189,4.121738065333068
