item_id,predicted_score
669,11.658887164288307
1274,11.104301107992661
1237,10.830017649481347
123,10.151721077719701
81,10.080439091306072
1441,9.567054107790664
1160,9.338516665282134
378,9.282115809078869
1199,8.890606480749115
629,8.62321916257536
