item_id,predicted_score
1048,13.032705025888568
1637,12.063424900138124
931,11.59610512381435
1000,10.975589451927846
1496,10.911294130644883
1652,10.263418849095522
468,10.144598711349786
1426,10.102524802771871
1589,9.877617468996135
428,9.852493140394143
