item_id,predicted_score
996,15.89479992216519
1044,15.656948464654702
657,15.342652185917327
425,15.075822562212089
774,13.839464453585192
988,13.79508259558395
731,13.596464654761554
1629,13.477015230594137
453,12.871469155545656
1128,12.68486736138593
