item_id,predicted_score
1427,5.2408943525254035
1100,4.548911879268427
651,4.345978605910486
439,4.198882161671272
729,4.163910023281757
1464,4.116152778342687
369,4.098170691516246
1172,4.0839361940445436
1662,3.5499700646342753
480,3.4962348551410822
