item_id,predicted_score
383,10.472899853520953
1570,9.989048929891748
1120,9.664719221339489
627,8.69547774701934
1252,8.56089018697162
983,8.448479267933184
1082,8.387873424871438
1428,8.296110086338386
954,8.033404002813437
898,7.949691547666631
