item_id,predicted_score
888,7.045621892753404
1217,6.260892698409037
468,6.178327087048444
907,5.970178613632188
1306,5.752241683726629
1135,5.715930158591378
1466,5.558279241632182
1423,5.3871118994590645
336,4.943853296171536
717,4.934555161674874
