item_id,predicted_score
729,14.138659459425087
1511,13.419395507444062
1044,13.089555294487699
701,12.298214888060437
1614,12.029764460446346
1351,11.828922552233507
5,11.750601734276096
1388,11.386475712425678
903,11.114323028916658
450,11.109627365594742
