item_id,predicted_score
424,15.534123124560356
995,14.872811919759755
224,13.132467391792606
787,11.946705020045377
374,11.838811348760025
1413,11.236780389172893
606,11.16740427832491
434,10.691290425932374
1251,10.31022876266119
139,10.243417428056325
