item_id,predicted_score
949,6.568604613036488
1274,6.319821865073816
1438,5.960443256022385
115,5.70343673292238
1136,5.679934932881314
702,5.668855016041042
666,5.266114072552393
1065,5.1718974607933434
732,5.170769750294454
1662,5.016032982486552
