item_id,predicted_score
517,12.064843400195569
1637,11.642122846389142
1125,9.854878265783162
1652,9.434144841346729
1550,9.399636008634173
62,8.897042354890774
1387,8.822149711929615
1581,8.791577924179927
1529,8.578003629924511
858,8.322103243929448
