item_id,predicted_score
1237,5.569008316995212
30,4.994824772505535
1374,4.820064407956903
981,4.720541181423732
1217,4.703203141898204
591,4.661599151912601
1125,4.609009046060176
1274,4.509238150649476
505,4.48838373856543
1247,4.477357585485349
