item_id,predicted_score
651,3.9979620960128432
702,3.3259404354832536
741,3.218036067841846
83,3.0835770323984577
325,3.04730066679943
377,2.8928360589065
1046,2.8905946027763174
1065,2.873044581334552
100,2.737637061184635
647,2.7253798464932446
