item_id,predicted_score
56,3.5540388951182247
666,3.3950428233572065
331,3.2348184808846283
614,3.1929648425284483
768,3.0279027296475767
1509,2.996404823363451
1535,2.9317387663549748
1094,2.831412304322161
645,2.809321759713311
1154,2.7345849717166235
