item_id,predicted_score
828,14.734619919822766
1322,14.14411495619131
1398,13.449811682236192
1503,13.445121060524801
1103,12.667526290451443
438,12.005369403996838
1330,11.328645432811845
1421,11.063557318728623
1045,11.060591363878311
1614,10.790134186245586
