item_id,predicted_score
1057,10.839224167061055
389,10.25435031351714
1115,10.2073987368071
167,10.051879836255939
1551,9.145356624860021
242,9.107467930327873
89,9.081331035666995
1620,8.987356197017814
325,8.944720330850652
959,8.925090746871179
