item_id,predicted_score
1021,4.820276128133009
1307,4.576594499430254
286,4.564338019277839
95,4.335639119455478
208,4.3107071795647975
167,4.235082359637338
780,4.216441128082671
143,3.9265976360996717
1089,3.8533410002560986
858,3.794143788450712
