item_id,predicted_score
625,13.466786350971168
355,12.870920272489977
1067,12.787863806517805
331,12.571077971548517
622,12.526205726441885
553,12.498423966405795
437,12.394643517835451
401,12.184333142943725
1394,12.141064457291375
418,11.935223853169026
