item_id,predicted_score
377,7.4239524664803
741,6.927192002448039
115,6.906534823782285
702,6.382570664630925
241,6.115580150379072
1065,6.083286681076171
1442,6.069998491890544
732,6.0600399069027135
1136,5.798027261576855
1332,5.743869122111872
