item_id,predicted_score
40,12.558248013390356
965,12.50093970737479
156,12.23033712745438
1550,11.829118829534865
709,11.772919022513163
664,11.549061263508829
384,11.536058327957509
981,11.436997612876535
198,10.958560327338825
119,10.8400790847986
