item_id,predicted_score
627,16.514257369877583
288,13.269738653415875
1428,12.684617162970298
1640,12.61314376742776
797,12.375625971913848
26,12.118612240812345
150,11.937131218904346
614,11.833661741704084
1128,11.769700133448163
437,11.46707754372066
