item_id,predicted_score
1521,14.384001814745929
954,13.994807448358415
863,13.889926926413555
1570,12.547126184410072
635,11.561027762641856
1670,11.138482012869812
1414,11.086063323468636
959,10.962645685013662
666,10.689813519941328
1316,10.392368788497201
