item_id,predicted_score
1228,15.678178204311076
904,13.614163616375421
10,12.595502627157664
1485,12.40573510949265
170,12.357226432739111
531,12.055639131090832
1437,11.85892753283272
45,11.553910051757201
926,11.441742006051069
1572,11.163780558489337
