item_id,predicted_score
1004,18.834400826819138
243,16.348212583062857
640,16.130395840168962
168,15.388450922044509
82,15.192817597551299
179,15.07945922493006
1617,13.730562748915723
874,13.479534266582249
1321,13.357204323727473
1063,13.07695914736107
