item_id,predicted_score
1247,13.704641713202125
1252,13.654567964469486
793,13.284458263315416
1186,13.122846345498747
477,12.702213238605772
1034,12.468065633250074
1369,12.306601001006555
586,12.226812897232541
1269,12.170397154111093
1473,12.127826657415088
