item_id,predicted_score
699,10.85463645718431
1,8.98485617248347
802,8.523946964596764
1138,8.352033934300833
131,8.246763230830977
57,8.22711251109344
1272,8.092489214326026
904,8.006603094400306
1531,8.005624590527015
511,7.949802093814603
