item_id,predicted_score
1091,6.757931746572677
1237,5.722140950864741
30,4.893520535571176
1125,4.770540658835902
1247,4.527514908159584
591,4.502050865417686
505,4.49980614665915
787,4.468848016515015
1353,4.390410246322856
462,4.3552837102122455
