item_id,predicted_score
1453,4.928894479465887
888,4.6331524881083785
1519,4.281970875103602
717,4.122502739472311
175,4.042417731435673
46,3.9848334488959525
1585,3.976078345747681
1217,3.9432936218999464
468,3.943119050721658
1564,3.891376628329317
