item_id,predicted_score
1509,9.51928144967314
288,7.673677897525069
559,7.567874779816979
973,7.5292789267604086
1471,7.462886351480559
299,7.42017925787341
731,7.41149671508359
998,7.37805989644581
361,7.344459666195984
719,7.316474190056994
