item_id,predicted_score
13,8.153782133011191
1644,7.101343498660562
1109,6.769551065289158
1655,6.661247389027297
323,6.268003043006551
208,6.083923809436078
605,5.897730714276571
1193,5.796172832250022
296,5.781690841030887
245,5.737947224341164
