item_id,predicted_score
217,15.043310306488273
468,14.785359873831428
1004,13.57904615223936
1496,13.235572889587129
1301,12.935119742524408
1048,12.569201759793966
1080,11.363399148191839
442,10.99804771050809
1000,10.885043202070122
173,10.8347662794309
