item_id,predicted_score
1228,11.747648255799692
163,11.35074226260111
22,10.86510881728534
560,9.951137808946878
218,9.877460610331129
223,9.664256001766901
56,9.284580039526835
1679,9.264196498523702
981,8.932443189844435
1002,8.685902096871752
