item_id,predicted_score
1604,11.488077606982767
1443,9.306594825382705
912,8.872402225883592
1128,8.507252609956502
956,8.356429663011667
1199,8.335682547462204
791,8.160829696103809
1298,8.08180551874065
1008,7.9330417107427715
476,7.858077911405505
