item_id,predicted_score
842,4.986059846956451
846,4.856920689650613
1403,4.820030745074331
1641,4.625909547316437
568,4.4651051034566205
920,4.427560636702718
213,4.3624007009222465
739,4.192055471564618
1523,4.1675417518284625
352,4.143870578755894
