item_id,predicted_score
1571,14.526090827816368
1273,12.900366975213613
1051,11.843646984436896
167,11.751400211870669
668,11.524330035660496
1076,11.332542402452729
299,10.95252561472017
937,10.9317442124138
877,10.206256074107067
590,10.04782892875494
