item_id,predicted_score
277,4.24477237381329
606,4.185906285225438
1089,4.11379344184302
457,4.016125883399543
167,3.8996497821563656
827,3.7106735516913325
906,3.6502152722969705
1521,3.6185912977118364
1529,3.6157897121004545
780,3.6000727778498374
