item_id,predicted_score
1616,11.069646132606845
826,11.027514470475152
759,11.005851707073097
585,10.646808903109665
669,10.50665716551219
169,10.417200333404603
415,10.320391846046181
1104,9.804482396403737
1300,9.546592199609453
306,9.057766303090428
