item_id,predicted_score
222,12.853077453334556
884,11.460698294112447
757,11.2503224995345
1398,11.198228209072507
741,11.103449084276352
283,10.624168513182507
212,10.604399417134248
189,10.555750442441443
1401,10.539598087145732
389,10.478348495571126
