item_id,predicted_score
1472,7.019394080016082
1171,6.806709287982061
606,6.731422803948538
1301,6.722996863942223
780,6.693849934142821
1022,6.407067765189069
699,6.128153299686273
1138,6.076473867978386
376,5.985083099392828
1305,5.873089852521126
