item_id,predicted_score
733,6.469097698807428
716,5.624088930352215
959,5.337892888645458
1634,5.076094661436614
246,5.0430112789233466
1491,5.042388129426977
1529,4.920332504067827
1273,4.830720127474695
1010,4.796312869063046
256,4.617310001436773
