item_id,predicted_score
888,9.1172840596189
1519,8.088747928251482
1453,8.048436529241325
1217,7.699992274845896
468,7.58314724895843
717,7.570562266730162
1466,7.561760137526595
738,7.164671451230128
1420,7.090703905005211
1423,7.060711910315766
