item_id,predicted_score
912,6.035783751674309
13,5.828983171132427
1109,5.772672639806238
1242,5.625991565988761
322,5.132763082731468
989,4.9311465429133765
1123,4.927761956407119
887,4.831077672866233
446,4.754034606629077
608,4.641768631335392
