item_id,predicted_score
1001,7.154584545573044
862,6.598255685864945
1668,6.377339827213943
974,6.334829265756337
1634,6.219008567400326
1255,5.971777046822787
257,5.752678088770186
990,5.669151278989629
1149,5.632762180197649
53,5.555947412140846
