item_id,predicted_score
651,2.840536489304747
1046,2.5096157112807695
1346,2.443335189469334
1228,2.3365252336839317
1111,2.129953711638338
565,2.100823572944326
1223,2.0271649164262637
46,1.987889885552088
83,1.957981098360597
325,1.9566171422300254
