item_id,predicted_score
669,3.8339309924226948
531,3.311446408632878
134,2.986648925723587
798,2.87056235485144
1431,2.825861064301123
807,2.8054344325393497
1509,2.7873420160872997
667,2.7408672168962136
408,2.6952212219757157
414,2.6499981772881402
