item_id,predicted_score
990,12.219795510217624
340,11.42750837332046
880,10.976878038481399
40,10.481046589371555
951,10.003504318536496
1527,9.922144736883258
653,9.765984991096712
1054,9.75093646936518
1430,9.742732582279437
1551,9.330301577974724
