item_id,predicted_score
1247,4.7670202929138386
1197,4.54291205800784
377,4.398414358943216
23,4.169869254013067
1016,4.041945719581743
950,4.035854729193541
1332,3.872934475528654
1158,3.826624195245382
241,3.7319927205604397
378,3.7247741075217826
