item_id,predicted_score
41,6.665736929214068
862,6.266112362484952
965,6.148922095465322
199,6.112982296992792
826,6.109513606258772
1378,6.100185794878592
72,6.046251353287066
1661,6.035151365024667
500,5.9753268544388325
759,5.970875828419363
