item_id,predicted_score
826,3.850520231033172
861,3.6304329291782236
1445,3.4664499537892173
510,3.070075910191578
608,3.0238119761073965
759,2.877521046813575
423,2.85514165967618
482,2.8320192061241016
34,2.803321039941286
1198,2.722207591889787
