item_id,predicted_score
131,8.302535785982872
1,7.913605096180828
1529,7.912542303227527
468,7.726894246196134
827,7.325078254278533
699,6.998847936199207
1608,6.760612505243653
511,6.549049108763811
1011,6.536456903398345
1671,6.497650911342134
