item_id,predicted_score
1228,5.4471298092499945
1111,4.801589999580005
1346,4.641284451805553
1513,4.551168816249666
355,4.280534134831833
822,4.25962571926173
44,4.124299996119359
1046,4.067114395383246
651,3.990145992917093
727,3.9049566397803743
