item_id,predicted_score
117,4.184019119291849
990,3.7262653532045955
95,3.723424837421575
208,3.6645147056643914
1560,3.6226030723639226
1429,3.4921167052813935
1089,3.3883130302346314
240,3.33816471840403
286,3.3332825720083776
1208,3.312520298380079
