item_id,predicted_score
1509,7.470608938956443
635,6.976632438734402
1477,6.737948589690747
1604,6.6775884736196
667,6.660507812039266
1668,6.63151802472513
331,6.426095014822266
1287,6.290027464801161
1154,6.275259546687617
1094,6.016348323523797
