item_id,predicted_score
1519,6.147835375721987
1217,6.118382990747568
888,5.963131564967886
981,5.915009415915366
1243,5.796918599951342
30,5.664109556076393
1374,5.545276432075571
738,5.539422039382029
1672,5.428394485074333
175,5.360729867369531
