item_id,predicted_score
1400,15.554201845500739
259,14.675566672280237
1238,14.263760355052838
296,14.031434545722622
659,13.745788295689525
944,13.367888261928478
40,13.233684412241736
331,12.570748394168277
16,12.369402104551678
439,12.254253887291219
