item_id,predicted_score
669,5.059279205674452
531,4.786541099318052
441,4.433907262672041
408,4.37501668336852
798,4.046128356081219
1497,3.9211631651738643
1391,3.8075962039990014
1091,3.552734089121251
1302,3.5312894436019975
1280,3.4862637777493832
