item_id,predicted_score
1183,12.791645174137344
747,9.584206551323026
1489,9.464900088707173
425,9.444334013884339
1611,8.81553764313145
467,8.61791700209039
911,8.615086552950189
1274,8.577816542099491
842,8.549527939084538
1057,8.414622562875728
