item_id,predicted_score
949,4.982980452071809
729,4.816865492850744
1274,4.370458575455637
288,4.275069902941614
439,4.196627719460481
1172,4.184267123837465
1427,4.003010752738751
1438,3.9717217214927496
1464,3.5720570173839876
607,3.5277186993558365
