item_id,predicted_score
1330,14.10107369488257
1524,11.926554088286299
1322,11.627304748965923
1398,10.802213300088571
145,10.738051515780715
1511,10.638222408218951
854,10.629540022622002
1232,10.520362133504486
451,10.499207093570208
539,10.48486748841115
