item_id,predicted_score
887,5.036112118134097
708,4.871285999614792
1242,4.769621500766656
1123,4.694449389768351
912,4.330029337814591
446,4.250664109391715
844,4.160973985264996
645,4.076080264863219
568,3.9516747842610576
1162,3.721313902131104
