item_id,predicted_score
586,12.717005359051702
928,12.58738992132465
486,12.182811834754897
275,11.288795288721278
700,10.657770032988418
1062,9.734912683365998
1379,9.548027097103207
1588,9.466378247979021
1308,9.420901259511592
169,9.271503410315558
