item_id,predicted_score
651,7.73619506162952
1346,7.628637492312629
1585,7.398739212338658
1453,7.246977922892031
1606,6.7274722857946205
41,6.581111781857843
917,6.290339961979514
1372,6.2621205801631055
1106,6.1311612878834945
685,6.085458355069466
