item_id,predicted_score
863,11.221636670977123
388,9.91150165106318
1274,8.346106642841175
1399,8.300488299761469
1487,8.217516085310535
1571,8.112728130323568
140,8.0282297340429
1089,8.012219015464563
1041,7.96231617589996
356,7.873887302693896
