item_id,predicted_score
208,5.4666919745623295
1151,4.946722337748601
1439,4.464262360974902
323,4.218250226490141
1211,4.110592881052408
478,4.046172247026753
258,3.9725956891964014
837,3.9618757381550793
858,3.894179350766141
905,3.8902960140019167
