item_id,predicted_score
377,7.553198096753496
741,7.261928050321281
768,6.78676550832417
1228,6.779742589195823
147,6.497297393709747
241,6.394672406594342
368,6.370457122321352
614,6.113677105035554
666,6.101891713171067
1046,6.096350603663788
