item_id,predicted_score
920,7.9253141142841095
187,6.500193300781924
1135,6.3815241807142264
1420,6.123671721923654
882,5.693237170510547
1495,5.512309999065437
1138,5.452460392674733
468,5.448811490984311
1473,5.387594929253583
787,5.3430369673070475
