item_id,predicted_score
1330,18.054249708177583
1677,15.8005827130651
722,12.212154867192835
1406,11.620205840677427
138,11.252256217178068
937,11.04386367169198
246,11.025698550837712
1370,10.650102954365458
601,10.566905112029463
544,10.560928841677747
