item_id,predicted_score
666,10.510947344184284
640,10.195756964249416
1194,9.008973775928194
727,8.98007702188694
56,8.843680677901647
1268,8.594889528883552
1306,8.551905365640375
863,8.4315162026664
1669,8.317307833379441
254,8.285025942854478
