item_id,predicted_score
36,7.112612410195814
1297,6.384954896329508
1531,6.358349198939763
1378,6.136422832474858
751,5.898003974988502
369,5.891260694393895
862,5.867218976139712
1433,5.786332130224567
889,5.7699365130294185
1588,5.623671688413806
