item_id,predicted_score
1628,13.696730155183491
217,13.019678945009863
552,12.481317577626708
1647,12.263843014858239
810,12.044713210436285
1397,12.040893130218816
779,12.03530931691469
1041,11.882566247074015
1503,11.740468835041037
549,11.637385653256404
