item_id,predicted_score
1302,5.91666229536504
1031,5.9033475426735755
401,5.261182474949205
612,5.21082145118418
1001,4.585019024539054
456,4.523206039973998
1149,4.522430884692881
1584,4.511131739807743
1162,4.50093818998176
978,4.394580677933794
