item_id,predicted_score
719,17.781852979858737
873,15.784579607825144
768,15.322517696956169
421,15.295989837264832
1550,14.510719734895295
491,14.192769637608677
1054,13.739900381758833
1081,13.470894296246517
1435,13.446760552411831
543,13.42078318695054
