item_id,predicted_score
1296,7.968011358743729
1021,7.792841514360215
1616,7.61986559315168
1378,7.449657924961351
364,7.260465549521385
1481,7.152542030735068
34,7.116010155760325
1443,7.056676595135062
1051,6.993747208912407
616,6.981379660024161
