item_id,predicted_score
949,4.506925403209233
1427,4.1236529437075
1662,4.001818799065346
1065,3.9483035871000123
1409,3.9022788121869385
732,3.8538373034356743
1332,3.814129720863773
1003,3.7698153437405644
702,3.760705895665957
1274,3.7298531635368617
