item_id,predicted_score
1361,8.1802256870935
1560,8.030682559309398
341,6.891949491463308
44,6.092006521649334
1269,5.941829879933898
1648,5.924734133193238
1504,5.773408117029935
1221,5.722248902453694
175,5.465853787202278
63,5.386394674606841
