item_id,predicted_score
1258,16.02271340951968
735,15.741352866306872
1312,15.523678269446966
1273,15.12595759628657
823,15.113877568335589
254,14.590927920959917
433,14.104100184399293
1632,13.87535958960904
590,13.784266984973456
1623,13.397094786274511
