item_id,predicted_score
336,6.340285699742693
355,5.688080901205239
897,5.470305154716022
846,5.43828258264912
754,5.257919094889103
1513,5.239191175202949
1228,5.082970834273294
56,5.03755748137831
687,5.03467816857221
44,4.886737187965594
