item_id,predicted_score
377,5.894383060192433
989,5.323144393035883
1379,5.120165839323397
1127,5.1162170281079735
1072,5.001259569915847
950,4.9832575757127975
1648,4.9700598906397735
741,4.905533648550842
1243,4.824125018087312
707,4.72894502256426
