item_id,predicted_score
1509,6.018160378105807
531,5.966645660826926
807,5.483837734545715
669,5.454774298595408
667,5.440593380742626
1154,5.06482205089319
1668,5.029780994887344
1247,4.910841243714
824,4.88373476642957
1431,4.829727885312344
