item_id,predicted_score
666,2.5660215630223555
1268,2.5081975709388753
1306,2.3754438950297634
997,2.206980947974412
542,2.1817344782770975
1155,2.1674524918052103
568,2.100611361913539
863,2.0995236995457005
56,2.016194298204056
640,1.9384973730216104
