item_id,predicted_score
1321,8.200032272726872
1319,7.88624400132309
1021,7.734037796629381
598,7.638109395145316
901,7.093146670004421
242,6.9571703472426325
363,6.814897773883528
837,6.641687800477456
647,6.545771033199909
1150,6.485858480296823
