item_id,predicted_score
288,8.743195589902685
1091,7.322386041846516
729,7.2494027510763335
632,6.7009832442559505
598,6.041287700135518
1572,6.021922807856771
1107,5.970101241424618
1237,5.937389519595056
439,5.784038153465985
428,5.410851414020388
