item_id,predicted_score
861,4.566259837617526
826,4.222943008204422
1445,4.0250601966524275
608,4.005089955416971
583,3.8910763192111175
510,3.808770227125816
482,3.6423342937197423
423,3.6199625835397247
642,3.5255410929482647
78,3.4985061280355945
