item_id,predicted_score
1113,14.389401165130158
964,14.08231878878742
559,12.166808593049314
742,11.982779061462761
1190,11.559834718895448
386,11.205500675227626
20,11.173237183617285
300,10.460210273790839
951,10.383240437114466
7,10.240290623740226
