item_id,predicted_score
950,5.815570132590041
1247,5.435191158249978
1379,4.70648546338407
63,4.700716652778807
603,4.645920327389609
1072,4.464222002770267
377,4.426615285516163
822,4.411932324497179
1519,4.347498420175752
1668,4.260361423061741
