item_id,predicted_score
729,9.228750808179013
186,8.262398395611191
1648,7.192546628825972
439,6.489812045690631
1472,5.952464852325622
949,5.859429720512222
1172,5.626402295074364
316,5.507849408805129
462,5.446542330045103
989,5.382389704763129
