item_id,predicted_score
456,16.20337419098439
1013,14.023270567779733
1163,13.635719960229892
251,13.506471359750638
99,12.361679049085204
897,12.341335841315825
1323,12.173231822181258
804,12.14945171491928
1166,12.094096710587039
809,11.93167465036879
