item_id,predicted_score
822,4.202550157753491
651,3.997420626169119
1513,3.509446439804731
10,3.506844427978966
63,3.5039238327623
1185,3.4840917455002134
1046,3.4717026451701583
1111,3.4421007176736382
325,3.4246920392064704
80,3.3168045683322496
