item_id,predicted_score
1614,25.890816067439093
1032,24.15570392990334
1088,20.603603515299277
1113,20.34341680496925
1426,19.944448377625996
934,19.7726922245194
1048,19.21308616706655
524,18.73768107280612
165,18.626446251659196
886,18.02772360643731
