item_id,predicted_score
363,14.412766100476267
1207,13.761596136674969
938,13.667606997292541
1501,13.375632946597982
1008,12.978935660867435
1222,12.72902370291963
335,12.547043552768105
898,12.106824175366874
259,11.929975055729635
1430,11.495592619616623
