item_id,predicted_score
336,9.221220584871933
920,8.12196575225195
57,7.743536028295045
1473,7.6283586957564316
1189,7.498255691446915
167,7.3549133252745635
1476,7.346397276889954
311,7.276974450555617
549,7.275644490911826
242,7.117469659084329
