item_id,predicted_score
1041,11.913302524691805
582,11.857106183274361
1428,11.336119298255689
958,10.863613728592814
1269,10.779460547865531
893,10.69751747610989
779,10.691725073254808
1352,10.416494900255218
1369,9.959275656020974
331,9.784784753544452
