item_id,predicted_score
369,3.998613202327866
1427,3.929804489780966
1319,3.813650512493251
1606,3.63750768545959
1296,3.5901635009122503
651,3.4656823398291183
1430,3.4406899109394664
1481,3.419304132675528
1100,3.4088195701933
407,3.260161193784047
