item_id,predicted_score
1297,6.500037823143497
36,5.978473964728073
1433,5.457028196977558
751,5.092382586101197
862,4.951103905395908
72,4.951001809225186
1293,4.933982952069398
1376,4.905386986136939
404,4.90030038827712
716,4.8585536218069505
