item_id,predicted_score
13,4.5421347827131715
1123,3.8182367270135353
1150,3.6989039451252506
989,3.6648130735056
487,3.6535615920179536
1299,3.6288505859581783
363,3.5841410040684716
400,3.466895972551683
461,3.3946768277085546
606,3.2890936818917584
