item_id,predicted_score
56,4.3440918375575555
1306,4.243500570757701
888,3.926305993668109
1423,3.889643846817959
596,3.8497979257412682
1669,3.60182149364193
897,3.586885334692363
838,3.56084357403913
1345,3.4297238450851526
150,3.381256496803208
