item_id,predicted_score
149,15.426028193512622
311,14.617082880339174
343,13.783717546085956
7,13.724212628729775
1398,13.5662632014967
1122,13.330652061347784
1596,12.830173786509206
1387,11.924230522114199
1545,11.866626660354395
584,11.689336159700845
