item_id,predicted_score
1113,17.490685150469872
1328,15.733595672689997
778,13.84100904018906
1476,13.547978406953531
143,13.144352429148544
82,12.849969536136351
964,12.747518357204283
1190,12.55328017122096
640,12.541428197908335
578,12.481745424328029
