item_id,predicted_score
1509,8.566456160226332
1604,7.659750252992351
1094,7.145133159691342
666,6.944095300372747
1228,6.69528571682616
1227,6.670199728876322
1477,6.3467681050554985
331,6.263342613945181
1287,6.227131843909578
254,6.19238334123631
