item_id,predicted_score
1072,8.430229351877559
167,8.371469539638623
1519,7.235450530827254
1420,6.910717869213376
1637,6.869494231029554
1189,6.850036184785311
824,6.77923631781098
738,6.610657123258662
187,6.579634159060434
1243,6.452916588841226
