item_id,predicted_score
412,11.534750509447555
1301,10.532682408208842
1640,9.912946460966658
891,9.849577293983664
978,9.751630085731314
88,9.587227011820435
227,9.151488818743035
1254,9.007440852719576
1298,8.974019936386904
1655,8.947657895015242
