item_id,predicted_score
369,6.805455155139917
1427,6.649171251528548
1319,6.335272339478899
235,5.865667240213735
1311,5.852945491061485
548,5.78273108822134
1158,5.780056227759713
394,5.766797527773897
1298,5.7472293729336466
956,5.744633515295549
