item_id,predicted_score
1522,16.12147142478986
1182,12.573844071290821
586,11.62251865414438
1404,11.561654313090559
1649,11.519773113175777
243,11.453080646045134
231,11.179678766429031
1319,11.053235000388396
1394,11.036336615921883
477,10.85019657088133
