item_id,predicted_score
1604,5.111753331633309
732,5.040383850365421
956,4.901876703155247
970,4.80922575921475
702,4.741611928447981
912,4.737302617460138
775,4.73058247804653
421,4.673467445242274
1003,4.660410318112433
1380,4.640495126155671
