item_id,predicted_score
1302,3.508828746463387
612,3.4323614814311405
1162,3.301884313008075
554,3.141295561802579
1120,2.937030609807609
401,2.837885703116774
1244,2.73528101281322
776,2.6870070237244756
1242,2.6461201986908587
1584,2.64418807820875
