item_id,predicted_score
81,14.03264091660229
1636,13.204628759192413
1071,12.837131845831916
981,12.54745349663288
1426,12.334553572864355
336,12.274030714711907
578,12.034271854930934
1594,11.797728325246613
132,11.755228893070578
789,11.349233284234348
