item_id,predicted_score
1274,9.01614984390931
949,8.97915340476708
729,7.488229396770811
186,7.243200716403297
288,7.036977363738286
81,6.311411634744938
67,6.080656297868144
115,5.987789608197268
1435,5.903324054928496
1136,5.865298536637527
