item_id,predicted_score
1158,6.568994735355047
1197,6.439426612037781
1063,6.1757800498157325
96,6.1618436677961865
10,5.712194592750121
394,5.600939200554959
1322,5.526477681998035
262,5.428297335062586
235,5.359115853844727
1298,5.3240700561326815
