item_id,predicted_score
1041,18.06898423363166
689,12.616376830839044
941,12.19848568861488
911,12.196337954136961
251,11.75550467817557
467,11.590282879111982
893,11.338524051885338
870,11.321366350385269
650,11.254928104571459
1551,11.212987471246462
