item_id,predicted_score
208,7.157802721691063
1329,6.9839813219625215
696,6.897604032304537
1089,6.416124541873978
240,6.22113931274043
1151,6.204485007787712
37,6.079899665031615
1556,6.055192673918511
39,5.88362093195314
838,5.854251003865095
