item_id,predicted_score
1529,7.729463320373462
887,7.3777671419633695
708,7.297292397621025
1123,7.184472283895589
695,7.009621781788906
298,6.835509557313645
690,5.979334674192713
316,5.850401522108079
1306,5.671894518957041
511,5.646651734404124
