item_id,predicted_score
439,6.308126733950986
920,5.773047166788677
1495,5.446306871456735
1564,5.344883052096594
1472,5.296160411088695
1585,5.292336643477628
1648,5.16933938657415
1639,5.116052649162448
1420,5.027405603844732
473,4.977034833002867
