item_id,predicted_score
1648,8.555012139806468
729,7.309737266579821
1063,7.06660354690313
462,6.964737059480635
994,6.952164524559329
1102,6.936841082302413
1521,6.843879618998132
553,6.843544147171971
501,6.727816391625762
562,6.467298300952967
