item_id,predicted_score
1669,14.87947409135715
1615,14.459736592264424
336,13.207501950299807
1034,12.892024734512177
340,12.534776896205724
81,12.447376926110454
1249,12.36844559305461
1090,11.904666436308979
1679,11.809465257375678
73,11.785407933881507
