item_id,predicted_score
1606,6.255760125074943
1585,6.206753483312218
739,6.129866688968308
41,6.0525597779565095
568,5.496794985435536
1273,5.423328337471398
632,5.247411027096854
1106,5.0507868330705605
846,5.0360997625265025
920,4.9862991535373835
