item_id,predicted_score
538,4.771075258308027
1319,4.649785926875442
1321,4.536623974465983
598,4.313715289729548
209,4.104099619721382
199,4.046988004873709
211,3.8748834448827365
901,3.7884478991089967
1511,3.761955324399867
647,3.6652058317451255
