item_id,predicted_score
1406,11.781687088482267
1621,10.923698744216747
246,10.733504494935971
1178,10.695084490580298
1682,10.193266166184209
1509,10.174758105099862
655,10.115367651085847
1004,9.935209423331669
928,9.920819311435686
756,9.864442982380265
