item_id,predicted_score
179,20.49738839504792
631,17.81285448421996
65,17.11221791237623
1301,16.98835083981982
854,16.914095887517696
694,16.638324617766038
62,15.60800741551763
1501,15.013023376092029
428,14.99022654173391
1193,14.901872020598509
