item_id,predicted_score
1109,5.608837301986783
13,5.475882799864268
1644,5.47296475336493
737,4.872964937288255
323,4.543788669854356
1655,4.538807335956804
296,4.525216311488963
1123,4.313663397400287
844,4.2971856942350986
315,4.283533912001275
