item_id,predicted_score
1560,5.844205839416858
727,5.4809082586324465
974,5.270154986606462
1361,5.091790154714968
513,4.567946405325209
1429,4.489693400521565
990,4.011515860813938
699,3.951570346295943
393,3.7839615792467693
1346,3.766485271161537
