item_id,predicted_score
979,14.043744271585329
22,13.765372753188645
208,13.503460389105443
583,13.016606664417619
397,12.590236744058556
272,12.575021938958658
694,12.568585619929099
123,12.539253148894032
576,12.420095495086683
1100,12.245502094868037
