item_id,predicted_score
1197,7.441260465577286
1298,7.408671367969867
994,7.0379733735656185
1267,6.914481028267261
57,6.796683621792045
1063,6.724776726667555
805,6.656704962692771
280,6.583814713552382
23,6.408349266569681
287,6.141572666880677
