item_id,predicted_score
1242,4.485416924345649
1123,4.155213481624135
708,4.103422571558888
887,4.061503181673755
1162,3.9466021992093756
554,3.936813806749541
645,3.8553644531061186
844,3.7944849978756876
912,3.7787188140675454
638,3.6718982782432246
