item_id,predicted_score
1062,18.39139979622478
1617,14.367602347369798
954,13.623754337399099
1279,13.027856169723815
77,12.855839782196258
1183,12.733733885609595
665,12.533288989276713
1414,12.228048827780452
562,12.160252845421917
364,11.798012580016945
