item_id,predicted_score
1315,13.76176906526916
336,13.273084279569616
684,12.040206215596344
578,11.991027394551203
1499,11.922600754578019
82,11.907450834444022
1604,11.721166079015758
1452,11.619713581432912
1008,11.455311273265728
1306,11.229454740214027
