item_id,predicted_score
1531,7.93806604554038
209,7.438587183977882
886,7.20091997413397
102,7.062144775218752
1132,6.573696917119663
1640,6.497637186214023
692,6.37873534504023
354,6.34198331470594
199,6.276401013260402
799,6.178975530006643
