item_id,predicted_score
715,14.42671772766279
1032,13.89028478800245
1387,13.58551275965348
489,13.326011463680345
192,13.214208977021723
266,12.936196620196394
182,12.397917699284083
455,12.010959323066476
402,11.785878982799321
934,11.700705892181713
