item_id,predicted_score
1322,11.153883194449085
22,10.774832457235577
1581,10.237327598974439
999,10.174253094611885
202,10.06368970652768
974,9.980162928488852
635,9.869880487892884
319,9.796487087721749
728,9.499748177636999
1545,9.473579276084953
