item_id,predicted_score
1640,13.977147772756698
1550,13.054093994257222
279,12.653754016356277
82,12.578462282970028
474,11.958388825497115
1174,11.36173040651346
1222,11.226917076040536
1519,10.538519578252753
1599,10.17810256024129
1483,9.972044716016532
