item_id,predicted_score
208,7.436060333181965
858,5.916509387273695
323,5.678479739416591
1151,5.616076528255961
1089,5.305640785824051
696,5.250735440823866
37,5.14110641438511
1021,5.1218307551502615
606,4.874932394721649
240,4.722768285045573
