item_id,predicted_score
700,17.08611097459724
874,15.892150691523236
690,15.850736471346416
586,15.414238289174579
355,15.398384695239173
401,14.976746895036708
1083,14.911434079270034
682,14.831172044071621
796,14.403749701094853
647,14.0976949432097
