item_id,predicted_score
377,3.6255639614654487
741,3.4308804513050037
768,3.3136225143817044
682,3.2128911079770464
241,3.173167438532732
368,3.1243988132723026
1228,3.0851467255090403
147,3.0681103015073474
331,3.0466775888331403
1477,3.024257059750218
