item_id,predicted_score
508,11.622684277990437
1414,10.999309498517302
1311,10.777184162879411
961,10.257208456691746
1406,9.880265908401078
644,9.604783084367273
522,9.442744440192897
1564,9.149145563957335
1030,9.061509733527357
702,8.963913852524708
