item_id,predicted_score
10,21.089900250908688
1369,18.62584144579956
461,17.726634674940563
1228,16.69240014032804
585,15.722413624076099
603,15.431549208668372
586,15.418688026453182
1182,14.628617735577254
939,14.418319473754408
142,13.436873582432582
