item_id,predicted_score
376,8.837669884709646
699,8.81784411368298
1472,8.161262781285327
1021,7.88270447293898
1171,7.746734125871687
1299,7.458963735605425
606,7.212174528773062
780,7.176907555679087
363,7.065292326598854
1150,6.5282159208546595
