item_id,predicted_score
862,4.293778321079388
1255,4.024062255351331
1378,3.9283113433607713
1001,3.707288017939366
36,3.6736787581174406
751,3.5086721410587396
1433,3.4593925997023396
1297,3.4114069055278446
1588,3.402327854498206
369,3.3116520115476815
