item_id,predicted_score
1481,9.392920206536573
364,8.78500314605385
651,8.465803565538673
1021,8.326712079328512
369,8.132180575001664
35,8.08546981502753
407,7.975845620360362
887,7.75377790145909
1616,7.707120412963893
59,7.540776027718369
