item_id,predicted_score
664,13.670541990625463
701,12.930191589444412
345,12.803014747613044
1637,12.655591338899617
85,11.73993284271727
412,11.60090850919136
207,11.199949597532907
820,11.103314378301988
630,10.982226000370822
1351,10.768928532890722
