item_id,predicted_score
1274,11.987186270897382
949,10.762288580272013
1237,9.62522359521017
81,8.89275904550634
1199,8.867239951656497
729,8.71302240282207
1638,8.60703340497333
67,8.38397361585123
1441,8.293953056001397
186,8.123122887597757
