item_id,predicted_score
1472,4.972180614203542
359,4.512770699076757
1021,4.170108497576949
1161,4.088604002904446
606,4.082438750016678
780,4.0646153041920945
526,3.9768975798661463
1022,3.951028712570523
645,3.9375853974442854
422,3.855224906682565
