item_id,predicted_score
1174,11.242234821949204
7,10.997239774927998
489,10.073783630288311
1090,10.006659853518588
442,9.909769794964742
1210,9.333972201227187
1679,9.146305675698695
1638,9.118250655879494
844,9.083494376558345
1328,8.868120354336954
