item_id,predicted_score
7,7.416412808273245
10,6.947192711507048
1490,6.6552247334527666
147,6.422449263160332
1228,6.369014338401131
279,6.334539748262639
933,6.327533871686788
1169,6.282835772488201
1298,6.077810240180975
912,6.063884749321905
