item_id,predicted_score
302,11.81337052841345
121,10.298599739358542
1174,10.137970645165037
35,9.991929645649382
1201,9.654888361056315
1190,9.649328893834772
1080,9.105575791995726
1619,8.568624815489152
537,8.477173812402569
1509,8.377437112389625
