item_id,predicted_score
322,13.919675990888463
865,13.684276353816099
1092,11.676010720531426
1100,11.2773433408305
1010,11.226382436987846
1183,10.499492826955853
789,10.497555667240078
567,9.971925634315719
66,9.96185724213032
730,9.852390241228122
