item_id,predicted_score
1427,9.517922232728194
1100,8.936416347426993
1319,7.802677720796788
369,7.6748630388587085
651,7.575438718096311
439,6.885101877502542
1102,6.880116126067358
1172,6.8793198909325985
729,6.870532961324589
1648,6.311327641697611
