item_id,predicted_score
1053,13.710137536461588
1010,13.319233451746896
118,12.5560544446871
583,12.54792329361454
928,11.852763185391064
333,11.689185003162494
1048,11.662492362579073
1114,11.192398938921068
389,10.746449819028115
1087,10.67784538226496
