item_id,predicted_score
1616,7.565530638075363
1296,7.355076476054596
568,7.219907670202764
727,6.958784624749874
640,6.901184018331577
1194,6.731304899683583
254,6.610503036149327
1560,6.608672150119666
647,6.469912523244184
679,6.199478221103598
