item_id,predicted_score
846,6.5968500164278705
920,6.446104927507114
355,6.055262116601125
326,5.690659852051641
1346,5.571421670446409
1069,5.551844072726055
336,5.523277184136605
754,5.309339171280286
1513,5.278501897738647
587,5.157914423700135
