item_id,predicted_score
912,5.300605075329335
1242,5.214373191736566
1162,4.9615461288165745
554,4.8890459850191075
608,4.555491639038343
612,4.289249150985108
550,4.094984804221666
1161,4.0297458168334845
638,3.937640051673765
446,3.8889115594752854
