item_id,predicted_score
336,9.088394562773864
355,7.58600295951577
897,7.207969634406859
1228,7.174403274358888
846,7.146041527361231
131,7.096397891509962
279,6.8960046675635605
1051,6.699458816245995
57,6.478953452720582
687,6.401605847418314
