item_id,predicted_score
666,7.239494408945762
702,7.2062713608792235
241,7.060826605583225
377,6.662130339789534
732,6.5183986539906025
1442,6.495896858278894
115,6.379088460336498
682,6.334931919349739
1380,6.217259309557456
933,6.09491051250632
