item_id,predicted_score
887,6.1235296309586165
844,6.015988916389726
645,5.734931633353462
1123,5.604034292780518
1242,5.173975440599746
708,4.991201886062313
194,4.86487500401129
568,4.816038057871523
383,4.610452809185592
606,4.588821646173092
