item_id,predicted_score
729,2.962294986780182
288,2.9397955320859745
1274,2.6995901441410033
1091,2.6275442297820555
186,2.563705889745612
1237,2.5334973921426003
949,2.4320617764772114
598,2.1690685917534216
1107,2.14009607786585
597,2.1305810631233832
