item_id,predicted_score
1427,8.059164716155172
1319,7.263544755719078
1100,7.240843288746582
369,7.127214694386322
651,6.468209228548469
1481,5.818675587660381
1523,5.3444518828448215
1102,5.251212530805907
235,5.1711643646750804
1172,5.142134588678604
