item_id,predicted_score
1351,8.562127206517612
791,8.17286575147291
1391,7.9814995120373835
360,7.548804319721312
749,7.283295480239392
968,7.223832123159166
657,6.940281774261853
994,6.932299714283459
1230,6.868625301421497
1670,6.82615113677197
