item_id,predicted_score
578,15.48906817818835
666,13.095825692488592
138,12.313318725578625
863,11.719451677857512
108,10.978403953317727
911,10.790534035742516
789,10.589950428351202
1274,10.547905677255047
198,10.276455270755724
856,10.229446764774583
