item_id,predicted_score
651,7.9107099403868935
7,7.625424707294406
1427,7.010744379174983
1158,6.777978914701598
96,6.363901476605941
263,6.34584621785413
10,6.191246328325267
1494,6.088000181022792
1197,6.014971568200374
1322,5.964757548594527
