item_id,predicted_score
538,3.935421663209128
598,3.654092675393702
1319,3.4313063269234534
1321,3.4052649341146264
13,3.3359438033389393
837,3.275639418047585
487,3.268196418909678
1511,3.254902289437486
901,3.1510786138990468
605,3.09265696264095
