item_id,predicted_score
1438,7.426700400880608
607,6.73101905163496
666,6.6380505489484
702,6.533959194545716
1268,6.503541261685252
141,6.467525460875883
1065,6.349700134788525
685,6.311983024709328
1606,6.282259311782505
1274,5.966924387953038
