item_id,predicted_score
22,16.236679773760187
198,13.459519837670362
89,13.377981622188432
208,13.220271774219587
1254,12.845156515508865
1516,12.045819558992179
909,11.503142488499478
789,11.426379422110127
560,11.398790904542246
369,11.364941712154822
