item_id,predicted_score
274,8.685779809679284
1001,7.410096396114315
970,6.96488524341825
1305,6.964848526064142
257,6.370731351725594
401,6.211765316958383
1302,6.078064321795955
53,5.971337898864342
1668,5.922294150670414
1012,5.901480258445151
