item_id,predicted_score
1634,6.391845952372005
703,5.433695144767732
781,5.335381383846976
1139,4.8897904141144455
528,4.857116828596695
330,4.7194995762612955
959,4.666402412763285
1063,4.60697935859044
1455,4.575873085651252
1270,4.508827901803435
