item_id,predicted_score
1096,12.822039089757187
974,11.278656579064377
1199,10.754879206161714
202,10.393195474195686
121,9.553641249499726
1201,9.399933881351068
751,9.30301975925644
1667,8.907596010899532
1336,8.848191336178168
945,8.662800919103656
