item_id,predicted_score
1021,5.333335960954289
780,4.96920322268858
286,4.600823291043239
393,4.491944928112028
770,4.328347308587976
117,4.290841539571764
1346,4.20293934244177
990,4.0146982745846165
92,3.8769683186478323
1429,3.8279913625886324
