item_id,predicted_score
861,6.348533155063499
538,6.080173866095468
1109,5.872941183776375
583,5.610116904062926
912,5.547526909406344
1511,5.43150530701308
1319,5.280127742189388
608,5.230120538458703
1363,5.12856413591293
642,5.032954895775269
