item_id,predicted_score
1062,17.70139516213761
82,16.593805856744424
216,14.939967652723483
1452,14.815070306764234
653,14.268860013809423
749,13.891398691997843
424,13.798741955268369
186,13.768216968574503
483,13.682791347290149
462,13.30927693863371
