item_id,predicted_score
1123,5.4793943937304235
606,5.245372975162743
13,4.812811331915085
1,4.807763665098163
1299,4.505717322754952
461,4.488762430216321
316,4.2402413593959425
1411,4.085816830461901
699,4.072325522410361
708,4.036788282802936
