item_id,predicted_score
72,5.949985475670273
862,5.4537694081684975
500,5.149772382643871
1293,5.098326894492851
199,4.9975755519608045
1073,4.948156069581208
1378,4.921668333512574
759,4.792602236190911
1297,4.7910815582485275
1445,4.779953200114065
