item_id,predicted_score
669,6.3717716584125395
441,6.308161927004796
462,5.379752431996199
562,5.32927386269086
1091,5.292618760400789
408,5.209452107379672
378,5.1335864352439495
1247,5.123598904403254
1138,5.074725011531183
531,5.018798456972231
