item_id,predicted_score
729,13.542893200875895
439,12.594603171655315
1620,11.702115784285017
1495,11.58097572750088
1472,10.703051929097063
632,10.643045051286439
598,10.014757967923298
920,9.850310525403014
501,9.467335830594763
1585,9.14913289056451
