item_id,predicted_score
1312,18.2348989407807
1000,16.45007077013593
261,15.616079081949005
1252,14.480171976269899
791,13.69027665475692
854,13.368452683436587
454,12.725099641883233
965,12.685943594005392
1589,12.015046917297239
428,11.875237541310025
