item_id,predicted_score
666,6.531218451033428
1268,6.391879586483478
607,6.244215455013578
1438,5.82860906383052
981,5.534201694414045
1274,5.480431272352713
1306,5.254979973708562
997,5.178754428386909
863,4.826310535477586
1374,4.78514525940087
