item_id,predicted_score
651,10.670193158312827
1346,8.52474608922964
407,7.865412879064525
1481,7.824540501165719
35,7.743422309198962
1616,7.377373818143177
1228,7.18373079589427
83,7.041691906330343
1111,6.617300241027762
364,6.5445671755933
