item_id,predicted_score
202,11.520724102149016
153,10.13730274102275
988,9.959188737190717
606,9.545503251605135
964,9.259934116417362
433,9.154917883842007
227,9.028393693727022
239,9.007418347576836
899,8.77937994864798
1440,8.748723567889545
