item_id,predicted_score
733,3.6483450385179816
915,2.867599595797662
716,2.8600954086189105
1010,2.7464987589249805
78,2.7023194714504415
1455,2.677866083047483
838,2.5863349827400453
1634,2.5761727476377985
725,2.481299743236202
586,2.4466685819881784
