item_id,predicted_score
1053,18.132963796307795
1153,16.2896218655205
367,15.075111645492061
979,15.067989113917495
148,14.927359907022957
1204,14.661450754653789
779,13.736938114096999
733,13.529776286977949
870,13.464658890687197
1362,13.247467862383607
