item_id,predicted_score
1398,14.157269607683011
1319,13.948884749042634
1244,13.05744994540147
363,11.970483803996517
1069,11.967094518670997
1173,11.406401486411719
413,11.314930973806941
377,10.992683194422431
1188,10.810105172164366
873,10.56172943082776
