item_id,predicted_score
1297,9.009973536116462
36,8.24416533311729
1661,8.027842015758281
189,7.927320925228051
1031,7.9224601360309626
1376,7.8240964335000935
965,7.798735156129018
710,7.678931712513549
591,7.584302335145578
1010,7.409980696945512
