item_id,predicted_score
57,7.451659546385452
1230,6.617649070758761
1267,6.571304996568255
1351,6.507506277109765
791,6.217950757946946
394,6.046554345058911
994,6.040522588513433
1670,6.0024450524151005
1391,5.874114880444705
1153,5.870334403212328
