item_id,predicted_score
920,5.707996722606119
651,5.107492541991401
1100,5.078571575952236
1346,4.992753234027403
1606,4.92412761208299
846,4.92137757430846
1585,4.70408704919159
54,4.553227922601753
1560,4.3472816513624855
41,4.331062554803125
