item_id,predicted_score
651,5.59184567684766
681,5.272010551745085
10,5.258798748588314
7,5.009534044118098
920,4.85166210604476
662,4.811274766398689
326,4.696282994111393
39,4.6008365854063245
394,4.516272716332205
887,4.469850430453886
