item_id,predicted_score
1604,5.237956470628744
1509,5.206622847446772
666,4.327756712397744
331,4.3031382312592354
134,4.2903550522198595
807,4.15690302564886
1094,4.129868069612591
1154,4.036202993378492
1160,3.9846039186205977
1535,3.974845899350617
