item_id,predicted_score
1150,4.796873137676069
1472,4.545214758358428
363,4.49851190592537
13,4.357696310275342
1299,4.083519365008579
1021,4.066304501719731
1161,3.993356249302146
487,3.9851500874415744
1321,3.9673489483267335
218,3.9587790595958277
