item_id,predicted_score
799,5.361451645846031
898,5.143184252128977
199,5.053393423598531
826,4.811323685310297
41,4.789716371292416
1378,4.741939457227865
274,4.691173135917217
1366,4.681936059299263
862,4.6290831008992965
538,4.6087545984797815
