item_id,predicted_score
1011,11.042808428364538
36,10.270596882293615
708,10.1611980808833
1305,9.453534510688584
291,9.303313252841367
1636,9.004217738333557
1535,8.729888883156391
1529,8.679392866842942
1302,8.488877528868072
1376,8.31693030218581
