item_id,predicted_score
81,15.615739121859033
1198,14.587135077703886
578,13.758875249496063
1615,12.647737631751395
508,12.549725101809159
336,12.323686556011767
1478,12.155455291275992
821,11.427225333725753
934,10.948301682823441
1511,10.895125155017217
