item_id,predicted_score
1021,6.389483590528307
286,5.827092650231149
780,5.6461055501640915
1307,5.472064311182776
95,5.280519376086892
208,5.075274270928973
117,5.032461558361736
167,4.863424660327582
858,4.859797734083083
143,4.730183461770585
