item_id,predicted_score
981,13.135073122890095
644,13.06180045349337
1254,12.701265726192142
1007,12.340039686625166
1225,11.881061446241945
877,11.412688931539371
1665,11.28901175361482
806,11.276192923290878
1163,11.073094293840517
1438,11.056236285339587
