item_id,predicted_score
651,7.100503147600904
1481,5.296287349021062
83,5.127385070417329
1427,4.970420393369348
7,4.96889356884359
407,4.7499099686737205
369,4.721317279324866
364,4.494174643682809
1494,4.481202620457807
10,4.383174554588606
