item_id,predicted_score
559,15.883666321537303
775,14.9387153023454
701,14.054937349905511
1379,13.22482938077211
361,13.179838187235685
283,12.957888302975064
998,12.393058642137808
166,12.220074989363413
1169,12.200446223099458
871,12.194977512144515
