item_id,predicted_score
386,12.890022947173101
421,12.53825142804017
299,12.02526324019153
1664,11.610718774618372
1128,11.468596947389672
731,11.18842725923131
311,10.81765543595362
12,10.795544138481528
250,10.504391702239204
1574,10.444377190980003
