item_id,predicted_score
651,5.686003143496975
685,4.885758574925176
1065,4.749283220045412
325,4.647643653878502
1092,4.563905809403209
989,4.484674155938114
186,4.425135622352217
729,4.378893739588593
1372,4.37485857807621
63,4.347487485812574
