item_id,predicted_score
1161,5.518467566304565
994,4.945967845831863
1472,4.817901120037149
1590,4.799886885447365
1150,4.743778171629739
218,4.47387111326525
1022,4.441988576156751
684,4.357551085891591
91,4.3224411310910105
275,4.252068934327168
