item_id,predicted_score
651,9.042131482282864
1427,8.550124904581942
702,8.067199806634687
1438,7.982577571726258
1464,7.56230139428257
647,7.203700568471008
1065,7.173800274930706
369,6.916533510632169
141,6.811072644871923
1662,6.785773715720974
