item_id,predicted_score
288,4.903461046170343
791,4.213970848352816
1199,4.2130839025032305
1237,3.9782817713153493
669,3.905703572579413
1441,3.8376563045194425
1274,3.671806718829969
923,3.572181603267912
1107,3.5398726736404402
1091,3.533746584178997
