item_id,predicted_score
1247,7.720052574246965
1016,6.768413956393849
378,6.052334445943292
81,5.779948024603619
950,5.7649445522834455
377,5.699439438518927
186,5.678641298664575
462,5.637670016748813
1072,5.588859383923614
1243,5.476396920590682
