item_id,predicted_score
1026,13.372471739222478
33,13.082644387279158
952,12.550153877145448
1576,12.046856238986173
343,11.709070516859745
1228,11.699554190832584
1061,11.660977026411139
1159,11.55260169304415
652,11.393552579792352
369,11.348377377135808
