item_id,predicted_score
665,16.081602887614135
752,15.912211611022435
1062,15.284995277341043
324,14.93261277133112
424,14.349786673123258
1275,14.294506671406172
498,13.848179276557827
82,13.361108990502165
268,13.147987174310169
1506,13.147872281563743
