item_id,predicted_score
10,6.421700725323028
7,6.357015559955724
822,5.494739021751008
1185,5.011049977106526
262,4.865232539583325
96,4.665280669300829
1602,4.609363369726406
80,4.545779098435758
681,4.543791038419412
662,4.498169917607852
