item_id,predicted_score
186,6.378815540664065
462,6.2941358215796
1247,6.228673820596167
378,5.832014711370815
729,5.435174972184617
1648,5.332417840858747
1072,5.234270171257226
1016,5.155900995602973
1243,5.093933218148629
81,4.974371613659012
