item_id,predicted_score
880,15.772108599920179
344,14.96203368970229
1060,13.039844532840638
941,12.910590959121302
782,12.637871486321988
1312,12.44708005037755
439,12.391274913811046
309,12.236925120956212
557,12.072600275440365
926,12.031076169999327
