item_id,predicted_score
1274,10.071693553655193
288,8.22925127826927
1438,7.985413955325222
666,7.8876530790252275
629,7.736838376722903
84,7.7355885021507635
949,7.67964356123713
1269,7.168948556586006
1638,7.149210750138965
1199,7.0868717190959964
