item_id,predicted_score
208,9.022819482773235
1307,8.891150782097576
250,8.476657933919274
1021,7.877405344223793
1655,7.465234850783698
1405,7.427479258925153
653,7.311930184620769
1644,7.2026209573072215
143,7.149937783095394
694,7.128144982571845
