item_id,predicted_score
1379,18.471519122544787
272,15.59811295632699
1626,15.395463135737888
572,15.32751944550538
749,15.156145529699833
803,14.843949149334398
757,14.157521962533849
254,13.68469439810023
880,13.224548239349987
904,13.034372309536042
