item_id,predicted_score
729,7.091351679645408
1427,6.536480750884148
1172,6.464110805550166
439,6.387851446167415
288,6.29446953021367
1100,5.783876778647751
316,5.156118896961931
369,5.0997793035413475
949,5.076439638660835
1319,4.940164108498498
