item_id,predicted_score
538,8.603761120984345
13,7.942607454152334
692,7.510629255567092
487,7.391884641262205
1283,7.04978553750628
989,6.939762751259124
905,6.914430083971726
400,6.894009294960249
353,6.7297749252076215
313,6.695737867280322
