item_id,predicted_score
1306,6.946382266347954
1509,6.665928186338641
954,6.000979425829499
322,5.805420160036564
331,5.708687402744469
1086,5.675607555649036
1157,5.543838996509403
1237,5.451465810411036
430,5.441588225160688
666,5.437691074443739
