item_id,predicted_score
586,13.932900217895318
174,13.014026018674297
855,12.119005344222241
928,10.837941862780761
761,10.761939179772394
169,10.480144024762772
1394,10.445974453925654
1244,10.389988514113577
1106,10.123398586170621
1400,10.047252267943437
