item_id,predicted_score
483,12.467462634437766
144,11.935330409705976
1256,11.36657251053096
1088,10.73736805802518
407,10.470533452324545
1322,10.157395274265191
1032,10.094664700109142
1017,10.04481432930043
385,9.999411441011883
1194,9.956298853303908
