item_id,predicted_score
1274,7.521544978224613
186,7.2455593719281115
981,7.096371742338836
729,6.641079092192414
607,6.490336311621685
1016,6.331741471954337
949,6.070800544897589
130,6.0586085750666
218,5.9891706948519445
989,5.911152359145663
