item_id,predicted_score
1274,8.909058687194154
123,8.608954879654231
669,8.505115189617394
81,7.708231921443878
115,7.463399730852993
1160,7.405376237594992
84,7.2912540523584894
524,7.284003771901631
1237,7.154574746517327
1604,6.956278839506975
