item_id,predicted_score
1298,3.6607942118451033
912,3.5754044027901672
1380,3.573582228262131
1378,3.4958489134383055
933,3.383987490372478
1443,3.3415645881049385
616,3.2944890468903867
775,3.272897442145233
1604,3.224569789282707
369,3.1541481143261696
