item_id,predicted_score
703,10.250114843542898
272,9.775065470826146
283,8.49329129201726
1623,8.306167262193568
1362,8.183247664081033
434,8.09172372027044
247,8.020799334694564
559,7.878263263356613
583,7.7520196301530016
757,7.479458535045247
