item_id,predicted_score
974,7.59866994186877
1255,7.394348633341329
1361,7.154819929124423
1560,6.84967827343549
1073,6.725477213040437
862,6.325385780189394
44,6.162560841396523
1001,6.009076938983731
1370,5.867896225072968
943,5.66222133046881
