item_id,predicted_score
274,5.638849149203323
1305,5.097351997306962
1244,4.920226083105077
1302,4.7597903418306675
1012,4.701292453560634
970,4.576388271032623
1025,4.263913230859096
1222,4.086407500525021
554,3.985079230572554
802,3.9403275570563254
