item_id,predicted_score
117,6.3006178901592484
703,5.897637641371246
1634,5.582301189338466
592,5.383505112836749
1139,5.061226033488506
770,5.029326662731134
207,4.989388770678632
990,4.978268848876138
222,4.956416633758902
971,4.93898708500947
