item_id,predicted_score
651,6.098731235430502
1346,5.10138656044544
1046,4.598419750182984
783,3.911496957590035
1223,3.879449700938098
46,3.8139918806861326
565,3.785561242763952
83,3.7732599714449053
542,3.7413926825960653
1542,3.6858803339788944
