item_id,predicted_score
208,6.9597131824242116
1151,6.115972498240469
1648,5.607986432260804
250,5.387187132000929
1439,5.346232892759597
63,5.323419775369575
837,5.144216174932056
694,5.055206617019916
696,4.945399641022886
925,4.934203886627755
