item_id,predicted_score
933,13.589515219033455
759,12.629226947637747
180,12.507985469526924
1141,12.020475258689482
415,11.117915600675243
627,10.814990489121953
388,10.656548243093157
1642,10.654461783383843
3,10.57408904747498
920,10.547339943525229
