item_id,predicted_score
1604,16.10048877711357
1008,14.058367109331261
1353,12.589592402060825
1021,12.372554543201636
424,12.047150150974112
578,12.039315160120779
82,12.018116554426676
684,11.831430581699223
336,11.694217621116175
1400,11.376759538734838
