item_id,predicted_score
709,13.241389398728064
198,12.872234063354941
340,12.310668429420277
1426,12.154867232632093
1312,11.848309937559506
777,11.496910599269967
468,11.273669111921802
1274,11.150131798689628
178,10.970259800714189
1417,10.962739881014773
