item_id,predicted_score
1021,2.6086081469839346
1472,2.530337197265585
780,2.445362453734009
606,2.3288038365721824
286,2.0918788476701335
143,2.0809966961852098
359,2.0607128507640216
1171,2.0291046432805357
526,2.02681401019341
422,1.9811389434830369
