item_id,predicted_score
288,9.460499327996802
949,8.536180879021906
1199,8.234103577958315
1274,8.178553591952173
1438,8.120804107701744
956,7.723544985453262
1175,7.140042706869312
791,6.689298675558966
1172,6.591764768856877
1269,6.481375056143736
