item_id,predicted_score
56,6.101359058404977
46,5.926321688967185
1046,5.92204827694302
1346,5.767187798846544
1542,5.665770435931514
542,5.663964159968981
1268,5.390014998978515
614,5.3787821735316745
565,5.287609819216351
1286,5.187072711937815
