item_id,predicted_score
1306,5.660659819477524
1268,5.219378031505787
542,5.190026740558831
596,5.180009291874932
568,5.162191666766447
1155,5.122287280796826
666,5.093346677140301
1346,5.0663493724090785
56,5.053510647448199
997,4.998855206980064
