item_id,predicted_score
731,14.204339468545019
1046,13.445899240143074
1434,13.014888679984896
965,12.527804891760194
1316,12.287492100808954
1627,12.085989075218688
1394,11.95464321077538
635,11.925539369660846
160,11.733638825690594
896,11.59802565571318
