item_id,predicted_score
280,17.19110896753259
279,16.122932016540116
428,14.74647077288644
1538,13.73866570408029
1077,13.387291732747705
101,12.997922205088702
426,12.647439931783204
1640,12.614284823046637
207,12.56760985951864
1609,12.390200617905403
