item_id,predicted_score
56,6.06717581077878
46,5.0709725480382675
1046,5.068944568154502
63,4.785618910482399
1346,4.738097140836442
603,4.682093997460253
1519,4.6810186544523065
888,4.672975789309351
565,4.544685964263177
1423,4.4704554460263255
