item_id,predicted_score
1162,5.119640700154708
608,4.348176732280332
612,4.313739431212154
912,4.286539590218644
1242,4.27594408403549
359,4.1497002801731515
1161,4.1408654181267535
971,4.059101866998581
645,4.051913213525265
844,3.979511525605514
