item_id,predicted_score
888,5.106293795245551
336,4.877252249915043
1306,4.805155884726789
897,4.734909682222708
907,4.708631297237143
638,4.331590165771778
1217,4.292935504694495
468,4.288693249429668
1423,4.282842102311257
596,4.233179255737162
