item_id,predicted_score
729,11.776025122628676
1648,10.22899271293129
186,10.121925579172041
462,9.61793859446811
1472,9.070893984339833
1521,7.946832482172622
501,7.905675847798583
1573,7.530041237237712
553,7.438551625108595
439,7.352480632219165
