item_id,predicted_score
666,7.25908338405612
1274,6.352974876798888
1509,5.974991478950726
1535,5.842326106088525
331,5.772283369837289
84,5.510785465139057
645,5.457278812930135
1094,5.403941418599357
1160,5.333453060902988
1268,5.01137226992864
