item_id,predicted_score
606,5.532773470200713
167,4.927300983422279
844,4.798141188211501
323,4.643238334221271
208,4.438408189575053
1089,4.424981264647408
645,4.404873684441041
780,4.300765112812876
286,4.268497911626735
1123,4.207745893505558
