item_id,predicted_score
920,6.478048676003427
336,6.4562803665384605
167,6.201411947008906
1189,5.869778868346643
1473,5.649521909935177
1540,5.424134411074914
187,5.382435783582695
1135,5.36216286181825
1476,5.340508241342996
959,5.280093455523927
