item_id,predicted_score
1150,10.17401024443149
487,9.247723755445584
598,9.130683424503824
13,9.117708247611198
363,8.796376571752278
1321,8.320866511465935
647,8.250748194107864
218,8.145207119311953
400,8.103737224039405
901,7.8008529895915375
