item_id,predicted_score
167,5.094673937573237
994,5.019155009395824
57,4.789405998116252
10,4.7306007291679055
1063,4.636002446093985
262,4.504973614816409
5,4.416956223975472
394,4.4005726059837444
1004,4.341164991381011
8,4.3172371928127875
