item_id,predicted_score
1414,12.919989386970766
809,12.884220743405479
1654,12.441466206730347
503,12.248267241748884
1574,12.0966806756381
1550,11.912795737573429
1138,11.829727025617721
456,11.772660749830367
1334,11.530419246782726
690,11.473445315860179
