item_id,predicted_score
1296,9.96333922929249
1616,9.410744090863087
647,9.390571697666825
679,8.345021959937158
666,8.229401653656192
1430,7.863553763403727
1021,7.812335703507119
640,7.744715385335761
1438,7.626655186842215
727,7.5860979857782445
