item_id,predicted_score
732,9.650781987459151
702,9.539650063785574
970,9.233075575602136
647,9.142288993699347
1003,9.095674215320644
775,9.046317241405353
369,8.816340132421663
956,8.683735573708242
421,8.606689781944018
666,8.303586048045272
