item_id,predicted_score
1321,12.66577192750339
1319,12.490612556879393
1021,12.287165996824827
598,12.192081301555817
13,11.533197242435977
901,11.480486952841304
245,11.130824898188692
363,10.966057619955969
1161,10.958926734369925
1150,10.935940528672218
