item_id,predicted_score
1091,6.909175975494494
1209,6.639747676400923
1306,6.324197132288058
531,6.21760581102406
954,5.671497297384334
1086,5.627641085215998
568,5.570602907418162
1407,5.533163157883873
1284,5.5206285086035365
907,5.379900080845465
