item_id,predicted_score
887,5.08102397066765
844,4.976296749352416
1123,4.835058048189979
606,4.7146148030683825
645,4.640416429223915
167,3.999685442031421
277,3.947377490356253
194,3.8804911684274765
708,3.836284345642172
568,3.7821307281836267
