item_id,predicted_score
920,6.0454396173147975
651,5.56270794985493
1100,5.486034568635748
54,5.012016981827668
1319,4.920829548233185
1346,4.853290601768813
846,4.796523890734497
1523,4.734974042808009
842,4.654175615358815
407,4.6468789895951605
