item_id,predicted_score
779,14.211237943966943
1004,13.65924191665773
350,12.128515279364215
61,12.103937965369699
17,11.765185319023956
1041,11.634997305089925
1480,11.537745046783908
645,11.203564543252634
367,11.026777350891045
931,10.823048855309693
