item_id,predicted_score
1434,13.574624961318145
572,12.241927234283274
1669,12.129967871533673
157,11.557663584156826
1435,11.555808569077083
1219,11.538230670703445
180,11.091438267845524
1580,10.929527024557423
1527,10.880174629707703
795,10.718905735256397
