item_id,predicted_score
1634,7.49695325780405
703,7.2554815921758635
330,6.757942986935708
781,6.536703665088159
1455,6.519467783757103
939,6.2081105254097615
52,6.202640018125283
959,6.17504211990202
1521,6.141016435492536
309,6.099248203424953
