item_id,predicted_score
1149,6.314181566744766
826,6.20489705970814
1584,6.066993373321558
1445,5.771064775847066
408,5.756488866041455
106,5.719636623524075
1031,5.708334600091445
401,5.663114890979006
608,5.621961233733193
706,5.524238910642973
