item_id,predicted_score
336,8.553499361457154
1228,8.32880314340473
355,7.8733842602519495
897,7.222128825161852
279,7.1305087421244755
1513,7.074585212515466
846,7.024191668897476
754,6.859257274619864
1111,6.84887845722123
1194,6.76262963106041
