item_id,predicted_score
568,6.459587481070887
1296,6.264287753599074
1403,5.879951142661246
258,5.483421293712528
823,5.371502586380319
666,5.190967034652171
739,5.089519095658375
1616,4.989919645535352
940,4.95516404963348
1438,4.931512812281043
