item_id,predicted_score
1604,4.762535880352382
791,4.4504934912413185
1443,4.35916295893699
1670,4.172370092890912
1128,3.864594099764967
1298,3.745643727091087
616,3.6184765048009093
376,3.5943831067329532
221,3.589924469154505
1220,3.547320819946259
