item_id,predicted_score
101,15.3569095769802
152,12.495200970974555
1284,12.378916596561671
1433,11.830792447533813
1630,11.289447456698607
1084,11.272671031098291
1346,11.024248279104887
870,10.980487643750298
728,10.769278123660932
797,10.764585650266165
