item_id,predicted_score
746,16.57396492241571
1322,15.899885283880886
1564,15.487723683108204
526,14.53329273585392
961,14.190285911522858
1589,13.969091345865115
1184,13.30704684321423
817,13.289010274713222
1571,12.959736708733072
861,12.8866933898083
