item_id,predicted_score
920,7.049597487192736
1495,6.261900785146048
1620,6.198536014937155
729,5.914592432255532
1135,5.649831131679484
439,5.543201493933906
1472,5.358106480555202
501,5.3318037186448635
187,5.068771506862562
1646,4.998773644405311
