item_id,predicted_score
826,8.142321373068656
1445,7.848863644602435
706,7.59254838421359
1149,7.321829308769768
1073,7.293121312709605
1584,7.216654477533161
1634,6.8988111524288716
608,6.671660629714726
206,6.657523257252265
352,6.623198266281777
