item_id,predicted_score
1550,15.141204692455698
1652,13.676924232643525
1637,12.571100931380007
1340,11.448797361834481
217,11.241184502622758
1353,11.050024221387707
709,10.843926258643412
977,10.375449573353578
13,10.280919646786808
1658,10.053602657329762
