item_id,predicted_score
119,15.407623276704493
933,14.07290537621597
138,13.787431685898852
404,13.754947381683785
1648,13.665917579680483
881,13.575418866045823
528,13.127441835801111
941,13.11443000268774
669,13.029086167930314
445,12.128101266400233
