item_id,predicted_score
31,13.187491338513597
751,13.171789504501245
412,12.983206970622506
207,12.869139607428677
682,12.11327489467829
1609,12.111421640846531
73,11.000952845372096
534,10.66889671013857
62,10.580511458617728
874,10.574918052453448
