item_id,predicted_score
1560,7.115124114427048
117,6.912475319521778
1556,6.126394224791288
733,5.97871350264727
990,5.871465496465836
95,5.638283118814487
1106,5.633077510142143
430,5.609203903921392
39,5.579486538589751
240,5.477923333192735
