item_id,predicted_score
651,5.291041607917722
1100,5.288342125195235
1427,4.884698517495902
439,4.879820521948314
729,4.646568628570763
1464,4.109736034365719
1372,4.068105414877313
1606,4.009436652364986
1106,3.959880736415599
1585,3.8956522813986574
