item_id,predicted_score
729,3.4769830986058348
186,3.0958298781931273
288,2.7985217926104666
949,2.6694579376873717
1274,2.4873972175190717
1472,2.2915577293004645
439,2.2890527022703266
378,2.2326371596311807
597,2.213717818389861
228,2.213627373438447
