item_id,predicted_score
1120,10.860960822884952
1274,10.728524816310193
1131,10.36476987783331
645,10.305373869746017
331,10.160740348190863
1674,9.70924603153545
1394,9.708525932435064
911,9.664620777244505
842,9.60137211081259
622,9.417461909039101
