item_id,predicted_score
743,13.262415711991519
990,11.344816739257016
1022,11.077786813063604
471,10.741144887670423
460,9.487120399564894
1299,9.382504621448902
1080,9.291125963714222
977,9.17335622733397
517,9.043148532509992
352,8.99473151943733
