item_id,predicted_score
1090,13.90778931281595
1550,13.461199125948296
689,13.429937304890185
1479,13.32641300350793
1652,12.902105811551277
89,12.520924972461849
1041,12.520794395488725
96,12.294518325101158
1551,11.875801912521284
15,11.801852715831163
