item_id,predicted_score
272,13.387284804403857
1618,12.901008206301405
1435,12.435965522843876
1580,12.40632784738096
643,12.303844066954081
1159,12.119343841624708
894,11.981576212771932
322,11.888620679483358
602,11.827471284079284
1655,11.681917481857738
