item_id,predicted_score
336,15.1721458323511
961,12.49172316385635
1242,11.906524568162979
1585,11.42129962661856
373,10.821055921733755
1165,10.389294560490153
749,10.221065938837814
911,10.098126301225381
1570,9.988107558143977
1293,9.87154923561012
