item_id,predicted_score
1296,8.810656528693546
1616,8.691379155572404
1021,8.3129829233002
1606,8.085941440372343
1560,7.937734938331315
568,7.610203261955366
35,7.535769099462926
1430,7.496381365454117
1346,7.273480643993629
407,7.189028192451262
