item_id,predicted_score
13,3.82778982799673
912,3.707856432460878
322,3.5591025320734055
1161,3.4412726440561574
245,3.429391506644162
550,3.418154148903045
1242,3.3582526322671686
538,3.335270400527679
211,3.1927303293842026
1109,3.168829633613595
