item_id,predicted_score
708,2.4707245222568233
298,2.2078635316616553
1661,2.106195896812973
1529,2.1037083930245655
1671,2.049181625127887
1123,2.0143578987467476
637,1.964487089768697
258,1.8963463784303685
887,1.895329320952632
113,1.8917395138527033
