item_id,predicted_score
1401,16.437846667865394
1398,14.169945713689716
212,14.079151505162113
1158,13.074952580191189
1116,12.664051703255511
218,12.3829038996601
413,11.89487053697259
574,11.817891049267315
985,11.738411900384861
1026,11.593470399137434
