item_id,predicted_score
514,16.298195706284048
1221,15.812457912025206
1431,15.1597868585236
438,14.840319027583732
31,14.70455006463155
1421,14.353946289698357
798,13.605216101129916
224,13.319783224905308
592,13.123208770151123
820,13.109697213952728
