item_id,predicted_score
1274,8.049621481742413
1199,7.398202235980675
669,7.0672798999388915
1160,6.85399762279669
1441,6.779719865445775
629,6.717038516706787
1604,6.670544474846387
84,6.6290013616568855
1128,6.495771063707998
1237,6.46996903590913
