item_id,predicted_score
1254,12.603112887893587
1054,11.750358101019678
943,10.96545675042682
644,10.500881838749248
1450,10.276835577698508
816,9.439384902391357
167,9.239393219300954
1142,9.076893763139232
1597,9.04302976625431
54,8.955641781987637
