item_id,predicted_score
123,14.665800426072582
140,12.492549948824934
259,12.41228808446912
1414,12.249476877114038
48,11.902985625860598
336,11.238521444554898
1515,10.846021306967824
254,10.737210526825196
1588,10.563148890909384
373,10.41794950902457
