item_id,predicted_score
57,9.874295243785019
920,7.939222985934717
343,7.7442391281483225
394,7.67549260875874
1523,7.613912550078398
887,7.359317924291522
1230,7.354452880378466
842,7.187184620032031
1675,7.162094687410387
1267,7.023195283896969
