item_id,predicted_score
1242,8.15800421873756
887,8.044986167802495
844,7.8166729466282305
1123,7.752507244853552
645,7.712221846828356
912,7.332303526557849
708,7.158920818652629
1162,6.827340583784204
568,6.815128853486987
446,6.484661558464623
