item_id,predicted_score
72,2.0645257527239536
273,1.8093921847934098
500,1.7392356707658074
1661,1.7076834959277938
430,1.6938436353758866
63,1.683244674408328
915,1.6488682239765209
1293,1.6269055747625911
995,1.604097296151856
169,1.5809307807654487
