item_id,predicted_score
1331,5.2904783591680395
1455,5.247660322135214
78,5.128473140661032
1475,4.739968050703807
887,4.662916306253969
52,4.614280662080137
733,4.5144978387968555
194,4.480546956763637
844,4.460245084419122
838,4.4520471042036025
