item_id,predicted_score
583,7.89302808055026
912,7.522337328313624
321,7.498392952328238
28,7.2672007313624665
446,6.837725141226048
1109,6.813139669036714
1400,6.8071884002365834
861,6.799428369067824
442,6.754166212913635
915,6.695080335179204
