item_id,predicted_score
1072,5.198780904487003
1420,4.89303198691277
662,4.771525607210964
552,4.566060107851848
920,4.564986633589151
1648,4.283307951012092
262,4.165844167528358
187,3.9672090605099046
822,3.917342823298895
1519,3.851378907556456
