item_id,predicted_score
568,10.487611677404914
1306,9.751821895794597
596,8.431085879403154
1403,7.386640703763923
1284,7.086652573389732
1086,7.050428973469144
1467,6.846253689064109
1209,6.79041896983406
1161,6.741188139319638
1155,6.689532945556121
