item_id,predicted_score
1046,9.111075881618872
63,8.44553033448769
56,8.396746098432503
46,8.353293292719513
651,8.018403485156986
1542,7.912573119572979
614,7.876517217707331
741,7.752087904099917
1346,7.5303217436551675
565,7.529815573693744
