item_id,predicted_score
56,5.2830435761610435
1668,5.000045546269449
950,4.858052488101826
1345,4.727803582284834
824,4.6896745783087255
1393,4.641505999407521
1477,4.613735433208058
1292,4.495210346686482
1228,4.4604608361127305
822,4.386474833475536
