item_id,predicted_score
534,15.83570240897063
1611,15.097967618697522
1139,13.748892187372281
779,13.46216195361147
294,13.362808924621135
1467,12.639335249155277
436,12.45484762829292
177,12.382657723973725
1407,12.323412374870038
34,11.661307881601335
