item_id,predicted_score
82,17.05346808092934
1248,16.645132843921118
3,15.687207861274283
1222,15.652143420884919
1063,14.45331189236584
1244,13.907319241269999
1665,13.68546596779623
930,13.555590904758763
1422,13.292457967864653
959,13.146727821223024
