item_id,predicted_score
727,5.745015145285212
974,5.299072266598094
264,5.0241439642997054
1560,4.762962367578539
36,4.4748038290708205
468,4.454237593257096
1588,4.2597383319284745
1361,4.138678118781127
246,4.0661123815908935
1255,4.012733391803364
