item_id,predicted_score
1329,7.1253381778538945
1454,6.004801103007552
733,5.917581078942344
493,5.777515573491506
273,5.776053613831369
629,5.768375302220159
838,5.700137695268524
1529,5.500953540376329
915,5.439751831562374
716,5.362154376748588
