item_id,predicted_score
1297,8.985767655967948
36,8.792248340774327
1529,7.866254323732768
1376,7.781349548213957
733,7.511848612474298
716,7.259738439493539
1329,7.046752844729495
1636,6.999571813244576
1454,6.955111963164575
1433,6.939919783489481
