item_id,predicted_score
243,13.244397637213133
735,11.899570660512858
898,11.850811755299874
968,11.412982387955175
775,10.718967804763725
796,10.65221691795348
215,10.572473148834186
355,10.464743660938776
864,10.335066637773672
628,10.258953302387043
