item_id,predicted_score
974,7.591901042627687
376,7.2108275795943655
1021,6.7864169130073835
393,6.654213442293588
1346,6.29982062509225
699,6.1561907898043815
770,6.147772821449853
1494,6.119042451106832
513,5.992069483341759
780,5.966120117460962
