item_id,predicted_score
377,3.61496138812575
1247,3.2867583045565043
1197,3.2110470926331254
1016,3.141450283349354
1332,3.0232515767125148
950,2.979732442071498
115,2.9609656972080063
1158,2.8262897819387596
741,2.720796040476447
1127,2.707954709647615
