item_id,predicted_score
651,2.6016299233164464
1606,2.2010210629315927
1346,1.9897772528344955
647,1.9633420888717221
141,1.9605482891365447
1438,1.8968937825850292
480,1.8181541428903836
783,1.808487291674983
1427,1.7940938589540567
1372,1.749122796488846
