item_id,predicted_score
1652,18.319739107372673
1450,17.410603803159308
473,16.60879170303574
1000,16.1525939025462
954,14.834653590516655
1322,14.71229150416087
1100,13.84473868289798
171,13.580515708632966
432,13.283956265054123
257,13.262753180033396
