item_id,predicted_score
606,5.017755029853737
1529,4.682064566756782
887,4.5360980670639375
1123,4.420846004933818
277,4.368669210793642
1,4.227784040057879
1089,4.1190308523228065
131,4.051283926166122
323,4.023977334847541
167,3.941978454481045
