item_id,predicted_score
1487,15.008900372296235
454,14.484004635631404
1045,14.464304140022632
87,14.312268548541283
1057,13.956065835624647
463,13.80080923799477
208,13.177680184461055
629,13.045707829055374
1054,13.009007490069811
973,12.802568837553743
