item_id,predicted_score
1316,10.223453617737263
587,10.050226765858294
1580,10.038529041370829
1057,9.815411994480773
1654,9.759630215440316
89,9.553738060738844
731,9.199003065596507
1673,9.054696767831084
973,8.863146885643838
1298,8.793045601660037
