item_id,predicted_score
1132,10.843101440927706
209,9.805280802462498
970,9.690673129441715
538,9.671099497238796
1150,9.623846213117579
354,9.472061483337766
994,9.419065801211092
820,9.418352615159693
149,9.219564507940117
274,9.209900342378052
