item_id,predicted_score
666,14.23664140287263
647,12.754398850761595
897,12.627456316132019
1325,12.250769397549675
1228,12.233366011801435
1074,12.054708349673781
681,11.90673542512079
930,11.691908578497408
794,11.665276561132924
870,11.34934181062511
