item_id,predicted_score
607,9.388806377532742
981,9.036882224944176
1274,8.495757270827873
218,8.141770802441554
729,7.967048985846524
186,7.779496911415814
685,7.746833321604292
598,7.541533611435357
439,6.849259653302564
949,6.845953787227312
