item_id,predicted_score
439,4.491293096607774
1585,4.402693433575869
41,4.110794625845011
632,4.096877204955836
1620,4.034598700657603
598,4.029982170983077
1273,4.023073335051004
1495,4.015486312766249
739,3.897451524593891
607,3.8504412028289834
