item_id,predicted_score
780,3.603281139640058
1472,3.540025296919935
1021,3.2355669291704645
1022,3.1428346613525724
1171,3.1116373064926073
422,3.0985616042482595
1301,3.026878310862165
91,2.9407915573584744
376,2.8168360077530936
392,2.802278315136401
