item_id,predicted_score
1485,15.295998618972815
952,15.221911590014178
271,12.578945625232606
1558,12.24049533649005
479,11.948267399134634
694,11.641502101295027
885,11.560985311311853
1406,11.23403189416549
557,11.216334689642537
165,11.044568063088084
