item_id,predicted_score
1515,11.523991004094373
157,9.784809359029374
752,9.304665563012858
761,9.170789568915026
861,8.992007442100224
654,8.957496000925193
1437,8.816610828368905
272,8.811484057111752
1665,8.666070777146572
572,8.633193405319805
