item_id,predicted_score
279,4.300403057425462
531,4.216835541122882
667,4.1552039590838366
201,4.128680551930131
167,4.126119817739619
336,4.101908491818807
1443,4.085272710903768
57,4.04250621649099
459,4.01670286740831
131,4.00560190221182
