item_id,predicted_score
167,5.817388035971617
824,4.974758341883824
336,4.835857434168232
10,4.366728926619441
1189,4.291124684221816
1004,4.126630267007028
3,4.067685014916504
188,4.051294669690743
1668,4.0189206467024565
355,3.9892975359790843
