item_id,predicted_score
1346,7.864651617213782
46,7.084053695237311
651,7.0639185950291505
1046,7.055510056140332
56,6.508323155744996
1453,6.4756061813239025
542,6.30020170269399
1286,6.125588303157243
565,5.977623121239809
783,5.916489963383823
