item_id,predicted_score
1274,6.4885085169275865
84,4.81501602932081
666,4.787737504752561
949,4.70429665663552
1237,4.45860168954328
1136,4.424625841964179
629,4.37351343497768
1160,4.274197312133643
1438,4.2527782770591624
115,4.211397316803675
