item_id,predicted_score
1021,9.971334955629988
1560,9.94004892248234
208,9.421440065388547
1429,9.364257138967794
653,9.263561073542498
1221,9.232494143783716
1525,9.094127697176306
1356,8.93073409136572
1361,8.898072108514654
990,8.822862111950112
