item_id,predicted_score
436,17.891993579399795
61,17.87879192559121
1139,17.684531786543445
125,17.093769700496374
747,16.343985707163107
640,15.428635287592552
1321,15.271900617046905
1138,14.346678804246295
33,14.33617725163061
770,14.050388425383105
