item_id,predicted_score
1228,12.83891509591813
682,11.486876392207686
279,11.390104097685803
933,10.724330569591467
147,10.568281905065811
1490,10.416885926209604
7,10.353018173730526
10,9.999215933506358
1477,9.885100753570619
1287,9.86637722364177
