item_id,predicted_score
606,5.830229744489476
780,5.8109463470838625
208,5.620327673510138
1021,5.417756544715539
286,5.406554323687679
1089,5.312250167164367
167,5.068760410640974
858,5.031128935012587
323,4.880833965056129
906,4.600391195178657
