item_id,predicted_score
920,5.1216255598919105
468,4.881330283803681
1135,4.792430858329821
888,4.7888155818642595
1564,4.454781901872354
1453,4.393827834379808
1217,4.393741104768878
187,4.276695662998383
1495,4.232259038362906
175,4.200852069368417
