item_id,predicted_score
1079,13.797465889981073
152,13.351654960729459
829,13.048559989082326
593,12.918345314307285
374,11.558944768440064
171,11.368614102614686
1090,11.305655195579675
1212,11.108767536451461
699,10.971100329372616
870,10.924717849696997
