item_id,predicted_score
325,6.030378539499166
741,5.422266444290026
377,5.066427612043323
1147,4.912220378787733
707,4.839957268508348
1046,4.836215287150639
1065,4.756331756282778
662,4.5408240670602895
1379,4.4409706658165335
80,4.433652240301987
