item_id,predicted_score
729,7.0096183030807895
439,6.465600307561609
186,5.366947844031091
1585,5.280766861143848
1648,4.955838249604062
1100,4.946177776927792
1106,4.930295024926533
1472,4.861477200680666
1564,4.8567206474496185
1639,4.801604817961517
