item_id,predicted_score
1032,13.57255558889576
1654,12.73658906470878
1387,11.516561478705857
822,11.493928781784145
512,11.32084264205838
1545,11.042363189734575
1111,11.03518045727153
1414,10.408319078164814
377,10.343925552882794
1002,10.100066299777133
