item_id,predicted_score
666,7.306964669521217
1274,6.57284032321318
115,6.018684421405509
1535,5.797631819776655
1136,5.726966837739599
84,5.503613706845813
645,5.153600563272884
1094,4.9876041770830755
1661,4.88450202888455
702,4.884119720461289
