item_id,predicted_score
791,5.782584254694183
1403,5.012498263156859
823,4.987429037840821
288,4.955108631040447
1199,4.882082181282315
1296,4.847986408513566
1604,4.825217720612305
376,4.671758071919728
568,4.6282109930947515
1407,4.627487696931799
