item_id,predicted_score
1274,4.836949561399054
1237,4.622615651408342
1091,4.3001553422362155
1160,3.470530312800622
481,3.3634704430728113
84,3.2683176628202455
1016,3.262196754889585
505,3.13385548136649
669,3.1109448951257552
1638,3.1051293351404325
