item_id,predicted_score
651,11.129040096217722
1065,9.749455577946238
741,9.11386253752035
702,8.697663491180691
1542,8.202626441790944
1046,7.910190673319558
1464,7.9015110008544545
989,7.8052099282482486
614,7.786085185288119
1092,7.723972200770972
