item_id,predicted_score
729,3.4769830986058348
288,2.7985217926104666
949,2.6694579376873717
1274,2.4873972175190717
1472,2.2915577293004645
439,2.2890527022703266
378,2.2326371596311807
67,2.19630100330556
1172,2.170158278209355
1648,2.0946148863410183
