item_id,predicted_score
733,7.335680256158
1634,7.2676482394712405
716,5.988369495844135
117,5.957512856110482
1455,5.533899045041362
1010,5.530982350826388
586,5.406256740076413
959,5.360155471333449
1091,5.314598616107481
528,5.198093979158569
