item_id,predicted_score
729,8.309549546810281
439,6.95962754168463
186,6.721730767961736
1472,5.517859931216768
598,5.271872873742933
607,5.247226114561578
1648,5.113641731179937
218,5.033721762739607
1106,4.909008062162656
473,4.9054659311894335
