item_id,predicted_score
1072,4.490879634079765
1648,3.8464470177763146
662,3.6971720191418305
1243,3.6228934293959254
552,3.6160318669256437
950,3.5604536962170625
262,3.5165971741831665
1519,3.445072818302714
1379,3.381634722520671
63,3.346254932037346
