item_id,predicted_score
920,4.47119713961025
1100,3.9566041331667248
54,3.5887777499242506
1319,3.562267752894958
651,3.5245358140056573
846,3.499386886701716
1606,3.45810722733157
1523,3.443883593337607
842,3.314206696690487
1585,3.2897924817763804
