item_id,predicted_score
733,5.887689385943633
78,5.551019027076439
915,5.490111779211817
1331,5.062638495316374
1455,5.05479347366945
838,5.048674515814927
1475,4.474901355336091
586,4.377375810937986
913,4.264540958374068
408,4.1941010527413045
