item_id,predicted_score
1479,12.896209644373961
491,12.493529087835945
1062,11.632014638446721
1487,11.478762670169514
1654,11.154495123428614
973,11.060383977911055
816,10.841382189234132
682,10.698051510870394
1514,10.376845210426394
355,10.305271330411493
