item_id,predicted_score
1379,11.694984678745918
552,11.241116032085042
744,10.698317181190548
170,10.652958393045633
344,10.574281663283005
166,10.43139869757284
961,10.296629722082885
947,10.0731366905273
749,10.055934653569594
1074,9.925856702912757
