item_id,predicted_score
920,6.836791489894904
1523,6.183642452366323
1620,6.069611556274692
1351,5.8596068280913665
657,5.743445263533144
343,5.600170101049337
1319,5.587579532649464
57,5.452434426151447
1465,5.24863407713424
54,5.196932345331743
