item_id,predicted_score
300,12.138319276623118
742,12.063165723416468
87,11.679851029911704
849,11.651531904614416
1113,11.463632984306695
743,11.373804375193679
1279,11.256515936009766
1048,11.117630972860297
1104,10.413814337788393
757,10.334981895767747
