item_id,predicted_score
10,3.4209300693081364
822,3.2949390294238095
167,2.9921884584446703
7,2.933206141411998
355,2.907331472406733
681,2.796525094816068
1226,2.7611408502909676
1189,2.7329853539814897
662,2.7289885862932994
1185,2.6579640710338035
