item_id,predicted_score
729,6.00100964480529
439,4.736326289593164
607,4.248935066975483
598,4.213906239858927
1472,3.8624314239303312
1274,3.8386544728655565
949,3.786035897557417
1091,3.6865207754966076
428,3.6033511264203963
597,3.5663708441411606
