item_id,predicted_score
1296,3.0681787293073994
568,2.9528178294168925
1403,2.9266232762527857
258,2.771948620509378
823,2.6266111283620517
1604,2.511608918179293
666,2.4965827957967677
791,2.491785151440788
466,2.4869755105783007
310,2.3767459414712993
