item_id,predicted_score
699,6.2303689880959165
208,5.740951326637487
1439,5.613326503822068
400,5.54537891875832
363,5.544587323008281
478,5.503581655569265
376,5.455817876373324
1005,5.395102646865955
1211,5.20159056460267
1542,5.152998661728271
