item_id,predicted_score
1584,8.905804204176924
1162,8.511252446400324
608,8.121490247641088
612,8.092274380222515
401,7.237522672435194
971,7.07944392282617
164,6.975387774618713
160,6.796484197782611
1634,6.638023794736343
994,6.570987965160252
