item_id,predicted_score
57,6.85095057127586
167,6.802930268074461
336,6.518177934172376
1675,6.094799298243612
994,6.078332423400884
1004,6.045633456582445
1189,6.013092332049786
242,5.966783174364286
311,5.961135814009655
920,5.8995333967187165
