item_id,predicted_score
994,3.6970198134947516
1197,3.55231453128092
1573,3.4704938903141334
1298,3.3003154493950047
1063,3.289807917681885
1153,3.2612598024424932
1230,3.2282812274117183
1267,3.207868804362359
968,3.2073770255038694
805,3.1360983062009975
