item_id,predicted_score
1167,11.826960025416899
747,11.67319394956219
915,11.477416795483403
789,10.169151444604076
508,10.153676654281188
1386,10.130631434388373
1550,9.934497899501972
1026,9.925806115064981
1583,9.597612908647989
1611,9.559909336230074
