item_id,predicted_score
201,2.730040741624515
798,2.714429515124802
1443,2.693118192015373
1604,2.642763495290023
57,2.5461454125308407
522,2.3991910788709125
1298,2.376569260771901
275,2.366290126595332
1051,2.3587217790136967
669,2.357723398373256
