item_id,predicted_score
1604,5.723853170947428
1443,5.250961743558725
1471,4.463464969369576
1051,4.4324926195907315
522,4.356536799344393
616,4.205623871666453
1509,4.100087618808663
258,4.02153680829922
222,4.009157615760587
201,4.008651490732461
