item_id,predicted_score
1453,8.00040182870319
888,7.820141340908988
1346,7.381873249380823
846,7.364968327791498
468,7.030932537567268
920,6.784920974996032
1585,6.633023826259884
1306,6.596664246758645
717,6.590023916331629
838,6.565701142896987
