item_id,predicted_score
538,3.8297635162013277
799,3.018655021482485
692,2.995021655359549
1353,2.974700695071812
1670,2.9533566352705845
1124,2.9337620818609733
199,2.889569877392252
1283,2.821491165277034
354,2.8179479864493002
898,2.802476763663746
