item_id,predicted_score
779,17.56550945256144
893,15.269644127572757
22,12.41408450852533
292,12.306764153305133
932,12.25937292801244
635,12.189566910514106
602,11.5254233615847
1513,11.504951557656504
349,11.44867147946269
1080,11.104464960093477
