item_id,predicted_score
1041,15.634629535573684
1322,14.856651598254372
1611,14.051968816006893
1057,13.730552230929433
689,13.167353502553038
1564,11.73297537352094
1480,11.633066590666555
817,11.63089577107721
863,11.453945132964428
732,11.24618776621612
