item_id,predicted_score
920,5.610283108455996
336,5.458393328280065
846,4.816596347947838
1473,4.71273363146201
1189,4.685520091979362
355,4.603644440201297
1540,4.517412154697021
167,4.409329949886742
687,4.320558275342416
1476,4.270263117404911
