item_id,predicted_score
1517,14.959721212654031
1069,14.087619986681702
120,13.014515276199024
475,12.526140352555649
997,11.865727498465375
560,11.74217652798404
438,11.666066270486091
1026,11.658984977389842
1071,11.40322546709924
879,11.298419127090046
