item_id,predicted_score
136,14.799330155110027
192,12.506685112958591
367,11.913887145991337
822,11.829290493393788
1591,11.828216737248855
283,11.534687682879259
177,10.264817195453144
1387,10.138797592075607
906,9.976803237425655
1153,9.93821817257493
