item_id,predicted_score
733,5.179812841775146
273,4.29346242337626
838,4.275358728111001
430,4.189066751020225
913,4.17318854343671
586,4.153869827815389
716,4.145728482743132
1382,3.9678271754689467
915,3.893681826642147
206,3.8599801996358862
