item_id,predicted_score
844,10.654727959853014
52,9.82162945046496
167,9.742738204766106
1455,9.667235160707989
703,9.625052740891423
95,9.523185192247091
645,9.476280132848787
330,9.425209598619006
194,8.98081638699439
971,8.899693746518022
