item_id,predicted_score
1306,9.991283420621894
1091,9.00259570721395
907,8.538301154651844
1209,8.524284715703931
1135,8.387643981692513
568,7.942236906005338
596,7.774625414071376
888,7.4802725224304085
1374,7.417704912288388
468,7.225972706892834
