item_id,predicted_score
635,7.409618581036065
241,7.0662106540254905
933,6.698254561101236
667,6.614347069515261
147,6.5676993201704486
1604,6.548445769186988
912,6.5326064690036985
1287,6.472445298105875
1477,6.386255583971983
377,6.264713953118083
