item_id,predicted_score
208,6.665795311630383
1151,5.9143273415423785
1211,5.644647712022203
323,5.633929389070998
1439,5.3450750625365275
13,5.273140496237039
478,5.157732955083547
461,5.037460625571791
699,5.031597784636544
400,5.014472236467264
