item_id,predicted_score
1400,14.290170982107739
1252,12.646077114159693
1028,12.627785658126548
855,12.372890521868483
1344,12.335289420220978
1324,12.169531088891679
1225,12.101491331103247
1256,11.690021562250076
626,11.668543355547591
421,10.905280986171569
