item_id,predicted_score
665,13.439299098718067
48,12.492198675185094
331,12.442597917355524
1252,12.30269471233386
1623,11.916225260094077
880,11.885567779567147
645,11.744747373475168
1400,11.630171009440444
1004,10.83272771295797
1650,10.600110658637433
