item_id,predicted_score
1228,4.419120406034563
1046,3.9039993479310056
1111,3.724025085928005
682,3.712805908747582
651,3.4900511362463904
822,3.3542789229618437
565,3.3466076452487914
1513,3.1905965630130266
741,3.1505635930482305
1346,3.1038062137763895
