item_id,predicted_score
1604,9.10972645682171
666,8.93777010860564
640,7.327519145565451
476,6.772853128099239
1094,6.567068654619242
576,6.427879492516754
392,6.374325948720037
1443,6.36541371695064
702,6.334454600747438
1535,6.249456022883893
