item_id,predicted_score
666,6.075365154832474
702,4.949838136320279
640,4.630268473835036
614,4.299156650700596
645,4.28303013555708
647,4.274104111795178
1268,4.260623986926833
768,4.198235841090108
741,4.09634654852109
1542,4.062865843293802
