item_id,predicted_score
954,19.527983580107744
473,16.286148135866632
294,14.76996058114408
988,13.968489583022615
958,13.304465588498108
1450,13.084544929906496
261,13.069211794627577
1322,12.91468988812961
1489,12.550110050164616
436,12.466773994281239
