item_id,predicted_score
1034,15.584910408566172
699,13.708702687703044
303,13.154142950003084
412,12.905598207085795
181,12.803715940550838
110,12.738695019124222
1190,12.725103330153775
523,12.616653349827946
1298,11.650163201954422
1275,11.297534933357925
