item_id,predicted_score
468,13.948096678432178
709,13.886908126515948
1589,13.882750534296258
911,12.816656449478248
1496,12.266658943804217
981,11.507658097257249
428,11.186470938667206
931,11.010111223509226
40,10.534085142625678
880,10.228776001337176
