item_id,predicted_score
1443,15.646295860250355
1640,11.5209581775008
1121,11.219525227886498
227,11.083219873732148
439,10.682758505160436
559,10.16094346463906
697,10.155934485659394
1301,10.154934930165798
1254,10.137500501023606
1125,9.970846537793202
