item_id,predicted_score
1386,18.429749754950016
779,16.342261076963645
1611,15.60176695295591
508,14.953291047804287
1406,14.776688686682563
1017,13.62041484773508
1667,13.617861050570596
1183,13.590259664721733
1594,13.437181381423803
1053,13.434207240288737
