item_id,predicted_score
153,19.468427450999563
899,19.431180071617284
433,16.925017116784822
697,16.65857447928277
439,16.048953877917967
1453,15.833782621041795
734,15.541536786357687
1229,14.877166048779666
974,14.743656621756145
1128,14.689606070477332
