item_id,predicted_score
791,6.092687631608352
632,5.748416133333496
1351,5.501567403484296
1199,5.144329499786606
360,5.0870660334178535
729,4.989513905629967
1572,4.8855200865789845
968,4.714111977948637
813,4.672696630963047
657,4.629894547340198
