item_id,predicted_score
1302,10.93423123590411
554,10.230917512874498
1305,10.128311743657035
1244,10.058411413789113
708,9.308087478395983
612,9.280792331856468
1120,9.238887834861185
309,8.533438731335668
1162,8.530128099055187
1242,8.413843109708314
