item_id,predicted_score
920,12.093645493327049
1420,10.47726116732511
662,9.646741965997588
326,9.533959352018778
917,9.287591427726158
54,9.283442455130627
552,8.632439091802901
587,8.584267106943061
681,8.370277750817428
1445,8.097398338026984
