item_id,predicted_score
336,8.914246130428129
549,8.538622135295707
531,8.0605615447145
1209,7.790629996533082
1135,7.729284553798163
897,7.684420650945159
907,7.681384576588894
1476,7.457199209171563
311,7.324785196396652
1306,7.322395977626131
