item_id,predicted_score
1073,13.26774410772509
199,11.19462036008813
862,9.665268482998567
826,9.585643031885084
1255,9.413045169354486
706,9.217413561410337
274,8.79800030134065
820,8.793887132807964
946,8.720456665403322
589,8.680196351932391
