item_id,predicted_score
1606,9.353250703423312
1438,8.95378559506568
647,8.742646667749748
1430,8.13236646290975
666,7.996858858877292
1296,7.683158663093521
702,7.512830327807896
679,7.405709788897498
1268,7.310892649731946
141,7.112492056790999
