item_id,predicted_score
1378,8.061804910184005
862,7.596563918860369
751,7.455587013189563
1531,7.29853287566628
1293,7.092564771723061
1297,7.055664363318288
72,7.010202676190298
1255,6.912074225404916
374,6.6087243259011705
199,6.429802522921957
