item_id,predicted_score
1123,4.736356343329943
606,4.4549411267715655
708,4.451930174626574
1,4.402163504484115
887,4.104921167848145
277,3.6738430044685013
316,3.6577900721751755
20,3.391108551483322
131,3.3357718654566844
511,3.304171844593906
