item_id,predicted_score
640,8.407204320767066
1194,8.387923789881063
1669,8.012873158514033
568,7.800338972396531
1509,7.737064717096724
727,7.7035045100169794
1306,7.644364703909117
596,7.620994105324118
1228,7.42652417308137
254,7.287033674682796
