item_id,predicted_score
131,3.730328498566852
1,3.508518581399583
606,3.4923616357270184
827,3.467071712981411
1529,3.421323691939915
277,3.0309049881958536
457,2.983686723567001
468,2.9519089354360397
491,2.907854396642431
1089,2.8096208567321006
