item_id,predicted_score
111,13.64854264465319
1000,13.557669404684443
131,13.506034200638828
752,12.393246244635385
1389,12.142907029230827
432,12.035625890515577
809,12.011937630800563
1605,11.886456545531084
424,11.575338887617495
861,11.479426606662692
