item_id,predicted_score
1406,16.444939908873344
21,15.864284688664554
1275,15.573845592005753
645,14.702289654242511
952,14.444065927040047
110,13.689254872508375
482,13.443096527221508
1453,13.15397611800735
61,13.15061673737918
1043,13.027950882452341
