item_id,predicted_score
1298,6.084479650373642
791,6.04796294243999
1670,5.759180322398328
1199,5.421553407381754
1158,5.268083201339378
1604,5.249318310163062
1443,5.109009402717231
1197,5.0678222862568685
1128,5.0081924430312865
1311,4.9426412108973095
