item_id,predicted_score
7,4.338105631418284
651,4.22495366384545
10,3.883506809419235
822,3.62838745108631
1185,3.6208409417728995
80,3.424098753280487
325,3.374790435371868
662,3.3472721419824514
1490,3.3287879263896785
384,3.262480303128961
