item_id,predicted_score
131,14.89165868389281
757,13.309946824898997
1056,13.264333249422021
1587,12.587946519055876
505,12.299756001961224
559,12.290162223487549
1029,12.212740571181985
662,11.693083916625232
424,11.682066159540799
686,11.634461213326626
