item_id,predicted_score
1509,5.764167246025827
1477,5.7302435257143145
1604,5.686001989948928
635,5.6642022457752885
1228,5.596599690297351
1287,5.564271221744377
1668,5.325883072418985
279,5.3237579493924025
933,5.251477462311416
682,5.185851133272644
