item_id,predicted_score
607,5.270845033785185
1374,4.939813408677384
981,4.916390951387785
1306,4.7373327324405095
1585,4.731848100768065
1453,4.572013262949898
888,4.521277545520621
41,4.457117444219371
685,4.414588995347222
218,4.340127425651024
