item_id,predicted_score
1073,6.006039190515463
199,5.499143235939528
964,4.884326066454851
1255,4.884138658937902
274,4.846119787052714
209,4.773261202933431
820,4.755099147516082
1378,4.66404725073032
946,4.427683193214018
862,4.408708711078582
