item_id,predicted_score
1527,11.837867316126754
1640,10.019122205115131
1252,9.277421147443738
1655,9.161005432395747
735,8.891724087329816
725,8.44529060396799
1438,8.427340958263741
331,8.387024426879945
1428,8.348471940760009
1254,8.328281654272464
