item_id,predicted_score
1298,14.328370460555394
1254,13.092930049853202
1051,12.910645095317578
1046,12.146255201661393
1509,11.695991146917262
425,11.568808083143265
956,11.549672043814866
444,11.402882490271674
731,11.255808030139695
1401,11.067434458783225
