item_id,predicted_score
1091,6.909175975494494
1209,6.639747676400923
1306,6.324197132288058
954,5.671497297384334
1086,5.627641085215998
1407,5.533163157883873
1284,5.5206285086035365
907,5.379900080845465
505,5.368436417918853
1497,5.302392727732979
