item_id,predicted_score
209,4.252709001499583
1321,3.2899457517754547
871,3.146635737842951
1489,3.1078915642641496
538,3.096227502797717
598,3.088861255512015
1167,3.069904853595555
305,3.061208127193151
199,3.0173435181165615
242,2.994961526441233
