item_id,predicted_score
1541,11.893385135740715
1581,11.77370063067595
1322,11.325897483039029
363,11.034623350131902
665,10.744594225646793
612,10.485239342362355
1414,10.38620541435895
626,9.968901474768543
315,9.959401610265987
1515,9.899123946084664
