item_id,predicted_score
56,8.302367581024733
1423,7.5201676679671365
1519,7.3415284624499835
603,7.14404415786688
888,7.088456754043938
1247,6.916161316641434
150,6.758580320908326
738,6.72901957953727
1217,6.552724678528359
879,6.539464002028614
