item_id,predicted_score
57,10.014168518447295
1267,7.515443612783164
242,7.400010386422684
1675,7.1751861091759075
1051,7.094835510803491
343,6.950987395066702
445,6.908266133134074
1230,6.903507115573502
887,6.7999147787399705
842,6.791554109255175
