item_id,predicted_score
436,14.393713770343886
534,13.508457346896083
294,12.849152869909508
54,10.653514834942113
468,9.981238523004945
1453,9.664322446738062
365,9.606110759565599
925,9.462042130555647
1472,9.143782129400034
340,9.09912115690718
