item_id,predicted_score
1274,6.606089668043832
981,6.046226614870996
666,5.659972481633788
614,5.6423697947708815
1268,5.409411410118737
1065,5.407756328583204
1016,5.258762790954198
115,5.237313072253285
1136,5.129361909251469
607,4.987581364008876
