item_id,predicted_score
949,10.478736276698847
288,9.664689727064758
729,9.437399999314588
1274,9.06481963724198
186,8.306039394179228
1199,8.211320566295285
1172,8.047732612824351
1435,7.752877684015491
1573,7.60114354075991
956,7.552973350160048
