item_id,predicted_score
538,5.432263710265522
199,4.594906560830343
211,3.990285285870567
598,3.9238095065567364
1511,3.814254288010053
692,3.755446157028853
353,3.626699059878598
1319,3.6032307524381206
1321,3.5655497971425802
209,3.5590289358510754
