item_id,predicted_score
666,18.26959482267643
15,16.98740656178704
1287,16.925599498513577
468,16.864672843406534
930,16.650470018863594
647,16.461042990823962
897,16.26882238571994
1394,15.221876105469995
10,14.59689088561915
1454,14.429439689004987
