item_id,predicted_score
632,5.92148047445261
568,5.3604258604946
739,5.2761462532148995
1403,5.0611816493123465
1278,4.666725690929662
940,4.362789057748674
1676,4.344835789135262
352,4.317623641038609
1550,4.277854423244621
1620,4.251830930443861
