item_id,predicted_score
1021,2.3369419526243838
35,2.330287833909983
364,2.282857272330743
842,2.273921136046194
59,2.26109413143021
1228,2.2516032767801026
887,2.251389728128646
1481,2.2379873782398207
355,2.173829285381793
846,2.155606759379486
