item_id,predicted_score
528,13.721498600530401
874,13.229109237140683
1655,12.78874695668997
192,12.50660031755254
622,12.42164759757139
316,12.335562239965242
119,12.24013231320684
1618,12.11195790435714
920,11.939537377194515
1370,11.718649685997889
