item_id,predicted_score
554,8.560617772825893
1242,7.769151531945162
1162,7.194920898308865
1161,7.132402844529798
612,6.99462808927201
994,6.899716170079343
912,6.8483084246898605
1244,6.827368246036343
550,6.530150829141715
1025,6.468356147519525
