item_id,predicted_score
733,6.638782438504605
959,6.634147594650079
1634,6.4035245761126856
117,6.119538118945232
342,5.880274307804376
1455,5.764702565287402
781,5.734626554607887
457,5.628035318233978
1139,5.555791063677205
1529,5.54280240933286
