item_id,predicted_score
1668,5.170373680625785
761,5.097846269006946
207,4.896724311401861
1237,4.781424501182362
1584,4.650941680630772
1279,4.574379223569163
770,4.528127525715426
994,4.386042812929199
405,4.353476295346617
257,4.315081248940876
