item_id,predicted_score
7,4.366416010836776
1490,4.110234816519975
377,4.1055694473208195
1197,4.023625830707602
147,3.9186384306378024
1158,3.703259649930553
384,3.5820460828696326
10,3.571906363037439
1169,3.5296412423158388
1332,3.514661150790227
