item_id,predicted_score
10,7.336775131498324
355,7.0393243765979445
920,7.002237934310156
57,6.780786258701607
681,6.769318656139405
326,6.5168117098794145
1226,6.361711285050286
822,6.2944046937031715
54,6.150538278594947
1189,6.141588041602764
