item_id,predicted_score
952,15.926795359169285
374,14.709210103289388
1138,13.490727176390443
1679,12.249093081968589
643,11.93021359882712
111,11.86638549728917
1574,11.49408237562972
1083,11.453102654921597
985,11.27543096375834
512,11.155121879375098
