item_id,predicted_score
7,6.960897035514062
662,6.891836387553925
1072,6.737681094222972
10,6.713054694705056
262,6.569653823135834
822,6.454714597897446
1185,6.416862545621365
80,5.922719524804671
1648,5.780560646120605
552,5.719499941103314
