item_id,predicted_score
1346,7.922970043748594
56,7.6848966442754225
542,7.193535036982348
1046,7.074381460984706
565,6.879849916237853
1286,6.717456309669439
46,6.628641855521158
1306,6.619154984430516
1560,6.578990234432177
596,6.5069578583643075
