item_id,predicted_score
56,2.971414237615694
822,2.8934487563103968
1393,2.7119568572961605
1513,2.656834248036631
1519,2.5826867483213714
167,2.5474517074748433
63,2.5368401299534975
950,2.4969361122026417
824,2.4555833348119207
336,2.445396682878827
