item_id,predicted_score
974,8.424809384912946
393,7.01079041531511
376,6.939763795350673
770,6.82891961777673
1021,6.638753989698935
1346,6.6275327410737965
943,6.468609534594641
1494,6.4460523886706325
1237,6.42160995599531
990,6.408554976854789
