item_id,predicted_score
117,9.05816500885595
1560,8.028470523009794
990,7.8366246238988
974,7.5459396225929005
246,7.354049374456304
1634,7.145873703911496
733,7.082311474898015
1139,6.89891547710133
222,6.87284615135245
342,6.850575136730174
