item_id,predicted_score
462,7.4599082262988885
23,6.880958579774379
1648,6.6137580588109754
1197,6.566647670028923
1573,6.482018878822288
1072,6.3805041266679865
378,6.3280536212157905
1063,6.317468944476891
1247,6.258764576013412
562,6.2223862249636035
