item_id,predicted_score
1083,12.496550067726236
1430,11.540586997353138
1618,10.818717958988397
404,10.223024931740682
340,10.158745559147942
1057,10.034624192467591
231,10.007112728918521
1516,9.844622663161331
1252,9.689782688268101
881,9.316425357075165
