item_id,predicted_score
702,9.068862739212102
666,8.653995544685198
647,8.444555470678749
1228,7.926189985035378
83,7.803655484977708
640,7.527231855965962
682,7.4330207260474666
1380,7.280892541982066
732,7.248823747349695
713,7.09031661747027
