item_id,predicted_score
1013,17.872515131704937
1549,15.4581293196801
260,15.108143187674667
450,14.862731030438718
1481,14.32995440693725
865,14.215004277311824
1501,14.016394428449445
773,13.538865478682592
1254,12.813310781366866
1483,12.146446784657876
