item_id,predicted_score
1091,10.49996044200375
1306,10.464964408655511
907,9.057931279951394
1135,8.636829786985635
1209,8.619196563102557
1374,8.41379681414484
610,8.024545736816664
888,8.016381392058314
1217,7.895265083261047
596,7.756069509007715
