item_id,predicted_score
28,3.6561489979379616
861,3.55398411667165
826,3.5425500672206045
1445,3.4969583156846356
510,3.478116020066736
442,3.394462414067485
915,3.3578970441446585
583,3.254839237198999
321,3.220591872055694
482,3.2098029109768
