item_id,predicted_score
920,5.9374537205003515
888,5.780815264354645
1453,5.6063581583632915
468,5.4498931648430755
846,5.42426544356726
1420,4.996436829440674
717,4.5918248758127165
1217,4.570010184991114
1564,4.485158256540227
1346,4.458096544602713
