item_id,predicted_score
1081,12.029734334286879
1571,10.241100426437345
1471,9.984173814041279
719,9.810629773341365
78,9.58674636320471
973,9.288514848381643
45,9.265724571627324
1578,9.204716143689623
1390,8.967439822732892
122,8.799442560990165
