item_id,predicted_score
607,2.648651636805787
1274,2.4892331802183594
1306,2.2461818160908633
981,2.178702911550971
598,2.1746627750288186
1268,2.1629302600656226
1374,2.1006583039593787
666,2.048682685634227
610,2.018775473848329
1438,1.9928761545876417
