item_id,predicted_score
15,18.342926873743064
1581,16.243166116437415
468,14.774806235719424
1368,14.675349307830727
752,14.181000511693664
735,13.37422672212979
775,13.080544083710077
442,12.85956462152728
1199,12.586893589354249
1308,12.22572144073014
