item_id,predicted_score
689,13.215656707422688
743,12.29615235351854
932,12.009457309573811
483,11.892138507867099
549,11.52966271394918
144,11.503236038574924
60,10.879392332525498
653,10.813410619491824
552,10.610902146217587
1352,10.163980142096756
