item_id,predicted_score
382,13.809692522592115
1679,13.421667767147301
1379,13.251485847694854
1626,13.202013601263937
1170,12.804816239059512
1671,11.862814961451164
204,11.838099649985345
713,11.723651239386738
904,11.4922776461654
1433,11.41085208364376
