item_id,predicted_score
612,13.197535443589272
626,12.709226448653386
1225,12.527375246952952
1541,12.331920348211426
136,12.278626545263645
363,11.755658223477814
296,11.707802414323368
339,11.283002320694974
1679,11.27270184021474
1387,11.10287222597219
