item_id,predicted_score
810,12.276133842892271
1450,11.691563198091798
344,11.32043576274746
1665,11.19479286527153
832,10.647842852430188
1647,10.55060219552368
1074,10.387598853784157
224,10.283379866353982
450,10.251708564178472
806,10.04966029497734
