item_id,predicted_score
809,17.367777084653504
272,16.714357246927953
1379,16.103773920858256
956,14.936552540609945
91,13.847568482213946
1515,13.61681216972438
250,13.176433903584908
746,12.466294206550405
1182,11.989970513469835
979,11.896062020139821
