item_id,predicted_score
1628,15.128938936364428
932,10.457617478278621
483,10.421912342278343
1056,10.169619382987324
1142,10.10992454365395
1431,10.107421135936182
1038,10.036794366062274
692,9.704419393700508
612,9.64112090035028
1352,9.460927601845755
