item_id,predicted_score
1306,6.708549542595856
897,6.560198146200413
336,6.47995115045986
596,6.342746255573249
846,6.05186823719204
888,5.996001285835898
1669,5.876025068337899
56,5.570740448474301
1423,5.417967032298509
838,5.4039630173772295
