item_id,predicted_score
7,19.374394775333073
1002,18.667012365254564
1387,16.91676142665781
208,14.800334718384821
719,14.178936895728365
1328,13.668818959069206
778,13.660673863036621
1263,13.552078832565154
301,13.282617677938799
141,13.220454708865368
