item_id,predicted_score
729,14.307442428003666
439,12.452592715508768
1472,10.939322696899035
1620,10.512007474779372
1495,10.369128388614115
1648,10.350962827713182
501,10.057023131393981
920,9.785756676254255
1100,9.436372548093244
1639,8.707271645726284
