item_id,predicted_score
1228,2.647772623287666
1378,2.5214533740283778
1380,2.4561805832531673
1481,2.4193344488054502
1616,2.3440459001457494
279,2.333593360401846
364,2.300083583966544
616,2.2873413640953046
933,2.2599218431825263
1298,2.24422616161726
