item_id,predicted_score
1091,9.984991006028135
907,9.20010776276662
1306,9.194252304111016
505,8.466180964382493
879,8.176361452372003
1217,8.092118299184705
954,8.052687417570398
888,7.85414643794908
1209,7.692227987449827
1157,7.688520559300325
