item_id,predicted_score
1274,8.329784377270904
666,7.58889129052214
1407,7.432295036936961
629,7.113376350786642
1160,6.990695933722529
84,6.886806624387349
1237,6.66208255311438
823,6.6526672576909816
1269,6.309155907758082
1438,6.306408984210256
