item_id,predicted_score
865,14.513125616739222
364,13.919706426799584
49,13.59429657890587
1550,12.41286430136901
306,12.006150337586526
478,11.896071856055404
1044,11.41222693319265
519,11.298646984332837
732,10.866014360458188
1030,10.653741929007076
