item_id,predicted_score
56,3.4278989484868196
897,3.4014307884493635
1509,3.166752004422742
1306,3.146080383650516
336,3.1311422961256596
1669,3.110728449567994
1423,3.0917016777247714
1345,3.088617833854832
888,2.9879938622973956
596,2.9415808351142303
