item_id,predicted_score
1570,12.678512747501795
647,9.88266746049184
259,9.774908267466643
1642,9.697618841970058
1496,9.666092630796152
1056,9.64646220243794
853,9.529840023499247
944,9.474661061845886
1228,9.426883798813886
222,8.956189918675973
