item_id,predicted_score
1648,6.043235180332472
1158,5.183559938379041
1197,4.998926049116308
96,4.960530822431171
1063,4.943047660408762
263,4.828813956249412
262,4.825845133234243
7,4.659007515292412
662,4.6482666636083465
1332,4.631273232889292
