item_id,predicted_score
1445,8.47478496300878
273,8.355905178321535
72,8.157043995216206
826,8.15299598130515
34,7.957580279506749
430,7.696787908375977
63,7.6715643956232356
759,7.38732018675363
199,7.264234174069682
169,7.08645284038121
