item_id,predicted_score
1427,8.901138397978972
369,8.81185177251155
647,8.144616314690353
651,8.04286940220307
970,7.808488047062913
702,7.5756232953478255
1438,7.474762026324475
1003,6.875545334476674
83,6.818946761570315
775,6.791957718687272
