item_id,predicted_score
1183,22.636527279561076
1386,19.893529911835415
1414,19.821204593651792
1292,19.12706010871921
512,17.87335729426792
1084,17.474881071260917
1383,17.43312870753721
121,16.452626436633942
1440,16.128825686383195
1411,16.01450621757808
