item_id,predicted_score
167,12.38957849314292
336,10.434563480484103
1189,10.397839984810698
994,10.374819657851535
562,10.118993017052361
920,10.000262513805275
8,9.593856963237911
1138,9.530491986731706
1004,9.525537681870938
187,9.486432435890752
