item_id,predicted_score
871,11.67141453931639
454,11.371835292940826
1368,11.36191672146187
210,11.301967417303494
1042,11.015722090970812
204,10.971114666324723
1295,10.82103438578978
1388,10.63591944605632
1060,10.577426216292679
425,10.372714284822745
