item_id,predicted_score
1109,5.545720206382287
1644,5.264459712068922
1307,5.013262436526153
844,4.817449340616776
737,4.804817701904051
13,4.767372785117036
645,4.551472396004888
1601,4.544609864903441
640,4.483788287355788
1655,4.451667291572647
