item_id,predicted_score
36,5.3183938622376115
1297,5.0748646165651925
1376,4.624242796305461
889,4.619709406903124
1531,4.5766488046908975
710,4.527315234560941
327,4.185157703315665
1378,4.062587290189594
1661,4.05778755903418
1636,4.010800863447771
