item_id,predicted_score
186,12.392366963930751
1274,11.057459970885635
729,11.03433186680515
1016,10.786909219362439
30,10.618876889103845
1091,10.5424640264255
981,10.15772103003319
1237,10.154155454050816
1247,9.70691858619165
1243,9.38446483055453
