item_id,predicted_score
208,9.419006257128407
699,9.34319035148132
376,9.23751636618156
1021,8.939553539521405
858,8.626208247025357
323,8.146830144550803
606,8.092646686797371
1193,7.866190181019427
478,7.806142393227255
824,7.6669831120591425
