item_id,predicted_score
1269,18.991488073942648
1000,13.427311123026481
255,12.443158095045089
306,12.302775986707463
1153,11.5392323294346
350,11.212285399114576
582,10.620785626105206
9,10.490287637101167
240,10.42830548282735
1656,10.377789644833145
