item_id,predicted_score
708,3.8571018568808553
887,3.620445715890747
277,3.5649890882334683
1123,3.4793390543077187
1529,3.2175032236761933
1,3.2122452942553963
606,3.1515153505296496
194,3.0030177955418162
309,2.9649652265066218
20,2.9495469831582115
