item_id,predicted_score
425,17.225569922092863
1194,17.214726240947073
1295,16.167208382982068
1042,16.163341668997358
1558,15.316029300148184
1153,14.92204972522896
61,14.397573518866668
952,13.478397701365987
141,13.305703756167988
793,13.046357466971244
