item_id,predicted_score
415,15.744366203128854
1069,15.596762773902167
1204,15.363914462520519
1570,15.344835980491364
586,14.649575575486384
979,14.377665768097707
279,14.144326646401531
928,13.56392410475533
1412,13.405410138268808
920,12.420784587314639
