item_id,predicted_score
791,6.21788209997914
1604,5.983323846422811
1128,5.443688435953404
1670,5.136180141882782
1391,5.049780230791957
1443,5.0117264308326215
1199,4.93971431935818
522,4.898260046538442
483,4.829788614591657
798,4.681483413424247
