item_id,predicted_score
1648,7.578709464679161
250,7.383317528748222
653,6.710677290817076
208,6.706478661680985
63,6.577859914736815
341,6.54182587657407
1589,6.507345800349459
1504,6.130037092551734
925,5.867335539348673
1307,5.864124117423239
