item_id,predicted_score
1025,15.558685328134619
301,14.658666529810162
996,12.895464410833547
1194,12.638484483780033
612,12.253312597920127
1612,12.059229407045182
97,12.032042486446544
682,11.651498759436201
1476,11.484232802173267
1287,11.376354143473286
