item_id,predicted_score
844,5.217408017101239
887,5.044458368525599
645,4.941070530989279
1123,4.5542765240416525
1109,4.4353657775531685
1242,4.26167432331575
737,4.138276385992642
568,4.131977143743371
912,4.005773340631478
1644,3.9363317580183192
