item_id,predicted_score
208,7.434350000807367
696,6.443120541263673
240,6.391040496910307
1151,6.146772803497767
1560,6.13923121697456
250,5.736290399267449
925,5.671246404538348
175,5.574592473893076
1589,5.570137817663045
653,5.472757050288953
