item_id,predicted_score
640,8.407204320767066
1194,8.387923789881063
1669,8.012873158514033
1509,7.737064717096724
727,7.7035045100169794
1306,7.644364703909117
596,7.620994105324118
1227,6.994139546601607
666,6.756361229825994
551,6.726490458614322
