item_id,predicted_score
377,8.398205308869578
115,8.11466322898481
1332,7.988703465085272
1197,7.817685807328685
241,7.667916442998641
1158,7.411668624388498
1016,7.098071285244245
1661,6.836644780222837
1442,6.826393431085787
732,6.776802559679444
