item_id,predicted_score
562,15.488914657934924
924,15.096471272910804
647,14.718792825819685
1087,14.449849468939348
491,14.355177137713872
853,13.999840040082583
306,13.774375921549318
871,12.580553013312823
704,12.492460756100593
653,12.260913095249048
