item_id,predicted_score
57,6.666168779887386
131,5.678160532570708
1051,5.559712226443829
336,5.431286823756228
279,5.3996081337151445
10,5.298519703454164
167,5.2377039888685575
1267,5.189356487571644
1004,5.150592996170527
355,5.012272834055036
