item_id,predicted_score
985,11.427796756163165
1161,9.949944105661338
178,9.633062614248786
956,9.163321152756344
952,9.090301697890075
1461,8.88772163071383
1138,8.794862443730104
187,8.663755543218723
703,8.50848890674837
1368,8.38832086592136
