item_id,predicted_score
538,5.411878667397869
837,4.990718125513664
209,4.962148882833294
1489,4.668589424816029
871,4.658118087166062
1648,4.65201223939789
1238,4.617456419129735
598,4.615151878564274
1439,4.601017414636801
199,4.564839635537157
