item_id,predicted_score
1474,13.59098201933547
1444,12.643791321107535
719,11.142173534573447
3,10.938670143309468
1030,10.914024984745172
984,10.87793482293339
241,10.820317330594367
299,10.595080921982477
1041,10.477259006926198
930,10.355484749522734
