item_id,predicted_score
279,9.416867090494305
10,9.22600577552694
7,8.977099876588126
1169,8.776331648085097
933,8.71710871878411
1298,8.551601096802923
1228,8.507887424052866
912,8.346789035705305
147,8.1064880714984
1490,8.000111744448942
