item_id,predicted_score
880,12.220051634253103
1004,12.201365992672386
1139,12.194713537456702
757,10.59107220570643
888,10.584301308722583
40,10.547067109916217
931,9.494500824527856
1404,9.250914292269458
1096,8.921233148341853
784,8.899725335384307
