item_id,predicted_score
702,7.718664379026446
1228,7.563832792873849
682,7.407241375786067
1380,7.3261563343908085
83,7.164103449706902
732,7.131649966861627
666,6.9648625688000765
933,6.926007010422124
647,6.812670202345656
241,6.651139572671846
