item_id,predicted_score
336,7.291127359892208
846,6.15986151088831
897,5.9458338164559486
355,5.711094933506447
1540,5.5228079914939405
1189,5.469717759192702
888,5.455665469800719
167,5.446444811745655
687,5.372547267848963
638,5.250941536670028
