item_id,predicted_score
57,5.348159694513505
336,5.113130384486549
842,4.915291407304099
242,4.735661921483479
352,4.701761526273249
1641,4.591203795400094
549,4.433996657242944
311,4.419729670866903
846,4.368099738721675
343,4.302120033860927
