item_id,predicted_score
1004,10.721194040209816
101,10.60327044529323
1071,10.495534465471248
1538,10.371793403749441
1516,10.247068509081341
842,10.151873182232528
626,9.799863344337073
1653,9.648917800466933
1284,9.373914140129894
1244,9.339631421652708
