item_id,predicted_score
1509,8.868250358585211
1345,7.114166817262882
897,6.981029694581716
56,6.976635865852806
807,6.934989557928076
1154,6.869964363762541
134,6.775294935479543
1669,6.718657215213385
1668,6.65860349157235
1477,6.398971949025918
