item_id,predicted_score
1298,8.757408008501775
7,8.005600590026678
10,7.769427076995621
1267,7.626991546283014
1197,7.57838392289709
57,7.315735700007008
912,7.1895390210422985
1169,7.177918487118798
1158,6.831832703962181
229,6.764043771991662
