item_id,predicted_score
651,2.5624179779192144
1427,2.358520179401985
369,2.3159300808729864
1481,2.096731323809401
83,1.956334323165123
407,1.9056097984151572
647,1.8747006167783122
970,1.7327348419988668
775,1.7301076939988382
364,1.7024066395142339
