item_id,predicted_score
1614,14.489819284780115
1279,13.319211344173599
127,12.867105773249193
1604,12.709598954026742
491,12.235003640704676
1104,12.203948164900062
124,11.940072277089602
934,11.605820450694228
121,11.424692876090809
660,11.3700096134622
