item_id,predicted_score
1398,12.162503881278013
856,12.015019218512277
1570,11.701868622060228
745,11.02758925404552
666,10.823255695707033
544,10.669365009238797
1122,10.632468917668966
1319,10.582583778219972
138,10.537871298130979
996,10.331033205262841
