item_id,predicted_score
132,12.23691439135115
161,11.317540311702746
1315,10.993283541773822
81,10.1336406639333
587,9.920216798928731
1452,9.54275465936616
1222,9.306565079393396
578,9.24395336149747
1154,9.20004896094557
336,9.132485468409733
