item_id,predicted_score
534,13.908317228415102
1440,13.88107318984974
1581,13.794362173379637
257,13.586434247987837
1615,13.31098546412484
1630,13.244356987791212
386,12.593210352961686
612,12.516788929982706
227,11.976447870449487
891,11.939637225498343
