item_id,predicted_score
1641,5.695793349169985
1403,5.5203667523114115
1051,5.460125218970046
1021,5.448417859434403
57,5.434808783529231
842,5.195473124999428
548,5.192777469740356
34,5.081663577296237
1220,4.9056894205747215
1296,4.890561900608736
