item_id,predicted_score
3,16.9431339813178
514,15.724234199966036
1501,15.353001323282752
1596,15.163985588326073
738,14.537283933869492
116,14.15583745807675
1007,14.074539071644566
167,13.846803597554462
227,13.289720976835852
958,13.078091189272623
