item_id,predicted_score
557,15.227924895546252
1042,14.860876532628252
356,14.054291637579134
1228,13.981619654066474
1112,13.21443348409792
759,12.310311167134843
177,12.228479888166184
365,12.211998393374468
952,12.158348369619729
1372,12.106364720079622
