item_id,predicted_score
1302,4.103050303474049
1305,3.9649573683491197
1001,3.8754079829393975
781,3.5559003100295437
1031,3.3360538759285916
274,3.2595155243080067
1636,3.2505824756849604
1588,3.2379837899522528
327,3.014270778396307
369,2.9929454128945503
