item_id,predicted_score
1237,6.222830559367612
1274,6.030619912623291
1160,5.589282715071722
1091,5.512911644896753
1407,5.323460583797525
669,5.31493324997258
629,5.190363978603055
123,4.958945659458979
967,4.797355878840882
84,4.76187614725379
