item_id,predicted_score
1247,7.092790510035599
669,6.129869789125452
824,6.071382076146663
531,5.99874908134666
667,5.9730410810259595
1509,5.684473442695351
134,5.615673076231778
1668,5.608445526209476
167,5.514905656508746
1154,5.404055260921364
