item_id,predicted_score
117,4.0565147548429366
1139,3.7610269969878605
1634,3.6116345790376805
974,3.50971617461074
342,3.4681716449645994
222,3.4375489554859997
246,3.3786853370459538
990,3.370457590842391
781,3.341949210047396
959,3.157895031041096
