item_id,predicted_score
258,4.206314292087018
583,4.130740824798963
1661,4.048825086313993
629,3.7994643708191314
336,3.4797072660331967
189,3.4437295818163856
914,3.3943080957524394
63,3.3459907880078648
282,3.330125629789703
313,3.275040329785416
