item_id,predicted_score
1329,7.8738458600060115
629,7.174596791838197
838,6.766668700477235
1151,6.737111469409129
273,6.703161759351374
1454,6.614757739108934
493,6.58228288869756
696,6.471437041554359
258,6.439317881538631
1529,6.2299447839683
