item_id,predicted_score
1305,8.961148922894905
802,8.4367955026477
1138,8.192056944347122
1494,7.411731482076772
699,7.3006951386240875
274,7.187138035530322
149,6.832853422712112
926,6.640816761119453
267,6.607056837836103
57,6.460076700949891
