item_id,predicted_score
1274,8.905257595191893
981,8.445969384210501
1016,7.75007394500287
607,7.215965371770083
130,7.074229213146394
186,6.991045272435625
30,6.769417511780165
218,6.461484384821834
614,6.273313343246788
591,6.20914123376758
