item_id,predicted_score
994,10.861523938581932
1063,10.019546669904377
562,9.84571460810507
462,9.21106246916659
553,9.06926116023017
262,8.860158390424798
1648,8.741679154818973
1521,8.541851424486023
1072,8.530807597475413
1212,8.371671610993518
