item_id,predicted_score
311,14.95859642231063
1009,14.391112989179254
1654,13.662635120743413
701,13.597670942077782
872,13.051173429839523
1550,12.90340902896368
250,12.832517906454163
173,12.624325322262541
1596,12.51643486534553
1574,12.384106785860462
