item_id,predicted_score
522,15.522297414848161
416,12.690201762744316
759,12.593041453159401
1576,12.442601730447755
335,12.440252250127347
961,12.332095133423007
1228,12.139176712514947
1075,11.99828528023655
45,11.826699751997483
78,11.648828257114562
