item_id,predicted_score
1247,10.03475858944749
669,9.476799610789584
667,8.580304810659696
824,8.092292430640496
167,7.794507318432059
531,7.483518818860107
3,7.431707335140675
1668,7.02198621620435
950,6.946038313036736
644,6.864205305054597
