item_id,predicted_score
1183,19.197221301716613
954,18.605143682271738
1611,14.977488318449282
1225,14.87414066836432
1254,14.634347933116402
1322,13.270595613731505
1128,13.245168212258639
1041,12.872065698128836
1670,12.56731102670531
1620,12.034346918133197
