item_id,predicted_score
578,15.642894686962997
1383,14.926817242268616
374,14.416662476185953
438,13.856740848757052
1564,13.380701762230686
828,13.229518169578498
472,13.131732536005167
912,13.121749379376602
1651,13.04304405220353
1275,13.01288060458819
