item_id,predicted_score
1053,14.444743114089569
1254,14.215492252617025
1019,12.58209453306861
250,12.130369589437946
260,11.865609725061926
1172,10.88913448524201
1415,10.859187353775221
770,10.673954221525452
450,10.145563843515873
18,10.059593024191269
