item_id,predicted_score
57,7.269919930102483
279,6.90649806571436
1228,6.768493751212797
887,6.687519745580986
1051,6.625849261865811
131,6.557697337083179
10,6.423759013877172
364,6.272091144484127
616,6.216017323538007
1267,6.204553097808707
