item_id,predicted_score
1138,6.979857056025758
994,6.717636167016935
562,6.268495827543679
1351,6.116466293507392
531,6.09971315408133
311,6.098649424693798
1135,6.094984847098071
1476,5.921586330121515
448,5.878388874830621
167,5.8727365228438675
