item_id,predicted_score
1560,8.71336670382335
990,8.34763143559869
974,8.194942231083525
1106,7.685694071799903
1361,7.612328092741501
117,7.5791557042050215
1221,7.183716470994945
1073,7.068735712610971
1091,6.675087762164772
1255,6.623924338149883
