item_id,predicted_score
412,23.340564293374875
207,18.41283979207218
62,17.083017360946677
1420,15.536425408590308
701,15.037245664961494
939,14.977317984714208
10,14.266032206279005
450,12.558158362924413
531,12.34779626204108
208,12.17711371099863
