item_id,predicted_score
974,7.660960293970055
1494,6.409225226421814
943,6.072914530623817
1197,5.840160900841428
451,5.608866173868738
274,5.385919359505445
727,5.24960859313054
1621,5.238113707278581
1510,5.21670423511495
1138,5.216039660230799
