item_id,predicted_score
974,8.003545021886254
1560,7.340917953167914
1361,7.091914838505553
990,6.392376030534898
1221,6.00476716009704
1255,5.787513509808822
943,5.5451599617734155
44,5.50668559565719
727,5.4634031343546585
440,5.350978549995056
