item_id,predicted_score
1604,5.719640289823411
1443,4.5508159796670995
1128,3.8575842688153195
1509,3.8464312586434515
635,3.842971428539752
522,3.833236053412421
1651,3.7544232134229194
912,3.7516428732650366
669,3.7503676219633495
1642,3.6280178726782903
