item_id,predicted_score
1319,3.484723502196139
1073,3.4523713029773564
538,3.2291286257443845
199,3.17866354983869
826,3.1145972299898417
1584,3.0945900140402287
994,3.0129356199377666
211,2.9939441318253452
1321,2.9424057511487804
1161,2.897225282576283
