item_id,predicted_score
1648,7.371266359193512
729,6.920848772527513
920,6.457976731674192
1102,6.200953835672245
501,6.092358437468645
1472,5.752588930552987
1100,5.496981671429844
1420,5.460696122807713
439,5.398051798392186
662,5.388504613915081
