item_id,predicted_score
583,8.44055171524704
362,7.581286098973925
273,7.333019347152735
737,7.262898399012604
845,6.879695868997843
296,6.856047903529396
915,6.811652103686406
629,6.7891395199590825
1109,6.634779702686379
63,6.566083549425748
