item_id,predicted_score
729,8.29310386720917
1648,7.453463250154957
1102,6.7536114970665455
1521,6.445437800026283
1472,6.3325141065175155
501,6.328002121758698
439,6.261566430743423
1172,6.067953212931927
235,6.003486730987117
1100,5.942640524966226
