item_id,predicted_score
733,7.708474391709554
1297,7.203597402979198
716,6.961846446052369
1329,6.674859914063628
1010,6.498687320930536
1529,6.480128633054567
915,6.472818345796046
36,6.152554055075039
357,6.141316593647307
189,6.126921498915021
