item_id,predicted_score
729,5.078168814891465
1648,4.755544759435208
186,4.701673531802794
651,4.61420643526046
439,4.031194934328488
735,3.9781974703594067
989,3.9301030766429594
1427,3.920705593323594
1100,3.80244005433371
552,3.7190305475494987
