item_id,predicted_score
729,4.832829665160784
439,4.404758819451951
598,4.083335825781553
1495,4.048120057001603
1091,3.948468544167634
1585,3.857495923397568
607,3.8072896864596855
1564,3.757011181398565
1472,3.725054013778451
1273,3.715089525172175
