item_id,predicted_score
568,7.9058660957874585
640,7.872637142562493
1296,7.65546560543531
1616,7.629931859629772
1194,7.579354654283685
254,7.54422018441746
727,7.4321362759599285
258,7.306327617444511
1403,6.895734980828096
551,6.741871148915225
