item_id,predicted_score
846,9.397617937562519
1616,9.116006547183455
568,8.770928699749518
1021,8.679200569305552
1560,8.669355512437406
1194,8.6358632136427
1641,8.548687754814047
1296,8.462263554338568
727,8.28595868922929
855,8.099600707868468
