item_id,predicted_score
56,10.664736182060501
22,9.63503078368691
1160,9.475013143099723
582,9.446827068429265
1245,9.139359279238377
340,8.984960623058605
223,8.954462467945683
560,8.946365938581142
981,8.904094202870667
1596,8.884751092824105
