item_id,predicted_score
734,13.947206649029308
1120,13.432234525300444
231,13.347223030660302
669,13.01778089676751
622,12.827835858542386
526,12.749035633356362
1131,12.581129166535728
842,12.51210128488079
1666,12.307452999922338
1668,12.12843619659364
