item_id,predicted_score
300,18.81191936266653
1279,18.18477583869506
1416,17.30910910351138
279,16.80535484762745
1048,16.779135638128
1104,16.47661417286457
424,15.985516209838309
145,15.904008788134878
70,15.235202297901296
594,15.122543069500157
