item_id,predicted_score
1048,12.50835879033902
10,11.45369345649138
1153,9.225833540981391
333,8.989484212803907
31,8.466021859664094
939,8.346822017926131
468,8.320754360397018
1609,8.28243650935583
1072,8.137327845686936
1601,8.072781713503712
