item_id,predicted_score
1305,3.598205925982821
802,3.5395171046036813
1138,3.052080420701913
274,3.005996068373893
149,2.94649462516747
1012,2.8880133047717713
1025,2.7735521425990646
1244,2.7726794309954417
926,2.74102969826632
369,2.6811155731822476
