item_id,predicted_score
1414,13.293075849706174
1053,12.763877351364597
377,12.127246022088634
18,11.849276760463646
700,11.841794244659106
822,11.660161977596486
1153,11.216020222434128
952,10.95672065968637
512,10.32141866243975
136,10.282978699058681
