item_id,predicted_score
1048,12.716698575818535
483,12.017569450586087
1142,11.93853772580388
242,10.787196619178593
839,10.376082821726495
871,9.92188020763847
108,9.379733798044818
559,9.35215036128302
484,9.348818505240182
1529,9.233785111809881
