item_id,predicted_score
243,14.094681923280929
1572,11.92134588572777
335,9.809490734823976
497,9.560082676214872
922,9.421846019624855
341,9.166309389096362
1437,8.915378420620332
952,8.710791610476662
1139,8.614602477120679
1404,8.5435160622658
