item_id,predicted_score
266,14.136667004157509
1379,12.678383523480036
91,12.66421483527586
559,12.308384516595776
775,11.852250002789889
361,11.817576535109621
1308,11.123426454568587
433,10.86796049998948
965,10.850984723890765
1618,10.625012464024834
