item_id,predicted_score
1519,5.340217654728875
1072,5.0821731225286
738,4.825691366073635
63,4.794996485400211
1243,4.741123331599227
552,4.415726263223692
1379,4.152418197410297
950,4.033110644519721
1420,3.890919005033539
625,3.8174144796107994
