item_id,predicted_score
208,7.953368500366007
1560,7.607957455194611
696,7.031526944087366
1361,7.02275631201335
1151,6.87718752356405
175,6.79614553199953
240,6.770259445345713
727,6.443276187171904
525,6.34401603064889
858,6.302629491115341
