item_id,predicted_score
797,14.451209962815255
1616,11.640844044197065
493,11.405795619323587
759,11.288817924853356
870,11.073790988618011
1150,10.779540552617355
1651,10.58529850857628
1233,10.071586710323283
514,9.797642731120813
150,9.789697847486343
