item_id,predicted_score
722,14.905491092734405
1128,13.36115947851826
462,13.307194016767795
1407,12.334669170012702
567,12.300752508110836
1604,11.890333050286895
1183,11.764218046134854
1008,11.741079028475522
953,11.521382082406912
988,11.35566710580784
