item_id,predicted_score
898,9.289759418438278
1031,8.482961916959846
799,8.447643692612147
41,8.394109084393598
1025,8.233948752448256
1670,8.187388546706913
1378,8.131126493847482
710,8.081100184520125
862,7.808475622127882
889,7.7918876906121675
