item_id,predicted_score
1673,15.482995521125376
1057,14.35942696852013
313,13.52304980013418
1047,13.241417282893153
491,11.732555104254054
182,11.38304745160145
1251,11.241358429526077
1183,11.201050622702617
266,11.094022223007567
1279,11.012496051793814
