item_id,predicted_score
729,8.440666163380856
186,7.403219089968958
1648,7.2443991668778285
439,7.145420929115099
552,6.309852789654111
1100,5.962968710613471
735,5.877455703886809
651,5.806021514353571
837,5.745672439583786
1372,5.719895608571145
