item_id,predicted_score
559,11.972964646548917
734,11.353142811929972
964,11.322825632337086
1230,10.194577253163796
1048,10.007041661906467
178,9.984189817588682
499,9.851556359743064
1016,9.793072406305946
227,9.071176011155965
1113,8.616874532227541
