item_id,predicted_score
733,7.877584756539406
1529,7.77565864884901
1297,6.859828767503446
716,6.854833554541059
36,6.8175778230395885
1031,6.793455605780638
1636,6.697439657661092
591,6.5196984561358935
1376,6.4050419664245
1010,6.398279161984139
