item_id,predicted_score
828,13.229740488674064
582,12.36908915392975
56,11.959315816500581
438,11.894282781579985
1244,11.63628240052709
1015,11.537202712898356
1216,11.031795173111401
1090,10.821548336055482
536,10.231169754248821
1249,10.205127140437618
