item_id,predicted_score
363,14.422331363288908
1655,13.235748680697274
1238,12.43771054216462
1436,12.238961330417794
277,11.969036268980673
612,11.806108039170647
1461,11.116340253095277
467,10.930687994073807
999,10.694350478303441
990,10.620547254563464
