item_id,predicted_score
651,10.214080515700386
1346,7.285183456006516
1606,7.004749725227412
1427,6.763826402052482
1100,6.572594615001353
141,6.446363492434818
1464,6.278569623311022
480,6.2206280019225035
783,6.182228830303063
647,6.042846950583269
