item_id,predicted_score
514,17.54412602205211
450,15.971371332108916
602,15.029070056111431
1597,14.928536511838939
1513,13.991631864288202
810,12.959710543945754
719,12.873348473002531
546,12.78673936375176
449,12.726024288643412
800,12.719765265377617
