item_id,predicted_score
1302,9.052648001241646
1031,7.798512309952277
554,7.368216465606238
612,7.291966435023881
1244,7.273418892964757
708,6.988883109175822
1120,6.942882985962577
1162,6.64544866090225
309,6.57899728824079
776,6.570353528782394
