item_id,predicted_score
1021,6.066956135127981
548,6.056127824854684
1296,5.9042643158423385
1641,5.892004037381738
1051,5.890605956048917
34,5.885587036983666
1403,5.8474405670346945
57,5.670669135958253
745,5.667291082401124
258,5.511890107618462
