item_id,predicted_score
1021,4.743336511891455
1237,4.475134716681561
770,4.438725786608065
422,4.36877094766198
1319,4.131911266930045
653,3.811421743000719
1307,3.7575078989105015
1525,3.656768734321739
1221,3.5035317239618715
1321,3.47677807770886
