item_id,predicted_score
874,10.883867926863186
301,10.477554535196314
630,9.285582381352517
1581,8.91740213494887
682,8.816978957203073
1127,8.733777530215903
1666,8.393083007855825
602,8.367294842952898
1387,8.274247156187311
316,8.069136493919483
