item_id,predicted_score
57,4.1979696267216005
1298,3.8892062341410956
1267,3.803470981168212
1051,3.4752803114212623
616,3.4415283689955527
1443,3.4341498467849605
279,3.4314991550973653
131,3.415975598039443
280,3.2953481133665097
10,3.2352150796080767
