item_id,predicted_score
1427,9.357320260060714
1100,8.239458631321769
369,7.563534393925581
651,7.15017114709598
1172,7.049113739365884
1319,6.915493784001371
729,6.903719290626437
439,6.829483710911581
1464,6.510411854629138
1662,6.017244759914205
