item_id,predicted_score
1021,5.036300731758285
1481,4.730734087639183
35,4.683310315255331
842,4.561659690285889
1616,4.553629215534772
407,4.496682747858602
364,4.48848903789978
1296,4.369473816143551
846,4.3328731439145525
59,4.2967898612546485
