item_id,predicted_score
1328,13.835643074285777
722,12.85428565319788
1229,12.470373977128283
1453,12.376686360140987
526,12.351749239349326
1254,12.239106254368068
1139,11.956447413510217
364,11.901513033534131
398,11.824805576556557
339,11.522615052112531
