item_id,predicted_score
699,4.6651786908779425
376,4.048223656022027
1299,3.493817897597978
606,3.454270778305105
1,3.341471388149542
1411,3.204024289088302
1171,3.1740817258242364
363,3.125545268873095
1138,3.0147839723798304
513,2.9773909819122126
