item_id,predicted_score
1298,4.254919024244583
57,4.232357683943565
1267,4.054893176446515
548,4.044970935288541
616,3.990883900011247
34,3.962957981217446
1051,3.884864672219268
1443,3.8606769839353183
1670,3.8274870170379307
887,3.7970445736617817
