item_id,predicted_score
796,13.692353916936204
434,13.03550736575394
1104,11.696340782682183
1279,11.675164005355672
1056,11.397374197510333
1316,11.374175470767568
1654,11.14630963600041
1202,10.67666297649036
87,10.234895276055312
973,9.946570310798975
