item_id,predicted_score
1296,2.1911073399796988
1403,2.0587625658291815
1676,1.9482172889390166
791,1.9169958590629563
940,1.8997439857000975
1319,1.8614569919717006
568,1.8551528021909511
632,1.8122025175332084
823,1.792748005004694
1430,1.7389517868617188
