item_id,predicted_score
854,15.191890003366012
1254,13.446528627036116
450,13.29696473910096
1194,12.818407459437298
939,12.61163427813469
794,11.813356819475343
1466,10.774353551880054
444,9.908865514192193
666,9.794638143813629
145,9.647407721937768
