item_id,predicted_score
882,14.797154555129651
121,14.10993300062678
1279,13.970090480389665
15,13.337641605189685
1519,12.634368759709343
68,12.469327849218812
1662,12.345149265645802
666,12.233999560563152
964,11.878337230195967
661,11.84080170899763
