item_id,predicted_score
666,4.1511713613753844
331,3.633616933300721
1535,3.5086267212862663
1509,3.3975241423579763
1094,3.2561937971895363
1274,3.221029737516089
645,3.2164774290255473
115,3.1290850528813565
614,3.0463965657374046
1154,3.01621848607143
