item_id,predicted_score
1665,14.166104101320599
664,12.744781728327997
1435,12.577145247140017
820,12.477111292573426
1551,12.373133086050968
941,12.268497924060346
1504,12.08479464304068
428,12.025968346659603
789,11.959650966221066
1473,11.592425986663908
