item_id,predicted_score
872,10.84536929906728
545,10.171762959788168
300,9.412368976571159
516,9.213665585353649
192,8.717438631080983
402,8.419010386993882
1132,8.163867873042278
1517,8.15964857983192
1009,7.998861739923662
525,7.838264295983825
