item_id,predicted_score
1403,7.358397166430164
1641,7.357647121599384
842,7.018661754548979
352,6.5988744542242275
57,6.328201899511016
1021,6.2779766305026765
1051,6.104291919906635
1220,5.844701839988153
846,5.827015556614525
548,5.8072786159251635
