item_id,predicted_score
450,15.984147651504163
602,15.644841325021988
1580,15.265623214560131
1174,14.293524391797694
585,12.812545770227974
512,12.540251797190507
514,12.365517089240212
979,12.011926766770515
1007,11.927561545262554
1483,11.889800724856997
