item_id,predicted_score
1274,7.0926674677936665
949,5.739008903121291
186,5.3785180474341185
729,5.0775990970838345
981,5.021099463356725
1237,4.9816495150886535
1016,4.93131939295706
607,4.92850752210076
130,4.677696852111883
218,4.4162452017818605
