item_id,predicted_score
1100,11.205612946669044
920,10.670903930411246
651,10.209893755926467
1606,9.730378554976541
1319,9.72531147493221
1585,8.965116293789649
1523,8.634751038713937
54,8.616241013157461
1346,8.406373006282017
407,8.308891415224286
