item_id,predicted_score
952,17.026488187592747
475,13.84989252539617
885,12.673555847668649
829,12.157638603672954
369,12.050361118128176
271,11.517316643762406
856,11.500193947221277
1421,10.972769379855597
1677,10.871117257793436
897,10.839314106011239
