item_id,predicted_score
1305,5.977841580339152
1302,5.682736958836702
1244,4.771288540336921
781,4.620987454923266
612,4.576070409782402
1120,4.572246384243026
309,4.5478291402189805
816,4.4940053735986325
554,4.451891327199068
427,4.307614782890375
