item_id,predicted_score
339,17.654349465933446
272,17.09777112251302
884,16.095490992131293
973,14.658334628423287
1427,14.21849004983221
956,14.00698054173526
177,13.516221752269036
983,12.883524109843988
1337,12.862855652466648
1295,12.605234838425908
