item_id,predicted_score
587,14.658532411890578
959,14.311120328115324
111,13.724744274584264
869,12.244160514753348
1541,12.027534842110246
1298,11.314392524740384
1398,11.293633431819773
1244,11.194273764102771
113,11.124981854620957
686,10.660002237670271
