item_id,predicted_score
1531,6.314059088256587
1378,5.58011000296575
889,5.220721373647447
751,5.049774728273218
964,5.0235466314972355
886,5.018576997887569
374,5.011760467349059
799,4.72007918030226
898,4.495720432508287
102,4.478070537946176
