item_id,predicted_score
637,6.5496515629223255
708,6.340262515812588
1531,5.741025784870111
886,5.712162544174321
1671,5.639772425075718
1315,5.606880213582579
1025,5.6006878606374
1123,5.529546257639217
511,5.41894152643542
1,5.27497748681942
