item_id,predicted_score
208,8.945404721975981
1151,7.58475778512132
858,6.988694043602931
696,6.776612863606119
1238,6.615262408570814
1439,6.564224465965666
240,6.462754809391895
478,6.413401955837404
1648,6.36981163905808
341,6.357209984905209
