item_id,predicted_score
355,5.637974549719815
1513,5.4045161987458314
822,5.388061017817769
846,5.042623427760477
1069,5.001924565174308
336,4.982298335360481
687,4.979559221632668
1346,4.845287280805905
754,4.780812314402904
44,4.757702134894198
