item_id,predicted_score
1576,14.69215149807208
301,14.674508639485582
120,14.616639551585443
1550,14.034448999489957
367,13.69354337303274
1041,12.908308510005885
320,12.072300438499163
1026,11.861677217468213
1013,11.823323739178704
800,11.800591345026843
