item_id,predicted_score
699,6.029948952755567
376,5.964424529741826
209,5.225051698820152
305,4.870845995640191
1021,4.826441972701433
513,4.687204497176856
363,4.634720844654632
334,4.627360902705531
1494,4.565379012066393
1197,4.4477324000691745
