item_id,predicted_score
884,16.726271448581727
757,16.59218018917176
1138,16.2440030874915
1253,15.597736929623107
1578,15.26698563368285
1375,15.031968800890196
1487,14.722150116178401
266,13.88331972321114
177,13.696719009245104
1618,13.597593068763487
