item_id,predicted_score
865,18.61050282949259
1550,18.585802299819118
1519,17.006347136511298
1481,15.935048743950498
1159,15.632970132258356
1511,15.431728239970063
506,13.964277287881384
459,13.274230167956816
778,12.900874739207818
1614,12.851992637179329
