item_id,predicted_score
807,13.914553293352196
500,12.835369353560727
1279,12.518220718091678
355,12.14417978565487
954,11.930630778308915
1183,11.783066545897833
1670,11.7081696323038
232,11.099759790317554
1322,10.447658147139041
1204,10.343034004066588
