item_id,predicted_score
483,14.00200957153015
1399,13.94409788253741
424,11.694836503850645
1062,11.47811567501552
1512,11.368201859352663
343,11.249117931776373
382,11.218744671195445
78,10.96716021685024
1604,10.797876965219142
1025,10.679289694105133
