item_id,predicted_score
1361,4.6938423632451265
72,4.5367980047212715
341,4.405344120724677
1560,4.2829817487801956
63,4.268960755614049
100,4.159427287265754
1293,3.9459554550980327
751,3.9004085575099783
1504,3.8716053244395163
175,3.845563041515705
