item_id,predicted_score
11,14.885493296986699
313,13.624699104072183
753,12.81207287849303
1499,12.599396161357172
1315,12.480914545840623
1087,12.46034115305998
1400,12.312914810325719
1047,12.21026599807832
1571,11.921645750584483
821,11.59080653663117
