item_id,predicted_score
117,7.418241886748911
990,6.738245829110906
95,6.7137346145881125
770,6.263781819753254
1307,5.888133114070183
653,5.855695453448158
1356,5.809243353350333
1221,5.72838592452018
393,5.697317394638021
206,5.686507915451451
