item_id,predicted_score
568,9.442139020036121
846,9.258411866149858
1403,9.202212117040723
1641,9.076849429924701
842,8.58177885775998
1021,7.936003876051126
90,7.531530708128977
1560,7.415400937007339
352,7.392630244831566
1296,7.069526719117368
