item_id,predicted_score
1604,4.959673167571619
666,4.467607796878317
241,4.410093512483762
635,4.23227206157835
115,4.219129148130687
1661,4.102495462215511
1535,3.8749648739234264
123,3.8535039204506734
576,3.759974315983449
1094,3.670599674029711
