item_id,predicted_score
1274,5.6154028277217325
1091,4.991387065488739
1237,4.933381819099537
949,4.515053130473438
1107,4.424674344903309
1638,4.32681032406262
1269,4.2948367914296535
598,4.278902106540338
1407,4.173235241277993
607,4.1259258862607435
