item_id,predicted_score
1255,9.364626104599846
439,8.82140455094118
1368,8.661176410765659
896,8.475647318052273
899,8.17933293687069
1218,8.158150793278248
862,7.970136115698935
406,7.791749742790442
1308,7.777131816688604
1240,7.748077413484317
