item_id,predicted_score
309,3.7693284581964503
708,3.748000550934138
1302,3.5160772034798335
277,3.4952422223038226
887,3.473627233665911
194,3.4676610829457615
471,3.3802855445058335
781,3.3285884070628353
1521,3.2831773345655275
776,3.275281397156106
