item_id,predicted_score
497,12.560828450823369
1001,12.334810291120682
878,12.04615249625975
956,12.024295543295448
461,10.860135549463514
1157,10.43901457178505
559,10.071991674288151
1302,9.88717214464473
1046,9.633741935921062
1434,9.554102108683807
