item_id,predicted_score
651,8.261531934623644
1481,7.414057446140634
10,7.260497500900877
7,7.071106846311401
364,7.059382621999863
681,6.939594477211572
887,6.936376016448902
407,6.366103817555547
35,6.309621721215247
39,6.234077291441052
