item_id,predicted_score
199,8.25912514080413
538,7.975674529856306
826,7.416069817521448
34,6.676908629182027
1073,6.673205292812402
861,6.392121914061026
759,5.979639390813652
1511,5.958647505031115
1445,5.8426963708776904
4,5.8198657324999346
