item_id,predicted_score
1509,10.587790325612549
1275,8.756367406558233
590,8.706142373498936
1055,8.550241028760269
747,7.900609502716202
14,7.561654932509679
1124,7.491825867309052
1659,7.447605978097144
576,7.3453855389502305
1406,7.296899612904975
