item_id,predicted_score
1073,12.359405105729213
826,11.14707462186681
34,11.014377741247344
1445,10.553614684694965
706,10.181087254799884
1269,9.725038329035888
759,9.173605561633998
430,9.16815972729925
587,8.869040056256754
455,8.718666955182805
