item_id,predicted_score
1009,13.854085118383756
1430,13.630226902171856
1474,13.56011136218348
40,13.094811229212812
709,13.048172631902913
664,12.865676531503322
575,12.846991586236307
517,12.816577567045856
293,12.397095757787088
1637,12.365915610736728
