item_id,predicted_score
438,16.457506938110743
1434,16.044968077509303
268,15.582659300238053
1260,15.360079389047701
1549,14.978616952673274
445,14.890217059731402
412,14.556990101604722
872,14.47641537225992
1190,13.766036520304395
1001,13.61064197878218
