item_id,predicted_score
1328,13.320826139557372
775,12.898048081572934
654,12.544800241315569
565,11.59923929915929
468,11.108152771103802
944,10.779108160547196
136,10.68296921471438
317,10.45935228299299
1446,10.445370172018077
539,10.435871791121308
