item_id,predicted_score
1287,11.481833801962797
10,10.735361369749683
301,10.368328434854398
990,10.261980296337345
1367,9.490027311135663
897,9.376576067962958
45,9.240293677007411
463,8.998909027500783
530,8.97304263508601
1612,8.747204142531396
