item_id,predicted_score
274,10.372263479680987
970,9.760986513617436
1132,9.024439131284476
994,8.727880211262022
149,8.621250287844237
820,8.284949425134558
1012,8.046675702094209
354,8.0375768455062
1025,7.653487875817456
898,7.634358255322524
