item_id,predicted_score
274,7.801980569115588
1305,7.084451124708209
1302,6.527528805354368
970,6.46725607838593
1001,5.9595864531442295
1244,5.927876808927373
1012,5.830762770794231
401,5.775098440251448
612,5.6321797195438865
1222,5.494777316270231
