item_id,predicted_score
888,16.308000429588088
881,16.074915393615644
1353,15.637899983250152
1004,15.151626710289719
1321,14.286617870330064
1500,13.580725832969616
1014,13.404307604790771
853,13.389469207604126
1319,13.269593196708872
159,13.249883932635221
