item_id,predicted_score
1248,10.100099716650792
1415,9.579737352687658
293,8.362247871094251
207,8.255336962843844
512,8.041912044212467
1387,8.025636585473054
524,7.765109686771969
1032,7.53757424267236
1386,7.449275723828698
1174,7.335862403521519
