item_id,predicted_score
57,5.7611334067231486
920,5.693574842587891
887,5.156112739140921
54,5.042017365684765
842,4.865613467191701
355,4.853130876271862
1523,4.799529541280959
681,4.795912525573165
10,4.703582957637463
394,4.677627089193001
