item_id,predicted_score
708,6.663742668341036
591,6.392425304639153
1661,6.206374094937496
1025,6.070099720241357
637,5.978357214831277
189,5.80620524866557
340,5.576077628406317
673,5.55525071695456
1670,5.51098665923301
710,5.351890016753976
