item_id,predicted_score
952,13.360714787645634
1406,12.832785379361614
961,12.804107609362719
1581,12.396938169715005
21,12.16563002363323
373,12.164971452032486
1381,11.42789637070166
1166,11.412750165360467
665,11.277254860455312
61,10.964149307155562
