item_id,predicted_score
719,19.244961472855575
305,18.43936902492774
703,17.853847131595987
750,17.617311671834894
623,17.05229478014932
729,16.848269404409372
272,16.63489555643954
1228,15.95315012454755
1276,15.858590951866457
1350,15.820534391626213
