item_id,predicted_score
1361,7.849509545361165
1560,7.520447211976641
1255,7.244885417669211
1073,7.153891061111988
974,6.890815266344832
44,6.695598646810771
862,6.2414658264663805
1370,6.150465115883206
1221,5.484287819552052
1269,5.360673528630975
