item_id,predicted_score
1306,4.723694721605617
568,4.065422561016762
596,3.8252861986346742
1374,3.5360442547580933
1268,3.4941051447329787
997,3.475631185149165
610,3.3912796915410164
1155,3.364090029387642
607,3.33835617757564
666,3.1551659675161545
