item_id,predicted_score
57,4.373407361850184
1051,4.312174346393643
1228,4.279271250833453
279,4.259432588828616
131,4.160886032471774
887,3.9504885298841614
1021,3.7181958186400785
616,3.6817197741999617
364,3.678403264433628
1579,3.6535503394991156
