item_id,predicted_score
1021,4.9911237510309885
842,4.840402074809404
1319,4.552739506580236
1641,4.443906492056858
846,4.304803864335507
1296,4.29038000512488
364,4.270039956917184
213,4.262961409929371
1481,4.262471466448542
1403,4.201887055496532
