item_id,predicted_score
1174,11.655482437812196
35,11.324001716710182
780,11.16157558674553
1030,11.094314802368945
831,10.9322968295517
339,10.68129596270865
1450,10.42867784973369
452,10.343249796077997
1244,10.325167489287578
1541,10.308735875338344
