item_id,predicted_score
666,1.6972145260031968
1274,1.3730331423226316
1509,1.3314039893577467
645,1.2627261867004789
1535,1.2616801606391261
1268,1.237802051313279
1306,1.2154564629824167
84,1.2059717269247825
1094,1.2045984829237752
640,1.1936584314228718
