item_id,predicted_score
1044,15.297238973012913
499,13.36590181006342
438,12.770492236550819
1615,12.275747458136196
1511,11.877645390684075
31,11.661286874890974
1048,11.255222457506662
1431,11.075334389631774
945,10.793193756180639
1614,10.760851384105539
