item_id,predicted_score
89,13.762893461091252
1034,12.592658408917602
1549,10.759985363882233
303,10.721481520149078
1611,10.705553585485108
386,10.617491408842904
1042,10.486176082112113
1139,10.438313498416036
206,10.159369894729652
757,9.724973735630805
