item_id,predicted_score
336,6.593158642042949
549,5.771414438448383
531,5.5055551930981315
897,5.331777734955119
311,5.131997036226864
167,4.981376514376222
1476,4.930750365380743
638,4.890012541995481
201,4.831491138621418
242,4.738036984756018
