item_id,predicted_score
374,17.763025717222
1269,15.820792272614588
202,15.190966815911159
1004,14.684773854995793
926,14.488806640134305
757,14.413507365771318
487,13.68667455975621
1336,13.41571908453231
88,13.412606807674761
882,13.057279281016172
