item_id,predicted_score
1161,8.267932467365185
1584,8.251391545063269
994,8.093862432022078
1319,7.820070768073163
970,7.0475579461881255
1279,6.985303226729337
422,6.523778200246086
1237,6.437592082616459
1321,6.326550508670772
405,6.323125504247318
