item_id,predicted_score
167,5.699105979187607
10,5.243649905647087
920,5.128577481166861
1189,5.079484256286031
1226,4.989048217105823
1072,4.884603074941381
8,4.802748248458487
994,4.711182118717765
262,4.709161446371092
57,4.666662475716356
