item_id,predicted_score
1370,13.149015715685584
1252,12.38434599252828
363,11.560637546018231
904,11.324136304446025
612,11.118686502225783
192,10.968213285913873
299,10.805691722024854
20,10.580924365565041
1330,10.550151222052802
1182,10.103339897826455
