item_id,predicted_score
568,6.883402454537241
739,6.693323690189195
598,6.087050808087693
1306,5.841401828191103
1550,5.717549679989843
1273,5.708300348834843
41,5.6865999924780315
1278,5.605535313387827
425,5.552964422361867
1585,5.482269081055786
