item_id,predicted_score
1004,20.469996715513126
6,16.55306139153709
1362,15.72318364920558
926,15.295733859844297
1048,15.165412993329568
1194,15.14863329112789
1365,15.129219820519387
424,15.02238492419206
1191,14.747176829263756
995,14.09339682400054
