item_id,predicted_score
424,12.047445865369301
351,12.011361841544593
28,11.479339585655453
78,11.36172709917405
565,11.343615321935678
1062,10.530814526660254
1400,9.792757808420617
1399,9.395450842970375
665,9.371424751825277
135,9.210345392004117
