item_id,predicted_score
1293,10.789549854651142
209,10.28693400025112
1609,10.224480775279915
280,9.953419376328613
85,9.814122919023017
1065,9.773367600369454
726,9.714214887151648
842,9.391537511684845
142,9.189882445260956
761,9.115901699997515
