item_id,predicted_score
1274,11.973557869926427
854,10.978618440960986
1159,9.262325987438597
669,9.17901662081352
622,8.797549068325983
1495,8.55960948909914
1429,8.302026243171508
418,8.275004959603878
444,8.24388219716366
1312,8.127130499779248
