item_id,predicted_score
1378,6.1349457323687595
1443,6.016954861196375
1296,5.9858905278009
1604,5.985627614499227
1616,5.820955755868919
1228,5.733398383035743
254,5.683311381709012
616,5.620054307033329
1380,5.599808020390348
640,5.398492131200879
