item_id,predicted_score
1529,8.325883927704037
827,8.164584775173823
131,8.16341853182088
1089,7.94648274754439
457,7.898112270802728
906,7.4154852450400695
277,7.168999822984206
606,7.134741395631599
491,6.86363687862897
468,6.746925724773001
