item_id,predicted_score
733,4.44378972660408
1529,4.35756381323011
959,4.2070237474938565
1455,4.125382472629593
490,3.589002009111387
1634,3.5665800386973125
277,3.548695751076683
201,3.5067362508552145
457,3.4746959494554615
716,3.4173825277753718
