item_id,predicted_score
1268,4.161601950213338
1306,3.878703993190274
666,3.849146191688779
542,3.7992665182126713
997,3.661191553636767
1542,3.5310778552176765
1155,3.530936557774194
607,3.5275327444245463
981,3.492202048249845
1346,3.4484081536094915
