item_id,predicted_score
1069,13.230314136923463
1538,10.38343883115212
726,10.238814033546996
377,9.865853847057029
1165,9.749850647806692
944,9.685902115480774
366,9.027424892642257
979,8.96159105262569
1414,8.883669596094364
1096,8.85814410755346
