item_id,predicted_score
1072,8.038757764438829
167,7.697537447323978
1247,6.945732172183689
448,6.379552497942316
824,6.364185045749009
562,6.330642018096173
1243,6.16356571171564
950,6.123195092445301
462,6.045795463089786
3,5.751805823777582
