item_id,predicted_score
1531,8.675555222915495
886,8.296746243958133
102,7.52510352201491
149,7.433454685065706
802,7.216948670737313
699,7.15406653091994
926,7.077612967381038
1005,7.076539927501322
209,7.06892009958214
904,7.064124990203521
