item_id,predicted_score
1305,8.678840558436512
816,6.506592097719783
781,6.333060119331654
274,6.262978871586673
1302,6.1420753161032415
237,6.140523869235878
630,6.029710902686274
1301,5.788962916259353
427,5.742104271023137
1138,5.615730851681993
