item_id,predicted_score
1158,7.6006490759740055
1427,7.113764644423366
1197,6.872111534711538
1332,6.862406666583298
732,6.365388869282214
1003,6.295704991783502
235,6.274283040029211
1662,6.203037404511553
369,6.159597099302543
263,6.05573348696833
