item_id,predicted_score
1430,12.559695515330557
1074,12.243529921615185
1406,11.434411900621257
367,11.013099194232286
273,10.940389884029107
1504,10.938192898507172
946,10.809029626391116
930,10.725018082472522
214,10.453143506414975
979,10.397581309057179
