item_id,predicted_score
1319,5.0093750110590936
422,4.657200929725621
1021,4.65066986018737
1161,4.3696761513699895
1237,4.3210589403177595
1321,4.080501419110346
770,4.076376204600846
1307,3.97391910362623
124,3.9076388885468334
909,3.9004496262850554
