item_id,predicted_score
538,6.332804017777317
211,5.396189507421263
598,5.188125708681057
13,5.0166217606616375
1353,4.929572231714829
550,4.906103478889953
1319,4.89049070609657
1150,4.840567234063499
245,4.83782109873147
322,4.83594480899283
