item_id,predicted_score
1197,7.219608186159629
1158,6.325518974247816
23,5.8236439671085805
1298,5.806813835354256
1169,5.496568369687621
912,5.350292432662342
1332,5.23345747583763
96,5.184440445227334
1277,5.150300404677182
1063,5.05834070790617
