item_id,predicted_score
1238,14.379871161078032
123,10.318850351646017
272,10.263750226901719
666,9.840472120221522
1056,9.708600592697405
754,9.47467694157051
157,9.352415340157945
897,9.325241169145555
16,9.075426547879431
1234,8.942744435684586
