item_id,predicted_score
209,10.828057161817148
1361,9.568740701924387
1239,8.42140513426704
1167,8.369856697406016
1490,8.338799299595522
341,8.214812584362603
1197,8.126115380081457
1525,8.067075981309097
44,8.059161169502437
1560,8.01567291425712
