item_id,predicted_score
952,15.310228101368894
1219,14.334139142437671
759,14.152593903010013
1437,14.067575543970442
335,13.535161865335855
669,13.034161347415505
498,12.56773809645031
374,12.283464386781606
1289,12.222630181054395
861,11.831371677024318
