item_id,predicted_score
1053,13.197049519306871
979,11.827957215352097
1017,11.491536391414483
407,10.94797815914362
619,10.880099882453042
336,10.604949440004068
1322,10.5367429016442
1386,10.459744371352208
635,10.45277953118679
930,10.349614912383787
