item_id,predicted_score
1529,4.914213474224897
36,4.7343683602934306
1671,4.5843357589335625
1454,4.54223477486891
1297,4.429311350217143
1531,4.4157539521393305
1376,4.286490063554522
468,4.201283866330587
291,4.125018795435579
404,4.0108713905455
