item_id,predicted_score
1531,4.195491710649471
886,4.0012400463446465
313,3.9351599127295733
16,3.737265862624911
258,3.660626086141162
1032,3.657764551927137
1005,3.6480508459430045
565,3.5574689875602603
692,3.5497190536849446
904,3.476084856043324
