item_id,predicted_score
1072,7.073032905736082
1420,6.1972124432446485
1243,6.10000333374715
1519,5.994482099214062
187,5.9809472692042185
552,5.571572911918092
920,5.469802331323883
738,5.439715843194541
462,5.367980120797007
1408,5.293678457767907
