item_id,predicted_score
1455,3.0214515714845294
52,2.9157964485767502
703,2.8850818812376495
1634,2.7946339698262332
95,2.718998854710799
330,2.718445859575096
844,2.6562380068320763
939,2.5719318639772704
78,2.559599657563462
1331,2.5244355596003585
