item_id,predicted_score
167,8.140030946536898
824,7.502023132444254
950,7.257469901640112
1072,7.160851379835912
1247,7.131803072847496
1393,6.602057440310444
1519,6.217421945481498
603,6.099845590890175
822,6.048620154945026
1637,5.9554200355539075
