item_id,predicted_score
907,7.9996881670406585
669,7.785107304209737
1209,7.739644605192094
134,7.415627604075745
807,7.4092775311100745
870,7.379761198267948
954,7.3637948798177675
1091,7.322244309505053
1509,7.160848774492385
879,7.152627562929077
