item_id,predicted_score
559,13.694484887550798
1321,12.868184553844536
1004,11.170058243731285
424,10.966108371504296
964,10.64473579227014
82,10.078374510595864
436,10.008749656469824
227,9.83818304978491
1243,9.652611193605326
462,9.26694806774864
