item_id,predicted_score
906,10.97406091541703
99,10.337523307510821
821,10.285983907277249
1532,10.227119707039218
252,10.117038382576858
824,9.88512071205129
1550,9.64565238777691
45,9.609839395682746
119,9.347128218943629
247,9.340759703603613
