item_id,predicted_score
1437,18.239705493097805
240,16.860127840855775
111,16.07832853568029
1496,15.18744448704048
1153,14.977347797741585
565,14.77536874019776
701,14.52913275562636
442,14.049750280768258
498,13.945717577313752
709,13.260594334950007
