item_id,predicted_score
1604,6.956749909178202
1443,5.587196949651989
791,5.489771032377661
1128,5.012768182420496
376,4.946418554062856
522,4.933957015576472
258,4.870648401631771
1422,4.828616689045838
1670,4.767459615067601
465,4.689831334797989
