item_id,predicted_score
1242,4.800900665600802
912,4.5167543764374285
1162,4.490735716814277
554,4.302281510353385
708,4.1038440874638695
887,4.030724285008417
446,3.8306411677353633
608,3.8303723898311217
638,3.805488369729567
612,3.781433926407955
