item_id,predicted_score
729,8.743427115383733
1648,8.10060972678256
186,8.056801257873888
1072,7.592469986739119
552,7.431664119795868
1243,7.381729264150813
462,7.178581208091841
1420,7.089957318263401
1472,6.698071016348904
1519,6.652521498012647
