item_id,predicted_score
1634,5.178872632699809
1106,4.973361590434443
990,4.867170520960556
117,4.814849189753412
1560,4.718974653215472
1091,4.698957486942149
862,4.600474135371629
974,4.574886868343523
1149,4.389589395415171
1001,4.374845446077453
