item_id,predicted_score
979,19.112938926530894
1415,16.67779412328802
579,15.559659592360841
1550,14.436967700268058
1204,13.937717875018617
91,13.21196671719476
1602,12.741000314124133
1053,12.681016302659724
920,12.585509956635207
222,12.147190759082644
