item_id,predicted_score
871,15.675505781737236
122,12.738638267990403
998,11.973417832138367
1081,11.834133189939966
847,11.606965771317574
719,11.567388505013408
1040,11.41674963046298
816,11.057594216581585
951,10.775004238160811
361,10.420985717929355
