item_id,predicted_score
590,11.061039903576887
1266,10.524460718947543
227,9.384711358722107
322,9.378492714715016
254,9.158280601845712
1165,8.653857178077441
261,8.54638365742817
376,8.158219020902068
880,7.961381129781755
1258,7.640059945425089
