item_id,predicted_score
1306,8.06390091934193
1209,6.88291108415699
596,6.549733367493724
907,6.189631800541667
468,5.7376570031177865
352,5.7117517366107124
610,5.645501893603881
549,5.633660348532825
1374,5.631802120931466
846,5.501324844350934
