item_id,predicted_score
1190,13.779534828829602
303,13.676481092314315
1454,12.881280326666086
1282,12.276571284902015
1616,12.200192320102559
1534,12.111653206110205
1083,11.659676853583882
731,11.58956467972806
1279,11.511862206220005
121,11.426582767531706
