item_id,predicted_score
1073,5.972184379884191
862,5.49341776934519
72,5.347534402908153
199,5.243533816771838
826,4.866326825519892
759,4.676355684281151
1255,4.600031557022511
1293,4.598103295802138
1378,4.597382150648526
1495,4.555145480390827
