item_id,predicted_score
791,7.615675341311325
1670,6.38033815651294
1199,6.358068448128434
288,6.033043437826264
533,5.887952769522406
956,5.6169938000547885
968,5.597496815786571
409,5.4922410644918065
1298,5.472581676599148
1391,5.456384062090888
