item_id,predicted_score
1550,17.69234492590219
355,15.773693495474664
1574,13.741776958177809
1654,13.723667868368768
906,13.507065808747782
1571,13.252313764636348
1387,12.94224186207626
136,12.103995186873973
800,12.079503453099976
746,11.751957505300782
