item_id,predicted_score
708,3.483269718021492
1,3.277209660320531
1123,3.230243764290164
511,3.019552471388908
1671,2.9147264598315235
637,2.8847021139256617
1529,2.870627251832784
316,2.740198254912404
131,2.7379487193832723
1315,2.726289272405361
