item_id,predicted_score
1230,18.497418622358957
560,18.351985119313284
365,17.770625069181563
1578,17.621190701048313
136,17.19171018723594
243,16.736005518767232
734,16.67546456022574
283,16.45022919930691
335,16.237158289240604
1141,15.739626659276066
