item_id,predicted_score
1274,8.11902339915287
666,7.0892651109171645
607,6.7032522784982875
1268,6.54006383238793
1438,6.515731122792985
981,6.43725231052705
1136,5.823676040169312
949,5.775551249299292
84,5.49016694543253
1065,5.121992099608103
