item_id,predicted_score
1004,12.947551587507313
645,12.78798285726619
661,12.20560779183716
2,11.580204107364942
61,11.002558311434111
1121,10.961428603139282
1453,10.627909328039188
425,10.56553510998227
794,10.352258834199802
888,10.13464022427269
