item_id,predicted_score
468,12.602189500657545
36,12.573395680438475
727,12.142827687687381
291,11.74649017157174
1305,11.673623892942267
1011,11.009260180760098
264,10.919744689850816
1535,10.566532080487276
1608,10.539689225878435
1344,9.922721760590807
