item_id,predicted_score
983,13.811619448619672
1471,13.452890563378268
973,13.339827558557104
1534,13.09754578003548
1161,12.424541161908873
757,12.019579778089852
351,11.734151089368707
177,11.725846030623066
210,11.719001720117436
1255,11.621933673717294
