item_id,predicted_score
699,10.873813111132668
1197,10.802297681831668
701,10.773437445791174
1016,9.990424149943026
1656,9.975525657538752
583,9.839316021670157
1048,9.713159257559617
1351,9.659290230784869
224,9.604529287155165
531,9.545778577404084
