item_id,predicted_score
1642,14.000870082950268
1529,12.993939430134091
1640,12.909503636229704
388,12.50327084751059
1317,12.288875640274284
1000,12.094769874039985
1085,11.737040569593407
82,11.443662462972359
77,11.343439237213579
590,11.26921873974197
