item_id,predicted_score
956,4.927745776808423
369,4.515700491892506
791,4.371484413119966
1199,4.312688777985231
1311,3.957684786615006
1670,3.94265681979675
1427,3.883144876194589
970,3.842190864327079
1158,3.7896724737835235
1298,3.6880350157947213
