item_id,predicted_score
335,12.560432934278852
194,11.744096840887153
1591,11.203005790056373
1679,11.03279161588845
590,10.502077076961143
775,10.318230016480662
735,10.121401654336504
418,10.052017722200105
123,9.970254895325082
1588,9.859881142580335
