item_id,predicted_score
199,7.108779801506675
538,6.972723997351589
799,6.287583175009619
1531,6.038363141986751
692,5.711435034032345
354,5.698065848039144
209,5.692959116195559
1132,5.600036161194622
1378,5.452981100425637
886,5.414114984299224
