item_id,predicted_score
1606,7.71887907762444
1296,7.519615680392767
1616,7.219913156168193
647,7.055967940127601
1430,6.9546479444367035
568,6.938969908229821
679,6.74500905507615
1560,6.596981303026439
739,6.346052913484471
1346,6.146216346419024
