item_id,predicted_score
467,14.988569970567024
639,12.220823088605158
1051,12.100449896651329
879,12.025910475711747
1442,11.961653666429534
1507,11.900689779602864
1150,11.856592642369876
123,11.778369641755736
870,11.504787000135007
897,11.189933082940742
