item_id,predicted_score
258,5.737966558264719
13,5.673741752684467
723,5.517840102635584
565,5.42215741851105
313,5.3827880869869995
989,5.37503767012482
637,5.247665927909568
1123,5.225891377648374
1661,5.17610013944253
16,5.0813922445385185
