item_id,predicted_score
1091,7.061711458757398
1306,6.612836050774983
907,6.215841887738419
1209,6.0229057899182346
1135,5.592950779897876
505,5.2736313903055745
954,5.259981638364223
531,5.142955598216595
1374,5.087258271973607
1217,5.031503237724734
