item_id,predicted_score
1306,9.253269052483125
666,7.519548396345841
863,7.277749914332542
514,7.003399095218367
1284,6.963238611847299
1086,6.941260135325303
1155,6.935056938918731
1161,6.907938248008952
997,6.763317066992617
551,6.700532170126084
