item_id,predicted_score
57,17.68979628919991
207,17.593164577715594
1658,14.779720168699594
1282,14.695504840076165
412,14.57207652014705
549,14.358474567642116
217,14.263302586836266
1662,14.02684930044358
17,13.447134095258864
914,13.437321671493653
