item_id,predicted_score
1158,5.51085179011019
1197,5.293496274273119
1298,5.069525128184054
7,4.724226764051166
1332,4.602983126881307
912,4.591088190067555
732,4.549688079620352
1003,4.326285080960398
369,4.1678717616808525
235,4.084718670960038
