item_id,predicted_score
243,13.093344077237902
539,12.958138603969605
125,12.667249324469674
283,12.486283757062381
479,11.96085503356813
557,11.690200133410492
1330,11.591678845218436
727,11.471177574437128
1116,11.196473396053527
736,11.163642396761084
