item_id,predicted_score
647,13.03792740585618
1512,12.64111193962491
1591,10.923195008066873
1061,10.509973408448282
755,10.487765874013123
654,10.458807028591615
1553,10.45467504615961
1623,10.388095834738749
437,10.383010115306435
373,10.188677964810278
