item_id,predicted_score
512,13.725936001143607
1383,11.180070392830928
1138,10.785658451240753
1564,10.111630489716529
1415,10.054470568780232
1030,10.006796057242134
369,9.9458118852937
885,9.92560109232171
1044,9.899852447947616
1032,9.634982810575048
