item_id,predicted_score
729,4.233160110319329
1648,3.9467513436337516
920,3.9015279103500546
462,3.791487875475945
1472,3.7677971041231024
501,3.6982613408846996
562,3.5566720223843267
994,3.343288928362344
1495,3.340541779601077
1420,3.2456474849174555
