item_id,predicted_score
1322,18.915009279475214
675,18.682881568890423
1294,17.720183766384284
1088,17.447476859481508
1515,16.997673747311254
684,15.478993394360117
1314,15.299229342331024
459,15.142583386441808
1032,14.68255596091923
1513,14.674251185467156
