item_id,predicted_score
585,17.45447483227932
512,16.53043460965978
169,16.224341920595307
579,15.956430436771697
1044,15.743476484926893
1431,15.46440052217871
1244,14.78925701443636
731,14.767736811684784
1284,14.092944748769362
207,14.016921383027295
