item_id,predicted_score
1100,7.098950280998823
1427,7.039656805594731
651,6.758601009157094
1606,6.756524136094141
439,6.33428375978474
480,5.794334391260634
1464,5.752432137591397
369,5.697468884829898
1106,5.654221205637891
1372,5.634634758878415
