item_id,predicted_score
964,15.93080449030011
1080,14.819863196029166
1048,14.237070817169368
1190,13.644014074785261
1113,12.863078051627522
499,12.757398371255032
35,12.689491059696632
1519,12.446345105781651
7,12.347884595877435
1336,12.335329717351271
