item_id,predicted_score
1604,7.908344683399434
241,7.851527252809746
635,7.674185929786588
933,7.536718724950186
912,7.532057671433442
1287,6.864304525760042
200,6.7571710175062405
147,6.68269686560739
1443,6.652865902506411
1380,6.651518256053491
