item_id,predicted_score
377,12.137333310925639
944,10.694069677422192
1679,10.268626742625514
339,9.531108122665827
757,9.446482196885567
1547,9.359126017703728
1298,9.094414679387484
351,8.866012186203996
1039,8.382422329874835
1260,8.350111593338996
