item_id,predicted_score
1158,6.912884168162379
1427,6.654529570578666
956,6.573052925355924
235,6.258621367013507
1332,6.233882379237112
1197,6.097895974775767
369,5.942408258120559
1662,5.936637172152908
1003,5.6548201168596455
1199,5.575880788111298
