item_id,predicted_score
101,10.580450631646713
96,9.669872744334555
847,9.580990963895815
1658,9.171601172417652
653,8.990431651351209
635,8.74042662679522
100,8.73921093502725
1551,8.73778530930548
1640,8.501386715788783
1080,8.326270916848664
