item_id,predicted_score
1637,12.843629576674006
1652,11.649974850806556
662,9.542541846067017
1142,9.253457097032648
1431,9.253126576066187
612,9.042989242649282
796,9.030565304576504
913,9.009419034242487
339,8.934853594853857
355,8.919781747238979
