item_id,predicted_score
1509,5.578686886737651
807,4.518437741486313
134,4.365671089448865
1086,4.281991256103914
531,4.133474254947568
1284,4.082240221090128
1306,4.049605321000316
1154,3.985426476105978
1669,3.906645259944909
1592,3.8810115142616675
