item_id,predicted_score
1403,6.763414904834335
352,6.495640560316008
1641,6.206103649032255
24,5.380760937296259
1284,5.361569142890939
201,5.345888188609347
1220,5.340919928121068
90,5.107960191079632
842,5.078837887396311
1051,5.063065133567447
