item_id,predicted_score
1527,14.503453896458725
1574,13.343059216304084
1550,13.082919466791843
192,11.35748857031584
1479,11.216750702334497
1535,10.41673847447776
1578,10.378646865871715
977,10.372029958101763
738,10.203110789518886
777,10.120155973819577
