item_id,predicted_score
757,15.462920611476733
956,14.400304512903155
1515,13.749493514948888
659,13.07522432717055
1254,12.824098598682365
439,12.533186429202834
1389,12.391890455963582
1202,12.145312396291006
877,12.039508084693226
794,11.863624139255485
