item_id,predicted_score
1329,8.240494100233775
1560,7.948854224474264
1454,7.834506995402896
1361,6.943120763903216
727,6.782400354258372
175,6.710406235517853
1297,6.671095586771678
893,6.466747675782825
572,6.379477628671965
404,6.323528473669407
