item_id,predicted_score
651,5.051952147867029
662,4.827049302004967
920,4.683333883882927
1100,4.579082330179286
1648,4.316651860671882
681,4.27253747390201
1102,4.217908415424726
917,4.127756558318504
326,3.97611299242104
54,3.9736129215161995
