item_id,predicted_score
1072,4.934042202205595
1247,4.8370640114824255
462,4.748352464094291
1243,4.513251353976875
562,4.183526604626113
787,4.058887201573671
1408,4.0133881405287966
448,3.9090360383252114
1377,3.7606725065691213
187,3.7465698995856216
