item_id,predicted_score
1228,5.355295971074613
822,4.562824594777138
682,4.402634593126961
1111,4.4011454676801405
279,4.340979194093583
1477,4.156819049378154
603,4.135504417420096
1513,4.095250519392869
1668,3.9889323905331775
10,3.982896827339454
