item_id,predicted_score
57,6.666168779887386
1051,5.559712226443829
336,5.431286823756228
279,5.3996081337151445
167,5.2377039888685575
1267,5.189356487571644
1004,5.150592996170527
355,5.012272834055036
242,4.932955455490544
1675,4.9114398714067695
