item_id,predicted_score
1637,13.209090707451821
483,13.062506422574351
277,12.675822921200671
612,11.518120315153864
902,11.453383801725309
1558,11.436888917789359
719,11.338350401333749
1367,11.326891685233804
545,11.235093018973284
1248,11.076312340468238
