item_id,predicted_score
206,8.02734759554083
608,7.971786556564463
1601,7.711602253556753
1307,7.672484618301903
844,7.534424022057365
737,7.48034677007149
1109,7.419772687946283
343,7.306818348443627
1331,7.273213792174822
78,7.091864629843878
