item_id,predicted_score
1021,6.7411421445539945
1307,6.597364288582242
95,6.192664110537745
286,5.966645895035654
653,5.847979236988795
208,5.643145151339478
117,5.384295192145165
1173,5.247558634320953
250,5.241629822761258
143,5.227680414481891
