item_id,predicted_score
1668,4.901175226282891
974,4.737374482639686
770,4.725856272307291
990,4.626555570475628
1237,4.624905453569864
207,4.565006865038535
761,4.521453331429526
117,4.387709045607731
1139,4.141916561977263
1063,4.08349617008673
