item_id,predicted_score
1021,6.455864216065053
1481,6.305572380348072
364,6.174413768166286
842,6.099449866097688
35,5.991739738368612
59,5.774637469412896
407,5.710530752308794
887,5.652409219837181
1319,5.535009403326521
1616,5.431071541572109
