item_id,predicted_score
669,3.7461479473118615
1247,3.625284452464012
1197,3.3806346690980185
378,3.259415818017391
81,3.1531503987226315
524,3.1144670570522126
195,2.9879674663987794
23,2.981576044205494
123,2.971003852362383
1573,2.91764164701747
