item_id,predicted_score
1319,7.94985646569496
1523,6.2264515495244765
1100,6.177730642581362
1427,6.109677065953319
369,6.099574857003808
548,6.062116473615788
1167,6.012175960336771
689,5.839562768727376
657,5.68549761942317
213,5.59506649337523
