item_id,predicted_score
1161,6.354718912151835
1319,6.163417102730649
359,5.894887883118553
245,5.4587892350651135
1321,5.382547467688012
13,5.039875609914537
598,5.036791113950928
901,5.000057112874582
422,4.922848834516687
1590,4.901681165372
