item_id,predicted_score
199,9.464079129304695
1361,8.9204155247755
72,8.631151624117484
751,8.160865856306547
341,8.140327696903684
1073,8.103185446592523
44,8.102823024812903
1293,8.001561272594452
1378,7.509328625522957
1531,7.499548244096511
