item_id,predicted_score
1472,5.862446365151696
1021,5.606762824938039
376,5.571537559341747
780,5.454759768997368
422,5.260305119316385
1171,5.233991757547992
392,5.061290677572634
699,4.807912995597192
1022,4.797744266575254
1301,4.670601301439009
