item_id,predicted_score
462,3.5827836936849535
441,3.516894179527211
562,3.3194534672810674
669,3.296890907325806
378,3.087958582814743
1091,3.041743774418832
1247,3.0328063439520125
994,3.0063019390244357
1138,2.9370904363313484
360,2.8880343426931026
