item_id,predicted_score
604,13.033611463638078
665,11.791481680376863
341,11.323212367930587
144,11.226765571781758
1604,10.511629070704355
1088,9.795673088454073
1261,9.747863285505364
526,9.554179811203483
205,9.461080343309272
1258,9.434112889585226
