item_id,predicted_score
412,13.376372476203189
1637,12.777582734937045
259,12.044623095001118
207,11.45005199602495
990,11.356583775137608
808,10.872625127076295
62,10.77510392516368
761,10.698818310315087
40,10.249679482254088
1301,10.188158450224842
