item_id,predicted_score
85,20.59414529301783
207,19.052058761848585
682,19.000121440593166
1300,18.6466823562862
431,17.892634486286095
538,17.82695170578857
46,17.157785052202343
569,16.383689223016958
38,16.205272013757117
1352,16.157219265416828
