item_id,predicted_score
728,11.142275190409709
1386,11.011151850686232
1017,10.491763721843174
255,10.142403718740344
524,9.943090179756874
1100,9.634346282925094
675,9.603233977774106
1406,9.54086408609826
170,9.53491060595538
468,9.459472073862983
