item_id,predicted_score
1298,5.467319307496675
1197,5.10681119729727
7,5.041004769760314
1158,4.790691499882232
10,4.678944225379049
1267,4.664881709118091
912,4.404855753574619
394,4.4023025889941145
1063,4.396005610771596
1169,4.312780443991208
