item_id,predicted_score
121,17.024825829658557
699,15.72028514318166
865,15.690199335415612
512,14.60809176204053
508,13.951405833755912
1190,13.700645655736949
619,13.396748295272868
1616,13.093304198507441
751,13.014166277420049
1201,12.964571403030366
