item_id,predicted_score
1247,11.665270068108756
462,8.840933402095205
378,8.59842737458523
1072,8.567081070803987
1016,8.030144573396854
1243,7.9502743628530945
950,7.923511422279457
669,7.863258036211627
195,7.193411892757253
1007,7.188483410051166
