item_id,predicted_score
538,11.708397319500707
692,9.52517525526442
598,9.434671372951787
199,9.202340992401393
837,9.08616181171719
905,8.970642515276898
353,8.9136639891373
209,8.839738461446576
871,8.793405727465643
487,8.73397183667937
