item_id,predicted_score
378,11.241294361989535
81,10.861411087841173
1274,10.502247550564508
669,10.126462426699888
1237,10.065130834722122
67,9.97494118418019
186,9.712133391037122
949,9.53546089555682
1441,9.488078337920324
1573,9.39387368943368
