item_id,predicted_score
1274,19.17594907200057
271,16.97489800427698
2,15.988176266827093
1461,15.86813874925684
1650,15.693104660202449
1417,15.6048039713791
880,15.18262893294537
728,14.607903754031813
369,14.03630807802682
1578,13.782315572030122
