item_id,predicted_score
1247,11.985431824456438
950,11.787092773801177
1072,9.990791183390153
377,9.963102853885374
1379,9.225123531250855
23,9.207973103234814
7,9.075677375768047
1197,8.898840510737646
147,8.744537306206809
1490,8.54019944758147
