item_id,predicted_score
369,3.8669218006375137
956,3.270542993087918
1172,3.2071511163326916
1662,3.157782281597053
1100,3.131942933175974
1464,3.1044468402279146
651,2.984296933255766
1003,2.9324784093388105
1175,2.8895833573896836
1319,2.880278030102542
