item_id,predicted_score
1472,6.183944166338471
1022,5.9333187550389646
218,5.748673796938454
684,5.606531154061939
802,5.523584393721778
91,5.491435587999764
1301,5.459286751741467
1123,5.396767821690738
1150,5.392709731219231
1171,5.390765025869364
