item_id,predicted_score
1361,7.355236707686937
1073,7.261389214048935
1560,6.620951505443381
1269,6.523268503564166
44,6.457487016373241
341,6.124326674409041
199,5.922424388942858
34,5.917760459735294
72,5.72075226956933
1504,5.538250739530402
