item_id,predicted_score
204,16.357324305473774
1399,15.218468238677866
689,14.90019277782104
961,14.707058834433361
1041,14.655433560098986
1170,14.470739865903852
385,14.17112494814425
467,14.119910707652657
803,13.829545139555643
911,13.483705812280482
