item_id,predicted_score
1400,19.071269208926275
1578,15.947218114766597
1514,14.983021789595991
1627,14.948488690317383
119,14.600503850108172
1527,14.336070378417388
1394,14.08565953037247
404,13.977225036646917
937,13.837866509977509
1083,13.577819203620361
