item_id,predicted_score
1444,17.305758250619522
1014,15.216497993416269
779,14.578634886388897
1558,14.003238707681867
1398,13.471093001515733
1063,13.453141682311243
1322,12.857865176253025
1019,11.806431051829069
1087,11.564417444104775
113,11.451012115747027
