item_id,predicted_score
1011,4.317361635898958
708,4.211274909724454
1305,3.8435106508017167
291,3.697182870120061
1535,3.6456418212610133
36,3.6320267654202176
1671,3.5552394083107517
637,3.52318227285196
1529,3.447203660008822
676,3.4305365151433125
