item_id,predicted_score
1306,5.660659819477524
1268,5.219378031505787
542,5.190026740558831
1155,5.122287280796826
666,5.093346677140301
1346,5.0663493724090785
997,4.998855206980064
1560,4.710198053061908
863,4.654929460649134
1286,4.611638475588587
