item_id,predicted_score
1163,19.42895888480042
1379,17.61091461050915
746,17.33927493095923
719,16.959525550486006
343,15.350081421239928
1596,15.19137953600067
454,14.93598951340624
149,14.904826708704817
809,14.745019282283332
514,13.967698936052836
