item_id,predicted_score
1019,15.01185807613053
1637,12.905421075024938
1398,12.619247852829485
709,12.425409199606207
305,12.368851942207748
10,12.072745679261025
729,11.304321574578262
1132,11.089163078184797
1430,11.053724383276471
525,10.915331767894932
