item_id,predicted_score
1401,15.234397560519863
594,14.703793125683035
921,14.161881321559079
300,13.866499138857954
35,13.576720197427225
1048,13.481659641777355
325,13.445481078934135
959,13.393728213631526
1059,13.29911020920647
828,12.346663553050613
