item_id,predicted_score
669,5.6534079356664835
123,5.470882289276705
1247,5.284034828253604
1237,5.070212572289505
1274,4.98259268985665
331,4.866602699639244
1160,4.422880736067637
524,4.366537958561426
81,4.36254368821687
1154,4.289057876575107
