item_id,predicted_score
669,3.7461479473118615
1247,3.625284452464012
1197,3.3806346690980185
378,3.259415818017391
81,3.1531503987226315
524,3.1144670570522126
1573,2.91764164701747
414,2.8558479404525774
1525,2.8529064450948876
667,2.7736351753296247
