item_id,predicted_score
336,14.983077689864286
1414,13.120733231022385
140,12.559705156600888
48,12.369965338151744
636,12.302718490209255
1242,11.905930899996047
313,11.283176489046529
123,11.172754093142146
259,10.824284803043707
1324,10.5331176491748
