item_id,predicted_score
1165,15.643371430883589
1099,15.082252043111922
947,14.297791270250048
1571,14.142930618529853
174,14.088818649572069
1473,13.462328218900687
336,12.510380101776821
1379,12.182949087754668
306,11.687674169584117
1146,11.559280338408032
