item_id,predicted_score
1032,12.617444063058297
1353,11.007654585422594
1062,10.914761355882856
912,10.105616804945363
1398,9.89997845864369
185,9.794073870847434
1324,9.394942146691204
690,9.365585956548077
1163,9.329473874859284
1387,9.19044206009596
