item_id,predicted_score
56,6.35220079080223
1046,6.066358076901556
614,5.781661220351493
741,5.748694109191158
63,5.619405552445383
768,5.4858127476261105
565,5.248743492616688
603,5.234979049151692
46,5.207032415114341
1542,5.202071692668575
