item_id,predicted_score
816,15.686150095221723
425,14.180500864137931
847,13.65040791780286
1048,13.096151347612757
1041,12.947749366250717
1487,12.877593840030821
1019,12.772638568778005
863,12.584010182916852
389,12.348188121862083
1611,12.32997246005545
