item_id,predicted_score
729,8.571834873913152
1472,6.66164313244628
186,6.493299742098248
360,6.042429195341155
1521,6.011827942844363
1351,5.980956346801004
1573,5.925639001486703
462,5.906748815905736
1648,5.860853886479352
439,5.811746327033161
