item_id,predicted_score
1274,8.118785337695531
949,7.182554609653285
186,6.550408455781234
729,6.346889180233199
981,6.344814807410724
607,6.246032692934511
1065,5.846680318341448
130,5.642375188785477
1016,5.612483918753981
989,5.6051488404826175
