item_id,predicted_score
1274,6.046092164333325
1438,5.805167426446492
666,5.59743567991843
288,5.4632794304560255
823,5.231807089340664
1269,5.189391534369182
1407,4.978337303021191
1550,4.845521716671178
629,4.818129411590155
1633,4.741183391352895
