item_id,predicted_score
1158,3.449054165874349
1197,3.2525444722797103
1298,3.020359801897487
1332,2.9172348163098483
732,2.8797029570830186
1003,2.775320294426989
912,2.760479008026622
956,2.750612779840914
369,2.7477169650524016
1427,2.679592149711809
