item_id,predicted_score
100,15.906335055345323
1618,15.261046401364665
313,15.22435996623349
1654,14.633920464812407
1279,14.230532399664787
1550,13.626556313774469
1292,13.271526668237396
91,13.230619321269183
919,13.1659996714977
636,13.096471429453917
