item_id,predicted_score
1237,6.635206389508947
422,6.429193363075463
1319,6.356771852278444
770,6.305352555987359
1021,6.130694492048149
1161,5.780007163176814
1321,5.383560749875205
761,5.280877358054737
1669,5.225198260032512
392,5.142868512692017
