item_id,predicted_score
651,11.511493843418217
325,7.553909839421599
83,7.170005708679905
7,7.013937282207534
1427,7.00913797850164
662,7.001077813335941
1494,6.976804470724268
1346,6.626490584932046
1185,6.558822779751689
822,6.468211197338668
