item_id,predicted_score
56,9.710363042937486
888,9.020025625579658
603,8.88935960945842
1519,8.779861592392939
1423,8.632781489469615
114,8.269680800612509
1393,8.056277590821114
1466,8.038366374358104
738,8.02283026851083
113,7.946350976965925
