item_id,predicted_score
1330,15.27838217700123
1304,12.860360546782571
445,12.663284640326452
356,12.419015041859854
1469,11.8527851980496
404,11.543905721460433
231,11.43071200750397
1141,11.075101790328382
1648,10.936125017845825
935,10.877363205307145
