item_id,predicted_score
1025,7.234768189611249
1244,6.587838642233422
1670,6.58767695995457
554,6.560614063018913
898,6.256638093708693
274,6.187909959551343
970,6.084237229225096
637,6.063944544539373
1049,5.629954394849622
1012,5.624274066101528
