item_id,predicted_score
791,4.387599521589208
288,3.7373104841299654
1199,3.474639537765294
1670,3.324143155151928
1391,3.121510530729656
1128,3.069262542608356
376,3.021717119962423
1676,3.01867511069555
632,2.993621845186369
1403,2.9507556024183685
