item_id,predicted_score
1044,15.60807408920588
149,11.922545508612485
208,10.266911839680732
1511,9.885494090616596
1387,9.643313961221882
1550,9.567161105492659
1002,8.999809589970695
98,8.99805330923322
73,8.888219571806307
128,8.77926080403136
