item_id,predicted_score
7,6.255138418838654
10,5.604444080966715
1185,5.386629616325811
662,5.358987354454598
822,5.324223313054922
325,5.113797855814542
80,5.051174308153591
681,4.715022109933722
384,4.680018155526316
96,4.677307745659266
