item_id,predicted_score
837,5.517115207501387
1648,5.3943929154659065
1319,5.147731708021215
1321,5.1202888442318235
1439,5.108947513896102
242,5.082919549213752
250,5.063223554660663
598,4.965019968312355
538,4.960937828607821
1238,4.884064570498163
