item_id,predicted_score
1427,5.38176653663306
369,5.365350836668771
1319,4.867301968947586
956,4.552515496543799
1311,3.8924514977802795
1100,3.8614958253404645
1481,3.7570162132023084
548,3.7252924943006054
1172,3.71434424571586
235,3.664431464636682
