item_id,predicted_score
1319,3.087966757705131
1021,2.8252259301563325
250,2.8037671049909383
653,2.740915465627373
1321,2.7061872279908497
1648,2.6465779738813398
1307,2.5497318134788665
1525,2.5036975901947778
909,2.497059367811317
1239,2.4140449583916994
