item_id,predicted_score
952,13.823676810374435
694,12.586062624153636
272,12.256702975348134
412,11.918757854399818
335,11.53794400968285
1420,11.487155664384264
1043,11.147130587014898
764,11.109582140212362
1069,11.054476542414958
271,10.96448857781995
