item_id,predicted_score
1330,20.338563246269192
1312,16.108483136052712
729,15.114154996818813
878,14.579875182707118
1524,13.399576719958695
451,13.257340827139332
1564,13.22783554461256
922,13.135874042211828
1075,13.099444520229618
669,12.851760691722445
