item_id,predicted_score
1285,15.542251951451917
1053,14.039938191709224
1004,13.31531596875579
1294,13.094846107591188
1096,13.0453306934439
1670,12.846458238454906
1239,12.692273435063044
18,12.577201780042568
636,12.212668684435243
1073,12.174629740178165
