item_id,predicted_score
1162,5.619428748069092
612,5.361341219024027
1584,5.205424952184565
1161,5.03789983248009
994,4.961702101393735
971,4.953075130052955
1375,4.907776348910932
817,4.837190924117438
703,4.789966789726806
419,4.631717002218281
