item_id,predicted_score
129,15.94864065591418
1131,14.826372665603738
461,14.420068200594683
627,14.281920529700024
138,13.828169436587338
497,13.565617930260087
180,13.252835754840968
759,12.690035497689141
1578,12.52593151962086
1486,12.460502599911267
