item_id,predicted_score
846,7.7750789807803695
568,7.374533595310926
1560,6.505886868442472
596,6.319234357609226
1306,6.26910978518058
1641,5.8295295422298254
1403,5.665303785183155
842,5.648724269931875
1346,5.496763708969615
1194,5.390215940697967
