item_id,predicted_score
288,9.353191745793303
791,9.158327585501485
1199,8.727631477734048
1128,6.849878713716685
533,6.7681578570825325
956,6.663510313126834
1441,6.371679886039856
964,6.1955830849470255
483,6.183670114250392
1670,6.129472371155089
