item_id,predicted_score
1296,6.245811512331437
647,5.493101570591883
970,5.201140465607451
1438,5.1543382315126465
1616,5.144546617365813
369,4.928092250131155
466,4.888855610575984
679,4.808456255968392
258,4.798099905494167
1430,4.752326462113688
