item_id,predicted_score
733,4.694455382138521
716,4.292352232775057
1010,3.9084466466547827
1273,3.7995035542322873
246,3.6709649390128387
1491,3.6490465398485408
1631,3.602491159812695
36,3.5606360727631126
357,3.5465754088786547
1297,3.4950193686828963
