item_id,predicted_score
861,4.1869063633482915
538,4.0061537363937365
912,3.5674004825119905
826,3.474495190976355
608,3.420242423308424
510,3.357973854584108
211,3.3464320067981275
968,3.2515968028380264
423,3.250582658091339
550,3.2046970613693877
