item_id,predicted_score
640,8.59240112024022
666,8.490509742903745
727,7.50375518253718
647,7.3632521717953106
702,7.164039562843854
1227,6.897186962277694
682,6.770908102822868
1616,6.73427713942513
1094,6.407494168450457
1194,6.345766073869773
