item_id,predicted_score
208,8.214463945649003
606,8.108942687689884
780,7.898711174684609
1089,7.656141800134403
858,7.349412966448166
286,7.16726351860307
1021,7.056476557806231
906,6.94411748252884
131,6.876568766886183
323,6.766432708971262
