item_id,predicted_score
874,13.332086404393287
85,11.956639670702192
826,10.975853446555483
812,10.871257290862776
1439,9.679116971582275
275,9.664312567722213
500,9.633374219365795
355,9.594462564027367
1515,9.526047397754613
1422,9.495379462738821
