item_id,predicted_score
637,5.1540768863021675
1025,4.884151314791647
708,4.68481787216857
1123,4.4184540502647325
989,4.165676263303275
218,4.1306710633152885
1670,4.019143711918303
13,3.935302152952227
554,3.906984895707855
316,3.8281857665002716
