item_id,predicted_score
543,13.88340741366663
421,13.200274819707918
17,12.60546747976209
81,12.449681978630252
340,12.17925284053528
1669,11.592899328989578
887,11.418807006441256
1198,11.348965301527219
766,11.324216037061749
1363,11.052298549332285
