item_id,predicted_score
35,19.119168847558395
558,15.482005500889255
747,15.334963662553523
1004,14.77650595833712
294,13.243901941874567
1453,13.190755506966903
1503,12.884630123901086
395,12.802249404502712
1398,12.748252532178153
1074,12.428704629313561
