item_id,predicted_score
666,5.930920000343516
702,5.904599201363893
647,5.787743046130828
970,4.975488343250274
1438,4.932799284000416
640,4.743375771743703
83,4.599705911703251
732,4.471010359348309
421,4.4094651095328805
775,4.360594621905318
