item_id,predicted_score
1247,13.348283328188328
1400,12.728249454225615
981,12.121504313051938
1679,12.105611546261564
990,11.271066956657856
412,11.239591449682555
48,10.32121789093654
898,10.121694742686126
1146,9.999933805466782
186,9.8631073446612
