item_id,predicted_score
826,4.838932753551692
1445,4.415028457464997
1149,4.068714378133679
106,3.962069573658595
759,3.908380091500307
861,3.8943201113780983
862,3.8790904766600764
706,3.8256348147596166
1031,3.7575777248226703
408,3.7356666027877496
