item_id,predicted_score
1509,9.765498590684908
134,7.8783830296775275
807,7.876793874394619
1604,7.513900058520695
1154,7.31458894075145
531,6.984552830972152
1477,6.896507413904249
331,6.873649831089309
1668,6.789865527986149
667,6.733855651422713
