item_id,predicted_score
1247,9.126241318702306
669,8.985365245722752
167,7.532317873203672
667,7.42033198230743
3,7.3453299691040606
824,7.196552395710849
441,7.060542224363105
531,6.833219466549216
644,6.365695352404494
195,6.256062815474837
