item_id,predicted_score
284,10.842172272537924
1454,10.787134515532834
1085,10.255836522716828
1558,10.025553824462396
214,9.342731129637526
1040,9.2795421325397
1390,9.219609384697655
930,9.213377555888451
1651,8.952470047490674
694,8.919452247500722
