item_id,predicted_score
1509,3.514993181682871
1086,3.1439454082263167
531,3.08166804279022
1284,3.0763588135574733
1306,3.0686406405407087
807,3.003522722455637
1209,2.9091602194534354
134,2.864938633942018
568,2.862329290112439
954,2.828789236308929
