item_id,predicted_score
1228,11.02165597564809
640,10.243597929348677
727,9.996454454344569
1194,9.823763198851204
254,9.526377389578206
1616,8.87891129030999
1227,8.682033199287934
1669,8.101111114957234
713,7.968258058750196
1111,7.689564939571675
