item_id,predicted_score
729,7.364643945600014
186,6.982917745220992
462,6.002752962323484
1472,5.521729485604409
1243,5.37385751801428
1648,5.335528322574787
30,5.245898267761871
439,4.94288016792707
1091,4.931625311587276
1072,4.7991741440999185
