item_id,predicted_score
844,7.156346666873638
737,6.826799884557497
1331,6.585843222306683
1109,6.52223833740794
645,6.442136803839899
167,6.221734281351964
1307,6.019816325071693
1644,5.951322351517511
362,5.882108088456757
95,5.7129503067390495
