item_id,predicted_score
1560,7.865263526161119
1361,7.700694395411096
1255,6.960759181253431
974,6.561761285625629
727,6.489572687878829
862,6.268976222274748
44,6.1148480262347435
1370,6.093130171804713
751,5.868803458718219
1433,5.844051443652844
