item_id,predicted_score
729,7.259919675180732
288,6.416553779699063
186,6.19865105944011
1573,5.834855510040716
378,5.568841693647779
462,5.362681575872049
1472,5.333476792621796
228,5.192703275591072
1435,4.9430863648714825
1648,4.938359790956457
