item_id,predicted_score
1247,7.271755324334384
462,6.879130901256451
1072,6.584643565675691
1243,6.454256557033888
186,5.688700249867741
562,5.290694675130532
1353,5.252268107268974
1091,5.245391360677933
787,5.243959360778602
1408,5.192370892893791
