item_id,predicted_score
1109,4.820853525802716
1644,4.68978972494946
887,4.65528395065747
737,4.608336886212187
1123,4.4791408331726785
13,4.461628997524864
695,4.316053404597533
323,4.151873333455364
296,3.9977493862515674
583,3.924529120269904
