item_id,predicted_score
1228,3.7603494463223583
279,3.5977402855358314
10,3.5148995183713962
7,3.368993961324335
933,3.0404960559474943
682,2.9877211724672113
1298,2.9629375825694213
1111,2.9493831612084835
131,2.909830841260483
616,2.8981502752208024
