item_id,predicted_score
669,7.670272796176025
1604,7.254237387418337
798,6.061819509945631
1128,5.988295130069129
1525,5.753966372776838
408,5.738966619718091
414,5.619846353637414
531,5.618452747702331
1622,5.610477642216161
1443,5.563379041744984
