item_id,predicted_score
531,3.6556781837006502
791,3.5032720085014097
1391,3.3883658828715086
1497,3.293313620816753
798,3.2235571174001283
408,3.0612622922099497
669,3.049488145964014
352,2.925892571073183
201,2.925507482920652
1604,2.9184167220132147
