item_id,predicted_score
1109,6.651887623956482
1644,6.460490998175864
13,6.074033195806808
1307,5.759949394182772
737,5.704141912019972
1655,5.540669432718307
296,5.419692252398103
844,5.392994377954707
640,5.258101715141053
645,5.087790087888741
