item_id,predicted_score
974,5.234912945254276
1668,4.2794579427409065
990,4.242213217965188
1139,3.9593250427526385
117,3.7294571670697567
1001,3.700529965137184
1305,3.627435035399818
393,3.54316445334724
627,3.5051699330511426
770,3.439280424747199
