item_id,predicted_score
606,7.6042765278329005
1123,6.661947819822302
844,6.39517400924985
645,6.131781664469672
1472,6.09505117771044
887,6.01205449914347
1,5.590580078923747
780,5.467563088632718
277,5.411693718407976
167,5.317540976759416
