item_id,predicted_score
699,6.528136497669721
376,6.338016392310461
780,6.0444237176858095
1138,6.042536646307015
1171,5.920959521799309
1301,5.771196629314203
1472,5.597751375233347
1305,5.405627354455138
627,5.363376924623943
606,5.199854023885288
