item_id,predicted_score
538,5.2708749982639365
199,4.849433683806769
209,4.783393734552662
1531,4.7771856661119
692,4.763799908821025
886,4.551658040245425
1132,4.44466809894492
354,4.403043922189032
102,4.376537421122128
799,4.370884359848182
