item_id,predicted_score
897,13.3720761030621
709,13.02118573569374
797,12.909399562076564
1627,12.784912284996889
870,12.63085018871918
729,12.569465328239374
746,12.498297538470153
866,12.341431021004205
454,12.307093980547258
343,12.300426475274989
