item_id,predicted_score
299,13.247304775445757
757,13.159147455766966
1330,12.890686509695255
445,12.063182401417544
511,11.947695853906383
218,11.91060027028215
1103,11.685204234602649
1447,11.619842666032293
873,11.399364779423141
56,11.393992807195705
