item_id,predicted_score
117,6.550214380249023
974,6.10910018599987
906,5.93775978217732
222,5.58040214441782
990,5.495073559880528
727,5.494676513690477
468,5.400663355259396
457,5.396695233845901
1139,5.36656861417325
246,5.303304053610347
