item_id,predicted_score
1041,12.326278232656033
1042,11.431598069637445
801,11.267491850178402
1054,10.850477350953243
1578,9.874853842867525
846,9.76525415643192
973,9.75462524633637
167,9.689962793742527
937,9.674786791948247
1442,9.559139698545087
