item_id,predicted_score
15,14.341141152350529
2,12.647973452495048
811,12.214475789118733
699,12.177710766042827
204,11.990080972594225
952,11.862964020686299
1573,11.703551049967906
1446,11.660144215195082
17,10.82046306449076
552,10.513181783168143
