item_id,predicted_score
1319,9.863833396124447
548,8.970955092130815
1403,8.614030522101977
1296,8.576437551060257
1021,8.553165512329764
1676,8.250796961282717
34,7.9450084142061534
213,7.935217959688472
369,7.753005012235443
739,7.738994652006001
