item_id,predicted_score
920,4.311592577001323
57,3.4223021051982676
54,3.4180485010236064
1473,3.367696939527922
842,3.165996348525841
336,3.1543775074905462
343,3.1457866209476117
355,3.0843992567199012
1189,3.074902607073022
587,3.059859481799961
