item_id,predicted_score
1073,5.821854328349509
34,4.909164538984335
706,4.862834339235078
826,4.625619473129147
1269,4.510557485926956
1445,4.300340312353156
455,4.250108504209157
782,4.133836428321139
587,4.069481380354164
1106,4.01682970666106
