item_id,predicted_score
1573,4.344150215943112
1197,3.7761612475972446
360,3.753397314201169
968,3.6823448881355874
378,3.6735060949612097
994,3.6176591780381453
669,3.5817472128290735
288,3.533700580326974
540,3.4979932863008742
1521,3.490995173595382
