item_id,predicted_score
336,7.821594221919055
897,6.774098394643769
549,5.974966870092436
531,5.971646434585864
1509,5.87257813177101
201,5.692665277568783
638,5.665479532925048
1669,5.644445882162802
167,5.521019544805123
131,5.342407712967024
