item_id,predicted_score
394,7.391226645625291
1298,6.944180537072832
1158,6.879188588092017
1063,6.819522289643534
1197,6.7106937518156675
1267,6.6385401399392645
1230,6.593153817661108
57,6.544640873603233
235,6.444584954651815
232,5.991397469697788
