item_id,predicted_score
897,7.9814196028533715
846,7.381253497595691
638,6.802279427330086
1476,6.452611636297379
1540,6.387222264990163
531,6.324394398223079
959,6.292507252282679
943,6.167498975902547
596,6.16507701246317
907,6.070522335803281
