item_id,predicted_score
136,15.224262435451216
565,13.579227023640541
10,12.798548874332795
283,12.317370069993556
904,12.25634977680772
243,11.701229393559382
497,11.516075796640576
424,11.496874515010457
277,11.198489545572755
925,11.162768607006107
