item_id,predicted_score
746,11.47342587735584
1163,11.23902464556349
757,10.821394464947273
484,10.684007645162541
955,10.2516033867531
250,9.943577768686588
1029,9.035777441228939
1389,8.930377337201822
13,8.8821320031493
1225,8.876881009381576
