item_id,predicted_score
377,6.771261491521379
741,6.665144644911805
63,6.632139528159372
325,6.477008416812978
1379,5.906467085965874
1046,5.684526223727526
950,5.6524876271436675
651,5.649666923306652
707,5.537834329615157
1127,5.514389036846233
