item_id,predicted_score
902,12.596898249846145
1628,12.57962340598811
217,12.393969187838962
1056,11.382399327071116
794,10.687286217762086
558,10.462751122998458
1238,10.029558420836604
141,9.998378490846669
932,9.853977602116572
1166,9.590121804970387
