item_id,predicted_score
1228,8.181801174007257
279,7.769134106854624
10,6.973629165837283
682,6.388181946701387
1111,6.3209136435957705
131,6.155812620917189
7,6.149639908857452
933,6.028111625776615
822,5.969877566270565
1477,5.914552711594495
