item_id,predicted_score
651,5.587163218250999
702,4.332161059594957
1427,4.190455793813411
83,4.1086609792373405
647,3.9464086332172306
1464,3.597897331774639
732,3.549324043352847
369,3.5412848700022264
1003,3.4791046504851177
1065,3.4547396185303665
