item_id,predicted_score
628,13.243114709187708
1652,12.995528586696976
1008,12.735623518913
1637,12.725688702243122
1398,12.672578159499253
636,12.345099131913667
1411,12.30740447851168
524,12.060826308489847
1670,11.607684525751598
1353,11.305824921891872
