item_id,predicted_score
1379,16.62385014514677
1576,14.578049252318241
169,13.430616297480324
343,13.078456743695723
1099,13.068148308021664
336,12.462016691702754
306,11.935153400691245
149,11.715096805793952
313,11.611058692444233
415,11.542730272828788
