item_id,predicted_score
1509,6.439554415226589
1604,6.250329906529016
807,5.518354155104362
134,5.489313962164335
531,5.379760376716968
1284,5.238182125696121
1086,5.116235788574446
55,4.789627000252329
1584,4.745386721364041
581,4.6922082980765145
