item_id,predicted_score
1434,14.585185363144063
537,14.326493705080795
1190,13.908081923004314
541,13.49326513228925
693,13.427240600747416
964,13.278681998831114
798,13.148435219602677
751,12.944790361434588
1249,12.941235860903873
1645,12.871125982036812
