item_id,predicted_score
733,5.666923307897175
1455,5.555234388933654
95,5.441262278587962
838,5.3395721604235575
1089,5.07215640407799
52,4.955196055893974
724,4.828102959672198
167,4.805239923426269
117,4.790361547579925
1634,4.789023262122073
