item_id,predicted_score
1274,14.105662752307904
784,14.000027994814339
854,13.572394126693402
1495,13.332372766190218
453,13.260562277999185
1429,13.107699965782157
1604,12.904252996271065
395,12.874448158948178
661,12.769960905128297
1597,12.709695197232012
