item_id,predicted_score
651,8.973226175874004
1427,6.855782811045547
702,6.340608624170326
83,6.311478184521525
1464,5.850986146963124
325,5.769525390679327
647,5.614038687015751
732,5.542188868546682
369,5.537727570347487
1003,5.478890510766358
