item_id,predicted_score
1329,8.359990149573626
273,8.020485414587347
696,7.574473292793405
63,7.3530562093179395
1151,7.317088396348028
208,7.122691639101372
175,7.039478810090866
493,7.036197125811152
629,7.034974777301043
838,6.920639380877531
