item_id,predicted_score
1021,7.066809800192102
376,6.544417757216702
363,5.855683890578927
1472,5.855219960356754
422,5.581689710248199
699,5.554407141199075
1321,5.467266352904936
1150,5.432939736057538
392,5.146274349721395
1201,5.118857746970003
