item_id,predicted_score
1319,10.950163383089313
632,10.766442152745894
288,10.749014772770682
1620,9.808251270595862
739,9.020833833558294
1167,8.979046538545843
439,8.86904107168804
657,8.80051437236931
1676,8.650057672366335
689,8.576888642745605
