item_id,predicted_score
208,8.545136169795583
13,8.205523327431546
1655,7.863730646522197
1644,7.805561374042087
1439,7.427779043836017
837,7.293362228750058
1307,7.287646234377325
323,7.277582819415187
694,7.159596635129761
1542,7.136844913057184
