item_id,predicted_score
336,8.287477585685798
846,7.828196087163755
897,7.351876385128054
596,6.476977594277099
888,6.433828179597457
1306,6.39455208779778
754,6.39002247810345
549,6.2778553788595435
687,6.089892547726759
638,6.064370793467251
