item_id,predicted_score
729,4.15073999981119
439,3.915672137370106
1620,3.6862241245301086
1495,3.514756910093271
920,3.4900136261332873
1472,3.2791079346015453
501,3.1389797341461967
1100,3.100805982194422
1465,2.8824074675478193
1646,2.875856446018197
