item_id,predicted_score
1387,13.4357222404026
1032,13.164885212056934
1529,11.615564739143103
1127,11.452128392145593
577,11.307799994403455
1679,11.084934727381391
1581,10.747817912256586
58,10.424091969886678
202,10.287097247832765
682,10.134382521171464
