item_id,predicted_score
666,8.01229137947082
702,7.621495085613769
647,7.517384702126175
1046,7.285031476910643
1346,7.077719180998159
640,6.69693516016677
1228,6.644930092279797
565,6.590045697690673
1542,6.5648054356418015
542,6.502613701448591
