item_id,predicted_score
208,7.691299018732687
1560,7.481136154098139
696,6.949860350708268
1089,6.90126518137232
727,6.878092248347686
240,6.836205613861598
1556,6.769296155922552
1429,6.722266758729244
37,6.542522230459326
1454,6.526190055753366
