item_id,predicted_score
699,6.600691785175816
637,5.883702737698882
802,5.7021222656281045
1032,5.70071126046026
1005,5.634563666730276
886,5.586925665299564
1123,5.572825586785571
1,5.545355362826688
1315,5.423815842568969
1410,5.413698151264768
