item_id,predicted_score
209,8.065898981737796
1531,6.957114034741616
102,6.883561978495829
1640,6.724862682279834
692,6.5973862569098065
871,6.595897734776993
886,6.49525117912408
538,6.433861719345294
1132,6.223600879700652
1005,6.148593091183178
