item_id,predicted_score
208,14.209395275531064
1151,11.941949078571913
696,11.434372708494749
1089,10.423998784020704
37,10.375050980484906
323,10.001306790446527
240,9.776105143815677
1329,9.515703185265652
858,9.450135056859306
167,9.11575288195021
