item_id,predicted_score
1509,9.685763805838183
1604,8.758444268429463
1477,8.358813081658141
667,8.21364618559137
1668,8.056547281086544
279,8.017421114328988
134,7.996644510313851
459,7.923648850777228
1287,7.894413295489508
807,7.84452161603595
