item_id,predicted_score
943,12.198975271110097
1054,11.448889824812426
344,11.090164815045375
272,10.799837668986735
1578,10.736513506454852
746,10.541819446744267
454,10.526908899135552
806,10.366540298615563
78,10.223734765987793
973,10.181092768697692
