item_id,predicted_score
1247,10.364975667113848
378,8.035673088639209
669,7.966322003972948
462,7.781650272872442
1016,7.080449931397433
1072,6.925963644594393
81,6.806504508591929
195,6.7517220340084725
1243,6.545125042084822
950,6.439125200508597
