item_id,predicted_score
1072,6.106403293222165
1519,5.674193996019939
552,5.4288931521820984
1243,5.379741883050784
1420,5.37913397008319
738,5.106337800915099
662,4.691268036510444
63,4.674118050143227
187,4.454035578621281
1648,4.396608588862128
