item_id,predicted_score
666,6.822852215915808
1604,5.372384894275753
1535,5.317467670587947
115,5.259658253752642
640,5.206060258699122
1094,5.194292928948779
702,4.999482437339091
241,4.974004822560216
1661,4.847122409771461
1136,4.831270915209667
