item_id,predicted_score
10,6.1630272900935985
7,6.084249908289742
822,4.951290607332513
262,4.7400382363992675
96,4.623253232423458
1063,4.59574710556465
167,4.58591756537301
1169,4.552534900435907
1185,4.540306366396532
1602,4.532577930898298
