item_id,predicted_score
974,8.38388568042565
1255,6.567142887121483
1668,6.535130710124565
1001,6.411123033954913
990,6.40423332301965
1560,6.076568007411164
257,5.78201849866985
1361,5.765014710902518
943,5.736801861936211
440,5.6738916935621235
