item_id,predicted_score
1574,17.52970529178623
412,13.665843586151357
192,13.509887170604234
283,12.680517942791788
335,12.213673821849248
1420,12.147884625831285
1034,12.041210502881002
667,10.903267707138923
1679,10.759648776617324
1437,10.756299110520553
