item_id,predicted_score
699,5.045666150416763
376,4.723519286364759
209,4.426023124414002
363,4.325104473011193
305,4.213043554165009
1150,4.136046852577118
1197,4.118899656012928
1494,3.8655903173792936
1201,3.8414466118486534
1005,3.7641524632001495
