item_id,predicted_score
207,17.558602119652427
585,13.03482280853155
1369,10.890550012801416
302,10.775290532545208
1529,10.773814151810466
1269,10.745326193534016
214,10.301918299045344
428,10.291441386269954
406,10.19981487279272
682,10.021877298960433
