item_id,predicted_score
283,16.35534794404683
1430,14.720137712390684
1545,13.590328131877206
1591,13.58543875682559
443,13.4966315938414
468,12.894176238042833
701,12.32814334728236
91,12.123675166935492
192,12.066063430543092
387,11.57252591131152
