item_id,predicted_score
1532,17.415373989112098
1330,16.608209852316637
99,13.162175950337941
525,13.08104983310574
694,12.578232727724384
1173,12.47679581820961
170,12.246401100890346
1677,12.224669168387955
1304,12.026842963183118
1146,11.981822806532168
