item_id,predicted_score
930,14.095722311666883
1244,13.548816624677904
302,12.986534985994986
1529,11.408702434763589
694,11.24429831886648
118,10.956621522106516
1010,10.805234328186042
1048,10.507148368073636
586,10.412199224400101
1248,10.228828313800756
