item_id,predicted_score
1091,3.3167609426656526
1237,3.1268648096446356
669,3.093113910062638
505,2.808387624300808
531,2.7024527181885962
441,2.4987040013628232
954,2.433839589972199
1431,2.386570847843287
1209,2.352163887504584
123,2.268717000923707
