item_id,predicted_score
1394,12.93226525020777
1083,12.39967663795088
822,12.27801376901829
1414,12.183556728855324
1120,11.21081087157612
1316,10.985535918091669
596,10.838485702540476
1666,10.762336218012942
1225,10.700438372292837
1331,10.263721490099549
