item_id,predicted_score
17,15.388533110734489
881,13.130372452051724
743,12.787425266014
1183,12.74314303632214
421,12.528993588040759
509,12.006827584569729
1255,11.746487655020347
682,11.705372640311655
105,11.532072689994685
385,11.369871504767696
