item_id,predicted_score
729,9.455436903360773
1648,8.170323001525043
186,7.945056420386172
1472,6.895821656049513
462,6.719876480699868
439,6.346211255783502
501,6.046217469432558
1521,5.966537012300201
1102,5.919510578261645
1573,5.803679961855944
