item_id,predicted_score
1138,13.739796692700665
1509,12.909890546312337
1069,12.284996658765156
512,12.21921880907011
873,11.998786571111253
602,11.758393608422033
1412,11.717172110351427
979,11.60407085142986
260,11.093915001405112
299,10.516078181194176
