item_id,predicted_score
335,9.464467821301929
562,8.615126622480958
279,8.130300631970876
1494,7.991582646232286
888,7.930446804419321
474,7.854211834209764
669,7.797625700092647
517,7.7317109342329084
247,7.701602698299487
217,7.680156037152427
