item_id,predicted_score
994,7.904190228771869
1573,7.642186753116668
360,7.391528234999591
462,7.056841012489384
562,7.047806204797494
1521,7.027391056801927
1351,6.9786076996812305
540,6.896433548873484
441,6.725052018547787
553,6.670715103797792
