item_id,predicted_score
208,8.183454381319825
1151,7.07522204926661
696,7.058757983541804
1329,6.6496709494576
37,6.350670395158264
1089,6.180823214816536
1454,6.074462198717065
240,6.03180051953463
690,5.6636614942022145
1529,5.62730240254511
