item_id,predicted_score
1578,16.16616926205384
271,14.69650699794549
1485,14.308839242827373
254,14.280629112605574
1081,13.746817805368563
897,13.256762608306262
1304,13.018610414295907
880,12.994168172956332
739,12.323909886043403
1615,12.228901761173208
