item_id,predicted_score
1252,12.384924144883069
184,11.24994448844381
119,10.973525809169185
1499,10.344212304046792
1276,10.336141136538416
1041,10.18840208008536
242,9.960179347754625
557,9.897469671747672
365,9.742092423409854
1034,9.73927518699202
