item_id,predicted_score
840,12.736432818443916
1529,12.386100457432757
559,11.322417395118732
34,11.193304141877153
775,11.093517728499855
1142,10.878314847048472
968,10.688885614352504
1450,10.568129803153425
1164,10.402629810723004
383,10.014486582571417
