item_id,predicted_score
937,13.831584534996283
586,12.916923238337874
129,11.687028619921477
1238,11.67199487454713
1074,11.57274075103551
1165,11.412633855168519
1326,11.390148609195897
1086,11.272152573575372
322,10.787230554567852
1473,10.608738303729732
