item_id,predicted_score
1305,4.431653039793798
1138,4.413230224549193
699,4.2525876477929865
376,4.015099261472072
627,3.983946014413513
974,3.958086995202541
1301,3.9370577316989257
1066,3.835562908800124
780,3.735710091104831
1171,3.625605917835684
