item_id,predicted_score
653,15.85453490587906
1312,15.31542409117722
1258,14.97725745330197
355,14.00530212351566
484,13.906025834011157
232,13.317971440157452
378,13.191723157514884
1550,13.020588267349916
463,12.892793430547766
1280,12.83740680386112
