item_id,predicted_score
1319,6.162046834161397
791,5.941822333385465
548,5.895243345970329
1676,5.390835182892372
288,5.145362498731153
632,5.124435214951096
1670,5.099441149059685
1403,5.072445172120051
1167,5.027576574886088
689,4.879307257874753
