item_id,predicted_score
1016,14.720527081053806
685,13.100075540185932
1437,12.401444323803444
926,12.260992660765854
1413,12.242719496117946
247,12.2269930297285
170,12.122572876593647
541,11.911891003038917
45,11.807055997995244
1282,11.553590272041562
