item_id,predicted_score
445,12.38380923497978
235,12.04410577990687
722,11.293321540334873
872,11.048043364078964
424,11.024011370664137
590,10.726311520508462
767,10.701413764169999
885,10.456712585303528
1330,10.293680336709016
227,10.07532358218253
