item_id,predicted_score
802,4.114994727037986
218,3.7410130210201706
1150,3.702825186718413
1138,3.673938462019034
1305,3.628642253976388
699,3.5761940203485194
149,3.469420665818813
267,3.4461413947535564
412,3.3961771250443222
1175,3.268751340178618
