item_id,predicted_score
1274,10.937272849914525
115,10.126344809294768
81,9.231658595874844
949,9.224640594995428
123,9.080751949054365
1016,8.661506609426963
1136,8.644011665063012
241,8.480392000850609
84,8.465071725966498
1661,8.337456163311987
