item_id,predicted_score
1379,20.02680379842408
898,16.18708158161943
1228,15.689024664916271
623,14.425059253563521
1240,14.329235941812858
904,14.25283734700957
968,13.378374823615097
222,13.274615741627837
272,12.90017037898793
775,12.788012209473141
