item_id,predicted_score
733,6.820485321007567
915,5.459348734644257
716,5.318920534342405
1010,5.280919867618238
1031,5.222652051377106
78,5.134941157761859
1455,5.0958318254342805
1634,4.760405960212738
456,4.711713971984776
1633,4.6282547670371255
