item_id,predicted_score
1306,10.065696810045916
568,8.748430677107187
596,8.284625996179294
1209,7.594347390626818
1086,7.252867346802106
954,7.000187565504041
907,6.819726995845173
1284,6.774517899796894
610,6.6242295177601385
1374,6.614364263164663
