item_id,predicted_score
1158,7.818285477218627
1197,7.388523029258825
1332,6.739524297823537
7,6.6148884517884
1298,6.594236044229915
1003,6.33568022530683
1427,6.216154829377943
369,6.024714847089298
912,6.017474185379969
235,5.884858272627671
