item_id,predicted_score
1021,8.168183472605776
1472,7.130886061560118
363,6.369258052847268
376,6.288159537306704
422,6.206325273421083
1193,6.163558722500084
1321,5.991579877428334
13,5.9758912004530504
1150,5.8965201241255265
143,5.877338358161499
