item_id,predicted_score
562,5.898085372201563
462,5.5698239757922305
994,5.517757478743333
167,5.4893328456895105
441,5.428816952282998
1247,5.425442724043717
448,5.401891785512344
1138,5.079548796430586
1072,4.978056528075233
669,4.9761529649060945
