item_id,predicted_score
937,16.249264697246456
1041,16.101937676495698
1254,15.378759250773726
1054,14.547751103166277
644,14.013629277968164
1430,13.963718837519979
167,13.497380221604196
1057,13.480617342190364
1225,13.236114502217973
1620,13.11050202082042
