item_id,predicted_score
1266,16.692500233143697
1615,15.074293289660686
1054,13.47346858546336
694,13.395283443685944
1422,13.042233126106524
821,12.578397010851543
1010,12.455487012062726
1478,12.397102948254064
11,12.297257569415276
590,12.251256445374974
