item_id,predicted_score
1398,11.829290129894897
508,10.051782526825725
726,9.028530299820414
1279,8.935531659257652
1183,8.847165146511644
279,8.773776365536248
1014,8.625449754469866
212,8.619793737975838
1244,8.164695763036415
132,7.862595263777522
