item_id,predicted_score
1247,5.489289706916917
667,4.293753347037228
950,4.223691238739998
669,4.152106015788686
1668,4.035832930664585
824,3.9902115101380455
331,3.713531722153981
1154,3.6834027743690183
1292,3.606677824825642
722,3.580976107001008
