item_id,predicted_score
1427,7.445360555451478
1319,7.39853369280937
369,6.64295371906128
1100,6.584220728248076
235,6.006721326231262
1172,5.820390988257482
657,5.776039069873971
1102,5.626332822571532
1167,5.549010966778718
1523,5.544941729318891
