item_id,predicted_score
10,15.05080105946628
21,13.625645096035877
745,13.594138886498452
1059,13.267280696490253
428,13.253602937943501
223,13.240092378735973
138,13.096549405991315
1077,12.925250290878747
761,12.750716490255673
941,12.537024104160803
