item_id,predicted_score
1053,16.638768984601242
1153,13.619477428703691
1269,12.6773765950728
629,12.163118771457249
1048,12.02837443149562
1190,11.721306881721176
1121,11.504591347173621
1294,11.442012597330809
901,11.159175210077759
793,11.090309960343717
