item_id,predicted_score
719,18.932357621244762
1497,17.693087873318007
545,15.120842757462587
456,14.623747760606788
185,14.385423103951242
82,14.118018835936677
1210,14.011110317997224
664,13.969589863246554
1506,13.764786254732133
990,13.450368605975054
