item_id,predicted_score
369,6.21526270537436
1427,5.909077511203421
1319,5.546760027204381
956,5.070608398364699
1481,4.9753660747862245
548,4.808102200898
1311,4.764421506766051
364,4.5608060874928
34,4.407630455811116
235,4.246130673596359
