item_id,predicted_score
187,11.112446625143281
1133,11.086944669829094
1614,10.795104157120953
930,10.73509769565642
1387,10.445838401683538
1545,9.610016643795474
1153,9.605298895075094
998,9.519327686127232
1322,9.414149989621784
723,9.347616673342408
