item_id,predicted_score
1247,4.195670709807647
378,3.7436465970927344
669,3.546209899765007
462,3.530657261853667
23,3.427781090156308
195,3.3228402172092646
1197,3.303695090040225
1573,3.196420083681411
81,3.1138460267879293
1072,2.9452787710529207
