item_id,predicted_score
778,16.187570129447813
178,15.548931253712858
436,15.05574036369189
1328,14.310701882278059
1589,13.801956789203388
1564,13.795679263781508
54,12.957571950280961
192,12.54929666299414
528,12.065717561009661
65,12.024915426702686
