item_id,predicted_score
703,3.4907262283475773
117,3.1858338523430594
971,3.161283549261477
1634,3.1510629018042295
330,3.007519724092164
95,2.9854096310792704
592,2.863793121126352
939,2.856701322973226
35,2.7128055277392598
528,2.668904139906398
