item_id,predicted_score
1427,6.855782811045547
702,6.340608624170326
1464,5.850986146963124
325,5.769525390679327
732,5.542188868546682
369,5.537727570347487
1003,5.478890510766358
1065,5.442763048312416
741,5.304643060186382
1662,5.29098804648235
