item_id,predicted_score
1560,8.773103750878768
1361,8.04046448415177
1255,7.114858927829813
974,7.0968454025098
862,6.763265972817559
1370,6.443007325396579
727,6.426857908516981
44,6.198633092883796
1433,6.182832787767713
8,6.176502135410911
