item_id,predicted_score
224,13.626962817124298
450,11.868851970458914
939,11.207887831253668
945,11.136420139879894
113,11.064593371407778
1558,10.763873630427465
31,10.711474980952719
1194,10.585444758721522
854,10.413424862986243
295,10.114560708788968
