item_id,predicted_score
1123,7.614830452759861
13,7.492743707175476
708,6.55412288568652
989,6.547054397016397
887,6.3833588258050415
316,6.066506209746615
1109,5.759323569166225
1242,5.5824657133706825
315,5.472179961085572
461,5.435366104579062
