item_id,predicted_score
1531,5.022267058423365
1378,4.868589488070797
751,4.712765076601227
199,4.5966295631781255
964,4.5878754497978464
374,4.367019411149366
1361,4.363079087407139
1255,4.310585334298503
209,4.262547197453277
44,4.1063195312818985
