item_id,predicted_score
1305,3.8884161883604973
468,3.2215643080887055
1011,3.198665314931255
1138,3.0388093988422824
291,2.9806528270805575
1535,2.7990714675876025
1,2.7935911986941617
131,2.792030104322766
827,2.770216834180243
816,2.762070756182392
