item_id,predicted_score
367,16.78879845654433
952,15.126857880830258
1083,14.256896516521941
136,13.954325595173998
61,12.780415981731647
1679,12.65851671390305
645,12.50039032154137
534,12.301052867909371
283,12.25276339607528
977,12.148175736399091
