item_id,predicted_score
666,10.041597047239286
640,8.191820039191871
647,8.057928178027506
702,7.948308793932456
1438,7.319042729460421
1268,6.8324000666087175
727,6.766784860982167
645,6.74574507617079
254,6.656838109161816
551,6.437401168481804
