item_id,predicted_score
1679,11.409429277867735
1398,10.596288990790278
951,9.315515818953546
1167,9.050018184777073
584,8.588569016222875
743,8.326313429345243
1485,8.269867729647444
1122,8.260991150112956
277,8.19318654505377
1375,7.974959310209686
