item_id,predicted_score
887,6.268168022990711
708,5.725919984645526
446,5.531782892812265
1331,5.425738149255321
530,5.068417232378466
835,5.026486867118915
737,4.9919807140526
1475,4.920624127677217
78,4.907193823982802
912,4.891489457310263
