item_id,predicted_score
336,18.729697504078764
511,13.08502278747988
961,13.077798078318908
560,12.984927399688733
749,12.594411132373853
1632,12.431707802186697
1585,12.244085142297266
174,12.205108357247646
861,12.157841456081
1275,12.124016808737892
