item_id,predicted_score
1161,5.191689281743194
13,4.895772511645085
245,4.710774240561449
359,4.699816672043536
1319,4.561105204975092
1150,4.266376326271208
598,4.238823642334055
1590,4.2166952866216985
1321,4.1966958142322826
901,4.065784421276492
