item_id,predicted_score
468,10.494932504070562
61,10.01304248486627
1381,10.002554349131385
1430,9.998065743221943
401,9.918479889330921
952,9.320319092262146
1406,9.1944611203623
673,9.018228247333461
1386,9.014254571800976
557,8.98820413656125
