item_id,predicted_score
13,6.496241339577193
245,5.576983154177779
598,5.575623406859258
1150,5.56908530440322
487,5.4315072021424164
1321,5.2312588843388
1161,5.153455641038979
1319,5.087916218466494
901,5.075136840690924
363,4.99081207409883
