item_id,predicted_score
1199,7.990515574566386
956,7.977466832379623
791,7.500770859872653
288,7.120343724466697
970,6.469157762010421
1175,6.394924213452009
1438,6.373427945078439
369,6.216799780362706
1128,5.920938545749088
1604,5.862574803024299
