item_id,predicted_score
1604,4.8546185842002565
1509,4.038585029032991
666,4.029010063781626
640,4.002399079723252
1094,3.718949592708917
1443,3.7125884335019275
635,3.6422616041031937
1287,3.4689204046045408
476,3.44511515398678
576,3.440382783112036
