item_id,predicted_score
503,13.48328940797999
855,13.11723700454156
558,12.928194765971625
1004,12.903362542812534
856,12.746871034978984
661,12.641902707628446
424,12.576236157648129
35,12.52052848054358
1401,12.422170821237238
1480,12.24767619385412
