item_id,predicted_score
669,4.958949026133144
123,4.7748974055083355
81,4.62716466033346
1247,4.491732359708949
524,4.448399860362482
1274,4.305294409050966
115,4.278357300457002
1016,4.179753990541057
378,4.153692193380696
241,4.06173849174094
