item_id,predicted_score
702,3.385285963716807
666,3.227711942336272
741,3.116910141774164
651,3.04789875109629
1046,2.969283343642329
647,2.8594580957618168
1228,2.850964547697211
83,2.8127981507304267
377,2.737270811543363
682,2.730998941478877
