item_id,predicted_score
651,5.6456991443364855
822,4.547266166583733
7,4.291164563735546
1046,4.199326499500915
1111,4.09176404023429
1185,4.0830087618923985
1228,4.078451764513538
10,3.9733237947534734
83,3.828533881724789
1346,3.779581413756638
