item_id,predicted_score
1573,4.40962802230761
791,4.280412055810502
1158,4.256422254961819
1197,4.218265406431275
288,4.037016082577879
1199,3.8613028567436616
968,3.777156789295476
533,3.749114488619766
657,3.668241745030281
1521,3.635510557102669
