item_id,predicted_score
1244,16.215782371817244
1174,15.595499097601618
128,14.469754826903937
1398,14.098459369838055
1044,13.137925970231496
1446,12.88507906571433
1628,12.85959515744782
932,12.680266097164317
1553,11.939476660518329
407,11.847372512829779
