item_id,predicted_score
1509,6.311605777975158
1228,6.0028610432289025
1477,5.951765593422805
1668,5.684973451500649
640,5.453022134960997
682,5.4337860384989085
1094,5.420716892491229
635,5.414933929267407
331,5.38147821757943
1287,5.353959687634245
