item_id,predicted_score
1135,5.335823449836392
920,5.300124908141281
336,5.019346950567256
187,4.913773798712025
468,4.735296183522612
888,4.722516889807632
1476,4.691299030009611
959,4.629208143452836
167,4.606023928117995
882,4.582866413764459
