item_id,predicted_score
1161,3.0387458951006434
598,3.0230774229739454
1321,3.0140342220172793
1319,2.988898921566954
1150,2.9784228956033223
13,2.944953394777256
245,2.8629977886393383
901,2.789674213319742
487,2.7042111567058784
363,2.6063250505377584
