item_id,predicted_score
651,7.3773898846287755
685,7.322429045623058
607,7.129073151485
1372,6.83597939135596
141,6.814626038352231
1606,6.685598639437577
1106,6.5179396110951835
981,6.510585547011144
1585,6.4619532198649
1065,6.450372797652623
