item_id,predicted_score
729,6.268881867005198
439,5.467161406681042
1648,4.94810467019265
186,4.901176066706002
920,4.759676808915074
1472,4.686596726337833
1495,4.493952165159351
1564,4.372866379410778
1639,4.351829971019413
1420,4.341414384339582
