item_id,predicted_score
733,5.328622259556193
1529,5.0770932301252
915,4.713575787593428
1633,4.367986299638801
201,4.35864427442723
838,4.2886653452045955
1031,4.275580256133451
1455,4.258625789217971
591,4.250149952357359
483,4.0910403203825965
