item_id,predicted_score
1305,9.487758055048356
802,8.607569346438336
1138,8.056098655010317
274,8.015418396881511
149,7.079125635270416
1012,7.026716259706171
1494,6.872169008285063
1222,6.774929602995594
369,6.712707468912278
926,6.671950765212652
