item_id,predicted_score
912,7.822600446440216
608,7.213601895661959
1242,6.704130480436764
1162,6.479299666748744
861,6.321914956563308
1161,6.266739377322083
550,6.231507111299578
1601,6.070221565389957
1363,6.066838609716076
423,5.943064983827064
