item_id,predicted_score
1606,9.353250703423312
1438,8.95378559506568
1430,8.13236646290975
666,7.996858858877292
1296,7.683158663093521
702,7.512830327807896
1268,7.310892649731946
739,7.081674056392556
1616,7.074626950698269
651,6.9729281004436245
