item_id,predicted_score
1112,16.459975345312113
187,15.275045671653102
141,14.252423543428796
313,13.617779657457017
1459,13.371898138541166
952,12.616469599659304
1377,12.453605372108012
272,12.390788833610928
623,12.118307360413622
91,11.801585528024743
