item_id,predicted_score
844,4.3704304941187555
645,4.020328443545582
167,3.9574982253755677
703,3.8050003585276206
971,3.729852250464685
95,3.705840243166131
330,3.692258879104061
526,3.541989581701589
286,3.523227375966818
52,3.4792737207891475
