item_id,predicted_score
920,8.248535201869718
1420,6.902101843438953
54,6.222195323111918
187,6.104423026157861
662,6.014054704221562
326,5.984846608371947
1072,5.9679674927060855
1226,5.944333511574613
587,5.855120430351829
1189,5.761995412373278
