item_id,predicted_score
583,7.117181579892769
538,6.626976776549567
1661,6.492947030873466
258,6.003029308420828
905,5.794744369580101
313,5.764016259306484
321,5.736686757091354
1124,5.655026383304379
189,5.48604851633253
199,5.432591239874
