item_id,predicted_score
209,8.898232543394116
1073,8.271351830490392
1321,8.26563445995627
1319,8.227062952925204
1237,7.834897413225665
1239,7.407456854746917
1525,7.063127773545391
903,7.025500958085798
241,6.998533500546853
770,6.978760606951656
