item_id,predicted_score
1091,3.8978501404324257
1237,3.5518600734903454
1247,3.4442509014773286
1157,3.2239891493319317
1217,3.2108825203505127
981,3.1371446807054055
1374,3.131494554079702
1016,3.104753391090004
30,3.082851467088511
1423,3.0534280402508114
