item_id,predicted_score
1091,5.648630965131425
1237,4.456352661518349
462,4.310089005493077
787,4.264329739743714
186,4.211948243345656
729,4.1523982421524765
1125,4.115370244214336
30,4.011255666990834
1247,3.9777994700779233
441,3.8784554094531805
