item_id,predicted_score
1545,9.28284097154824
999,9.03353163909581
22,9.026653900622149
1244,8.322972934058338
1387,8.07387124570543
437,8.060988742596635
1284,7.881740066175782
163,7.847746350376159
1135,7.839925504496416
56,7.3529674978010044
