item_id,predicted_score
288,5.1594746031669105
729,4.845232018365665
439,4.602984080823316
1172,4.261656870288972
949,3.944811706293232
598,3.7698250640951168
607,3.737651355650006
632,3.5724405937056396
316,3.3632379736635865
1274,3.3618819691859545
