item_id,predicted_score
796,17.33195016006357
954,16.960290634296168
473,16.1176386643424
315,15.401067374865036
1204,15.156640182380844
1321,15.052913356078182
1104,14.52931115196763
300,14.24652127729766
1416,14.220939861776078
631,13.959951593076806
