item_id,predicted_score
1519,5.630066315042885
738,5.091934736269539
1243,5.065998905129361
63,4.960740185099381
1072,4.830341174462967
552,4.251669892597603
1379,4.249104708038897
1247,4.120106235214197
888,3.9864701471095514
1466,3.95015814389845
