item_id,predicted_score
985,14.723638464212161
559,14.512952106355492
1016,14.255545740927978
1587,14.170519418270207
288,13.865169885643247
626,13.484476054177035
1414,12.395137186652835
1429,12.346633971482145
123,12.319030778294863
194,12.212468703289364
