item_id,predicted_score
1242,9.347975741275944
359,9.256774753736302
912,9.152697083595076
645,9.085886265453595
13,9.06456514672609
844,8.948069741385325
1161,8.747837234562134
1162,8.135417066701844
1109,8.111562355638142
245,7.993888752612635
