item_id,predicted_score
10,4.189458756420286
1490,3.895320579897422
822,3.8647274035367305
1185,3.7074740755599334
384,3.598073648430133
83,3.57221768562905
80,3.5513773994967637
1228,3.521769410002973
147,3.4951671309724928
325,3.4737789713351046
