item_id,predicted_score
780,3.42966602668142
627,2.8854182635035537
906,2.832974482100182
1301,2.777426343319486
1605,2.7613196876545594
117,2.7316071256909367
286,2.7143075752389185
606,2.69395786361684
237,2.671892583037631
222,2.5518818744422087
