item_id,predicted_score
1346,4.267603845926028
822,4.183397534247372
1513,4.032502214895301
1046,3.9034497086559794
1069,3.7347440110404118
1111,3.6579800199171855
63,3.6554979450950547
46,3.6007495528392304
355,3.438391121874392
1228,3.353594292387458
