item_id,predicted_score
57,3.652797983204654
994,3.4036644852719227
1675,3.0674498965598143
167,3.0105097519132316
242,2.991159824366849
1004,2.8797958759776185
1230,2.847426939231095
1351,2.803029262764337
311,2.755868249601633
201,2.7486305162930047
