item_id,predicted_score
915,15.83493159319637
753,12.299867139136104
336,12.224824509890816
560,11.861549686591779
947,11.365242694140212
735,11.071611474798102
909,10.91095183979971
34,10.794398944293604
823,10.674052027790523
1165,10.43221669147319
