item_id,predicted_score
288,3.7243226155966793
1091,3.3397815556737696
1274,3.190681091242181
1237,3.121247463325079
1107,2.79235498157575
598,2.693949988542119
1407,2.6478346825862062
632,2.634416022514468
1269,2.611297436244864
1638,2.56752521733067
