item_id,predicted_score
1000,18.053087044958215
1429,14.647678151407398
1274,14.647676326600262
528,13.391748626556797
1656,13.010463717728934
1537,12.831213936207032
424,12.50026708603516
1370,12.430291647555382
1614,12.330541297184759
885,12.083539834648017
