item_id,predicted_score
336,6.2592176468375795
549,5.617811540618622
352,5.39176234232054
846,5.2913637832539475
1476,5.229460517829437
311,5.184553148910242
242,5.0296053252189
1135,4.91635608774828
842,4.803718135628247
1641,4.788415090631879
