item_id,predicted_score
1578,13.864745551777943
582,12.05265932634522
803,12.036220518875457
294,11.768606671098695
1252,11.695466022449947
1228,11.682351923592847
1225,11.463647785221735
1041,11.429944131400834
367,11.385901747821489
925,10.969417762681058
