item_id,predicted_score
729,3.296232088824416
1472,2.4532347369594456
1648,2.433615365544175
462,2.3531988203138208
1573,2.228054606915484
439,2.136228315630802
1521,2.1045272727653894
378,2.0459860751986985
1172,2.045815869519037
501,2.0294347225773097
