item_id,predicted_score
742,10.87388190910681
484,10.693251774969063
243,10.076631918329301
1670,9.44044058901854
849,9.279624002451177
290,8.71554391376307
827,8.372072199186626
386,8.3244022893353
891,8.275004095433907
735,8.180063328817107
