item_id,predicted_score
534,14.781114440395536
45,12.921497456677349
1485,11.070909414473295
289,10.485059353920889
1263,10.479623267597628
239,9.959523262075479
1218,9.920578488692243
353,9.840475799314188
1016,9.735239049718938
566,9.596804423534923
