item_id,predicted_score
743,13.993544215738028
751,13.319346604230464
549,12.892622808619958
1573,12.17540911216067
952,11.91067209692962
207,11.858352302080082
327,11.669489131602004
1299,11.54038698091158
685,11.394502844110834
542,11.334701849159984
