item_id,predicted_score
1153,16.80239559293747
1053,13.621897223726766
111,13.091493155201228
643,12.85055760894788
444,12.697301764667348
1083,12.450929965830298
628,12.215229233973197
1194,12.173920481273454
1117,12.017170256485873
136,11.854986168987423
