item_id,predicted_score
1321,14.040667514552755
853,13.691402752149717
401,13.513406285416195
888,12.649595750225938
756,12.599441373806226
924,12.572588365993989
1258,12.161709832922412
1109,12.06389083526747
364,11.924351352753597
1172,11.878213044890181
