item_id,predicted_score
920,3.1109991556290844
1135,2.437904746720053
187,2.433235292876696
1420,2.4284650063592093
336,2.37364239673498
468,2.3298319335021884
1473,2.318508164393507
888,2.2222704701656264
1189,2.1931140275638197
1540,2.1898456284422516
