item_id,predicted_score
731,15.840279221012747
169,14.9004214466859
964,14.858765017016331
865,13.99857741303045
1434,13.746899260048352
585,13.409025099482195
920,13.272432313263458
660,12.647541535874325
1046,12.519930178503529
1198,12.00339794672473
