item_id,predicted_score
294,12.78867783838007
1472,12.685272252509833
149,11.253707255669699
1578,11.148886236963577
534,11.14397582931429
489,10.861431852148682
1328,10.829816404974055
565,10.780110944010193
1656,10.762740304783271
211,10.554515097054466
