item_id,predicted_score
1273,20.038788247084454
974,18.688025792455957
167,16.27207824915684
1339,15.308200179024332
629,15.148244905482784
1312,14.54779049856293
1194,14.33631061834646
1192,14.209568073747693
1215,14.20504371655354
668,13.99203466327714
