item_id,predicted_score
729,16.88726543179088
1219,15.328366479676667
178,14.600159810735143
709,14.460363554232456
952,14.098706296361051
685,13.589513297473616
866,13.337742154961791
1627,13.233937392197031
829,13.09715763571244
355,13.021090676241842
