item_id,predicted_score
703,3.1878931502359644
1634,3.182451558999728
781,3.080846176085774
330,3.006871849656457
309,2.8922930815439543
1521,2.7620026936401216
471,2.742740473517302
939,2.6972830616607393
1302,2.645166432156745
959,2.6111168872223853
