item_id,predicted_score
614,4.86867861345012
63,4.534779952133968
741,4.490479021046006
1016,4.433761734910722
1127,4.357332091863285
56,4.3132793859063945
981,4.300088806184945
1519,4.279714124832788
1065,4.157706410752081
1092,4.1429139053268615
