item_id,predicted_score
1159,15.362453030447835
355,14.781195111573746
471,13.428883600396414
1437,13.317956281115562
254,12.990622119571164
1515,12.844161462467916
48,12.271210469202188
157,12.11871548839028
343,12.113751073253873
1219,11.672919556733977
