item_id,predicted_score
568,10.035818262116399
1306,9.253269052483125
596,8.035080044912535
666,7.519548396345841
863,7.277749914332542
640,7.003632629451303
514,7.003399095218367
1284,6.963238611847299
1086,6.941260135325303
1155,6.935056938918731
