item_id,predicted_score
666,4.954444056804152
1407,4.799065693012904
1306,4.743289112713569
568,4.6083826678937765
1274,4.4685202139169675
1509,4.364074971452046
1160,4.244971455053267
1086,4.190221758136502
1284,4.171754418783273
322,4.170358978118321
