item_id,predicted_score
1634,4.846965841310732
703,4.304191213893709
608,4.099440433082591
971,3.96637635855203
330,3.9060721562573972
1584,3.8765189427326745
1162,3.79974632946442
408,3.7159993893628456
78,3.6843251295366466
1149,3.6803558640746625
