item_id,predicted_score
666,5.925242630520121
1604,5.848222715268473
640,5.755249756742172
551,4.943661419144119
254,4.8769346264200015
1509,4.8378170952415465
1227,4.635376016115252
1094,4.578733410219505
476,4.462078778840794
713,4.442421986273052
