item_id,predicted_score
438,12.074868765891477
1383,11.376293980524615
1426,11.288778395421986
1032,11.087221994302816
31,10.825257387871243
842,10.587493072013267
205,10.563095429090527
828,10.28642836454217
227,10.166032859131617
95,10.098204915273996
