item_id,predicted_score
1472,6.078972762442926
1161,5.697841147318051
422,5.538427076477382
1021,5.3844427205161285
359,5.223989737416747
780,5.149305657572665
1022,5.017690630527218
91,4.823939406030483
1171,4.76043307046095
1590,4.750368976221331
