item_id,predicted_score
1217,7.75971793135296
888,7.6279559093418
1243,7.064366320559459
1519,6.985315209838903
30,6.647560103500959
1466,6.60858508430205
1091,6.535832420843319
1353,6.446627042474609
1374,6.436138364424285
1408,6.424426848644417
