item_id,predicted_score
651,8.937374404049976
1346,7.665245214267912
1616,7.088113522106044
35,6.799804500936448
407,6.7892590891796365
647,6.6433601572509176
1481,6.567957848170819
1228,6.542544946374551
83,6.176333571063052
727,6.042821693990486
