item_id,predicted_score
583,9.419787635967655
362,8.692334562550954
273,8.680571688919045
737,8.18091221161903
845,7.999208697900464
915,7.883533613037731
206,7.859545822405378
629,7.632753487009468
838,7.612661225752663
296,7.58973146741272
