item_id,predicted_score
119,20.419205499947708
1430,19.81333396252645
557,17.447463081154513
91,17.280380121204622
247,17.10897912253082
1087,16.474107131106237
703,16.09970649714008
1368,16.028769171074806
416,15.996010092097539
1578,15.85209807560259
