item_id,predicted_score
17,13.347177195685585
255,11.43445452460063
743,11.36465946768634
645,11.222499555366756
1050,11.046354949845655
519,11.011393401796145
1662,10.835672996852658
971,10.69469319411191
340,9.998981183407732
588,9.93478104023039
