item_id,predicted_score
523,17.634764731033446
1045,16.70198068026501
462,16.278153072826285
425,15.982577238333583
1503,15.844919331374435
1442,15.323090379858751
1090,14.840479126665876
325,14.799068208507911
567,14.524633953930135
973,14.247269197467766
