item_id,predicted_score
1648,3.313166645784031
729,3.2687850645845486
186,3.256905066568271
1072,3.054143021037039
462,3.0236937656709735
1243,2.856917138993415
552,2.6750187997067933
1472,2.4508869869136096
1519,2.3541003667370695
662,2.2412934034004004
