item_id,predicted_score
583,5.7184345377727395
13,5.556452031482621
1109,5.42348308626899
258,5.395686605099953
723,5.15950968468872
172,5.1272634000173785
296,5.117315686693857
1644,5.049795652726638
905,4.971162659536954
914,4.771303724523743
