item_id,predicted_score
241,5.112051744711984
635,4.7679793839122695
115,4.660475313775237
1661,4.624886474816807
1197,4.460695897872657
377,4.440121393107635
123,4.296116046600843
524,4.265326714000063
1604,4.236100993257651
1247,4.054517532966824
