item_id,predicted_score
1015,16.909593554477247
907,13.550096653240585
1044,13.469013959779184
820,13.465374546795715
174,13.38245773785588
142,13.32822552910529
1571,12.981328842213625
1099,12.959528237983527
582,12.668565713878488
753,12.58274894449333
