item_id,predicted_score
952,14.747634156791875
602,12.926072265616085
1401,12.22539331348771
141,12.207409750732332
260,11.720234149147089
703,11.496775508075388
1013,11.423048420624
1377,11.3748251582955
208,11.200123789333137
1415,10.834135763483074
