item_id,predicted_score
1228,8.860558693798705
1111,7.8009966013608905
355,7.403315217536043
1513,7.27662097902006
1346,7.152781408888137
822,7.0099583590813825
10,6.681478467909825
279,6.673380032024079
35,6.598915860672511
651,6.5582323697666425
