item_id,predicted_score
439,4.63231024763735
1585,4.545859019067976
1100,4.333395323891867
729,4.109020109153066
1106,4.065842947422589
1372,3.9552186712798902
41,3.863705980589341
1606,3.8455675634529216
920,3.791793401129091
1564,3.7782960796602585
