item_id,predicted_score
339,16.72776443336048
1414,13.306780037308954
1587,12.580424840085849
1541,12.481328648754648
1266,12.469395294636117
1254,12.35495068920385
1332,12.19901837619182
771,12.177047231133143
1328,11.40210058711681
722,11.273222798230536
