item_id,predicted_score
1123,3.143110099022603
887,2.965204379234723
13,2.9452038080980207
1109,2.700397083333446
1644,2.659502886089044
606,2.5186525663489068
323,2.5015057842713504
461,2.489766363539682
708,2.437789267995123
316,2.3863378986317523
