item_id,predicted_score
1351,6.044669704248067
657,5.943871332539452
1319,5.311303800347749
1521,5.2541598258402304
1620,5.239876949295872
288,5.234045829526278
1230,5.156254244281404
289,5.127924289202759
360,5.093868347301581
1335,4.996657163473939
