item_id,predicted_score
274,6.32154996456819
1025,6.106061192032185
1244,6.066675106616058
970,5.74251210065475
554,5.553932335604532
1012,5.493548056935276
1670,5.271324089355854
149,5.219360961292534
898,5.195444436482723
994,5.14359881639421
