item_id,predicted_score
526,13.16808172686149
722,13.01654148251534
257,12.492064271873009
891,12.311422953549819
227,11.891565746968446
1209,11.462041006054996
590,10.89658333841481
167,10.893498696453022
534,10.83607437877528
1177,10.81799839139537
