item_id,predicted_score
500,14.883923124434467
484,13.645331245868162
653,13.172889836354688
1312,12.689443147933854
433,12.441609477829028
1279,11.380424892464665
1291,11.281366335594306
775,11.1543061996892
355,11.122832199451565
1258,10.798498922822965
