item_id,predicted_score
1634,5.8189123847323385
1001,5.434229544493398
1149,5.4006468690109095
401,5.315037229846583
978,5.180909685229268
1302,5.039089445285327
1584,4.853591153771475
862,4.818255199326525
164,4.600570762481183
612,4.581636623774477
