item_id,predicted_score
863,13.418440746671083
96,13.00024620690488
251,12.311996947902017
578,11.717220727524154
1570,11.421579130859481
666,11.086094117817684
930,10.815643513608563
1338,10.775244109197109
709,10.737642525438881
803,10.724035975073997
