item_id,predicted_score
794,17.28353069839437
1461,16.86419116892419
22,16.49441823182544
1254,14.601560708591082
1670,14.007009047202434
1305,13.696017535631036
419,13.629634556357985
952,13.440079098007875
697,13.39760962850443
1229,13.253433316980297
