item_id,predicted_score
974,5.223418782837788
1560,4.753063114978765
990,4.546523575256851
393,4.031074306095118
1361,3.9954649227944077
117,3.929156290500871
1221,3.822394651356712
1346,3.740173185450729
1429,3.7364022866262885
727,3.71426095367468
