item_id,predicted_score
1041,13.17950653526147
367,12.815261255116422
582,12.732032448049075
729,12.363720970712466
144,12.106928396624637
1651,11.354646597531673
356,11.08406534455981
475,10.667663084850732
556,10.589357738425656
615,10.542434401397141
