item_id,predicted_score
861,8.545537366171487
538,8.194788203715703
826,8.104952232474242
510,7.147651388920406
199,6.643088719713336
1198,6.355856869261078
211,6.331291817886233
1445,6.32167098257408
608,6.305821613918713
423,6.303942306151912
