item_id,predicted_score
862,8.303740157900908
1001,7.5458920178886615
1255,7.501971082735939
1073,6.538397825866062
1588,6.017590960130475
1433,5.692167843613297
1378,5.580143039827848
1010,5.554714108750423
1361,5.499144527285242
974,5.471986619613338
