item_id,predicted_score
669,6.160930467540966
441,5.314375647477467
378,4.9826746112080755
408,4.949440492663015
195,4.562287110559304
1280,4.516112373269861
540,4.510011931713488
1573,4.463823233834913
1302,4.425503092680994
360,4.377568705221002
