item_id,predicted_score
288,10.285943769403541
632,7.7233769025371855
791,7.402440556551226
1269,7.280699497730957
1199,7.172763545759514
1274,6.966268948598422
1550,6.925785194637885
1091,6.894149290651432
1107,6.861521565321001
823,6.840911709130295
