item_id,predicted_score
1091,5.973368766188546
729,5.832837230818923
30,5.322849347154848
462,5.312015686299908
1243,5.0899791356342705
1353,4.9961329470365605
1217,4.858301336548815
1408,4.758405550738494
1361,4.7337888874713
1125,4.651225933738203
