item_id,predicted_score
1048,14.138091575169092
1426,13.583012333275175
927,13.090005138283434
227,12.669030962089249
709,12.570290638701145
428,12.180194133607579
1113,12.075937577160245
886,12.069477982859167
931,11.72504100948041
761,11.480445508792817
