item_id,predicted_score
1197,11.008652957191812
1158,9.521122490631976
23,9.223227855830055
1298,8.356512513631968
1573,8.093629733254174
7,8.036752570572045
1169,8.016402252554856
1063,7.971432685046279
1332,7.857128145388006
96,7.840024846318945
