item_id,predicted_score
651,9.191198454129434
83,6.54781100854863
1481,6.473247302511216
1346,6.433390057243489
407,6.390430589244718
647,6.0624030361567085
35,6.036449467713306
1616,5.920825840750361
1228,5.809462389586552
1427,5.722291747928882
