item_id,predicted_score
377,8.629111152166729
1490,8.554477987242137
950,8.080164768375697
1169,7.594274936164605
241,7.433827797157198
10,7.375301969959202
682,7.344672372381129
933,7.075544953182752
822,7.036869469888387
635,7.036006076763757
