item_id,predicted_score
1247,4.988727945049274
331,4.827334502399031
1668,4.643729643513286
1509,4.617063199240085
950,4.4953318380525795
1154,4.479177508157106
1477,4.326816051560257
56,4.299879578879334
635,4.287622354813077
667,4.282003023428453
