item_id,predicted_score
336,6.882827173816995
167,6.755200922754568
824,6.458317448355601
531,6.285405606354546
1668,6.041464501449673
897,6.04014052777571
1509,5.92354567946642
667,5.898485253592206
638,5.6796835001885455
845,5.443758200038606
