item_id,predicted_score
1021,1.522908117152482
1321,1.1841506883105963
422,1.1827179980067792
376,1.1282436127311712
363,1.0779455190059894
1319,1.0638654356908441
1472,1.0617983884325697
242,1.032403340644953
143,1.003581141157853
598,0.9994600036012188
