item_id,predicted_score
1387,11.788275082353739
920,10.704438165734974
421,9.998807901141756
1198,9.717770032524768
182,9.596633624117182
874,9.521014172005849
1300,8.974926249177742
516,8.671329075676386
1104,8.624396396601288
1102,8.468436716235928
