item_id,predicted_score
651,7.588273872316598
702,6.5613706741100755
647,5.728396406201758
1065,5.694169009440703
83,5.509273334982186
741,5.456280691274322
1438,5.4183401988613165
666,5.31090037251053
1427,5.233902724513035
1046,5.083842564309147
