item_id,predicted_score
1183,14.408085388135188
1324,13.933135117719702
1028,12.358314815175467
407,12.128688464234003
1090,11.306077535340613
336,10.980017330823411
1017,10.934012138250191
1041,10.763148935317545
1049,10.679394969935101
1442,10.468254735511556
