item_id,predicted_score
1387,18.48321893921877
336,16.581009530708346
1044,14.842192175299626
1196,14.41168031346503
1032,13.852111424250166
1198,13.801573762488035
1581,13.757339098182493
1339,13.022942298257156
934,12.381687503204887
837,11.991095752129453
