item_id,predicted_score
651,5.1102499285848
1481,4.324874940522467
364,3.948826282952061
407,3.9089168770432368
35,3.673220711991671
887,3.5969169658076994
1427,3.588118392716782
681,3.585086714305737
369,3.428028612729252
59,3.378866733847738
