item_id,predicted_score
301,14.358660831633859
1198,13.660629644114945
316,12.117244968326212
619,11.657084653501697
1529,11.396992006963977
1279,11.326622251094136
520,11.107733106220204
1581,11.095512634605932
161,10.965789060558793
888,10.82385658443294
