item_id,predicted_score
1306,2.678916420473748
596,2.4357670833020206
640,2.257175273513017
666,2.2421614198964095
863,2.2289775880594913
1403,2.1746477990798754
1194,2.1691545737270856
1155,2.1687175686172337
551,2.1019092963144628
1296,2.0610556292712205
