item_id,predicted_score
699,6.778648988425503
727,6.473836869123372
376,6.313408642872785
974,6.1888319932034115
513,6.113762410692818
1560,6.015486408539203
1494,5.8817468009878455
1361,5.735528208713273
1429,5.209247409169291
1490,4.845667796954703
