item_id,predicted_score
915,7.962707495742521
1445,7.686460344002885
1010,7.603379842728213
733,7.527683962522129
1031,7.059473118863825
965,6.96135134860243
954,6.91556748131062
995,6.9112428040795955
72,6.869609354636913
500,6.8328836994430695
