item_id,predicted_score
994,4.056278175129144
562,3.708667548878148
360,3.6360161741928128
462,3.5970028873359743
1351,3.5445989811101275
1521,3.486773048579079
553,3.3180755100052948
1573,3.2695480964977053
540,3.265185073682275
441,3.2394714310582184
