item_id,predicted_score
78,11.401095745085744
709,11.128282358396213
283,10.917697821625431
572,10.896867042632447
729,10.855236903644219
898,10.805504361088026
1219,10.799990159359744
803,10.65145660757961
343,10.6248166976281
232,10.57789343219307
