item_id,predicted_score
1072,4.267532083819466
1420,3.658868547230258
662,3.607905273222993
822,3.54261526415329
552,3.473778995391345
167,3.445128198887436
1519,3.367010640124164
1637,3.257763477924092
262,3.2336348435539257
10,3.2156543628221446
