item_id,predicted_score
912,6.748490036488867
1242,6.3701229808005255
13,6.237703022213781
1161,6.175501424015902
322,5.84059166087058
550,5.76382027074208
245,5.698943488495882
1162,5.465566016239602
608,5.454105540039151
1109,5.435143747088185
