item_id,predicted_score
699,7.886899599593486
1,6.8530754698469645
131,6.555091384025732
511,6.553784638974254
1211,6.547217451539895
1272,6.447666106907906
208,6.307941502489015
1411,6.240263821985744
1043,6.18409673975802
606,6.1442756837246115
