item_id,predicted_score
729,5.971968938587288
1521,5.127855680077834
288,5.059627779777762
235,4.990584121837926
1648,4.967546929640608
657,4.897559177064259
1102,4.872363633494651
1172,4.8443111291827545
1573,4.818968466688949
1472,4.646563358558068
