item_id,predicted_score
1351,6.8888168861637205
1472,6.722905458922541
360,6.585298939099227
1620,6.154997876181386
1521,6.101753539330005
439,5.9614026181793776
657,5.865148730364451
1572,5.754097702921118
813,5.750812734328257
632,5.642076195556788
