item_id,predicted_score
336,10.666422391561248
1306,10.642783099716016
787,10.48194070491387
636,10.346652272005697
434,10.174097694179078
123,10.12705888054789
1414,9.687714265373765
1673,9.63233055883557
1076,9.594580119260819
167,9.577539304422455
