item_id,predicted_score
1021,3.0458563818742364
422,2.7992092284343184
1161,2.4468794680999575
1319,2.3289588310045093
392,2.262562449161187
1321,2.261453314247813
780,2.251965289386555
1472,2.2512665798529072
359,2.204302236408571
1237,2.1965814093453364
