item_id,predicted_score
1247,9.718842879725507
1243,7.74321042752047
1072,7.739220133948864
1519,7.017206373322357
950,6.948985037778986
722,6.668283218861899
738,6.573609812155919
1016,6.308411021897597
986,6.038651421525789
1356,5.975637943306223
