item_id,predicted_score
1016,14.529454205439501
224,14.175281951556634
809,13.800800207648898
1483,13.779685309789297
483,13.68770939802414
1379,13.59380811746406
1515,13.394041751297245
699,13.337167456094216
448,13.181242042081237
1194,13.158946649861601
