item_id,predicted_score
208,6.695008454716827
1151,6.314415957640491
696,5.424937701826031
258,4.942936812731324
323,4.775841973102202
1329,4.677711517250294
63,4.496740321986681
175,4.416838434024004
1306,4.370549104271722
914,4.350905103857116
