item_id,predicted_score
57,6.667944087240644
1267,5.391335812968645
887,5.2333690541542826
1051,5.090273076760696
548,4.688898226881582
394,4.654079664115634
1298,4.635634735346438
131,4.576527852978647
842,4.543444137804835
34,4.5144199407604475
