item_id,predicted_score
887,7.986793232901684
708,7.432749418161188
446,6.891868189986257
1331,6.490249332103367
1242,6.250553829543289
530,6.2275881603486924
1123,6.208525385797201
1099,6.087015402631235
194,6.081703298507887
844,6.075808365491923
