item_id,predicted_score
209,5.979678305768843
199,5.971730163551982
1073,5.732662078543686
538,5.061906431955287
820,5.04428059154868
964,4.8302371686948735
1132,4.824265633067719
946,4.727395413774029
274,4.4720118544645935
1197,4.453831796199974
