item_id,predicted_score
239,12.850941990326206
1319,11.845505884650727
459,11.764624457180098
343,11.478796980130666
773,10.858427819330023
471,10.437026315902058
22,10.241660879761577
865,10.120009960504959
460,9.711282508292282
1128,9.69472671967584
