item_id,predicted_score
915,4.552397249786013
1661,4.377659400815625
189,4.369097325760014
591,4.354064876640953
1031,4.071217510980538
733,3.877237424856976
1633,3.7758704720018748
298,3.7527938959866405
1660,3.7238663133330747
321,3.680178658411582
