item_id,predicted_score
1346,3.7178441373951876
846,3.6475094262303016
1069,3.2839007093256662
920,3.2337107019743327
687,3.1573373216855334
1453,3.06411603704181
754,3.0623972396008976
1513,3.0372728719529496
326,2.994686489136137
355,2.9417788121464548
