item_id,predicted_score
888,3.115992423320199
1453,2.913008758673838
1217,2.907197030287305
468,2.8870276450047165
175,2.84655572202026
920,2.779867292517024
1420,2.7734078949338192
1564,2.707926727920398
1519,2.6470839802433885
187,2.6437900185328442
