item_id,predicted_score
1427,9.64301005512878
1172,8.05798481404057
369,7.992608622245108
729,7.795293697518754
1100,7.600016263540924
235,7.480406770286378
288,7.0995208502468365
1319,7.093994304007132
956,7.064955514897374
1662,6.852609874730921
