item_id,predicted_score
1550,12.524906896053743
1574,12.50946557331056
9,11.574461120983166
1654,11.040461744350015
1151,10.997907371172605
409,10.473939807363674
345,10.180158114962861
1596,10.131271915816658
1252,10.042436437858704
715,9.928195496004697
