item_id,predicted_score
1531,5.456455500586067
1640,4.710966744808314
904,4.692014693056918
886,4.68623431067412
699,4.6422299963264155
313,4.580989105741581
374,4.512141614916075
209,4.47018007165098
1005,4.431910249646907
871,4.40214733299525
