item_id,predicted_score
167,8.726516721978522
824,7.596025462524749
336,7.065333263973914
1247,6.92469203851269
448,6.382950288792191
3,6.360951070301493
1072,6.349774706445655
638,6.147090728658022
1189,6.119685635167006
950,5.920887662640251
