item_id,predicted_score
7,24.954433455429008
300,22.011339657820102
311,18.691441257141264
1549,18.658901125753182
201,17.523618117067635
662,17.438400637824437
809,17.138981212029176
738,16.982020827921517
1002,16.04382009256342
1104,15.70728857567258
