item_id,predicted_score
729,7.917348090813614
1091,6.534936250857187
787,6.293643999921812
1472,6.277854880322196
439,6.272200550611771
1495,5.955603167217271
30,5.9083811803854696
1361,5.887984653889194
598,5.7850252565166915
1564,5.759893823063632
