item_id,predicted_score
1306,4.199416876941282
607,3.9029627177157207
568,3.7676833935300755
1374,3.4927519078966602
610,3.3752140778873065
598,3.218523846417821
596,3.16667626184817
997,3.161333695782893
1268,3.1368500443153993
981,3.0043788053500022
