item_id,predicted_score
1634,4.625139727045195
1001,4.417701383605285
974,4.112325552124407
1139,4.100755849435354
117,4.066815901511699
862,3.9334138658989595
990,3.889325493831347
1668,3.8624701804579846
246,3.80295011225543
1091,3.799687317805917
