item_id,predicted_score
862,4.259746025264601
274,4.228462504262301
401,3.99763525394926
1001,3.932107266169004
970,3.883402368577536
826,3.8051283949514407
1584,3.703496992361333
1149,3.702277432661247
1031,3.6657583713511044
106,3.5191567029023254
