item_id,predicted_score
1247,9.158264531719222
378,9.02429377803808
81,8.606222419873657
669,8.148714934190144
1016,8.090126452508066
67,7.578942729463811
186,7.563418567681774
1274,7.505957352628405
462,7.381981223771023
123,7.339965953506746
