item_id,predicted_score
666,5.525531704031488
640,5.506499336270781
1228,5.421531443933057
727,5.304789929866494
1616,4.987837167849443
254,4.8505830013954325
1346,4.754592870734988
702,4.7332522964663255
1194,4.701329226326332
1046,4.561576562215833
