item_id,predicted_score
553,12.090474327273567
1581,11.365055523255547
689,11.237979915576512
1291,11.199821859737384
1354,11.187700334879604
974,11.155802882207272
810,10.964126136181775
958,10.647843623187974
489,9.720746568419344
207,9.367138461276303
