item_id,predicted_score
669,6.593712337004449
123,5.419464612556345
1247,5.138647582010614
81,5.103736642809041
1237,4.964470746953233
378,4.9462484738477945
524,4.861910123997071
414,4.808313875155064
1274,4.59838578628873
1441,4.365204839972867
