item_id,predicted_score
1306,6.160333312676256
888,5.661609249801997
1374,5.130865311418453
468,5.059538308691284
596,5.03191936357426
1217,4.951099819057777
838,4.767458924090991
610,4.556957083326854
1453,4.538743620257926
1423,4.465409652697941
