item_id,predicted_score
63,7.258728985564901
1519,7.209226324452485
552,6.555335236107285
738,6.413006425340761
325,6.301569956500242
662,6.0518750156327386
1072,5.995644915712603
651,5.971004697259641
1379,5.8659630641822
1243,5.8177964744124875
