item_id,predicted_score
644,17.894331154949235
627,17.792178998648627
1346,16.805002848200246
388,16.712065155377715
49,15.868783159690102
1571,15.660182730069517
1046,15.609055526785454
817,15.597314023483037
996,15.31727158717315
956,14.951829915147426
