item_id,predicted_score
1182,15.764245729073384
757,14.699957484863157
982,14.499996279172697
928,14.413009011552514
1048,13.411444285210692
1547,13.2947374482802
586,13.160503653503078
6,12.817344848082048
243,12.55639213413833
222,12.165998452934687
