item_id,predicted_score
1606,7.821711166728754
1296,7.530309729466086
1616,7.144971417997642
1430,7.071179670334134
647,6.782623830912863
1021,6.728073440963121
407,6.540697965456552
1481,6.356598186055432
1319,6.262047911949497
1560,6.253430437421394
