item_id,predicted_score
1398,12.95482929601291
421,11.869569670436514
983,10.950418766613167
1654,10.874485514833728
898,9.562149285620011
389,9.532207558646961
1679,9.52452156208238
339,9.341496285452276
869,9.23862928861035
862,9.100205590729196
