item_id,predicted_score
651,11.302301257974205
1346,9.960569503051028
1606,9.142588884963217
407,8.87371003660803
1616,8.550066841337024
35,8.380066896863852
1481,8.214362973889179
1560,8.210668770237053
783,7.8865663788340115
647,7.84323689802346
