item_id,predicted_score
985,12.315211845852401
1002,11.80318551127575
386,11.601646604847236
890,10.593538069036391
19,10.560935298270614
7,10.551738499019562
1104,10.477079462031243
1550,10.461590253202832
778,10.407954863052254
822,10.301725146691787
