item_id,predicted_score
844,8.69877511422387
645,8.65239096555122
912,8.481613799363007
1242,8.40187451856914
359,8.34152325328575
1162,8.229660146099233
608,7.713690663423459
1601,7.438214977609524
1161,7.395891100816044
971,7.011787945751997
