item_id,predicted_score
336,3.6367187371216
888,3.4316395507593547
167,3.1068946291923925
897,3.060788167289179
846,3.013319292161762
1189,2.995840375214624
355,2.979842221186586
1540,2.9628543683778137
468,2.9424090349785397
920,2.915956217091378
