item_id,predicted_score
608,8.45135816636013
1601,8.42713643498761
1363,7.79888628272689
912,7.6417428264204785
1319,7.563021693302999
1109,7.559095196884934
1307,7.5352550793577215
861,7.522165851015379
359,7.437269360446763
343,7.123953530896488
