item_id,predicted_score
887,7.549519606888151
737,7.537984916032597
695,7.499345537775359
583,7.480109376658879
1109,7.030906135197975
835,6.7539004419532995
298,6.7013015839712935
708,6.545445208176282
1331,6.477560756213019
362,6.4611005126412495
