item_id,predicted_score
288,7.10291633413292
632,7.025155230229529
1319,6.606061829065582
739,6.485319482993862
1676,6.145337208323208
791,5.814766348436952
940,5.721216771631848
1403,5.541728135501507
1278,5.499608350390414
1167,5.455592445071194
