item_id,predicted_score
206,7.057449433112259
782,6.868786800933931
117,6.739775494083577
1106,6.557307535551244
1134,6.538961899687996
990,6.408434076838624
95,6.263159947032765
1280,6.096007648359261
1221,6.0527623438528835
586,6.043877774330924
