item_id,predicted_score
475,12.254443398543795
7,11.491725027236429
1002,11.44483367442615
699,10.538717889694354
1048,10.266341982224915
743,10.188823986472205
1158,9.822026070975
1113,9.371932123154957
18,9.241065585430173
1398,9.088884555006794
