item_id,predicted_score
651,2.525771137567295
702,2.231744168317576
1046,2.2156779435859417
741,2.0481229881131573
83,1.9887727671342532
666,1.9819460920092202
647,1.9773051053043105
1228,1.933565631422171
1542,1.8941987220018284
1346,1.8620532357235655
