item_id,predicted_score
1351,13.519299130771525
701,12.920523917671261
1300,12.900820253482038
3,12.28521789487721
9,10.50618161234771
514,10.484820972798186
85,10.115221304993751
1269,10.075953938035632
536,10.060059391520703
845,9.982897335115815
