item_id,predicted_score
1274,7.864876620796925
288,7.404755233914782
1237,6.63651662047572
949,6.496678404075657
1091,6.202651915900153
1638,5.745981492288494
1107,5.551974059450146
629,5.331316773941628
1199,5.301122130408345
729,5.1279159132191605
