item_id,predicted_score
729,6.00100964480529
186,5.124228617133307
439,4.736326289593164
607,4.248935066975483
598,4.213906239858927
288,3.974828063060167
218,3.9634084939773504
1472,3.8624314239303312
1274,3.8386544728655565
949,3.786035897557417
