item_id,predicted_score
1679,23.119563619740248
722,18.155636032163773
1328,17.715174376934968
235,17.437866020780575
719,15.164152404254818
1497,13.978598254833678
1599,13.802713245342861
1139,13.535765392738059
1555,13.088650859484023
82,13.033505881782157
