item_id,predicted_score
178,14.609275745208702
156,12.63994560850477
1627,11.795740697093375
777,11.521951495026308
549,11.502545443257597
356,11.5002744951146
1181,10.486926292288679
1041,10.485494821106395
1029,10.424619975873103
357,10.41812943088477
