item_id,predicted_score
91,15.263677954771405
1618,14.585242322145351
1004,12.682534055181657
1430,12.572176086680253
1252,12.384874307983845
168,12.125721793540691
389,11.775040247735738
1178,11.471186022430754
944,11.437558109936873
103,11.342926475946781
