item_id,predicted_score
274,7.784608660732172
1531,7.640147510097294
964,6.981846312144655
149,6.9262059164413055
1378,6.922356590304764
1012,6.902211257945495
369,6.5810651748827995
926,6.559905212168948
889,6.523151275332567
802,6.469995308879831
