item_id,predicted_score
538,4.320860275261414
1353,3.8339244828009966
1670,3.8006595087780344
1025,3.6508979953444496
1049,3.6449112110934307
354,3.6118616229604625
1132,3.5977500957513064
799,3.5863112892167477
211,3.5265884108999317
898,3.514279826617706
