item_id,predicted_score
651,12.35421699034809
1346,10.402300554576522
1046,9.396594072018482
46,7.989568912940577
325,7.97223795200747
1111,7.640856967446433
1223,7.636563482390704
565,7.539535216198595
783,7.48906474236021
1228,7.336457695614195
