item_id,predicted_score
1604,5.091389730892461
669,4.140142127953635
1443,3.901787970540723
635,3.7834649377539846
1509,3.563568607707081
1128,3.5324664935076693
1525,3.5291425113761883
134,3.4292672367235286
1651,3.391813772869185
798,3.388472030064131
