item_id,predicted_score
637,6.483333301833427
699,6.4443921602625815
1123,6.392380359131123
1032,6.153472584306588
1,5.934627103295303
886,5.933769580582431
1005,5.876170965467605
1315,5.8590957468053055
1410,5.8403347515382995
708,5.764448274027715
