item_id,predicted_score
1161,6.777284627860923
994,5.986300256800649
1590,5.345535902943787
550,5.289257446599021
359,5.149653951523922
1162,5.037043769856678
1584,5.025056599433827
1319,4.878443905350117
970,4.584785579491355
1150,4.571889507167478
