item_id,predicted_score
1329,3.0837155161108405
1297,3.069975125580382
1529,2.9861256930045927
1454,2.8573307451587127
1661,2.817003782915481
733,2.693700282342686
189,2.678871306851392
1376,2.620457209678928
716,2.538091027880302
36,2.5274905830752563
