item_id,predicted_score
1025,6.271295447187556
637,5.633290776458215
149,5.569114834533703
802,5.498971163580529
1244,5.308663765448632
1132,5.278353393243232
1670,5.272617495447835
218,5.193137724122857
898,5.159850319218804
804,5.022155739131125
