item_id,predicted_score
1274,8.454234745799324
288,8.261486164407588
1199,6.351082223486108
1237,6.322289365665276
1638,6.1169382541936015
1107,5.654066212260859
629,5.623333859799131
84,5.489412468900418
81,5.429012647798575
923,5.34715357689921
