item_id,predicted_score
791,8.330138568286133
1391,7.473499898841764
1497,7.1446851342870366
632,7.001837766876995
352,6.989824368189074
288,6.907625876878546
1351,6.888048416497834
1403,6.611730632251501
531,6.509419793112702
749,6.442352946597571
