item_id,predicted_score
243,21.335901536140398
415,13.235550270128567
376,12.261807895567925
1568,11.957317122687588
488,11.91694854976602
1379,11.912453057231772
1247,11.871682475998242
215,11.726004753827565
1670,11.47217227650882
266,11.141346593941005
