item_id,predicted_score
1642,14.53561257759992
840,11.520058595060162
100,11.141241437605107
853,10.985887753354834
1638,10.652135542832767
950,10.344509294361355
1652,10.324161012186812
1174,10.220324984442486
1379,10.113606117910447
1640,10.113605630520283
