item_id,predicted_score
1406,18.923587103536065
322,13.785029324227338
880,13.605856049822297
1304,13.106350564085442
1043,12.281387629747998
271,12.11791736765417
606,11.329499769321545
961,11.032566046193848
1081,10.83967882658319
261,10.745886002196379
