item_id,predicted_score
1025,5.972440485861714
898,5.9271620846143716
1670,5.88199861817734
799,5.585448214917491
1049,5.16493175883395
1353,5.158566290981623
354,5.139907945078671
1132,5.092558640113183
1040,5.06334747281402
274,5.054781838328364
