item_id,predicted_score
306,17.560159423780895
1160,15.33416860952276
169,14.940143090724565
1330,14.940021997315164
1158,14.114652409328416
1511,13.930485226476195
1044,13.8804525721632
180,13.213014114740348
356,13.196294124266181
1133,13.118295666058167
