item_id,predicted_score
1048,16.819523965629415
484,14.525438013819453
742,14.0165782614624
1670,13.327850804058677
886,13.150654004151578
1032,12.880556526554948
965,12.82285180698111
1614,12.706019826468292
202,12.516377019519577
239,12.171849402045833
