item_id,predicted_score
1051,13.124464292512172
138,12.356148879645175
885,11.766691097341814
154,11.189759428455433
456,11.012949708103726
475,10.906235295593117
856,10.024303088432575
1274,10.001287200993314
1390,9.88427664244314
863,9.690691652708443
