item_id,predicted_score
1306,3.715176919010286
1268,3.2851016083525435
666,3.2441316607338018
568,2.9983891235233746
607,2.951947317288055
1374,2.9380694425700296
997,2.9279298755838217
596,2.914257833366107
981,2.7882244622350734
610,2.7725929334334354
