item_id,predicted_score
266,14.958615420354601
1087,14.63457171179829
1679,13.178479673120183
1430,12.808857390569003
476,12.628614030352683
1368,12.309618071790698
853,12.237153615566303
1497,12.226598718208546
904,12.22371612223639
990,12.078257673197946
