item_id,predicted_score
206,9.12843282135838
95,8.776256378036944
117,7.690449500682462
1134,7.665951310059787
782,7.546505305567331
586,7.519117778079589
1634,7.247529909573945
250,7.222591852862863
1307,7.2169770574562
966,7.103331717529586
