item_id,predicted_score
1073,7.339968826412074
1361,6.5396036321030415
199,6.406900134215931
44,6.128079203839556
1269,5.651511625677781
1255,5.550590477004819
1560,5.383112798305811
341,5.369210782023646
34,5.190782173984377
1227,5.151765378372424
