item_id,predicted_score
508,14.35709042780789
10,12.014064040554697
301,11.724107127248026
1287,11.486203491716111
384,10.956862543450042
619,10.771938278521933
15,10.454873440444226
820,10.374964767960208
468,10.082630771515635
1338,9.898368864648276
