item_id,predicted_score
743,9.798684948953909
1406,9.66681273312454
964,9.237410650073349
385,9.165053041705496
1569,9.084453106098598
334,8.863922168380663
1632,8.768389630538548
165,8.574442173219952
471,8.556368601149625
1594,8.338728847283296
