item_id,predicted_score
531,3.8946834553771525
669,3.5900088818630933
167,3.389761458082358
441,3.2942326273111964
1247,3.112186805654528
1377,2.9908873664009255
3,2.9604236122988214
1138,2.9578956428804037
824,2.9483212770803013
549,2.909382775025644
