item_id,predicted_score
1048,15.206195567759579
300,14.00249256870319
1429,12.23102695716495
559,11.652758358637453
1645,11.428401108565488
1113,11.154762717822056
886,10.893804966201722
1614,10.638164352108005
1347,10.620423273076678
891,10.56523221087976
