item_id,predicted_score
531,8.624516654632087
201,7.576136070169872
1391,7.396366568902491
798,7.179106679963995
242,6.901057320353542
408,6.847046853028169
352,6.790558006361474
57,6.767221660504613
1497,6.6888418009443065
942,6.493948749189431
