item_id,predicted_score
288,6.894058432402516
729,6.633602205451164
1172,6.347403795038257
439,6.222296393760046
1427,5.901080692621076
1100,5.4651076003862755
1319,5.353212032332158
316,4.861851632005332
369,4.824721234326726
1620,4.709499939761612
