item_id,predicted_score
1651,10.449204728375658
1656,10.116610075108717
1338,9.674472688686587
367,9.563943878835463
1062,9.085768903965263
933,8.884586229532765
630,8.868057696034189
927,8.68573771826021
820,8.626622999812408
1567,8.558423144835304
