item_id,predicted_score
1433,12.611715763160777
1515,11.504904134547283
3,11.356437373682288
1346,10.87048236054271
861,10.756702495246236
1300,10.107487741914067
1084,10.075310388835065
420,9.750490155974026
1379,9.749194178108205
1322,9.291614491040981
