item_id,predicted_score
669,5.454728489042235
798,4.916380665186676
408,4.697020784594717
201,4.373883402651948
1391,4.3048169483926735
441,4.168599660005445
275,4.0864416513240736
1280,3.8787594954289912
1525,3.833072364222457
667,3.831080773599484
