item_id,predicted_score
1247,5.564101293676709
950,5.321617065747638
603,4.610713619262009
377,4.584405228115905
63,4.503418952940556
1379,4.45908432140862
1127,4.41893483481115
56,4.343863706940254
1016,4.3423039771301
1341,4.191779195042498
