item_id,predicted_score
956,4.112753607963229
1199,3.9234264174324416
970,3.460458102739076
1604,3.41026641619749
369,3.367811717994558
1175,3.175591757291368
1670,3.139897630970784
421,3.1387204980583405
1128,3.1175899763625137
1438,3.1053916593627773
