item_id,predicted_score
1519,9.14105108066562
1243,8.63590251219743
1072,8.56487313457975
738,8.233241009105992
552,7.754633450520791
63,7.417396347586032
175,7.2371642811668
1420,7.2269617007606675
888,7.127520322075856
1217,6.936495623595522
