item_id,predicted_score
514,11.696149834802195
343,9.605085393881525
664,9.104013656510748
1190,9.039606105818166
728,8.997062639803737
797,8.96003156572416
1564,8.748325199804096
1506,8.657677597019624
2,8.643227034434469
354,8.59080978941636
