item_id,predicted_score
1305,5.640429844372752
1,4.5397486315525155
708,4.451910734547354
1301,4.3655613536712945
1011,4.3450437195786815
1138,4.3045117859344435
802,4.196479513595942
816,4.135055785105679
676,3.8236144547979944
1123,3.7817794137342005
