item_id,predicted_score
1627,19.828792698969064
952,15.680257789814949
666,15.043608338970714
981,14.46161963810931
1612,14.07287873886486
639,13.907593774527424
443,13.811569110261793
1028,13.784940858498636
564,13.665955403219208
1615,13.5169227516432
