item_id,predicted_score
1247,5.203856186377808
950,5.033001288875734
824,4.8202907554600145
167,4.767685611459632
1519,4.668997774402654
1072,4.64304741443249
603,4.601482012654964
1393,4.447606493809299
738,4.330571561662711
1292,4.2875496219935325
