item_id,predicted_score
1427,7.275695550435164
1158,6.963024128202669
1332,6.279676295331923
369,6.259930344809823
235,6.158557765044833
1662,6.046892250648584
1197,6.039890828163054
1003,5.917079569386892
732,5.818207111098315
956,5.618323303984172
