item_id,predicted_score
757,15.361297796561283
1401,15.156727015505812
1048,14.749111223415504
1362,13.738156556440202
583,12.724837498737477
559,12.579035435473987
1116,12.56599409375886
333,12.27863441208856
1404,12.250313439909267
1072,11.935622177648916
