item_id,predicted_score
1415,14.097418927662082
1430,12.349036634680832
1386,11.628739635504086
260,11.492470916445974
1322,10.919900787110183
644,10.329612715670038
1620,10.048299736731893
1564,10.007141970021973
835,9.600348643954778
544,9.419339771848577
