item_id,predicted_score
1319,6.803604721098012
548,6.414486497190743
34,5.69745566085223
1021,5.459428938263255
364,5.456479238225109
1523,5.432430587960449
369,5.42542977517331
57,5.335319072290189
213,5.319336190391689
1481,5.230234857949648
