item_id,predicted_score
1679,12.212141438409386
336,11.1100025310034
952,10.284172240341821
163,9.299960633421001
1069,8.9990220736413
254,8.595341510647003
915,8.472303975194489
1207,8.443463269110307
377,8.377317653582605
335,8.313949514472196
