item_id,predicted_score
377,8.95159629223769
741,8.944752634796837
651,8.740567431252252
702,8.632343309161719
83,7.975986815914596
325,7.702483067349638
732,7.605798754120501
1046,7.310036981397041
682,7.231171255460901
1490,7.172325292287018
