item_id,predicted_score
1073,6.534064937292267
1319,5.93733990660674
1237,5.656199752812369
1221,5.612381337324254
34,5.600331180486196
455,5.458165479766595
1648,5.434278740010946
1525,5.37303573946166
653,5.369157206487508
250,5.312355349785802
