item_id,predicted_score
729,3.296232088824416
186,2.7207639161224715
1472,2.4532347369594456
288,2.437397246027369
1648,2.433615365544175
462,2.3531988203138208
1573,2.228054606915484
439,2.136228315630802
228,2.117399152871223
1521,2.1045272727653894
