item_id,predicted_score
13,8.674762195015964
400,7.3568286364581335
487,6.9635001251654
461,6.873763536201158
989,6.82165813910801
723,6.717823613665329
1211,6.55636081444645
1439,6.495108945006889
323,6.4538822131322835
363,6.395427653640847
