item_id,predicted_score
300,11.312635653603525
1321,11.23029147872133
626,10.992520661352012
421,10.966768588928108
1353,10.46332149731943
330,9.84203201994669
855,9.804256158815722
82,9.772926237975991
872,9.666669030568452
1387,9.419080142849058
