item_id,predicted_score
198,14.83826919055309
1121,11.905968803741104
1601,10.431028305741274
428,10.423679389333568
1564,10.422506031030167
116,10.406811383256127
1443,10.33831530998198
1000,10.18567514632017
828,10.170179827935863
761,10.07573870604574
