item_id,predicted_score
1331,7.843740207284536
737,7.610063830556394
78,7.317388926568709
844,7.303103318361183
1109,7.0641906548425615
608,6.98498227880102
912,6.800001070328794
362,6.647940717945901
645,6.600972943650519
1461,6.533057378063326
