item_id,predicted_score
632,7.613218776053679
598,7.428811323824998
607,7.199807579435482
1091,7.105041482738208
1550,6.79867640448435
1269,6.641400527752787
823,6.319916219154985
1274,6.230763483800324
425,6.111864837329126
1407,6.082659925213445
