item_id,predicted_score
651,4.901763786510338
1427,4.626698435683345
369,4.36207425686681
1606,4.033645980560288
1100,4.00298939048553
407,3.7965256393814215
1481,3.78354350824576
647,3.7721691090243357
1319,3.7031617328990336
1430,3.619330254054077
