item_id,predicted_score
887,7.956890834389581
708,7.2954869701577145
1331,7.24908411865188
446,7.001800601451395
835,6.835339263273905
737,6.640281358479289
915,6.630794729124206
78,6.556989762172739
530,6.4623820863598755
591,6.4483297727906415
