item_id,predicted_score
751,11.95479639713171
224,11.257338928937648
952,10.88712875012099
1549,10.37035610874415
1034,10.013772842249496
374,9.782022632324255
1229,9.4550279115852
945,9.405086772834965
995,9.37968859069592
295,9.256864996213448
