item_id,predicted_score
738,11.83591232256154
969,11.478861433520436
208,11.461057664326677
235,10.948258878897585
386,10.852793889882495
945,10.834200442717606
1549,10.800921319360786
1474,10.377723218096367
1168,10.372141529866408
1441,10.18369349993599
