item_id,predicted_score
729,3.2023087214926416
288,2.9183676143973303
1351,2.607552829085082
1472,2.5908543531497887
1620,2.461531755098301
360,2.452043486044263
439,2.423809946570353
632,2.3155717252833763
501,2.291625623419694
1572,2.261427531061752
