item_id,predicted_score
1187,13.095677048542465
478,12.660539914227492
820,12.146349458448242
729,10.685301769860331
1481,10.562184533432905
143,10.424414306610954
1300,10.33630404296944
1656,10.186061306672796
996,10.180080738193436
906,10.056852500269995
