item_id,predicted_score
63,6.802701080419728
273,6.740163008994816
1151,6.283910063529796
208,6.010125028937982
629,5.948999102227054
696,5.659543349826176
583,5.637248206584824
258,5.4723929230572645
1329,5.468151596980451
1648,5.347155082530739
