item_id,predicted_score
1529,3.7291827580526915
277,3.481260383426228
827,3.46555262922679
131,3.349235561691205
1,3.24459620023876
468,3.0400856473930045
457,3.004397226387612
708,2.9973537462175246
606,2.9668946574340014
1608,2.954237134823652
