item_id,predicted_score
727,6.986835075123812
1560,6.775796054775041
1361,6.093858449246241
974,5.322930399427281
1454,5.183683883945486
525,4.959068198639861
751,4.8301377129041265
607,4.811966824238372
264,4.769871501173135
1329,4.647626588502865
