item_id,predicted_score
915,10.439985335353917
1661,9.613111994662422
189,9.579343391710019
591,9.262182938802212
1031,8.761772992723087
733,8.561118151104141
321,8.495191087693849
583,8.444848138533379
28,8.27809480098087
1633,8.21495509113244
