item_id,predicted_score
57,4.1481683311356035
842,3.819364072150748
887,3.678314207817422
364,3.344503144478475
1021,3.327635662119002
1051,3.2990912277581104
1641,3.293870885273928
59,3.205865276518471
355,3.137834378134086
343,3.103708705205025
