item_id,predicted_score
1648,8.196353389090104
1243,8.034343597707462
1072,7.446832338716906
1519,7.3841913092409674
552,7.297414050918629
989,7.249277620792387
462,7.04079228520601
738,6.657968901052917
683,6.642799700968392
1092,6.542428976019448
