item_id,predicted_score
1072,6.249795485418491
167,6.009175109154023
950,4.894514744057939
824,4.780458617106233
262,4.681590903440924
10,4.674729062095508
822,4.636063243777229
448,4.594550036817361
562,4.567000973239519
1247,4.522267114284342
