item_id,predicted_score
666,13.314936274899601
702,11.029330371456318
1438,10.832608771819045
1268,10.796324500104197
647,9.95123048380604
1542,9.034588586394609
614,8.906517800778092
645,8.856280124745838
1065,8.777052195740586
1136,8.70752153737098
