item_id,predicted_score
1109,4.673417688233867
844,4.600662331992952
645,4.481015218679827
912,4.463693521426056
359,4.2875558648782635
1601,4.259792860685197
13,4.214139361123735
1644,4.11437985775801
608,4.021844735161288
1242,4.012479271810622
