item_id,predicted_score
781,10.74940180412043
959,10.09618280571142
1305,9.991527780063409
309,9.852405610081352
1302,9.384282870667636
237,9.145489279417214
277,8.942341708544436
1521,8.542506900641872
1529,8.4697401633537
201,8.443135373903276
