item_id,predicted_score
874,11.741770119465865
1083,10.44098103989841
1104,9.923138005168417
1666,9.886808561087815
355,9.75443023385751
1394,8.977533172020285
771,8.648659125081723
612,8.161155808702615
412,8.158150893830209
1279,7.961779005690604
