item_id,predicted_score
635,4.688857324609871
1604,4.672509669693133
241,4.3571330576616685
667,4.301865955527323
912,4.277885236929503
1525,4.19908245101686
1197,4.142525158819279
669,4.128040406891489
933,3.9418376595430855
1443,3.8683701613349455
