item_id,predicted_score
1247,8.992892106788169
1072,7.432548768799533
462,7.134801783594569
950,6.388968615076565
1243,6.3163996417712225
562,6.056758319136873
669,6.046510006044075
378,6.036379043760873
167,5.815626714576804
3,5.648522661234072
