item_id,predicted_score
1046,7.6610214069877465
56,7.512452872846987
1228,7.222329470336577
1346,7.14724830329097
565,6.903910505060172
46,6.542867521137669
1111,6.214802836701907
1223,6.198965863834554
542,6.044130769277701
651,5.9813964899569685
