item_id,predicted_score
186,5.2724219074186305
729,5.114250371066213
1243,4.246982488235065
30,4.108204202802724
462,3.8884009775053654
981,3.757966506926617
1648,3.7064888503575415
1519,3.6364889708389936
989,3.5459574415891693
683,3.5342279397301684
