item_id,predicted_score
208,9.140409642560806
250,8.481048090424405
206,8.167725837919061
1151,8.154820746981219
1307,8.010748494852969
925,7.783242286653655
273,7.718771118223705
845,7.704074630623453
362,7.588613984440898
63,7.353794975678209
