item_id,predicted_score
729,7.024082403911912
920,6.845842472468638
439,6.2805533917917264
1648,5.9738210370305245
1495,5.736015648455513
1472,5.6169479954005865
1420,5.602722219691651
501,5.47522453974821
1620,5.388191705510078
1100,5.281799035367966
