item_id,predicted_score
703,14.558873166423421
1050,14.366755137345177
1388,13.462727672406285
1656,13.067905452105784
240,12.711802312599291
743,12.392252799200659
1567,12.285615138539946
17,11.581420618948457
247,11.344553403766504
583,11.160650581712275
