item_id,predicted_score
1483,11.738659745246432
1621,10.848624898938155
1108,10.151422074536987
562,10.128913557306529
861,9.882216861715388
590,9.672894438890413
1474,9.51477047202344
675,9.338197836746977
894,9.243401742398383
1412,9.22296891411122
