item_id,predicted_score
981,6.298975644297858
729,6.260870722979424
186,6.188108677992736
607,6.139417446052564
30,5.907422545554803
175,5.772669185023022
218,5.7515767759574725
1519,5.694306400091139
473,5.686128553347819
1217,5.661098791544155
