item_id,predicted_score
947,15.72457532507473
3,13.135123158351883
590,13.021261186351783
1141,12.515475448379977
1578,12.366304568662901
1379,12.222662824222779
1527,11.894032778486695
1312,11.668038451702483
344,11.53368229146875
1378,11.255403653715348
