item_id,predicted_score
336,8.0852667011301
846,7.142119145813998
888,6.579996320384601
897,6.563723742370668
355,6.550664908429358
920,6.4996712914715085
1540,6.357760368442906
1189,6.296044939303633
167,6.112470117716922
754,6.052016602621839
