item_id,predicted_score
355,14.344526179982374
738,13.604886530801998
207,13.22459710468932
874,12.931957266037733
1153,12.865537770198909
1351,12.71414975097744
952,12.437712889537252
1083,12.159285007707775
85,11.92490209948247
1415,11.71835364162063
