item_id,predicted_score
250,16.1941123074789
559,14.981930528980717
100,13.22899314782374
1328,12.823713930236403
778,12.811670079231352
143,12.684391952471149
746,12.313516758906788
884,12.222797070173206
1564,12.05145949760299
1545,12.023120878622002
