item_id,predicted_score
340,17.643179204332
880,17.622668986603287
1609,16.962668106882802
1615,16.846651721074345
40,16.490143126339454
1354,15.403187292446688
663,15.29200783212157
1551,14.85725358454692
254,14.405289401894475
207,14.3853153635606
