item_id,predicted_score
906,5.715460617290008
1089,5.653634488711491
117,5.640141752642931
208,5.528423994969542
1429,5.409333671962048
1560,5.25770118030436
974,5.187132036049823
513,5.152536455681301
92,5.04627796872709
1556,5.028045277817339
