item_id,predicted_score
274,6.455806207411868
970,6.435831279981196
1073,6.2065111595493825
820,5.774870839634661
994,5.642870602467181
199,5.247225249496597
589,5.039934863345536
1584,4.95314067522993
1132,4.932266105989621
257,4.773771676386808
