item_id,predicted_score
13,11.274639484436094
1109,9.848378384889074
1123,9.751020941247315
989,9.639368518170949
1644,8.91355893132934
172,8.884932576079702
723,8.794176435417302
887,8.471028679560593
708,8.336952885715013
315,8.30405908586794
