item_id,predicted_score
632,8.979636506473213
1403,8.3026552559015
568,8.100294090168747
739,7.795260736073354
352,7.163689245856719
1676,7.102569623423465
1278,7.08357475322278
940,6.802266526393118
288,6.565202419352209
1550,6.499729542315459
