item_id,predicted_score
733,12.085066861385918
438,11.095746625518547
898,11.079973601560924
32,10.747228918000383
1099,10.49877140242711
1222,10.48138486708054
744,10.222794727132031
1183,9.989246571282091
689,9.973389606871695
1398,9.85135577728457
