item_id,predicted_score
786,16.034721638601418
412,15.612827536640431
569,15.597360758372805
1102,14.244881807950756
24,13.931504143643803
330,13.827492229795569
1016,13.354916860513432
595,12.618973687462233
1547,12.587919023642863
386,12.342001918342302
