item_id,predicted_score
1531,8.6897771625061
209,8.291758655622804
886,7.83940510515382
102,7.745027769510952
1640,7.278045596431064
692,7.2076337254305995
199,7.166900847024407
1132,7.097855727689445
538,7.058937606358995
871,6.986293666105906
