item_id,predicted_score
288,6.320802910707365
949,5.84832989009827
1274,5.48534888113455
1438,5.277536226625761
1199,5.070557111555323
956,4.7908261753425645
1172,4.742686691996872
1175,4.599717874585849
1427,4.212568436338615
1269,4.177241638606113
