item_id,predicted_score
1604,8.487394308461328
1407,7.730308796884209
568,7.618457610458891
1284,7.573153094966144
1403,7.173918182778396
24,7.034634242890608
791,6.992554858220056
823,6.8939362484214115
1086,6.70492657266191
376,6.584557514489134
