item_id,predicted_score
994,5.792544023297589
1161,5.68057591613536
1584,5.251266084915696
970,5.118642702945933
612,4.95469921896326
1162,4.844654338449439
550,4.603402493160427
1590,4.340453879322261
1279,4.28521086118037
554,4.281171791766205
