item_id,predicted_score
209,3.1297023631279637
1321,2.8156958160535877
1021,2.7133551127951687
242,2.685248009115539
1239,2.595934490615087
837,2.589048837249198
1238,2.555422949097042
1319,2.5228288409757145
1525,2.5155208382932615
598,2.4838541547217226
