item_id,predicted_score
165,13.417829792194645
1453,13.310910299252996
1677,12.838028817743643
803,12.762176496398343
1324,12.545304317205716
880,12.044470429673979
713,11.944090281435527
385,11.889748357777876
1304,11.847698254424593
593,11.71199795144177
