item_id,predicted_score
1073,6.589238232493151
1361,6.164387532622935
209,6.118984490314962
199,5.815273173735635
44,5.742133089951562
1255,5.450424285481449
964,5.149919226736761
1490,5.140336089142507
1560,4.902320806970634
1227,4.901416574517185
