item_id,predicted_score
1021,8.622753991697225
1237,8.419101397482711
770,8.3229341740436
1525,7.747978811730481
1319,7.66747900075403
1221,7.664677040491907
653,7.550896649499939
422,7.442078348397719
1239,7.255447693313434
1356,6.862998689146793
