item_id,predicted_score
994,8.95526601876797
554,8.881072883881227
970,8.408949604053042
1161,8.249034974941834
1025,7.994370667985136
1244,7.966482151915138
218,7.949735987409776
1150,7.948130597995402
274,7.673466020984128
550,7.594325513108342
