item_id,predicted_score
1571,14.292960199718426
1047,12.024600192899406
654,11.439570886592529
78,11.407650691052467
601,11.065573514237027
874,10.75239032504884
644,10.593829387725531
373,10.548961839529708
1471,10.398694419487331
272,10.331161780474028
