item_id,predicted_score
1072,8.03252722618264
1519,6.628961662614562
552,6.532630960585921
662,6.438817216646595
1243,6.4271842644835955
950,6.106220106887217
63,6.04543690476718
738,6.026497286761431
822,5.910074004419806
1420,5.881902315909623
