item_id,predicted_score
1306,6.6158125504662655
596,5.653808394828449
568,5.635522792629332
838,4.498317136674829
888,4.4694650238450535
1374,4.366096621321365
500,4.3026227049495995
1086,4.300193225387523
1669,4.252823148636296
610,4.238716714735664
