item_id,predicted_score
208,6.276721995365844
250,5.6424648379814935
1151,5.362463777544844
1307,5.269474125506157
1648,5.15348112844391
694,5.087126697466163
1644,4.983128640451219
1405,4.940613612953154
1439,4.924902696501579
1655,4.901459730425303
