item_id,predicted_score
439,7.554416483176234
920,7.458809434122724
1620,7.126820644257566
1495,6.994365055895645
1585,6.807831148859395
729,6.680654830880773
1100,6.321215061861152
41,6.105260554930687
632,6.086345852509273
1273,5.937642652503833
