item_id,predicted_score
1531,10.195833169654316
886,9.276927686857011
637,8.79118490247015
889,8.774415814259196
1025,8.12125697748568
16,7.84911990773991
1671,7.837760452821667
804,7.7600417920090745
904,7.718514589403285
374,7.416858441944158
