item_id,predicted_score
1123,4.0303901209641
708,3.7296742381496735
606,3.6296756354098436
1,3.5937898096319394
887,3.224842448282408
316,3.1206623533615288
1022,2.9981795233600987
1301,2.95802301947292
1472,2.921415269429323
20,2.9090230752533675
