item_id,predicted_score
10,7.775503040322209
279,7.290443179521777
1228,7.133063448449066
822,7.039872667140149
1169,6.554631156054976
147,6.543071006200191
1477,6.514992623048115
1668,6.466050810571624
1490,6.307349856260602
188,6.274921529988861
