item_id,predicted_score
1197,8.533167790626482
1158,7.786468102597461
1573,7.7296193888065945
1063,7.594252984177843
1298,7.104630670933764
23,7.027873055698797
994,6.87093483310801
394,6.630489273795898
1230,6.3118585096530415
553,6.259033494288977
