item_id,predicted_score
920,3.1560106433595356
336,3.0175960424512556
1473,2.6197286267323165
1189,2.6101182820358266
1135,2.566385951550996
1540,2.5531202242495246
167,2.5412951140137703
846,2.539150836988778
1476,2.4765204426056484
187,2.459484642204282
