item_id,predicted_score
974,7.452563614539368
376,6.463975290523679
1494,6.445530507829104
699,6.301758296944481
727,5.909246455071949
513,5.772603267021185
1197,5.624411588103435
943,5.60340268065688
393,5.582072670533248
1560,5.498862605096529
