item_id,predicted_score
775,10.827205885919286
1295,10.670027119653223
1322,10.42433646379175
1515,10.234655525150027
1254,10.122148659763326
141,9.23305384490187
1501,9.19180045633182
1149,9.140797043263605
1513,8.909555417106487
1218,8.658933933728342
