item_id,predicted_score
770.0,4.251540218057217
866.0,4.240088172148842
591.0,4.235356202652924
1478.0,4.235016142072634
1313.0,4.220517892029095
332.0,4.211279481371271
1444.0,4.21001491178414
123.0,4.20604832416044
508.0,4.205440890703331
1044.0,4.2049387561896285
