item_id,predicted_score
866.0,4.339036567710217
800.0,4.33533774586984
1399.0,4.333008203200243
332.0,4.329848056178558
591.0,4.324121836771118
123.0,4.321914095118146
1313.0,4.309234609287387
715.0,4.308965075424789
770.0,4.306967538752122
1444.0,4.294080991193098
