item_id,predicted_score
1313.0,4.335613959143028
1044.0,4.33115997099957
1444.0,4.321116887819004
866.0,4.318281674477157
332.0,4.314619392941768
770.0,4.3135880133655
591.0,4.287873068410228
1394.0,4.285738407367233
881.0,4.281735279438545
876.0,4.281735279438545
