item_id,predicted_score
591.0,4.407904434136542
1044.0,4.361396091110697
715.0,4.356733469612955
1313.0,4.348419175055466
1399.0,4.342797075871916
1478.0,4.34091033883373
866.0,4.334388090846663
282.0,4.333065174643504
1444.0,4.330816963620492
332.0,4.3224610209734475
