item_id,predicted_score
866.0,4.273753973144251
770.0,4.257391185280072
1313.0,4.239525333580078
1044.0,4.227725368961309
591.0,4.225052033099622
898.0,4.220788801064462
332.0,4.216292575471691
508.0,4.208725196180674
1479.0,4.205199646109111
1399.0,4.197537183443823
