item_id,predicted_score
1399.0,4.294368205848433
770.0,4.286290833913607
715.0,4.282022297640626
1479.0,4.273313721405124
1313.0,4.2707653298121055
1044.0,4.255032371075834
725.0,4.251661429714085
66.0,4.2464393093528745
1179.0,4.24084766042348
756.0,4.240214884496783
