item_id,predicted_score
227.0,4.320085115336231
471.0,4.307216641476448
152.0,4.299205277834504
1016.0,4.277832735575199
80.0,4.276441060733621
385.0,4.270928582465034
260.0,4.264089651834741
577.0,4.26343860575555
121.0,4.244335295017287
172.0,4.238634418079435
