item_id,predicted_score
591.0,4.179332253429804
1478.0,4.172494894425531
841.0,4.146563850892374
620.0,4.145529720970569
866.0,4.130989822837474
123.0,4.130652709055974
1044.0,4.12028390638256
770.0,4.118992029793315
840.0,4.109382715394538
797.0,4.103344331768682
