item_id,predicted_score
715.0,4.283036585783916
1399.0,4.257104952891001
591.0,4.251086411043659
1044.0,4.2401877739479215
1074.0,4.239910185501966
807.0,4.239585055368876
1479.0,4.2380346462991785
1313.0,4.235275656819349
440.0,4.228433582937013
778.0,4.227696293879921
