item_id,predicted_score
332.0,4.458909985021421
302.0,4.4473938953526915
1313.0,4.41131800585411
1044.0,4.388292113020735
654.0,4.386590434946519
866.0,4.384973624677436
770.0,4.368394148875614
939.0,4.367862153467513
577.0,4.361778782046805
1444.0,4.353550534013965
