item_id,predicted_score
152.0,4.41017189757831
385.0,4.383662102762928
80.0,4.362765370281475
577.0,4.355334329547777
1133.0,4.351758487443543
689.0,4.345825992120849
552.0,4.337410720591513
1416.0,4.336226500384704
172.0,4.335219088105257
12.0,4.322894396848732
