item_id,predicted_score
866.0,4.245635815549647
770.0,4.234796900242708
591.0,4.2105417994076735
1313.0,4.205226167298214
1044.0,4.19351342792361
1444.0,4.193512249204094
332.0,4.188691679291244
1399.0,4.186301629019839
800.0,4.1855688583875565
1478.0,4.185443324759131
