item_id,predicted_score
770.0,4.345705762730244
1478.0,4.315510504895665
508.0,4.308091251357123
1313.0,4.304901243441039
591.0,4.303449060997654
866.0,4.298615132263626
1444.0,4.2974804182764785
1615.0,4.290428139413836
1044.0,4.289986512501941
254.0,4.284048516488173
