item_id,predicted_score
866.0,4.3980959161396065
1357.0,4.384525711261457
1050.0,4.380499205395706
382.0,4.370456515121646
1479.0,4.359110553969686
1055.0,4.355173237880627
424.0,4.354322202390266
770.0,4.353072759703587
778.0,4.349657616359998
898.0,4.345440943745709
