item_id,predicted_score
866.0,4.161862451487097
591.0,4.161013380529262
715.0,4.158194669260635
855.0,4.150107081756673
1097.0,4.147803470916422
1044.0,4.142171941976746
1313.0,4.132509585199761
778.0,4.132002539354743
792.0,4.128969694040757
725.0,4.123122655882955
