item_id,predicted_score
715.0,4.274679464417355
866.0,4.236242992635262
508.0,4.232836689688041
1044.0,4.231702368607399
591.0,4.224514537000447
1645.0,4.214490706238638
1650.0,4.214490706238638
1478.0,4.210113138410451
1399.0,4.209010446303481
770.0,4.207964529186519
