item_id,predicted_score
332.0,4.40111500972591
866.0,4.391829057380949
591.0,4.383637742559603
123.0,4.3807557733436315
508.0,4.379125211346865
302.0,4.364864276832494
403.0,4.35625373077005
715.0,4.345889250068193
860.0,4.3393178887679715
5.0,4.337703043031414
