item_id,predicted_score
1044.0,4.276296471139691
1313.0,4.276017507520967
866.0,4.2643511311139815
332.0,4.261072129874459
591.0,4.255649037835816
725.0,4.247128074456569
1479.0,4.23618287793996
1399.0,4.235813349371776
898.0,4.235220257002109
770.0,4.234165892395285
