item_id,predicted_score
591.0,4.3187178006979785
1478.0,4.291962832223323
1044.0,4.282918517379089
1313.0,4.281523306378965
770.0,4.277959644376393
1444.0,4.271981768352344
797.0,4.2635849634287535
840.0,4.259044928760648
866.0,4.255694025630666
1016.0,4.253163314830383
