item_id,predicted_score
1044.0,4.240385798826565
591.0,4.23399772841104
657.0,4.23138332852514
1478.0,4.224524949022836
1416.0,4.22388097526074
332.0,4.215154914685755
1097.0,4.209090402777299
385.0,4.2049350235778284
840.0,4.2037857720499865
866.0,4.2037058155761695
