item_id,predicted_score
866.0,4.194365838586739
591.0,4.168393343417279
508.0,4.164629102643779
770.0,4.158689338550738
1478.0,4.156727163463545
123.0,4.150950259116929
332.0,4.143434547031351
1044.0,4.140566133089809
1313.0,4.1329280306278475
1444.0,4.13010106832261
