item_id,predicted_score
866.0,4.455382077510827
1044.0,4.351853177911307
591.0,4.3486525615195815
770.0,4.326447057469157
123.0,4.315179284711743
895.0,4.306886600012042
881.0,4.3048592024449785
876.0,4.3048592024449785
508.0,4.303789710937702
435.0,4.293663528031276
