item_id,predicted_score
591.0,4.388001362206854
1313.0,4.371499288986565
1444.0,4.3559716238992845
770.0,4.353210276980423
1399.0,4.3388126110022265
715.0,4.337846453905829
866.0,4.334529930095057
1044.0,4.329368710242159
120.0,4.324856179029421
860.0,4.324245995226775
