item_id,predicted_score
1313.0,4.210706230780119
332.0,4.192114680764938
1044.0,4.186870950545938
855.0,4.1828939508998495
1478.0,4.180579731583956
1097.0,4.1787012455823795
591.0,4.1739223237590855
860.0,4.171957594779608
770.0,4.164291595955774
807.0,4.154145964177339
