item_id,predicted_score
866.0,4.326725235274871
770.0,4.301364691987329
591.0,4.293149802775668
1044.0,4.285551973230493
1399.0,4.276264449259513
1313.0,4.274355513003781
332.0,4.272711395732584
1444.0,4.271415982984791
123.0,4.266442965347905
508.0,4.265933758517107
