item_id,predicted_score
866.0,4.217175239935724
770.0,4.197727743098867
1044.0,4.180618039968218
1313.0,4.176587408584162
591.0,4.167415006219219
725.0,4.165834736255123
332.0,4.165373660471218
898.0,4.152262566844447
1479.0,4.148261206995032
1399.0,4.146000619417105
