item_id,predicted_score
725.0,4.315235470341992
315.0,4.307119986476158
332.0,4.298463470352601
866.0,4.28989653691224
1394.0,4.2814215435941065
1313.0,4.279091215111498
1044.0,4.2709252427597395
1097.0,4.269329452988687
715.0,4.262630789980766
807.0,4.260197127087279
