item_id,predicted_score
866.0,4.396413490484148
332.0,4.376422407497285
770.0,4.366908962285788
1313.0,4.36044722190053
591.0,4.347023571148836
1444.0,4.336704274695082
123.0,4.333651784055834
800.0,4.326486741026187
438.0,4.3229741568692965
860.0,4.32240955022126
