item_id,predicted_score
866.0,4.25579244871023
1044.0,4.2179581061474245
591.0,4.2113338989222475
770.0,4.196868456571897
1313.0,4.191627476698434
508.0,4.1882889501233675
1444.0,4.180595054937661
332.0,4.1782334903878855
1479.0,4.172347161579559
1399.0,4.168423204311678
