item_id,predicted_score
385.0,4.262142407194746
1313.0,4.256611658773666
332.0,4.244846662833863
770.0,4.243712931112979
1478.0,4.227487660525636
866.0,4.2257594612623155
1444.0,4.224923552672408
591.0,4.223318136691976
840.0,4.217494280017983
1044.0,4.2169233868658615
