item_id,predicted_score
438.0,4.503167759585224
770.0,4.500441774251835
1479.0,4.468698071880084
725.0,4.46744155687631
545.0,4.451702508089208
1313.0,4.449323066293445
1055.0,4.4362785703193115
928.0,4.430749589977506
332.0,4.429335519465129
322.0,4.425872048621394
