item_id,predicted_score
866.0,4.345512059823158
591.0,4.327899239912543
1478.0,4.31104551537006
1044.0,4.296194042378306
1313.0,4.293961547615504
770.0,4.291890340973105
1444.0,4.287057590958593
282.0,4.274500495504216
123.0,4.268813763200553
881.0,4.268121265485059
