item_id,predicted_score
508.0,4.106118841055468
866.0,4.085697721898614
591.0,4.081209550889201
1044.0,4.065583462722357
394.0,4.0654131377523335
302.0,4.058994813535904
657.0,4.055244520943341
101.0,4.054739832537354
1478.0,4.047434718338587
715.0,4.045026987274445
