item_id,predicted_score
770.0,4.258727263851157
591.0,4.256529737767322
1478.0,4.2545467386353515
1133.0,4.229395614515106
385.0,4.228728459269199
1313.0,4.228038318992737
123.0,4.2266468406044115
866.0,4.225581671068692
1615.0,4.223735403400546
332.0,4.215027416524803
