item_id,predicted_score
770.0,4.235575051576346
866.0,4.221344567316131
1313.0,4.209856374009274
591.0,4.208246046697527
1444.0,4.198389397653699
1478.0,4.192970234680109
1615.0,4.19276729847015
768.0,4.186938726918093
1044.0,4.18631066586946
385.0,4.186193383277644
