item_id,predicted_score
591.0,4.2931124766576705
770.0,4.272292753851245
1444.0,4.271096746449279
1313.0,4.270176755867248
866.0,4.2653858503955435
1478.0,4.263970797616905
1044.0,4.258453015110496
508.0,4.23977561502392
332.0,4.238889021494835
123.0,4.236462038011936
