item_id,predicted_score
591.0,4.45285254543006
1313.0,4.442987841802875
332.0,4.407770845924759
1444.0,4.403990692437797
866.0,4.402405314689133
770.0,4.4006812409441185
860.0,4.39062519184888
1399.0,4.385121357523408
768.0,4.379580197079939
480.0,4.373393884154856
