item_id,predicted_score
591.0,4.2553072091762525
866.0,4.236839031803719
1044.0,4.227631071400051
1313.0,4.22587654740088
770.0,4.223401432871088
1444.0,4.218330777967649
1399.0,4.20044724547492
125.0,4.1988007707646915
1479.0,4.196780052608217
537.0,4.193942088920831
