item_id,predicted_score
1478.0,4.263756860024798
385.0,4.2473691225975365
591.0,4.239719232940416
1016.0,4.234854657498979
152.0,4.229320176466098
797.0,4.227659753574933
1615.0,4.226975703349302
770.0,4.222286560662456
1133.0,4.221151453768803
1416.0,4.210956119317455
