item_id,predicted_score
770.0,4.248292059978357
591.0,4.236933329364978
866.0,4.234380419347149
1044.0,4.22278653419038
1313.0,4.219805945441592
1478.0,4.2083676512609
1444.0,4.204498897357006
123.0,4.197921838912459
840.0,4.194614155498053
797.0,4.193339566795039
