item_id,predicted_score
1313.0,4.351813494354277
770.0,4.336450064186189
866.0,4.328910581257043
1444.0,4.3248722881961355
1044.0,4.323336809573638
1399.0,4.318733516958188
591.0,4.306696040356998
332.0,4.30580021352504
715.0,4.293815975755312
1479.0,4.292977906179623
