item_id,predicted_score
715.0,4.326875325559874
866.0,4.308932071278347
1399.0,4.308629926175814
1044.0,4.300317203244347
378.0,4.289815991078665
725.0,4.289315035284478
1313.0,4.28898185056803
800.0,4.2852101445709305
1479.0,4.278416987548498
1074.0,4.271610668158139
