item_id,predicted_score
577.0,4.3190816321218355
689.0,4.262902091922637
80.0,4.255294439714833
471.0,4.249032295834239
227.0,4.247991290048592
1016.0,4.239762059749489
233.0,4.234234258127197
260.0,4.227587851684474
135.0,4.2264572632156305
2.0,4.226080072970596
