item_id,predicted_score
770.0,4.398375272664836
552.0,4.390270397274643
797.0,4.376942615710229
96.0,4.360860559544047
866.0,4.355559464975283
1526.0,4.352624846287608
152.0,4.349015607130427
577.0,4.348219185644297
1615.0,4.340755140764157
1133.0,4.335620638553617
