item_id,predicted_score
591.0,4.27932656610814
1313.0,4.265293320913559
1615.0,4.25751986216054
770.0,4.257502967180814
1478.0,4.256918125847757
385.0,4.255960023334717
866.0,4.251197996491149
152.0,4.246114965032794
332.0,4.2414063734739385
1444.0,4.2385744998373855
