item_id,predicted_score
1313.0,4.221511945487365
770.0,4.220482726896876
591.0,4.219888259354441
866.0,4.218612099025405
1478.0,4.21256114239138
1044.0,4.21173486001085
332.0,4.208780792451165
385.0,4.206765182079259
1444.0,4.19828233063102
898.0,4.193567845474586
