item_id,predicted_score
715.0,4.499450078232597
302.0,4.494887647893692
1399.0,4.481113131632814
866.0,4.465080188779789
591.0,4.464723429673025
332.0,4.460229365066034
770.0,4.460010123236108
1380.0,4.458060128250576
1313.0,4.449158045561242
741.0,4.440694839438265
