item_id,predicted_score
591.0,4.263937793470463
1478.0,4.2466473533474005
1313.0,4.230098327799736
866.0,4.224668949257008
770.0,4.215982572239053
123.0,4.215480044818845
1044.0,4.2132668024748
1615.0,4.204820294878297
1444.0,4.200053749609918
385.0,4.198635750032489
