item_id,predicted_score
770.0,4.313321622754945
866.0,4.277732151509856
1313.0,4.276977181660028
1444.0,4.274131163389286
591.0,4.273321775988482
1478.0,4.26285062117045
768.0,4.256998671681332
1615.0,4.2547624443067305
254.0,4.252884940571418
1133.0,4.248942713151042
