item_id,predicted_score
1044.0,4.3394632641749125
272.0,4.330693198071339
778.0,4.315602445017891
657.0,4.315556474956777
866.0,4.311885156571769
770.0,4.2993294362901615
1442.0,4.28842903111515
1050.0,4.285933092540581
749.0,4.281782821125679
1313.0,4.279549737003119
