item_id,predicted_score
1478.0,4.303046724736284
591.0,4.293485148477895
797.0,4.2905550482150305
152.0,4.282159422010956
123.0,4.279947751292932
563.0,4.277222355319301
385.0,4.275355852966134
866.0,4.273009808223317
770.0,4.272107498434021
1313.0,4.271150181733992
