item_id,predicted_score
332.0,4.397904570671553
385.0,4.3729506856169404
1478.0,4.363164563290804
5.0,4.3624090040812185
1313.0,4.362244769162025
12.0,4.36046372397375
1016.0,4.350881913030341
152.0,4.346622020700476
770.0,4.344805221020223
1416.0,4.340728423121801
