item_id,predicted_score
1313.0,4.331700217444283
1044.0,4.321172287636244
715.0,4.316614179268897
508.0,4.314570672535118
770.0,4.312298494215286
1478.0,4.305395126918132
1399.0,4.29319184377173
840.0,4.28571719041595
332.0,4.284409401113241
591.0,4.281683022873347
