item_id,predicted_score
591.0,4.352244905697036
1478.0,4.267516582373487
860.0,4.263948205492852
1313.0,4.261930237681915
1044.0,4.258271099398568
1399.0,4.254591726430202
1097.0,4.2455798263726505
770.0,4.242796869596001
866.0,4.2402319759297615
1444.0,4.23908272440192
