item_id,predicted_score
866.0,4.255119596319998
770.0,4.236564390156552
1044.0,4.223756423898577
715.0,4.214219404296767
1399.0,4.211482024674725
1313.0,4.206783452231753
591.0,4.201058411543828
332.0,4.193312456246177
1444.0,4.192250233509247
508.0,4.192180689057819
