item_id,predicted_score
1313.0,4.486620502116833
1444.0,4.45922823929067
591.0,4.451646715365463
332.0,4.449273560073784
273.0,4.441369067001266
715.0,4.431421460101474
1044.0,4.429067950135057
1399.0,4.421845542755644
770.0,4.420734403158811
840.0,4.419263754109679
