item_id,predicted_score
591.0,4.2000973622319995
1478.0,4.184949244828785
866.0,4.178094008578524
1416.0,4.17315635252711
123.0,4.1623582994967165
1044.0,4.155112317726989
332.0,4.1548734305718
347.0,4.15182310091833
385.0,4.146285476633408
1016.0,4.143962809827652
