item_id,predicted_score
591.0,4.408532691638429
1478.0,4.372408867546207
1615.0,4.365092948418546
152.0,4.356787297804173
797.0,4.353666834339517
1313.0,4.350386065020722
123.0,4.349674118433218
577.0,4.345534062587452
1416.0,4.342316158309496
576.0,4.341922858897746
