item_id,predicted_score
725.0,4.347565782126074
715.0,4.34185724351137
778.0,4.33423800056166
1399.0,4.323669208477075
1479.0,4.316948542704861
1055.0,4.304932283054955
469.0,4.30031445289881
382.0,4.299508208750048
866.0,4.295341042355419
332.0,4.292995783425612
