item_id,predicted_score
866.0,4.234619110049085
770.0,4.214463399236523
1044.0,4.197655841208407
508.0,4.190683518819583
1399.0,4.185437234708299
591.0,4.183616113056489
1313.0,4.181532333405922
1479.0,4.176198038237464
778.0,4.170381450333818
332.0,4.166364767130698
