item_id,predicted_score
591.0,4.35720810067129
1313.0,4.355684409243951
332.0,4.354735147127279
385.0,4.3543151300731715
770.0,4.335896851826804
577.0,4.333136683627458
1478.0,4.328700769183243
1444.0,4.328651262963581
866.0,4.322494418026393
152.0,4.318065575899272
