item_id,predicted_score
591.0,4.2004352618265095
1478.0,4.182701230259026
770.0,4.177356326614927
866.0,4.176606857456171
123.0,4.171338177674089
1313.0,4.1618290544341505
1016.0,4.156685908280495
797.0,4.155399532382322
1444.0,4.151605430714424
385.0,4.148323679129366
