item_id,predicted_score
1313.0,4.26225202810971
770.0,4.2456621402855
385.0,4.244752365272605
898.0,4.243992091184955
591.0,4.238080027000535
1044.0,4.232305087186445
332.0,4.232208628639407
152.0,4.229466730592555
1478.0,4.226205410145769
768.0,4.2231289522097
