item_id,predicted_score
866.0,4.262967510855761
770.0,4.24542541411609
1313.0,4.241202454997716
1044.0,4.2323526288735795
1399.0,4.22257004270599
715.0,4.211769632236564
591.0,4.2083106798176395
1479.0,4.205991156263926
1050.0,4.204354307763076
332.0,4.200803218768672
