item_id,predicted_score
866.0,4.204182214713779
770.0,4.191486423263051
1313.0,4.187115534845454
1044.0,4.179919452201892
1399.0,4.178927756182654
332.0,4.169480515717291
725.0,4.165091750053705
715.0,4.16443815008223
1394.0,4.163644086035131
1479.0,4.1614911548396405
