item_id,predicted_score
860.0,4.382471596052036
591.0,4.36039025045727
715.0,4.338515180777756
272.0,4.3317292925256705
120.0,4.329719968657848
1280.0,4.326845464665476
1313.0,4.319307160455846
866.0,4.3186965837466955
336.0,4.311818362465877
332.0,4.311460031733094
