item_id,predicted_score
591.0,4.275431094561888
1478.0,4.260412046945648
770.0,4.241369243809193
1615.0,4.240448467414152
1313.0,4.236471467768062
385.0,4.236449857910273
866.0,4.2282253424892335
840.0,4.225129632134408
332.0,4.224083518564194
152.0,4.2200544588061595
