item_id,predicted_score
591.0,4.462654384016406
1313.0,4.4388253902863095
1399.0,4.432197843355838
1380.0,4.409557784710612
123.0,4.40518277077471
332.0,4.401846601638676
860.0,4.395055212695516
291.0,4.39497309523592
742.0,4.3941715659652205
1444.0,4.390516356746927
