item_id,predicted_score
866.0,4.235239509420866
778.0,4.217626100150493
715.0,4.210405264397101
1399.0,4.195457922218067
1479.0,4.1945974569715805
1380.0,4.191911548101726
469.0,4.186831266988909
915.0,4.183651278188709
1044.0,4.183550497670113
272.0,4.181370652379014
