item_id,predicted_score
591.0,4.260083970013769
1478.0,4.242437360143701
1044.0,4.224524359663079
866.0,4.213446164294444
840.0,4.207390296329104
797.0,4.207164964448346
657.0,4.206319626102312
508.0,4.204002263534377
770.0,4.203866121430309
898.0,4.202649289983565
