item_id,predicted_score
770.0,4.329709753088712
866.0,4.324364260084854
591.0,4.320550316638441
1313.0,4.3142602763959745
332.0,4.298323988543239
1444.0,4.295216883899762
123.0,4.282857223964271
860.0,4.279411630366526
768.0,4.2765628617502465
1615.0,4.2753692117873126
