item_id,predicted_score
866.0,4.240547676306726
591.0,4.224470138565355
1044.0,4.214120981217203
1313.0,4.213232423155591
770.0,4.210144374477618
715.0,4.193041350757558
332.0,4.192258091639352
508.0,4.191912726821242
1399.0,4.187673265629648
1444.0,4.186848161968634
