item_id,predicted_score
332.0,4.492506634471908
1313.0,4.467751167202444
123.0,4.4178536126623555
385.0,4.412844054720482
591.0,4.412607132097818
866.0,4.4089782476153765
770.0,4.407234921451605
5.0,4.407112727528474
768.0,4.40382685042511
1444.0,4.400601873830059
