item_id,predicted_score
866.0,4.144354341160129
1050.0,4.136549646339943
1125.0,4.127645402664829
778.0,4.1265032234540815
508.0,4.115907713727141
1044.0,4.111148240775856
1479.0,4.107595383702179
657.0,4.1035197645232735
770.0,4.100037827073792
725.0,4.09774089564413
