item_id,predicted_score
866.0,4.297277678519771
1313.0,4.2801876207143845
1399.0,4.273910349933338
1444.0,4.26945400435085
770.0,4.267347829029484
332.0,4.262585605732663
125.0,4.255485392276381
1044.0,4.249549950154899
1394.0,4.243472275878517
591.0,4.239982873205436
