item_id,predicted_score
715.0,4.354005519747039
378.0,4.32289793300728
1479.0,4.315690848981571
1074.0,4.310735512137422
66.0,4.295913114227056
1399.0,4.286846796618528
1048.0,4.27938196592538
476.0,4.272362101849421
1313.0,4.266528815419301
860.0,4.264626558574157
