item_id,predicted_score
770.0,4.174512665783216
1313.0,4.163810089033596
866.0,4.157695481545721
898.0,4.147284834329499
385.0,4.142922196948511
1044.0,4.140305636076832
1478.0,4.137561380590949
332.0,4.132155969345041
1479.0,4.13174007780924
1444.0,4.12972348517107
