item_id,predicted_score
385.0,4.220658749011227
152.0,4.169448297383861
770.0,4.169144187748802
1239.0,4.163782782031482
1313.0,4.146310229743238
1615.0,4.138847952942374
254.0,4.135215139394878
1133.0,4.1344102704188845
552.0,4.133408555283762
898.0,4.132662032923797
