item_id,predicted_score
657.0,4.400083237243136
1444.0,4.3947404945848145
1478.0,4.381672424220367
1313.0,4.380829246860112
770.0,4.3807703108843254
591.0,4.372605320798829
1044.0,4.369981884063309
797.0,4.369433386581987
866.0,4.368983901539988
1399.0,4.353817710437532
