item_id,predicted_score
715.0,4.352509724681571
1399.0,4.345034285512781
1313.0,4.326116230191741
1044.0,4.321037127798439
866.0,4.316837350163876
591.0,4.315180463431258
378.0,4.303810927888985
770.0,4.300245694260392
120.0,4.295849856279712
1380.0,4.291371507932929
