item_id,predicted_score
1478.0,4.358311775044523
152.0,4.34989296735664
866.0,4.331709647200409
123.0,4.324028325022869
1133.0,4.323016983678369
385.0,4.314751802434036
770.0,4.313216323811538
591.0,4.311298940065943
332.0,4.309067231116152
1615.0,4.308246449426695
