item_id,predicted_score
302.0,4.545581231013407
591.0,4.535990383220378
939.0,4.512360985994945
741.0,4.490422658368088
315.0,4.487642451936974
508.0,4.478192657579328
620.0,4.474109180270318
866.0,4.460660776408793
778.0,4.448176958017645
915.0,4.438638366789814
