item_id,predicted_score
591.0,4.291175447586813
1478.0,4.275168829469638
1313.0,4.2620115693285
385.0,4.255292671635559
123.0,4.253589618388574
1016.0,4.252942894280942
797.0,4.252440759767238
770.0,4.2489256217180635
332.0,4.246989771366723
1444.0,4.246356209627015
