item_id,predicted_score
591.0,4.28303697869042
866.0,4.266956101243755
1044.0,4.259554332044698
715.0,4.237285962953434
1313.0,4.22727745554533
800.0,4.220714148828465
1399.0,4.216311434983943
770.0,4.2158780591086575
332.0,4.214928404085481
1478.0,4.213533782445114
