item_id,predicted_score
1044.0,4.341725619832113
1313.0,4.327921242676837
770.0,4.323919097014411
866.0,4.323637775956656
591.0,4.320000247531098
1444.0,4.309559935873729
332.0,4.309053086481963
1478.0,4.298876807996119
797.0,4.289352950762233
125.0,4.286045856707586
