item_id,predicted_score
385.0,4.401118152977951
917.0,4.354355206536707
1478.0,4.342973883799276
1313.0,4.333112323424133
1615.0,4.331263305410451
152.0,4.330216995386983
591.0,4.3284017673327515
405.0,4.325657315393615
620.0,4.323554479777544
797.0,4.317317481913285
