item_id,predicted_score
1313.0,4.299000966451776
1044.0,4.295556748026799
332.0,4.28280771774461
866.0,4.281314476571427
1399.0,4.268448360150675
770.0,4.262570282378958
591.0,4.262296033638297
715.0,4.256071608782207
840.0,4.237811671857452
1444.0,4.237419747618471
