item_id,predicted_score
591.0,4.285388917030817
866.0,4.279460743679682
1313.0,4.266921721924547
770.0,4.255450030690909
1478.0,4.252781802613791
123.0,4.250975022049422
1444.0,4.250689575473361
332.0,4.246820625116214
1044.0,4.243116106131512
797.0,4.239617863062064
