item_id,predicted_score
591.0,4.455213520620077
123.0,4.365435955797626
866.0,4.362672644346237
860.0,4.361860113693391
800.0,4.35781710575442
1044.0,4.355100943083661
302.0,4.353346615537743
1313.0,4.352505795616519
332.0,4.350364062256428
1478.0,4.349013249691396
