item_id,predicted_score
866.0,4.14249962600212
1133.0,4.138233840074676
385.0,4.137687896485637
770.0,4.136590115709984
332.0,4.120899590876279
1442.0,4.119304586918236
1313.0,4.115847599031839
508.0,4.113807628456607
768.0,4.113276222408263
591.0,4.111303242392175
