item_id,predicted_score
591.0,4.282722849939478
1478.0,4.273669105339118
797.0,4.254888174388409
770.0,4.248150220729963
1313.0,4.235154838068986
123.0,4.232537294931044
866.0,4.2269057659913685
1444.0,4.22616729821476
1044.0,4.2260289951249135
1615.0,4.213864216816025
