item_id,predicted_score
591.0,4.415009755377392
1478.0,4.398192571139897
123.0,4.369370521541148
860.0,4.3662351276292934
302.0,4.3512638181534395
508.0,4.347986192086686
770.0,4.34333300034507
866.0,4.341691436966157
1133.0,4.340170888790858
332.0,4.337497945835677
