item_id,predicted_score
770.0,4.28080978816544
1478.0,4.270193257940468
866.0,4.263266709159505
591.0,4.25659849640574
123.0,4.2491124487613074
768.0,4.2374156221001655
1313.0,4.235799990550598
508.0,4.233407975746667
1444.0,4.232437693131965
332.0,4.230930307324592
