item_id,predicted_score
715.0,4.340434136149373
1399.0,4.336997382947995
591.0,4.318569282038996
866.0,4.315564333086883
506.0,4.310208231607383
770.0,4.307189923834091
469.0,4.30652984090528
1044.0,4.302636923251313
1179.0,4.292152016705598
800.0,4.287301389445097
