item_id,predicted_score
715.0,4.278930123444348
866.0,4.271951711004692
591.0,4.244170863644842
770.0,4.238494150457063
120.0,4.231736551473356
778.0,4.230782378025367
403.0,4.230524041998169
508.0,4.230378863044481
1479.0,4.228996225052525
1074.0,4.228304906056545
