item_id,predicted_score
332.0,4.514243401061574
302.0,4.477252432312277
866.0,4.458978350753334
123.0,4.444176776887746
5.0,4.431032482661282
286.0,4.425242219493486
654.0,4.420492765658086
347.0,4.414518622245836
1313.0,4.406854587954527
768.0,4.404219756930354
