item_id,predicted_score
591.0,4.352768650068528
1478.0,4.345743088848243
770.0,4.33459986745299
1313.0,4.330674731465593
860.0,4.324345793479107
1444.0,4.3124199023254075
866.0,4.296606201302308
123.0,4.289795952846897
768.0,4.289197556239409
332.0,4.284749461693531
