item_id,predicted_score
866.0,4.412871165269344
591.0,4.380779740640451
508.0,4.369018870218953
1273.0,4.359452775535755
915.0,4.353402801167993
715.0,4.335918461684592
272.0,4.332967733830203
506.0,4.332278968726508
302.0,4.3306955555103706
1444.0,4.327325596414886
