item_id,predicted_score
591.0,4.491224187638788
302.0,4.46505032788539
715.0,4.454788395781402
866.0,4.45061415706968
741.0,4.434694371290164
123.0,4.425537292278925
1380.0,4.415050617653938
508.0,4.413444415860496
272.0,4.412837768216398
800.0,4.409862287252178
