item_id,predicted_score
770.0,4.219896903297556
866.0,4.193328368959639
1313.0,4.18343635833034
1044.0,4.172593121051841
332.0,4.16967893350244
725.0,4.163248429184348
1479.0,4.162648264497587
591.0,4.162071870654392
508.0,4.160592970568651
1478.0,4.160212637071574
