item_id,predicted_score
591.0,4.427637770455965
866.0,4.3968818350384
1044.0,4.381661029931715
1313.0,4.372674865250258
508.0,4.368544239160618
332.0,4.363062800505945
1444.0,4.3619123702585885
1478.0,4.360841307125291
302.0,4.35715191504104
770.0,4.353314004297808
