item_id,predicted_score
591.0,4.275526963749169
1044.0,4.257702170778973
866.0,4.2535495419250395
770.0,4.246895080898958
1444.0,4.242342669675937
1313.0,4.241933654003978
1478.0,4.2295565097290035
1399.0,4.22612309623292
715.0,4.223650142688909
123.0,4.216810819152109
