item_id,predicted_score
866.0,4.2754077166248265
591.0,4.247552020575728
770.0,4.218259072530442
332.0,4.217867148291461
1044.0,4.2162554458069454
1313.0,4.213336346926228
508.0,4.209613754242286
1444.0,4.207248849987216
1478.0,4.204057859804869
123.0,4.200556866389883
