item_id,predicted_score
591.0,4.351511349251744
1313.0,4.342551509306137
770.0,4.321779328186848
1478.0,4.3102235549610874
866.0,4.305722025130496
123.0,4.301326187149815
332.0,4.300295986293063
1444.0,4.298150716774426
881.0,4.2934118714146665
876.0,4.2934118714146665
