item_id,predicted_score
866.0,4.258451639937729
770.0,4.235930828416845
332.0,4.2189503915264215
1313.0,4.212550926822244
508.0,4.210464593279394
1444.0,4.204269636411196
591.0,4.196433705523843
1044.0,4.194300419653615
1478.0,4.189755277200941
725.0,4.187907045000269
