item_id,predicted_score
866.0,4.296536656850879
1313.0,4.28445949669266
770.0,4.2768323956128445
1044.0,4.2696054698086225
1444.0,4.265238117549572
332.0,4.264379420382358
1394.0,4.252003061920395
898.0,4.242493152867446
591.0,4.241171611837055
577.0,4.229009583873703
