item_id,predicted_score
591.0,4.267996714122896
1044.0,4.251258896999461
866.0,4.248672786381939
1313.0,4.236594054597699
1444.0,4.231734586940829
797.0,4.228714118181758
657.0,4.226264542574809
840.0,4.225392486586417
1478.0,4.223042316325294
1399.0,4.22296334211774
