item_id,predicted_score
591.0,4.358594274821795
1478.0,4.346563084724689
770.0,4.307503463225277
1313.0,4.307376554424083
840.0,4.304394001142768
1444.0,4.3005702350337245
332.0,4.299445736615713
797.0,4.296350419167394
123.0,4.293472968376232
1044.0,4.2926284158432075
