item_id,predicted_score
770.0,4.176383883014445
866.0,4.175478822879613
508.0,4.172110042503643
1478.0,4.163434273961329
1313.0,4.156979409439913
1044.0,4.156109121530795
332.0,4.155028432188119
797.0,4.152342719771517
385.0,4.151429212146822
591.0,4.150241259328214
