item_id,predicted_score
591.0,4.240470470178446
866.0,4.230396543837217
332.0,4.218977698528535
1478.0,4.216108695227237
1416.0,4.212027575357258
385.0,4.211150804490803
1044.0,4.207202487019597
508.0,4.201305549735627
1313.0,4.200011119254098
152.0,4.197011081633301
