item_id,predicted_score
770.0,4.303924870775505
866.0,4.298555410474828
1313.0,4.294869947455631
1444.0,4.285323891004199
591.0,4.276531429229827
1044.0,4.268264676359474
1478.0,4.2528273797684
1399.0,4.250739867506033
1479.0,4.248438614104813
768.0,4.2437298260927045
