item_id,predicted_score
866.0,4.212267248325457
800.0,4.148339395389575
725.0,4.14630806875746
715.0,4.143301941085831
778.0,4.140819950692197
770.0,4.1340975168407095
1044.0,4.129107997130603
508.0,4.127752273234256
928.0,4.121445141558811
1479.0,4.120888196587627
