item_id,predicted_score
332.0,4.452000331220184
1313.0,4.432858319191155
591.0,4.403560459814553
860.0,4.389588704488043
770.0,4.378312680694018
1478.0,4.378291463742735
480.0,4.371885123174716
1044.0,4.368205553753096
123.0,4.366907390659767
866.0,4.364496123437079
