item_id,predicted_score
866.0,4.211453146046589
1044.0,4.192541573682886
770.0,4.1882975940664835
591.0,4.170470247204003
1313.0,4.165526304648506
1478.0,4.163707147529221
840.0,4.159372799416612
898.0,4.158243389667286
881.0,4.1527167667645095
876.0,4.1527167667645095
