item_id,predicted_score
866.0,4.218899117227487
332.0,4.214413500110357
508.0,4.191719023914156
770.0,4.1914614736999685
898.0,4.188496797664643
1044.0,4.186446415067021
1313.0,4.1826717622711325
385.0,4.177031589388342
725.0,4.174292441687026
591.0,4.172827686235474
