item_id,predicted_score
591.0,4.450651483187677
1478.0,4.373168355820846
1044.0,4.372751874925286
715.0,4.366844132712423
770.0,4.366587171857993
860.0,4.364941679414027
1313.0,4.364462333477628
1444.0,4.357732630855793
866.0,4.356839947275876
1399.0,4.351887753683768
