item_id,predicted_score
471.0,4.178191449391825
1044.0,4.162468313318184
125.0,4.161329670265985
657.0,4.152938169580215
226.0,4.1496607399667145
563.0,4.147343573852033
1016.0,4.14639804434716
152.0,4.140744119736686
841.0,4.140297385040222
1394.0,4.139673842416398
