item_id,predicted_score
1550.0,4.204352146777297
1478.0,4.202273474911299
385.0,4.20209981023598
1313.0,4.18721120757948
152.0,4.180689941858677
725.0,4.171328158558206
1645.0,4.169552810514256
1650.0,4.169552810514256
855.0,4.167510678953246
545.0,4.165212372350815
