item_id,predicted_score
866.0,4.281818379164404
770.0,4.273501334261378
1313.0,4.265000998473656
1479.0,4.256315210815458
591.0,4.243164040725151
332.0,4.240977123116958
725.0,4.2306104814293235
1044.0,4.230263544985192
1615.0,4.229546687066373
125.0,4.2222730053880255
