item_id,predicted_score
770.0,4.260544259984663
866.0,4.250596456631618
1044.0,4.245326008770262
1313.0,4.241430930130516
1444.0,4.232764198437823
332.0,4.223308706935851
591.0,4.217006486591721
1399.0,4.214427251838041
508.0,4.1923191886009175
403.0,4.189447238500829
