item_id,predicted_score
591.0,4.1717247976752505
866.0,4.158194276354131
1478.0,4.155720929903612
123.0,4.140718580813845
620.0,4.140240020690456
508.0,4.128675407068329
797.0,4.120861871851774
657.0,4.115725012202203
1444.0,4.114899515634683
840.0,4.113736708832411
