item_id,predicted_score
866.0,4.2545082337978375
770.0,4.253561329120197
1044.0,4.245606936921512
1313.0,4.242606702847462
591.0,4.229909732677219
332.0,4.224494891675185
1399.0,4.223750530300999
725.0,4.2116708162504946
1444.0,4.209855195289758
715.0,4.209364062158202
