item_id,predicted_score
866.0,4.197287098453235
1044.0,4.182814780239042
1313.0,4.172800182780106
770.0,4.168431455348287
591.0,4.163619136472047
332.0,4.156982749145207
725.0,4.145621268186291
508.0,4.143409793921521
1399.0,4.142117720879022
898.0,4.140026279551603
