item_id,predicted_score
591.0,4.379394352302958
1044.0,4.346537152895342
1313.0,4.341773947332258
770.0,4.3282497125152215
866.0,4.327245443487815
715.0,4.324728484415216
1399.0,4.32358787683049
1478.0,4.323257835366084
508.0,4.314027282838364
1615.0,4.312250952528151
