item_id,predicted_score
866.0,4.223231893714075
1044.0,4.197772534440466
591.0,4.18899028823523
508.0,4.176902519601368
770.0,4.176853995647971
1444.0,4.1767453569992705
657.0,4.16886168797153
1313.0,4.166785373544563
332.0,4.16280955261799
403.0,4.156864484287128
