item_id,predicted_score
866.0,4.350526725549599
770.0,4.349175912984568
1313.0,4.321600948633466
1444.0,4.317398420653365
1399.0,4.304604991936085
715.0,4.296843909737982
1044.0,4.296512296647554
591.0,4.291710782700209
725.0,4.288867514775003
332.0,4.284789145250561
