item_id,predicted_score
1444.0,4.477492498186981
1313.0,4.474353175210075
715.0,4.472835770286819
1399.0,4.472648353883817
911.0,4.468731468933029
770.0,4.468062349154597
332.0,4.452392451912418
866.0,4.440345152648597
642.0,4.4232207155240015
120.0,4.414435326066724
