item_id,predicted_score
591.0,4.329118035891812
1313.0,4.313231647165243
332.0,4.295664404409235
866.0,4.278121521856553
1044.0,4.277013525511763
1444.0,4.275481583047813
770.0,4.2745741654739495
1478.0,4.267383387068209
385.0,4.259604231170864
1615.0,4.258137511186785
