item_id,predicted_score
1066.0,4.270403266467522
577.0,4.262157927001704
385.0,4.257345215218958
332.0,4.256907320918863
271.0,4.251628622020897
1313.0,4.250900369813426
657.0,4.249655838458062
1478.0,4.248281058596209
591.0,4.246406305206433
524.0,4.245733256362948
