item_id,predicted_score
866.0,4.320714158651128
1044.0,4.316742266789607
591.0,4.303814071141026
1313.0,4.299164808464463
770.0,4.293271603792294
508.0,4.293268853446758
1478.0,4.292595411696768
715.0,4.285972186737853
1399.0,4.284001367707544
1444.0,4.278277702192389
