item_id,predicted_score
866.0,4.2483423520110275
1399.0,4.2417672580990065
591.0,4.23000049407993
1044.0,4.224111218472814
770.0,4.222193048914208
715.0,4.219991397312068
1313.0,4.214977517398637
725.0,4.199770464019636
332.0,4.198532808528114
778.0,4.192950982261351
