item_id,predicted_score
591.0,4.327720467452656
1478.0,4.296878878416948
770.0,4.294124603815181
866.0,4.289201092397956
1044.0,4.288631377965351
840.0,4.283818666182606
1444.0,4.276140094350604
508.0,4.267595360127789
797.0,4.263480450298358
1313.0,4.260788451377673
