item_id,predicted_score
866.0,4.220602366927723
591.0,4.217346350718758
508.0,4.208793365459334
1044.0,4.1830401121198
1478.0,4.170113291643988
123.0,4.1662806851385765
800.0,4.165651838276932
770.0,4.165337316619484
302.0,4.15865201243274
1399.0,4.157100424643528
