item_id,predicted_score
591.0,4.560049227256042
315.0,4.551295663225689
1074.0,4.531536002170416
120.0,4.523310504483112
715.0,4.5190639709744245
1444.0,4.510649092351594
1380.0,4.509613390803768
620.0,4.507384825106018
866.0,4.502075479500643
272.0,4.495194900780794
