item_id,predicted_score
1313.0,4.28537791564867
715.0,4.278232910850791
1399.0,4.2710012701685045
866.0,4.258652808068414
1044.0,4.258299192213693
332.0,4.249192012328621
469.0,4.241169647304528
1444.0,4.239743593143742
725.0,4.235647542826563
770.0,4.2307751092550205
