item_id,predicted_score
591.0,4.329230407152313
866.0,4.327339348142569
123.0,4.324848713805821
770.0,4.316611036016855
1478.0,4.316492378252271
800.0,4.3158542980877534
768.0,4.3125951386267465
332.0,4.310341034006155
1313.0,4.3035107473189775
860.0,4.2892036462902405
