item_id,predicted_score
332.0,4.341458443408547
1478.0,4.303747277035136
1313.0,4.29975259659631
385.0,4.281689702283936
866.0,4.277795998816958
1044.0,4.277615851184303
1016.0,4.276709808783209
770.0,4.274194814243136
591.0,4.26974318353871
1394.0,4.262386009227999
