item_id,predicted_score
1050.0,4.178437212410856
1125.0,4.166452778187874
866.0,4.159915206847103
1479.0,4.148322500409851
1044.0,4.136912299044284
1399.0,4.133812856077659
778.0,4.1263087347339855
715.0,4.125788133614536
770.0,4.119931665700608
66.0,4.117949255928394
