item_id,predicted_score
866.0,4.227790984347685
715.0,4.219492995410164
807.0,4.206639059091076
1550.0,4.200363752842556
591.0,4.198598031007984
1511.0,4.196080286122375
778.0,4.192941552505226
508.0,4.192793033846243
657.0,4.19156048613929
725.0,4.190457204672562
