item_id,predicted_score
591.0,4.320545208853873
1478.0,4.293719713661526
770.0,4.276340083761774
840.0,4.265955957734654
866.0,4.263795168409059
1044.0,4.2590686996042155
797.0,4.257128527281315
123.0,4.255952558111117
1444.0,4.250279184628633
1313.0,4.249319706942824
