item_id,predicted_score
770.0,4.253062534311788
866.0,4.251445134682948
591.0,4.244886346390894
1313.0,4.2401983824235625
1044.0,4.234646417051199
332.0,4.228434565203276
1444.0,4.225503482674149
1478.0,4.219684537331471
1399.0,4.199820363145802
123.0,4.199220787818798
