item_id,predicted_score
591.0,4.234096151490604
866.0,4.19688594091138
841.0,4.17508375538859
302.0,4.170724850619402
778.0,4.169140651590254
508.0,4.1670507818888565
800.0,4.157204151960913
1044.0,4.155094047574495
939.0,4.1533183066240404
620.0,4.1448932124320725
