item_id,predicted_score
591.0,4.235184502510132
866.0,4.2265824039375515
1478.0,4.208048218272136
770.0,4.2072421705766265
1044.0,4.189900259701377
1313.0,4.185284197624506
508.0,4.180726482163665
1615.0,4.175812989862324
123.0,4.172761677942592
1444.0,4.170984758272622
