item_id,predicted_score
866.0,4.248302275547493
1399.0,4.246058779402544
778.0,4.233798721266133
378.0,4.226614622270981
715.0,4.225085626605821
1479.0,4.221308223464396
469.0,4.21722808586068
725.0,4.213357563877512
1044.0,4.212954638256383
66.0,4.21241655279745
