item_id,predicted_score
591.0,4.397586316402304
1478.0,4.390570184938145
1399.0,4.357567610123589
770.0,4.355445914995267
715.0,4.349399083879547
293.0,4.34839481485214
506.0,4.344413886140998
78.0,4.34022118082353
182.0,4.339984258200867
866.0,4.337540379738243
