item_id,predicted_score
866.0,4.201233254938662
1044.0,4.1887278266897265
1399.0,4.183096887109809
770.0,4.181155732520645
1313.0,4.17716930311843
715.0,4.161791335409648
332.0,4.1601975101711215
591.0,4.152377099090726
778.0,4.1513364862115845
725.0,4.149261350504133
