item_id,predicted_score
866.0,4.177286978616751
1313.0,4.13799220257395
770.0,4.135766387221738
332.0,4.133955874045569
1044.0,4.131890561000748
715.0,4.131280573651356
508.0,4.117100577877065
1394.0,4.113907623162191
855.0,4.110319011596538
881.0,4.109408647223884
