item_id,predicted_score
1615.0,4.486594963193992
1133.0,4.450130882068228
50.0,4.4408543594793946
172.0,4.439676818683175
181.0,4.43659603877555
152.0,4.435634203650711
385.0,4.424768767154666
917.0,4.410998965771851
854.0,4.402666204608616
768.0,4.401192412307442
