item_id,predicted_score
1097.0,4.367438993161364
855.0,4.338171387585668
725.0,4.33212927134801
860.0,4.325405069417248
315.0,4.316345038312804
880.0,4.315932879388802
807.0,4.309332835913697
1055.0,4.2998146758241385
1104.0,4.294960708858342
1313.0,4.289193037814599
