item_id,predicted_score
866.0,4.192071657502614
508.0,4.156589842639962
591.0,4.154362062755223
770.0,4.124805867351424
123.0,4.1234691994205805
1044.0,4.122558049234918
101.0,4.104985305787837
1478.0,4.1019017755346745
800.0,4.101758757566765
1444.0,4.098954976745337
