item_id,predicted_score
715.0,4.375726962983001
1313.0,4.336046549205302
332.0,4.33560885135846
770.0,4.323004803576707
725.0,4.312760552265455
1399.0,4.312281992142067
23.0,4.307317225541791
1444.0,4.301393374162213
508.0,4.298196293929035
1044.0,4.294990176846236
