item_id,predicted_score
591.0,4.3714548905514725
1478.0,4.358776190533723
840.0,4.3117991100471205
770.0,4.30444429317544
123.0,4.299438664298619
232.0,4.2979118296192365
1044.0,4.297881968724838
866.0,4.294711016774259
1416.0,4.2894558922666075
1444.0,4.286302228202259
