item_id,predicted_score
715.0,4.4216325874298015
332.0,4.419593795574085
770.0,4.411597755285845
866.0,4.399258919395132
1313.0,4.394464674218133
508.0,4.392477746021109
302.0,4.391591348945276
120.0,4.389325457129528
1044.0,4.388090944890049
860.0,4.386888650984
