item_id,predicted_score
866.0,4.346264082874198
591.0,4.329222156115703
1313.0,4.319583766635539
770.0,4.301982341013575
332.0,4.299335722794245
1044.0,4.295984623211011
123.0,4.28061726397787
800.0,4.280278971476854
860.0,4.277291703317476
1444.0,4.27444607795324
