item_id,predicted_score
770.0,4.234523044408553
866.0,4.223550737343082
332.0,4.220082748074537
1313.0,4.217427289458839
591.0,4.198760694301156
1478.0,4.197104200475044
385.0,4.19426859422669
508.0,4.1929283901373005
1044.0,4.19203551010413
123.0,4.184902881861166
