item_id,predicted_score
1478.0,4.347738660988382
591.0,4.33070144910795
770.0,4.316537169593869
797.0,4.314002922635039
1615.0,4.3062115866360315
152.0,4.305103197384735
1313.0,4.3042403746992175
1444.0,4.292332164338253
385.0,4.2891392096233805
1133.0,4.287834170666209
