item_id,predicted_score
591.0,4.410399390444848
770.0,4.365703132221192
1478.0,4.36472322339711
1444.0,4.354472685581775
866.0,4.346761109603332
1044.0,4.343938469269652
123.0,4.3380020448819065
302.0,4.336889726565557
840.0,4.336178565791064
860.0,4.326273785700344
