item_id,predicted_score
770.0,4.172504717088161
332.0,4.170553150476611
591.0,4.16794700162732
866.0,4.161462865571263
1313.0,4.157595093933631
152.0,4.15290182572848
1478.0,4.146515719845482
725.0,4.144154941108717
385.0,4.143844544969573
1044.0,4.143392898941794
