item_id,predicted_score
770.0,4.169942180860954
866.0,4.169412346438632
1044.0,4.151625468946192
591.0,4.145105578398157
840.0,4.131777403927238
1313.0,4.130817533334925
508.0,4.122331931541149
898.0,4.112253290321858
1444.0,4.105735757212855
881.0,4.104945229324302
