item_id,predicted_score
1478.0,4.270757864588505
591.0,4.266461824860157
1016.0,4.241231530079105
471.0,4.212876253408586
797.0,4.211231153871125
327.0,4.209956368714859
302.0,4.209173895409663
508.0,4.205457982136309
1615.0,4.202866370827714
770.0,4.200656861095468
