item_id,predicted_score
591.0,4.404650382460103
715.0,4.323512831687988
866.0,4.31062746284848
1444.0,4.309824754858264
328.0,4.306651641921906
1044.0,4.3065463429785
120.0,4.303589328620027
508.0,4.299474025884091
202.0,4.297259997727036
1313.0,4.2928834121651125
