item_id,predicted_score
866.0,4.305169598584122
1313.0,4.298588807527774
770.0,4.293266299554473
1044.0,4.2709541213878754
1479.0,4.256608908428129
332.0,4.252453529228658
1394.0,4.249489442553091
1444.0,4.243749667871219
591.0,4.24001234119333
881.0,4.238374117519711
