item_id,predicted_score
1016.0,4.4189038517508745
1478.0,4.369227503573239
1416.0,4.361206710175168
12.0,4.35987868618744
152.0,4.354996429953267
577.0,4.3467092459446395
471.0,4.336919587459956
80.0,4.322138444732641
917.0,4.3181142963059225
840.0,4.314260669302479
