item_id,predicted_score
1313.0,4.282650555142512
770.0,4.264129531845023
332.0,4.247219818125544
866.0,4.241572572925657
591.0,4.2349371678650805
725.0,4.2252290374802355
860.0,4.2192584302265335
1444.0,4.217964982011267
1044.0,4.216899419569042
1399.0,4.216528122921586
