item_id,predicted_score
591.0,4.374714442918984
1074.0,4.297825390188083
440.0,4.2929749593808335
715.0,4.291929828076883
741.0,4.29066211523771
860.0,4.2876231798728925
248.0,4.2748427170702845
800.0,4.269319630326056
620.0,4.264247403796596
1645.0,4.261520829103449
