item_id,predicted_score
866.0,4.217968321716562
591.0,4.188006843252602
1044.0,4.182110102421886
770.0,4.181724857593492
508.0,4.169058927037163
1313.0,4.152232116590291
1444.0,4.140619764827775
778.0,4.138383340999921
1478.0,4.137819716618147
1479.0,4.137598117349189
