item_id,predicted_score
770.0,4.279306134969867
1313.0,4.2776822523836895
332.0,4.275321866553431
725.0,4.263645863937066
1444.0,4.2547296366135425
866.0,4.246620242798539
1399.0,4.246254053935651
1394.0,4.242668782075291
591.0,4.241304414235827
1478.0,4.241168665038265
