item_id,predicted_score
770.0,4.225192300721995
1313.0,4.20649486240365
725.0,4.202174462471977
332.0,4.191910565835463
1479.0,4.174662559614967
866.0,4.173661433839603
385.0,4.16434522769374
152.0,4.163149023838521
1478.0,4.160396517316028
1044.0,4.159411500707378
