item_id,predicted_score
866.0,4.297426982991764
1044.0,4.2601949661014995
800.0,4.24933208349774
508.0,4.245565681738462
715.0,4.2411733799163285
302.0,4.239760488123467
591.0,4.236365775918151
770.0,4.232068557470287
1444.0,4.23169568919681
1313.0,4.225040245904465
