item_id,predicted_score
1313.0,4.372432049030017
332.0,4.366740798301544
866.0,4.3365871885565195
770.0,4.333082855436239
577.0,4.324045220002595
591.0,4.31960184033478
1444.0,4.31645112306922
1479.0,4.314444549546934
898.0,4.311402667383328
480.0,4.310766551751336
