item_id,predicted_score
591.0,4.350422998232215
1478.0,4.306471690742503
866.0,4.288055180575409
770.0,4.283271347420799
1313.0,4.281748834712975
1444.0,4.27927941732751
1044.0,4.2732015465978765
123.0,4.2731995820653506
860.0,4.264795508371414
797.0,4.259482430154238
