item_id,predicted_score
866.0,4.2102966257484
1044.0,4.189132716843381
778.0,4.180142819550124
770.0,4.1755414914672
1313.0,4.174374755599875
1479.0,4.171887657421674
591.0,4.171608104443193
725.0,4.170318388839727
715.0,4.169926071694239
1399.0,4.165833950442114
