item_id,predicted_score
657.0,4.20257542356058
591.0,4.197458798596027
1478.0,4.1874958683425305
1416.0,4.161387427522255
347.0,4.161211208954653
866.0,4.161169364411845
471.0,4.160136413209556
620.0,4.156441913340737
1044.0,4.1551423750746395
332.0,4.154533566444763
