item_id,predicted_score
332.0,4.313097666046955
1020.0,4.307660625827375
1313.0,4.300677891416162
725.0,4.297940904700625
866.0,4.276071728618691
1399.0,4.267063954079445
1479.0,4.264948545455206
1394.0,4.254537701785731
1044.0,4.2511557590418345
715.0,4.246605705257846
