item_id,predicted_score
866.0,4.25313011423069
508.0,4.235249332083498
332.0,4.214034738239301
715.0,4.21384810764931
591.0,4.2121281594226
770.0,4.202102953488023
1044.0,4.193891207528402
1478.0,4.19113496839411
725.0,4.187995841870455
1037.0,4.186303004192607
