item_id,predicted_score
591.0,4.2419733375610065
866.0,4.241510690151081
1313.0,4.2374887027101416
1044.0,4.235508453923707
770.0,4.223299277179725
332.0,4.211580447754288
715.0,4.211420338353401
1399.0,4.208562532887502
1444.0,4.2050187126634455
1478.0,4.199560651945835
