item_id,predicted_score
591.0,4.4651053347961245
563.0,4.459566531791686
452.0,4.4286302522882135
1478.0,4.417967555548875
123.0,4.416653676195336
323.0,4.411972195185343
576.0,4.411127053292561
577.0,4.400822294379502
1615.0,4.4006686679359515
823.0,4.398173711627646
