item_id,predicted_score
1313.0,4.276163472287665
1478.0,4.272814140783705
770.0,4.268498455730095
591.0,4.26038297186426
866.0,4.256225235225758
1444.0,4.236885198318085
1044.0,4.226542327474016
797.0,4.225972220134906
1479.0,4.224828469298139
332.0,4.22238203694323
