item_id,predicted_score
866.0,4.2086831551846124
770.0,4.178778451710661
1044.0,4.178342914849597
1313.0,4.172605301153505
725.0,4.170516610171623
591.0,4.159046490564006
1399.0,4.1580414357235895
332.0,4.156682765028453
778.0,4.152855855667367
1479.0,4.1474545699397645
