item_id,predicted_score
866.0,4.266499936791165
591.0,4.241035469732987
1044.0,4.229945683622448
770.0,4.228078395456272
1313.0,4.225264202612455
332.0,4.210754361827011
1399.0,4.207087758320065
715.0,4.205765431476664
800.0,4.199029245897491
508.0,4.195469120053467
