item_id,predicted_score
332.0,4.355577145768018
591.0,4.338477461753253
1313.0,4.333632924543583
770.0,4.320974655664106
1478.0,4.3105469170149044
866.0,4.310421186933226
1444.0,4.3022389089615
1044.0,4.292248278799383
123.0,4.286752302604017
725.0,4.283769159962945
