item_id,predicted_score
591.0,4.314017067269228
770.0,4.292389921594524
866.0,4.290182179941553
1313.0,4.2845979962357585
332.0,4.278761959460104
1478.0,4.274583398776823
123.0,4.270561018429378
1444.0,4.259429977135788
1044.0,4.257398061143913
385.0,4.250549700757494
