item_id,predicted_score
866.0,4.2369142733994725
1044.0,4.21626625073584
508.0,4.212773311904213
1050.0,4.21114157118793
1479.0,4.2076560975799016
725.0,4.187532801554024
715.0,4.185202865977921
770.0,4.185160039168849
778.0,4.185127231475661
272.0,4.177688332611858
