item_id,predicted_score
591.0,4.248568273251544
866.0,4.244086585199467
770.0,4.229988313978268
508.0,4.226040978773324
1313.0,4.224486051278817
1478.0,4.221456742123379
332.0,4.219300078316088
1044.0,4.212911614994058
725.0,4.201449157063294
1444.0,4.195852203896081
