item_id,predicted_score
866.0,4.309380770507337
508.0,4.304880026489757
332.0,4.287429869872312
385.0,4.285004654468688
1066.0,4.282519717276266
770.0,4.274501674223732
152.0,4.269752809748089
552.0,4.267112085126337
1394.0,4.260007156791993
1615.0,4.256998278774827
