item_id,predicted_score
508.0,4.398352484087532
332.0,4.398236183761979
591.0,4.3979572201432555
866.0,4.3743117137511085
302.0,4.3731125630971
120.0,4.369778751400098
715.0,4.366066570738543
860.0,4.3641896563629885
1273.0,4.352965889134161
1313.0,4.348093848469123
