item_id,predicted_score
770.0,4.2205925442650924
385.0,4.212536389281549
152.0,4.207472806695206
1615.0,4.195960253185023
1133.0,4.191721774259692
866.0,4.185315040785168
1478.0,4.182694354395185
1313.0,4.180402923656596
332.0,4.178859979810499
254.0,4.173665559357908
