item_id,predicted_score
866.0,4.273285825043251
1479.0,4.259250811769396
770.0,4.248516606046104
1313.0,4.2403455259097775
1044.0,4.23385392463012
508.0,4.227000849365638
725.0,4.219668821071261
591.0,4.219190850307631
1399.0,4.214931940244028
1444.0,4.213854983513151
