item_id,predicted_score
591.0,4.331114000938457
1313.0,4.3089269634937795
1044.0,4.288249276389001
770.0,4.286158620874592
1444.0,4.2825635263516
866.0,4.281584010434025
1478.0,4.2767312221877445
860.0,4.272815319503221
123.0,4.256150975896267
1399.0,4.253851294121068
