item_id,predicted_score
591.0,4.498960516727061
1399.0,4.470903063187519
1313.0,4.4658648230707625
282.0,4.4546571650086495
742.0,4.452279294838908
715.0,4.450492356053053
328.0,4.4498723495877766
1444.0,4.435954422452484
518.0,4.429647487230293
799.0,4.4277379616148025
