item_id,predicted_score
591.0,4.356960569572986
1044.0,4.321827262780487
1313.0,4.320706693427528
866.0,4.320501596231791
715.0,4.302727684654025
332.0,4.2991813105376835
770.0,4.296568089371299
1399.0,4.293027019492779
1444.0,4.29248323688952
123.0,4.279313796646719
