item_id,predicted_score
866.0,4.231753642906333
1313.0,4.229027854026196
770.0,4.222468672827636
1044.0,4.215591433813081
591.0,4.2129691757970775
1399.0,4.204750553973616
332.0,4.2026143213045986
715.0,4.2016662379074425
725.0,4.201175497682392
1444.0,4.19736234004899
