item_id,predicted_score
866.0,4.2042189514720185
1044.0,4.171408704391781
591.0,4.16638205501693
770.0,4.155705606549908
508.0,4.150241259328214
332.0,4.141072786028323
1313.0,4.135977378015054
778.0,4.134727935328375
123.0,4.131894686519054
725.0,4.130949353467434
