item_id,predicted_score
332.0,4.478582027926026
302.0,4.474991648281097
689.0,4.456732497169353
591.0,4.456632698917022
1416.0,4.450638124366499
347.0,4.443559127861501
577.0,4.429477358713521
123.0,4.414089961248614
1478.0,4.4127446493746545
1016.0,4.407909541921111
