item_id,predicted_score
715.0,4.231768573353532
1044.0,4.2300965597204625
1313.0,4.209620237199621
1399.0,4.206093508408543
866.0,4.205508863528738
807.0,4.200291458045591
1479.0,4.197506143829909
778.0,4.195195460672563
725.0,4.19306472869462
591.0,4.189310507037004
