item_id,predicted_score
866.0,4.190835966543618
1044.0,4.173204876480508
591.0,4.1707189570218235
770.0,4.15853964117224
1479.0,4.1554667193947195
725.0,4.15443298237942
508.0,4.152551549579055
800.0,4.142167227098683
778.0,4.139015920473366
1313.0,4.1328250891234735
