item_id,predicted_score
591.0,4.24615130888453
1478.0,4.227622427456935
1615.0,4.205148961169934
770.0,4.2027616612440655
385.0,4.2000588573944855
866.0,4.19924789836766
1133.0,4.194282738860879
1416.0,4.192264378143436
1016.0,4.191844361089329
152.0,4.191012578017725
