item_id,predicted_score
770.0,4.145263330360013
1479.0,4.131143645734278
866.0,4.119848762428001
725.0,4.118634877780046
508.0,4.115027210248888
1044.0,4.107413664443503
254.0,4.096189700761423
1313.0,4.096186361056128
1055.0,4.094699799293535
125.0,4.0847714448125
