item_id,predicted_score
866.0,4.19176577978828
1044.0,4.178590642401153
508.0,4.175403974190365
591.0,4.169285241184184
770.0,4.161609616150972
1478.0,4.156986088850502
898.0,4.156428161613054
657.0,4.1503990112900695
382.0,4.141238003213779
1177.0,4.140721527612634
