item_id,predicted_score
591.0,4.316780378720615
332.0,4.310064820732968
866.0,4.307747065258528
123.0,4.299464989034471
1313.0,4.292251618504679
5.0,4.287161514729229
770.0,4.281521538299691
1478.0,4.281216446398368
768.0,4.275140343748008
1416.0,4.271826766736025
