item_id,predicted_score
866.0,4.418868490165403
1444.0,4.418710148843789
591.0,4.394859152349399
302.0,4.394703561373322
5.0,4.390290042599905
120.0,4.384866754108009
123.0,4.382983160321865
332.0,4.380132230719807
1313.0,4.379951493727395
452.0,4.366407220678591
