item_id,predicted_score
866.0,4.250290775370537
725.0,4.222295204605571
1479.0,4.222158669594998
1050.0,4.21975486759591
332.0,4.211229189338599
1313.0,4.2106264707595535
770.0,4.210605646714776
654.0,4.202881497728166
1044.0,4.202776198784759
800.0,4.187455791878996
