item_id,predicted_score
1313.0,4.349118548634802
591.0,4.343063859388977
1044.0,4.341953505605154
1399.0,4.340511145824401
715.0,4.308642499183982
770.0,4.305296900291822
1479.0,4.297854465269472
866.0,4.291238705534157
1380.0,4.286608302369845
1444.0,4.28259044044721
