item_id,predicted_score
866.0,4.1927773175860334
385.0,4.1781179758753435
770.0,4.1679169442796695
591.0,4.167909675509322
1044.0,4.165960859243308
1615.0,4.156647403442981
332.0,4.155648242200143
1313.0,4.150673652937236
125.0,4.1487501791408095
508.0,4.137757833843571
