item_id,predicted_score
591.0,4.211496169308914
1044.0,4.197923803444985
866.0,4.187211993392491
1313.0,4.177452195802206
1478.0,4.174408742012579
898.0,4.172885639944997
770.0,4.156839731177298
1442.0,4.141189872166886
881.0,4.1391662072116215
876.0,4.1391662072116215
