item_id,predicted_score
866.0,4.251694433860525
1478.0,4.235247367550971
332.0,4.228044016137063
770.0,4.227724190241794
508.0,4.222126254808316
591.0,4.219977252677879
898.0,4.211151590303814
1313.0,4.209318288550341
385.0,4.2084212829988665
123.0,4.2041871260450945
