item_id,predicted_score
591.0,4.401874105094043
1478.0,4.386108731571088
770.0,4.350641454249131
123.0,4.349671760994187
332.0,4.337987114434707
866.0,4.336119236908773
1313.0,4.33580294717205
1444.0,4.330563146018104
1416.0,4.327546802777338
1615.0,4.326456094318778
