item_id,predicted_score
770.0,4.318394831550667
1478.0,4.278832486177794
591.0,4.2734999590886105
1444.0,4.254043032495627
768.0,4.2522309476934375
866.0,4.240041809181223
1313.0,4.235921005754214
1133.0,4.231623394399844
1399.0,4.228866565905793
435.0,4.228669523293413
