item_id,predicted_score
866.0,4.257015370207805
770.0,4.24937176705477
1444.0,4.21706031478294
1044.0,4.212794921762001
508.0,4.211750183364554
332.0,4.206356362860552
1313.0,4.206109421122005
591.0,4.205940274871497
1399.0,4.198782500612197
1478.0,4.198676219402529
