item_id,predicted_score
715.0,4.393397147243382
1044.0,4.372009281630373
591.0,4.37096100707438
1399.0,4.370441191767941
1313.0,4.361420451314022
469.0,4.357639904920555
282.0,4.347827850765072
581.0,4.341268669566513
120.0,4.33894698502702
236.0,4.336390735303897
