item_id,predicted_score
385.0,4.349482380058658
1313.0,4.344758858052604
332.0,4.326025861695535
591.0,4.316916717277936
770.0,4.305988022834548
577.0,4.298964819053293
917.0,4.293947402981315
1615.0,4.293214632349033
152.0,4.29225476175672
797.0,4.291863426877496
