item_id,predicted_score
152.0,4.377262441605499
1615.0,4.353626757875983
385.0,4.344243364717722
1016.0,4.343961650753462
1478.0,4.339246379784017
172.0,4.338087305593545
577.0,4.334437204159819
80.0,4.321002552025978
471.0,4.317893089943469
917.0,4.314281886253763
