item_id,predicted_score
591.0,4.296862376343728
866.0,4.279403575783168
1044.0,4.249238178842987
1313.0,4.241059240576554
332.0,4.228914696952685
1444.0,4.222663161547733
770.0,4.21804317040581
620.0,4.213993679509503
480.0,4.2039215212475485
123.0,4.201781163060227
