item_id,predicted_score
866.0,4.267592020422494
591.0,4.263513650898052
1044.0,4.262682260732953
1444.0,4.250867169213732
770.0,4.2379350445001
508.0,4.236185628285496
1313.0,4.2293217480921195
715.0,4.220047582942318
1399.0,4.2155633409979565
800.0,4.207846460781694
