item_id,predicted_score
591.0,4.310003134411645
770.0,4.291570711531088
866.0,4.288174820606256
1313.0,4.2835931378485945
1478.0,4.278833861350563
1444.0,4.269167182602021
332.0,4.260130136528135
1044.0,4.258518237590367
1615.0,4.254853598615947
797.0,4.249393769819063
