item_id,predicted_score
1313.0,4.375255868083212
866.0,4.362961430627593
332.0,4.355236102921467
591.0,4.345677080555362
1044.0,4.339864814623272
1444.0,4.3388106464697005
770.0,4.330659015205383
1478.0,4.315801255709545
768.0,4.309365054247127
577.0,4.309207105832019
