item_id,predicted_score
866.0,4.221588169349383
770.0,4.212596111070347
591.0,4.212303002817434
1399.0,4.196827004935593
1044.0,4.195602118905492
1313.0,4.186265088714851
1478.0,4.184439645091483
332.0,4.176814508544194
508.0,4.172995653766465
715.0,4.170826809857513
