item_id,predicted_score
1044.0,4.275750920457158
866.0,4.275079246786442
715.0,4.270516423541032
591.0,4.267189487707871
1399.0,4.256863118937023
1313.0,4.249552504047182
725.0,4.246925531153114
770.0,4.244308773828183
778.0,4.242842053844104
1074.0,4.233154158144279
