item_id,predicted_score
866.0,4.251339246379784
591.0,4.230463141489857
1044.0,4.225122363364061
770.0,4.221767334715775
508.0,4.208892377898655
1313.0,4.198248933578075
1478.0,4.197445046868344
1399.0,4.195990114079422
715.0,4.1894209137649785
1444.0,4.187510995242983
