item_id,predicted_score
1478.0,4.217806640689653
1044.0,4.215763919768884
591.0,4.215579057258166
866.0,4.206254796528945
770.0,4.194084713982235
840.0,4.192676537067438
898.0,4.190655426004458
1313.0,4.187723164755814
332.0,4.182038986344436
508.0,4.180125138757388
