item_id,predicted_score
866.0,4.221046547731903
591.0,4.2168762380852325
770.0,4.212308110602002
1313.0,4.205291979137844
1478.0,4.2040042280669025
332.0,4.203105454436155
1044.0,4.201612999075982
385.0,4.190966215050107
1615.0,4.17984735385818
1444.0,4.178471395276812
