item_id,predicted_score
770.0,4.207292659062551
866.0,4.202562457645906
725.0,4.176316696002049
332.0,4.173200161602445
1313.0,4.172942218481753
508.0,4.157425554776618
1399.0,4.153236582070949
898.0,4.152029966193342
1044.0,4.148369059830722
1444.0,4.143697205030106
