item_id,predicted_score
1044.0,4.183816691827417
591.0,4.1535540505271875
866.0,4.151386778244255
770.0,4.143987170030977
123.0,4.122521901836436
1313.0,4.115960363198845
715.0,4.112979185090298
860.0,4.110365178110904
1399.0,4.110342978893357
840.0,4.107868453723324
