item_id,predicted_score
1478.0,4.362707613025204
591.0,4.361156025235992
1615.0,4.349730696969973
385.0,4.341501663124124
1313.0,4.336450064186189
123.0,4.330475920773939
797.0,4.32807211877485
770.0,4.327220297471479
577.0,4.321048522087091
152.0,4.320379009402155
