item_id,predicted_score
591.0,4.2551744067774795
866.0,4.245963696028275
770.0,4.242471150103153
1444.0,4.236992068887512
1399.0,4.230416189162479
1478.0,4.229708368093281
508.0,4.22459115376897
1313.0,4.22065757029171
1044.0,4.219216192777219
715.0,4.205283924554486
