item_id,predicted_score
715.0,4.2757927649999665
778.0,4.229405240724484
591.0,4.228288403983325
1399.0,4.2230431021383055
440.0,4.2070246968259735
1478.0,4.203146316712701
866.0,4.203045732647357
469.0,4.198935930602495
508.0,4.198520628426452
1510.0,4.197189657639934
