item_id,predicted_score
591.0,4.2729917345240755
1478.0,4.249666054027198
797.0,4.2368728217631695
1044.0,4.235388420986354
770.0,4.235195307439026
866.0,4.231571923647657
1444.0,4.217307060068234
1313.0,4.2145160487082265
840.0,4.214417232722157
508.0,4.207334110698854
