item_id,predicted_score
272.0,4.461575462753004
797.0,4.457861710465428
591.0,4.4247188680285
508.0,4.424395113068178
620.0,4.415771993997567
357.0,4.408536227796976
866.0,4.390059406481327
1615.0,4.382864502557281
175.0,4.380655189278288
1444.0,4.378863142707866
