item_id,predicted_score
1097.0,4.153109869723007
725.0,4.148749982687557
657.0,4.137355301128948
347.0,4.132036329314195
1301.0,4.128780902464987
332.0,4.12608281349347
1478.0,4.1257706492750525
1313.0,4.122519740850656
1394.0,4.122487326063974
1177.0,4.121538653307059
