item_id,predicted_score
715.0,4.416171972819907
591.0,4.414680892632502
1313.0,4.397156476685566
1444.0,4.383241692802316
1044.0,4.374348646962602
1074.0,4.374321143507235
1399.0,4.370547669430862
800.0,4.370124116218208
328.0,4.366814664724529
866.0,4.364265094411995
