item_id,predicted_score
866.0,4.21771430766092
1044.0,4.207831137427989
591.0,4.2059119856031195
770.0,4.197271971552783
1399.0,4.182661743155249
508.0,4.178734249728821
1313.0,4.177875749014861
715.0,4.174081843800215
1444.0,4.163397144296583
1478.0,4.16297889532175
