item_id,predicted_score
1313.0,4.319022696146049
866.0,4.301469205117725
1479.0,4.286704171557124
545.0,4.2763420482943
591.0,4.2744971557989215
715.0,4.268122640657827
332.0,4.267999071561928
860.0,4.267694176113858
1044.0,4.26696769198566
1074.0,4.2656485083943
