item_id,predicted_score
591.0,4.23580981321323
1478.0,4.222258271394079
770.0,4.216342081691352
385.0,4.2109258655165505
797.0,4.207777505690023
123.0,4.205543832207705
866.0,4.200399114428027
1615.0,4.199104683946498
1133.0,4.196171636884845
620.0,4.192004666943469
