item_id,predicted_score
866.0,4.259002494858081
1044.0,4.21364654661212
591.0,4.211682799898905
1313.0,4.210448091206173
770.0,4.20810538616865
800.0,4.205689011161393
715.0,4.20488728543744
332.0,4.201368021869962
1399.0,4.189984145240247
725.0,4.185881611965732
