item_id,predicted_score
715.0,4.268670155872886
1399.0,4.26714076730122
866.0,4.261175857191844
1313.0,4.255911302928067
1044.0,4.24774847382835
770.0,4.247094284497117
1479.0,4.2411965614001375
778.0,4.222922086934689
591.0,4.220154453511745
469.0,4.219463723875523
