item_id,predicted_score
1313.0,4.279901584778566
770.0,4.27399364611245
866.0,4.2581803379958565
591.0,4.254122988969444
1444.0,4.246971894120733
332.0,4.2389528688019364
1044.0,4.237470039651142
1399.0,4.234235829753218
1479.0,4.220676822710468
725.0,4.220042671611002
