item_id,predicted_score
591.0,4.332524142385781
715.0,4.2996068282828634
866.0,4.29645650392381
1399.0,4.289224273881766
1380.0,4.285130777456871
800.0,4.282004420394637
770.0,4.279698255662102
860.0,4.278336048808418
1479.0,4.266376367695266
1044.0,4.263795364862312
