item_id,predicted_score
385.0,4.1739645612083995
1313.0,4.171913392797768
770.0,4.1691365260719495
866.0,4.158807210502312
1044.0,4.158076797309062
898.0,4.154799367695561
1615.0,4.154485238944618
332.0,4.148471804881844
1478.0,4.139591332050297
591.0,4.135465027932215
