item_id,predicted_score
715.0,4.50890340874879
1074.0,4.4939207049842835
337.0,4.4797194922587105
378.0,4.477569114955505
1399.0,4.469177417816483
469.0,4.468856806108203
1098.0,4.464286124732688
120.0,4.462790329667221
767.0,4.45435226956058
796.0,4.453104791406427
