item_id,predicted_score
866.0,4.170010939499372
591.0,4.165951429487182
657.0,4.15310554775145
1044.0,4.1520189648111945
508.0,4.143278170242263
1478.0,4.142599817160958
1444.0,4.129017432181145
770.0,4.128024950348896
840.0,4.123228544186118
332.0,4.1158971052515
