item_id,predicted_score
1313.0,4.274619742628558
770.0,4.2631969682548245
385.0,4.244177346602179
1615.0,4.2387141781
152.0,4.237397155494419
1444.0,4.228237719044149
1478.0,4.227776053900486
591.0,4.225204480823658
254.0,4.214159486054717
1044.0,4.211293233098955
