item_id,predicted_score
866.0,4.176172892221128
591.0,4.165853595767375
508.0,4.158708198062991
123.0,4.144754123529216
385.0,4.141271400266724
1478.0,4.135131253856009
770.0,4.131896454598327
332.0,4.130369816372198
1313.0,4.1202322391771204
1133.0,4.113904283456897
