item_id,predicted_score
1313.0,4.3839332082515465
715.0,4.349257244631153
1044.0,4.347376401190546
860.0,4.344882230695251
770.0,4.340957487614359
1399.0,4.328413947434413
85.0,4.326924045966525
642.0,4.31902426777207
23.0,4.312363716695157
581.0,4.3112274310819885
