item_id,predicted_score
591.0,4.342268223715856
1313.0,4.308344283146502
770.0,4.2963842091268445
1444.0,4.287233220166437
866.0,4.28711358013559
1044.0,4.281900103717494
1478.0,4.281428615911201
332.0,4.269871663965926
860.0,4.267944457557698
881.0,4.263669831233886
