item_id,predicted_score
770.0,4.214506029592343
152.0,4.204264528626627
1478.0,4.1977228317675515
797.0,4.197050961643583
898.0,4.192647069079545
1301.0,4.190493548524297
1066.0,4.189913618522556
385.0,4.189868827180957
508.0,4.189728559558585
1615.0,4.189424253470273
