item_id,predicted_score
591.0,4.235742233294328
1044.0,4.228858904228941
866.0,4.227856206827555
1313.0,4.222257289127815
332.0,4.190625368656807
620.0,4.1880378828665155
1444.0,4.187310220018802
5.0,4.18597964213879
797.0,4.184133570923897
1399.0,4.180922149603277
