item_id,predicted_score
591.0,4.353894327206055
1313.0,4.331623207769255
302.0,4.326752738730238
123.0,4.32670126797805
840.0,4.325087208054505
332.0,4.318867498076477
770.0,4.318423906632056
1478.0,4.315163568451533
866.0,4.31434160804256
684.0,4.310930000857518
