item_id,predicted_score
866.0,4.432457554555805
770.0,4.403910932417233
508.0,4.398363092563173
1313.0,4.393574348077248
1044.0,4.389511301906509
332.0,4.38396935565003
336.0,4.377542976850243
1444.0,4.377502114573698
591.0,4.370806987724324
302.0,4.365867367140384
