item_id,predicted_score
385.0,4.1575428373684336
591.0,4.15543607268731
1478.0,4.153418890689383
866.0,4.146082147516944
1313.0,4.143842187530542
1044.0,4.138251127960906
797.0,4.135630638024175
332.0,4.134095748761435
770.0,4.130817729788177
1615.0,4.122038233928478
