item_id,predicted_score
866.0,4.281161635940887
591.0,4.279968968244216
770.0,4.2686844969603275
1399.0,4.265029877101792
1313.0,4.258274439103863
1044.0,4.248071246522409
123.0,4.24500146799693
1444.0,4.244356315515318
715.0,4.243551642992577
332.0,4.236682458561379
