item_id,predicted_score
770.0,4.277553575503222
866.0,4.276804499250973
1479.0,4.254498411135206
1313.0,4.244292861114721
1399.0,4.244139431124422
725.0,4.233174982189057
1044.0,4.219894349405272
715.0,4.215859592502912
1055.0,4.214772616656152
332.0,4.2121654855405986
