item_id,predicted_score
591.0,4.394474496880765
1313.0,4.3619123702585885
1444.0,4.358340850125911
866.0,4.343421011402245
770.0,4.335872098716973
123.0,4.327873700989702
797.0,4.320602573203638
768.0,4.3193943857000106
1044.0,4.319073773991731
1478.0,4.3165780318704146
