item_id,predicted_score
591.0,4.3160939710559525
866.0,4.291341057678773
332.0,4.2753980904154485
1313.0,4.271754079032554
1478.0,4.270020968437919
123.0,4.269968711872721
770.0,4.268328720119829
1044.0,4.261969528332439
1615.0,4.260519506874832
508.0,4.250368177952071
