item_id,predicted_score
866.0,4.294834192963654
1313.0,4.281047103694608
770.0,4.280415113580921
591.0,4.2770088106337
1044.0,4.2635955719043945
1399.0,4.259223111860777
715.0,4.255179318108795
1444.0,4.254871672315188
332.0,4.251983416595133
1478.0,4.237195987363734
