item_id,predicted_score
271.0,4.472032276483592
301.0,4.420428328991225
247.0,4.26492634623766
121.0,4.248017811237696
1421.0,4.237760397558517
1389.0,4.23420596885882
374.0,4.233075183936725
1478.0,4.217991896106875
1066.0,4.211274373586702
347.0,4.2009405395922546
