item_id,predicted_score
866.0,4.252392432267093
770.0,4.24955309340694
1044.0,4.241225243575021
1313.0,4.227172156601924
591.0,4.2226321219338185
1479.0,4.216255838713451
1399.0,4.211832104370898
1444.0,4.21142996456278
797.0,4.204136048199413
1478.0,4.193114038461028
