item_id,predicted_score
866.0,4.247216674873501
1044.0,4.2291936605714096
770.0,4.226906551804379
591.0,4.212575287025569
1313.0,4.2090605418829
508.0,4.206367364242698
332.0,4.2049591873279
715.0,4.19515774164806
1444.0,4.193598688635248
1478.0,4.1902929697533695
