item_id,predicted_score
866.0,4.247926460475226
770.0,4.211217402143442
1044.0,4.207940758342952
591.0,4.205435390012258
508.0,4.190201226084395
1399.0,4.188400928477362
1313.0,4.1877547937294874
1444.0,4.183122033126144
332.0,4.182673333897154
715.0,4.177184626472135
