item_id,predicted_score
866.0,4.20664318460938
591.0,4.197622247702209
1044.0,4.181632917471266
1444.0,4.174270046016227
800.0,4.171056660163082
508.0,4.1697795175677825
332.0,4.168854222747931
302.0,4.164941266862197
770.0,4.161664819514959
1313.0,4.160395535049765
