item_id,predicted_score
866.0,4.173391114163994
508.0,4.156910061441737
657.0,4.14764159343626
898.0,4.141411667889097
152.0,4.137914603539164
1133.0,4.129395801145696
1416.0,4.126092439702848
394.0,4.124400191384758
347.0,4.122578480373191
385.0,4.120872087420912
