item_id,predicted_score
1044.0,4.294914149437471
591.0,4.26497506664431
480.0,4.258585424602764
524.0,4.2552918858225475
1313.0,4.250787016286662
840.0,4.247124341844769
866.0,4.2462467851653045
881.0,4.2418316947658665
876.0,4.2418316947658665
282.0,4.241682586747126
