item_id,predicted_score
725.0,4.219627958794716
778.0,4.2089786208765565
1479.0,4.203352396174701
1050.0,4.200087146662863
866.0,4.196694595443326
1399.0,4.195180530225365
1055.0,4.193042333023821
715.0,4.190372533320682
1044.0,4.182522654252392
770.0,4.175611232371882
