item_id,predicted_score
591.0,4.386922048036945
1478.0,4.338840114457594
123.0,4.324271141243111
302.0,4.3164837343091556
866.0,4.315330160809756
860.0,4.30640175338457
770.0,4.304278093723721
1444.0,4.300718753692707
1313.0,4.297458415512184
715.0,4.296524869655722
