item_id,predicted_score
866.0,4.387380569928567
591.0,4.3512610678079024
620.0,4.311103665532837
302.0,4.307504641944792
1526.0,4.296285196687522
657.0,4.291391349711445
1044.0,4.29024484852914
175.0,4.289679652521345
120.0,4.288045947272536
1444.0,4.285830936849218
