item_id,predicted_score
302.0,4.5463796170320645
327.0,4.513612000307646
1066.0,4.498907474348853
332.0,4.490700443267297
591.0,4.488580712671499
866.0,4.475363730741565
1478.0,4.468587665152111
770.0,4.465048756259369
232.0,4.453769196306796
657.0,4.452242361627414
