item_id,predicted_score
866.0,4.237363561988221
1044.0,4.230057269069938
591.0,4.208889431099866
1313.0,4.2071844133203555
770.0,4.20405118039428
725.0,4.200115435931241
332.0,4.190240516734919
1479.0,4.18522074322391
1399.0,4.184536496545025
715.0,4.184175415466705
