item_id,predicted_score
591.0,4.418928604860705
1313.0,4.35379885092528
1399.0,4.353592182103521
860.0,4.340322943608388
120.0,4.3395072697035
1444.0,4.336510571787997
1044.0,4.335059568064127
866.0,4.333980646800724
1478.0,4.330824821750596
537.0,4.329552983393119
