item_id,predicted_score
770.0,4.232804667807864
866.0,4.228563045630492
1313.0,4.190620064418986
1044.0,4.1868230159522986
508.0,4.1847054463422815
1399.0,4.18443198341463
1444.0,4.183173700331583
1478.0,4.174944862938986
1479.0,4.1721695678391875
332.0,4.1707940021643255
