item_id,predicted_score
866.0,4.227722815069026
591.0,4.190001826032983
1313.0,4.18450761791689
1044.0,4.17695654424584
770.0,4.176011997007231
332.0,4.164560147552109
1399.0,4.1622822720879515
778.0,4.162260662230162
508.0,4.159254927465039
800.0,4.158411357198277
