item_id,predicted_score
591.0,4.2398453559286
1044.0,4.227829882091704
1478.0,4.222484192634594
1313.0,4.202927860695784
866.0,4.20182104307051
770.0,4.198100218465839
797.0,4.19138073141314
1444.0,4.1883207755502925
840.0,4.18772277184931
332.0,4.185437431161552
