item_id,predicted_score
1313.0,4.246728292087482
1044.0,4.2412378165831885
866.0,4.23003192660035
332.0,4.2271232397420215
508.0,4.2207137559219605
1394.0,4.219280236537574
725.0,4.216888614640148
770.0,4.216137770308626
591.0,4.211519547245976
1479.0,4.199716046468659
