item_id,predicted_score
380.0,4.506199819086199
227.0,4.501706147385713
229.0,4.421668734828284
450.0,4.421129274196582
2.0,4.420390217060216
916.0,4.406954386206859
449.0,4.399763411347866
260.0,4.39691405337183
228.0,4.393708329195537
230.0,4.374699905378291
