item_id,predicted_score
866.0,4.318984191308535
591.0,4.313240684014864
332.0,4.30535230010906
770.0,4.301857003838402
1044.0,4.29127563874565
508.0,4.2904261748813095
1313.0,4.280214141903489
715.0,4.279390216961989
1478.0,4.277720953674457
840.0,4.270813264405745
