item_id,predicted_score
385.0,4.325543372507093
577.0,4.304681608704607
152.0,4.304458830716134
1615.0,4.288457713290033
80.0,4.28739372247383
1133.0,4.286841885287213
591.0,4.283725940247368
1478.0,4.279233447266397
227.0,4.270204062869363
898.0,4.268991946300682
