item_id,predicted_score
1399.0,4.3973152109136855
715.0,4.394590797206316
1380.0,4.387012023626647
591.0,4.380201775171235
1044.0,4.375128566375513
469.0,4.372258777261203
866.0,4.372168801671503
770.0,4.3606456396856785
282.0,4.360047635984696
85.0,4.358852807302245
