item_id,predicted_score
1313.0,4.248553342804344
725.0,4.2424391282229745
332.0,4.231711209003766
1550.0,4.229034533436785
1479.0,4.222937017381889
860.0,4.219061387614152
336.0,4.211728180600261
1044.0,4.208135247063048
855.0,4.204247044287144
545.0,4.1983147454177026
