item_id,predicted_score
866.0,4.236138479504866
770.0,4.231215360994147
591.0,4.21675168672307
1444.0,4.196301885391334
1044.0,4.191321795437354
1313.0,4.1815889119426775
797.0,4.178207755011792
123.0,4.177306034582255
1478.0,4.168060551607336
508.0,4.164349549665298
