item_id,predicted_score
866.0,4.171970560694281
591.0,4.167134863880979
1044.0,4.165333191101178
1313.0,4.161694483956104
770.0,4.1515337252772175
1444.0,4.149820652914349
332.0,4.144698330805471
125.0,4.143864583201341
725.0,4.143679327784119
1394.0,4.133087550668977
