item_id,predicted_score
866.0,4.19923139629444
591.0,4.1923046510602235
770.0,4.188449255977508
1478.0,4.178575908407207
508.0,4.167176315517283
840.0,4.166511321257156
1044.0,4.163860184613014
797.0,4.152103439709823
123.0,4.150385259562386
403.0,4.148099525968124
