item_id,predicted_score
866.0,4.348574373125038
1044.0,4.316236989023862
1399.0,4.303997165572471
1313.0,4.298279590108146
1479.0,4.297581788154831
591.0,4.28829426418385
715.0,4.280834737728522
770.0,4.280627872453511
778.0,4.2783173857494186
125.0,4.276426130286422
