item_id,predicted_score
591.0,4.3756601688771095
866.0,4.3711103115463725
1444.0,4.3345802221277285
715.0,4.3280033601364325
508.0,4.326883183689979
302.0,4.321615879080666
123.0,4.320257994198538
1399.0,4.3146665417223975
770.0,4.31239239887004
1313.0,4.310297814290579
