item_id,predicted_score
286.0,4.344983600573604
812.0,4.2884836451193795
1306.0,4.192409360643872
1008.0,4.170722886086876
1332.0,4.152621486936988
1645.0,4.135393911854765
1650.0,4.135393911854765
1630.0,4.127888415338323
1342.0,4.124664224556283
1499.0,4.114950593480365
