item_id,predicted_score
866.0,4.3159977089621675
770.0,4.309300617580267
332.0,4.272150914602852
577.0,4.261912753342431
898.0,4.261299033381238
768.0,4.258672649846929
1313.0,4.25496538051669
1066.0,4.246428111517474
654.0,4.2428135681224735
725.0,4.238624988323309
