item_id,predicted_score
591.0,4.245863897775942
866.0,4.239732591761595
770.0,4.233422513287361
1478.0,4.219847986437653
1044.0,4.218105838993397
1313.0,4.217451453208911
1444.0,4.210240833024656
332.0,4.2016682024399685
508.0,4.197544845120676
1615.0,4.192561808367906
