item_id,predicted_score
866.0,4.209613754242286
591.0,4.182527565583708
770.0,4.182158037015525
508.0,4.1808822695929955
1044.0,4.178583373630806
1478.0,4.169915266765345
332.0,4.162787156947191
1313.0,4.158465774749255
1444.0,4.156426589987033
898.0,4.152932865342395
