item_id,predicted_score
770.0,4.308474728106242
866.0,4.303309186281787
1313.0,4.299559679502234
1399.0,4.290517329190527
1044.0,4.27514054020126
591.0,4.272091192814054
1444.0,4.270904418714961
715.0,4.264485701592028
1479.0,4.263064558762556
860.0,4.258325909856049
