item_id,predicted_score
1313.0,4.362959466095067
332.0,4.3579958782143065
770.0,4.346796078282299
1044.0,4.332504889967025
385.0,4.331889205473305
1394.0,4.325779509316746
577.0,4.317258545937499
725.0,4.3104765867504655
866.0,4.309475068068596
860.0,4.303860434108646
