item_id,predicted_score
770.0,4.264816135962938
866.0,4.259351395834739
1478.0,4.243368155654627
591.0,4.240398764741238
768.0,4.230993172365432
1444.0,4.223084357321356
1313.0,4.222461011150784
332.0,4.217539267812834
123.0,4.214205259662577
898.0,4.209945760239217
