item_id,predicted_score
123.0,4.409998625809498
591.0,4.3878025515151995
800.0,4.36100082716642
866.0,4.360733257836348
288.0,4.359588328280065
768.0,4.349313430261404
328.0,4.349135836521032
1444.0,4.341282814200701
438.0,4.339271132893847
1478.0,4.330871184718216
