item_id,predicted_score
1478.0,4.256698687564578
898.0,4.2334692691614855
591.0,4.219151756110358
1016.0,4.217323169234949
797.0,4.2046260026114535
1416.0,4.202138511526747
657.0,4.201804933903794
471.0,4.201793539615142
841.0,4.1983917550927305
152.0,4.192291488692298
