item_id,predicted_score
577.0,4.357522425875486
563.0,4.319380633972327
152.0,4.31350707462542
323.0,4.311314656326153
80.0,4.294044057981606
576.0,4.288366951887321
930.0,4.286613017247908
565.0,4.285695973464666
591.0,4.283583708092469
917.0,4.275922424146698
