item_id,predicted_score
866.0,4.209326736040204
778.0,4.148702637453675
725.0,4.147370487947642
1399.0,4.144406597725327
1479.0,4.141213643010453
332.0,4.1409873288634325
770.0,4.132162452302378
800.0,4.130122088820641
1044.0,4.129502671715122
508.0,4.128747701865294
