item_id,predicted_score
227.0,4.4030701124960085
121.0,4.391358748294172
450.0,4.380840248242259
228.0,4.37024041654376
229.0,4.369865583737757
916.0,4.365341658236366
62.0,4.364128755854675
380.0,4.359663373422566
449.0,4.35298081958136
80.0,4.326377905924234
