item_id,predicted_score
1313.0,4.311692632384199
715.0,4.30595226834257
1044.0,4.30248840459233
1399.0,4.2860157993599355
591.0,4.274456293522376
725.0,4.273534927767576
1479.0,4.27211633883039
807.0,4.26703664707733
1394.0,4.261409047202706
378.0,4.258269331319294
