item_id,predicted_score
1478.0,4.323617344818383
1044.0,4.301961516968797
591.0,4.301199671255127
770.0,4.291620217750749
1313.0,4.290873106031026
840.0,4.290660740064942
866.0,4.286514790621597
1444.0,4.286493377217061
332.0,4.283366430795068
232.0,4.282719706687436
