item_id,predicted_score
1044.0,4.199237289892018
591.0,4.199017655155586
715.0,4.19876776661825
778.0,4.188264197013537
1399.0,4.179324198846446
770.0,4.167180048129082
508.0,4.165846130543775
1313.0,4.1639725558735154
866.0,4.161753616385144
1479.0,4.155933885229455
