item_id,predicted_score
1416.0,4.235869338548774
152.0,4.231849512093612
1478.0,4.205994888875726
12.0,4.204208932356135
385.0,4.199371663916812
591.0,4.1929358553609
1133.0,4.191373659096046
80.0,4.189590256468739
471.0,4.18555942863143
1016.0,4.182864090005451
