item_id,predicted_score
866.0,4.252421900254986
1044.0,4.230566279447483
715.0,4.2159935736211995
778.0,4.213810192171554
591.0,4.210807993564977
770.0,4.2102712832788125
1313.0,4.20559215970785
725.0,4.205530080480022
807.0,4.194193941990694
1399.0,4.191775995357417
