item_id,predicted_score
1044.0,4.171907892106695
866.0,4.159728969163616
657.0,4.147994423477971
591.0,4.1431404565121746
898.0,4.135932390220203
1478.0,4.135077818571295
332.0,4.134739918976784
1313.0,4.128218653255981
508.0,4.124269157065259
385.0,4.119644843951779
