item_id,predicted_score
591.0,4.269446146220745
1044.0,4.235434783953973
866.0,4.2347416968787215
1313.0,4.220812571908029
123.0,4.215000502429193
1478.0,4.209808439415633
332.0,4.208933043721949
508.0,4.2071054391128015
1399.0,4.20688285757758
770.0,4.197245253910426
