item_id,predicted_score
591.0,4.239213169361662
866.0,4.232611554260536
1044.0,4.224996829735636
508.0,4.219512444282174
797.0,4.216432843094064
1478.0,4.20806943522342
302.0,4.2009645068890755
123.0,4.198926500846369
770.0,4.19682523685632
840.0,4.193793963168355
