item_id,predicted_score
866.0,4.258946898587589
591.0,4.228002171594254
715.0,4.204882570559378
770.0,4.200741139540844
1399.0,4.191643192958644
860.0,4.191332600366247
1313.0,4.189984145240247
800.0,4.186284734040113
1044.0,4.185450986435983
123.0,4.183379976246837
