item_id,predicted_score
866.0,4.304533875858636
1044.0,4.2972081340683435
1313.0,4.296984177360354
591.0,4.286533453680596
332.0,4.277510552240898
770.0,4.270661406041468
1444.0,4.26763288269904
715.0,4.25954175903653
508.0,4.253962486662052
120.0,4.253680576244538
