item_id,predicted_score
591.0,4.242377245448399
866.0,4.239505884708069
332.0,4.223223642677465
1313.0,4.221233767681651
770.0,4.21943347007462
1478.0,4.215506762461201
385.0,4.209960494233163
1044.0,4.2071113327103795
508.0,4.204897893913083
1444.0,4.201980956018144
