item_id,predicted_score
347.0,4.1294504151499245
332.0,4.126160608981508
1416.0,4.11664244889195
1016.0,4.094665223521073
1478.0,4.094183716598895
866.0,4.0894110812796844
725.0,4.088332356469534
770.0,4.083191960661415
72.0,4.074766277109689
1301.0,4.072921973974069
