item_id,predicted_score
1478.0,4.18384085557749
385.0,4.1752515264663295
152.0,4.163824430121037
508.0,4.163234481003412
1016.0,4.161524158986081
866.0,4.159982197406247
797.0,4.151714855176135
657.0,4.146844779043624
591.0,4.145716548013813
898.0,4.145078271396043
