item_id,predicted_score
591.0,4.2659471173382855
123.0,4.2532348238143385
1478.0,4.23852911913603
866.0,4.237623076734935
1444.0,4.225747674067159
302.0,4.224921588139882
770.0,4.221139863026899
508.0,4.2174710985341735
1313.0,4.21516277281586
715.0,4.20831971666726
