item_id,predicted_score
866.0,4.195988935359906
1044.0,4.193329547679156
770.0,4.192052208630604
1313.0,4.186346223908184
591.0,4.17560298133527
1444.0,4.172080378062497
385.0,4.170779071717126
898.0,4.170687131594899
1615.0,4.168489212604559
1394.0,4.1659486791416445
