item_id,predicted_score
1478.0,4.428214557205664
797.0,4.392648267444386
1416.0,4.383675461584106
79.0,4.38194077936345
385.0,4.362434150097553
620.0,4.3495978945712
407.0,4.347126119746704
1016.0,4.3455069520385905
591.0,4.344296800002436
1301.0,4.338345838073996
