item_id,predicted_score
715.0,4.305241107568076
866.0,4.302996432703612
1399.0,4.280727081346086
1044.0,4.2693062715048775
591.0,4.268752469785735
800.0,4.2486494084448765
469.0,4.248059655780504
1313.0,4.24641357397678
1444.0,4.245101659155767
778.0,4.244467704509555
