item_id,predicted_score
866.0,4.189713236204881
725.0,4.174909304900261
715.0,4.162192492951503
1044.0,4.160934995681466
1050.0,4.157394122256198
1479.0,4.157049346797846
855.0,4.15661282767052
1055.0,4.134550734494509
1037.0,4.133486743678306
778.0,4.133483011066506
