item_id,predicted_score
591.0,4.2050707727753895
866.0,4.1940092759332295
1313.0,4.189649388897778
770.0,4.184555945417035
332.0,4.175783325421179
725.0,4.170737030721065
1044.0,4.1686611092006025
860.0,4.166590099011457
1479.0,4.156477471379462
545.0,4.151022946820399
