item_id,predicted_score
866.0,4.21784986040523
770.0,4.217127305342084
1399.0,4.207380080759967
1044.0,4.201178051574676
508.0,4.19058588155303
1313.0,4.184723520041523
715.0,4.182176110714766
725.0,4.176754197395638
332.0,4.172211412381996
840.0,4.171416562521886
