item_id,predicted_score
866.0,4.275132682071155
715.0,4.248599312865458
508.0,4.223025617798822
1044.0,4.202782485288843
591.0,4.201166067926266
657.0,4.200473373757519
123.0,4.193147239060721
1380.0,4.189375729516875
506.0,4.189118179302687
1444.0,4.187909402439301
