item_id,predicted_score
591.0,4.3457324803726
715.0,4.343094506096387
1399.0,4.330548608477409
866.0,4.327411250033029
770.0,4.313929056212054
1313.0,4.310326103558957
1444.0,4.302979537723886
1044.0,4.302662462174154
1380.0,4.2959211688104135
800.0,4.292238063230247
