item_id,predicted_score
591.0,4.258069145454872
866.0,4.245141342712797
508.0,4.237003463176164
1478.0,4.225675968629952
123.0,4.224343426217413
840.0,4.208425015610667
770.0,4.208140158394364
1444.0,4.204188894124368
1044.0,4.191696628243357
797.0,4.1872552131080685
