item_id,predicted_score
866.0,4.214997555630404
591.0,4.189044902239459
778.0,4.184109603627077
1044.0,4.17541340394649
715.0,4.174431923496389
1399.0,4.173855529653194
508.0,4.168304153640587
770.0,4.14803253540898
800.0,4.1474565344722905
725.0,4.1471176526115165
