item_id,predicted_score
1313.0,4.305377053218891
591.0,4.2989463524475475
770.0,4.29109883081829
332.0,4.2795273413323205
1444.0,4.276716095287293
725.0,4.274171632759327
866.0,4.265975995966421
1478.0,4.2611151531367835
860.0,4.259052197530995
1044.0,4.25533765943041
