item_id,predicted_score
591.0,4.390183564936984
332.0,4.374668472857871
1444.0,4.3709071788831615
866.0,4.368367431233258
508.0,4.367250398038847
800.0,4.365842221124048
1313.0,4.3635755434952905
715.0,4.362543771012517
328.0,4.359189135270736
120.0,4.351710945756408
