item_id,predicted_score
577.0,4.317696636690847
866.0,4.311765712994174
1313.0,4.3026396735968495
898.0,4.302027132355173
332.0,4.292318805517075
1044.0,4.2782747553936
385.0,4.272859521485061
770.0,4.271757025831343
591.0,4.261130672943741
654.0,4.253917695320454
