item_id,predicted_score
1313.0,4.3646179244537056
770.0,4.352318379213517
332.0,4.345132512139092
591.0,4.338847579681193
866.0,4.323882163802918
1444.0,4.32367706660718
860.0,4.31184783045377
1044.0,4.305245036633129
480.0,4.302474259958141
1399.0,4.301906902964568
