item_id,predicted_score
715.0,4.271006377953073
591.0,4.27091699172313
866.0,4.26082577749567
1044.0,4.252925409941458
1399.0,4.242036006148593
469.0,4.235683297318541
1444.0,4.235052289471117
800.0,4.225178352541059
282.0,4.214271857315216
778.0,4.213091369720209
