item_id,predicted_score
591.0,4.362587383634599
1399.0,4.349366472639611
770.0,4.346888411311031
288.0,4.33449417560308
1444.0,4.330852325205964
860.0,4.330428379086804
866.0,4.328032435217821
742.0,4.3233061628662295
537.0,4.322496775465424
768.0,4.319087132812909
