item_id,predicted_score
282.0,4.437786938392947
591.0,4.432534564230833
715.0,4.412774117362548
1380.0,4.3933024567756185
469.0,4.393256486714504
440.0,4.389897529001166
1273.0,4.388643371436424
470.0,4.3800579713903165
401.0,4.375802401032008
182.0,4.372479590717152
