item_id,predicted_score
1399.0,4.333356711270396
725.0,4.332569719540389
715.0,4.332255394336194
378.0,4.313892908813571
770.0,4.311984954824101
66.0,4.2864835545544295
1313.0,4.284910160454176
1479.0,4.281546291409521
1221.0,4.278819716716374
866.0,4.277208800044869
