item_id,predicted_score
866.0,4.218742347531894
1479.0,4.197102039489264
725.0,4.195980487870043
770.0,4.190807480821988
332.0,4.189207958439136
1313.0,4.188720754372632
125.0,4.180817440019629
1044.0,4.177636468953166
1394.0,4.169309208481005
1050.0,4.157959318263993
