item_id,predicted_score
591.0,4.331011059434083
1313.0,4.32805483088862
1444.0,4.323839729900351
866.0,4.309459351808386
1044.0,4.309225965344271
1399.0,4.303020007093927
770.0,4.302411394917302
715.0,4.297833248318188
125.0,4.290124029778777
332.0,4.289791434422087
