item_id,predicted_score
770.0,4.290219309606298
859.0,4.257873870921765
768.0,4.2478812762271225
1313.0,4.2389393135275055
989.0,4.225907783468045
1133.0,4.21862368976731
1479.0,4.2152957716678845
1528.0,4.213189792799772
103.0,4.212665262615269
569.0,4.2037482494787355
