item_id,predicted_score
866.0,4.1840009649783765
715.0,4.119214611328536
508.0,4.115116203572326
1405.0,4.095150070148545
764.0,4.087377397208536
778.0,4.084899728786462
1261.0,4.077251214302111
1037.0,4.069111763139457
382.0,4.067938544314795
1044.0,4.062675954583543
