item_id,predicted_score
866.0,4.281289919914849
332.0,4.260025623397739
770.0,4.242976427868898
1313.0,4.2391856659062945
591.0,4.236856123236697
1044.0,4.233191484262277
1444.0,4.232908198671995
123.0,4.22400159755785
508.0,4.218358674329522
403.0,4.214225887254103
