item_id,predicted_score
657.0,4.099897362998167
866.0,4.09698572934105
508.0,4.0952622449557925
302.0,4.07696341028702
591.0,4.066166143069635
620.0,4.061408438197624
123.0,4.056985882574587
347.0,4.054670091632673
385.0,4.054527073664763
1478.0,4.052665089736408
