item_id,predicted_score
591.0,4.488629040171645
332.0,4.455416260376783
860.0,4.455131796066986
1478.0,4.451478158474713
1313.0,4.4351745030395735
123.0,4.434049218808552
1615.0,4.434036645800385
1133.0,4.426569064761699
620.0,4.423415597150603
770.0,4.423241146662274
