item_id,predicted_score
385.0,4.19266396405927
1044.0,4.179510632983185
591.0,4.158959265319842
797.0,4.156973908748839
1615.0,4.136537269785028
866.0,4.13217836501584
620.0,4.129655119439157
508.0,4.125939009712551
1478.0,4.124146570235623
1313.0,4.123228740639371
