item_id,predicted_score
332.0,4.337849204251366
1313.0,4.323951315347841
591.0,4.321710176641924
770.0,4.318882821430181
1478.0,4.2903578091493975
860.0,4.290036804534612
403.0,4.284518236215194
866.0,4.280582688205408
123.0,4.2770834628696965
840.0,4.275774101940968
