item_id,predicted_score
591.0,4.348434105502665
1313.0,4.3380165824226005
866.0,4.320214774482961
1044.0,4.320016356697813
1444.0,4.3199971042790555
120.0,4.316528132744248
1479.0,4.29693977892526
860.0,4.2964871506312186
800.0,4.294057220349531
1526.0,4.288780485984091
