item_id,predicted_score
866.0,4.208497703314137
770.0,4.193803589377733
1044.0,4.189602043663896
1313.0,4.189471795157408
1399.0,4.181059666880113
715.0,4.173706421634454
725.0,4.172181747940851
332.0,4.16482693106917
1050.0,4.155956870260013
591.0,4.147951400215646
