item_id,predicted_score
508.0,4.217536910373802
272.0,4.193035850066485
336.0,4.167176315517283
315.0,4.165331030115399
1511.0,4.1538332105991636
1645.0,4.145765071967211
1650.0,4.145765071967211
175.0,4.134534625327794
1441.0,4.132659086125008
866.0,4.126532494988723
