item_id,predicted_score
591.0,4.351895218907368
1313.0,4.345317571103062
866.0,4.3441911081525255
332.0,4.343938469269652
1044.0,4.333801481434333
770.0,4.324964228318363
480.0,4.324206311669745
577.0,4.324165842299705
1478.0,4.321120816884057
1444.0,4.318316643156123
