item_id,predicted_score
866.0,4.246027543335377
1044.0,4.239651260115009
1313.0,4.236666349394664
591.0,4.231557386106964
770.0,4.2313566108827825
1399.0,4.218768672267745
332.0,4.203919949621527
715.0,4.202426119088587
1444.0,4.199808772403897
1479.0,4.195820771375661
