item_id,predicted_score
591.0,4.366139258442013
1313.0,4.32421416979985
123.0,4.316145048901634
1478.0,4.307417809607133
1615.0,4.3048246266725165
770.0,4.2990253266551015
1444.0,4.29814050120529
332.0,4.295411961979616
1044.0,4.286623232817044
866.0,4.285716404602939
