item_id,predicted_score
591.0,4.286357235112993
866.0,4.2362317947998624
1444.0,4.216283931528576
860.0,4.215300093639442
1313.0,4.213019860736253
1478.0,4.208810063985807
1044.0,4.195831772757808
800.0,4.194050334663027
332.0,4.192268110755236
770.0,4.185204437603942
