item_id,predicted_score
64.0,4.914351281574506
173.0,4.888400442713852
12.0,4.8588858989901365
50.0,4.779751001952321
169.0,4.770683635247083
185.0,4.745207249555207
302.0,4.665301233097509
22.0,4.640705091574674
313.0,4.6289541146028865
8.0,4.620503495230004
