item_id,predicted_score
189.0,5.401710730024603
285.0,5.164707921921007
813.0,5.069316828095496
434.0,5.055647400579706
50.0,5.048740099512514
169.0,4.9830224159754275
324.0,4.869552694589872
302.0,4.861623622490605
455.0,4.835963468444527
7.0,4.803039646135884
