item_id,predicted_score
185.0,5.090205807028974
192.0,4.79970956320189
127.0,4.357428520022726
100.0,4.278662361023926
474.0,4.150243987254347
23.0,4.094980288147145
506.0,4.029893303461187
183.0,3.998205613018305
443.0,3.964830055228446
136.0,3.9518107858054705
