item_id,predicted_score
64.0,5.0901461672348125
22.0,5.000969990791846
313.0,4.918292886973163
121.0,4.816494920749422
204.0,4.811210855446417
496.0,4.7495050419818154
12.0,4.614202686801207
318.0,4.582923381882812
480.0,4.582907826267329
419.0,4.58256178093214
