item_id,predicted_score
169.0,4.714069998179001
483.0,4.68595489143002
64.0,4.633032501938193
1449.0,4.611581176493913
318.0,4.606254809335069
272.0,4.5855056574635125
199.0,4.580310634814236
320.0,4.556329134530107
528.0,4.532984780197802
408.0,4.523944684028418
