item_id,predicted_score
1449.0,4.665540628329323
64.0,4.58446651653286
178.0,4.555407754068
98.0,4.535472044301326
483.0,4.497479946246208
318.0,4.492267943157886
603.0,4.475744149134636
169.0,4.447720815135739
498.0,4.446523951097202
657.0,4.438974354364836
