item_id,predicted_score
50.0,5.017414995883978
172.0,4.554567333362621
480.0,4.5265645357968545
313.0,4.512043034947219
174.0,4.508833158834374
127.0,4.505761540133255
204.0,4.501937088451288
181.0,4.497963943686365
423.0,4.491638163064728
496.0,4.473626732779471
