item_id,predicted_score
195.0,5.102143502801157
100.0,4.9797389578488716
180.0,4.825773270802603
127.0,4.784997421229917
203.0,4.754819002432063
1449.0,4.7171605324948755
357.0,4.714942520895984
23.0,4.681218050168292
480.0,4.671137475052435
187.0,4.663701734765501
