item_id,predicted_score
515.0,4.4851019652219355
408.0,4.388242379447316
272.0,4.386068820812293
12.0,4.348060541898141
169.0,4.324667015983767
483.0,4.315671409766703
64.0,4.289677915035486
45.0,4.288060541166623
318.0,4.2844336122129025
176.0,4.283226869635335
