item_id,predicted_score
56.0,4.536200772197527
1449.0,4.421938577206781
474.0,4.408916956493125
408.0,4.390060098810872
98.0,4.334454069108966
12.0,4.3187716043735636
513.0,4.300728704337005
320.0,4.300388793178499
483.0,4.289250642102913
178.0,4.278058804061688
