item_id,predicted_score
98.0,4.6188330526652654
178.0,4.459046330962784
511.0,4.446897702800013
480.0,4.434182074088327
603.0,4.433660054658775
12.0,4.387145340642529
1449.0,4.383462123328106
64.0,4.356494483227774
474.0,4.333371680110489
427.0,4.318775784422151
