item_id,predicted_score
121.0,5.208039175675789
7.0,5.1081882315750855
64.0,5.075249227363514
230.0,5.050032620385065
222.0,4.933396220475819
317.0,4.932547570520989
520.0,4.912118372607782
186.0,4.862918398015332
429.0,4.85167059379448
185.0,4.826594276193901
