item_id,predicted_score
127.0,4.895125353349222
1449.0,4.89412749230594
318.0,4.842344409587214
64.0,4.8104978594730365
479.0,4.771141963223623
474.0,4.771126788197634
488.0,4.760077708565463
320.0,4.7546610350809635
100.0,4.752040617174846
199.0,4.740506120053291
