item_id,predicted_score
483.0,4.689193570622471
275.0,4.629518017936837
50.0,4.5980969413304935
318.0,4.578351095868353
191.0,4.566663947782681
302.0,4.551886130966429
1449.0,4.48843545676794
357.0,4.471397940806144
169.0,4.468967931965928
286.0,4.437956667687048
