item_id,predicted_score
357.0,5.496408123367915
127.0,5.238571585603245
318.0,5.222332462522324
50.0,5.0821151175362305
191.0,5.0765300706182455
100.0,5.049711986314728
659.0,5.018839358173953
483.0,4.99034416849957
185.0,4.93019892067594
427.0,4.922746111363519
