item_id,predicted_score
64.0,5.819179737109114
22.0,5.792771094724482
313.0,5.7803000506557884
174.0,5.673920470833005
96.0,5.647552224175925
169.0,5.628805456799881
272.0,5.624568043097304
408.0,5.607067993972965
98.0,5.582236122435231
333.0,5.558096036037494
