item_id,predicted_score
116.0,6.201253381850599
517.0,6.1005174152717805
736.0,6.089373268912526
433.0,5.99649834508932
19.0,5.994578300070097
603.0,5.981421985520485
474.0,5.976538462903023
647.0,5.948191079165815
887.0,5.946837810380055
175.0,5.943849254422202
