item_id,predicted_score
12.0,4.995532558925149
185.0,4.8898153254842835
408.0,4.868102928502133
199.0,4.837395008081316
178.0,4.823555340946311
64.0,4.808114663802763
480.0,4.795920832700169
98.0,4.793435715173136
285.0,4.780865116546063
603.0,4.747186111995613
