item_id,predicted_score
169.0,5.403398852470241
408.0,5.191973313978347
285.0,5.084847613930457
12.0,5.072987878440843
98.0,4.988690149305597
114.0,4.947502066884047
165.0,4.893251109169838
320.0,4.8849098745275095
7.0,4.882810440256076
302.0,4.868845156404775
