item_id,predicted_score
318.0,4.520664347270779
1449.0,4.485420138931453
515.0,4.452434008851876
169.0,4.40993535673967
483.0,4.386429340520486
100.0,4.347603443662421
408.0,4.3271497404654955
127.0,4.314062894337938
479.0,4.299110792078947
603.0,4.279124324517872
