item_id,predicted_score
483.0,4.764488591825161
320.0,4.7613246442518955
143.0,4.71983909646509
251.0,4.684388132049622
607.0,4.678524968237254
91.0,4.634752912888475
208.0,4.6340631311217475
443.0,4.62838374709101
50.0,4.616044508361009
512.0,4.61329591874116
