item_id,predicted_score
50.0,4.995677186660366
302.0,4.9689961140481005
64.0,4.964989329319826
71.0,4.930272057596675
485.0,4.867412097425907
496.0,4.857892411462292
215.0,4.846514270334057
479.0,4.781628396242417
22.0,4.772912051055772
607.0,4.771567827305037
