item_id,predicted_score
174.0,5.1827402185723725
22.0,5.169680235868571
313.0,5.157858277386982
568.0,5.097974715156274
97.0,5.0841037693922715
496.0,5.049334661268596
1.0,4.98151915819558
692.0,4.940849915035798
204.0,4.9406950524757
705.0,4.868497043172967
