item_id,predicted_score
517.0,4.69331408340579
178.0,4.686242730008438
60.0,4.663292364399558
512.0,4.629871531441401
59.0,4.612185605668926
136.0,4.5773115731939775
170.0,4.556218277324055
1449.0,4.544933654069325
606.0,4.53916512586906
198.0,4.497405018282599
