item_id,predicted_score
302.0,4.247159636493308
318.0,4.237841431328798
1449.0,4.229016477109318
520.0,4.199911074666911
474.0,4.195124407301193
320.0,4.182907175812804
483.0,4.167966491430511
480.0,4.146988954922463
251.0,4.143671450855954
493.0,4.140553438034787
