item_id,predicted_score
265.0,4.487196357689811
568.0,4.344324042631288
174.0,4.311792533667259
286.0,4.267133803749898
50.0,4.262556329091344
258.0,4.219449507543844
275.0,4.205292236914456
272.0,4.196612419797208
97.0,4.119711221851304
429.0,4.11104722129547
