item_id,predicted_score
169.0,4.829679993721107
96.0,4.741347497701658
483.0,4.697987865483612
114.0,4.684604487205236
116.0,4.634535810415646
923.0,4.631543173095329
520.0,4.6139771604195605
408.0,4.58914630626622
174.0,4.569796402802128
194.0,4.56408611545961
