item_id,predicted_score
496.0,4.952491267622499
313.0,4.95230975464158
169.0,4.9306697520583525
480.0,4.928718129837527
174.0,4.924853561687605
1449.0,4.923370459240966
963.0,4.918794249378718
98.0,4.913844650631685
483.0,4.848722895234082
64.0,4.84285671604329
