item_id,predicted_score
286.0,4.491595037131118
127.0,4.271867067568682
191.0,4.141314122329236
318.0,4.129213888091465
1449.0,4.101645536481946
515.0,4.092381058596847
272.0,4.0593559778476545
357.0,4.047270203059079
408.0,4.042549177042401
603.0,4.0349558547046875
