item_id,predicted_score
172.0,5.541469750275541
50.0,5.104540427861668
174.0,5.0847457856453175
173.0,4.97498219309819
511.0,4.827582975299429
190.0,4.782460609823574
237.0,4.716503204539704
96.0,4.702416981028158
272.0,4.540627469045297
83.0,4.539577858448258
