item_id,predicted_score
134.0,4.849886803493059
98.0,4.825458378969678
427.0,4.792476730904835
318.0,4.76345103327702
483.0,4.761436989390684
511.0,4.752960799048922
174.0,4.752633579863881
496.0,4.728278375140094
357.0,4.713816503729853
694.0,4.704454462052976
