item_id,predicted_score
302.0,5.01792040218168
168.0,4.963635189795137
209.0,4.955523280868482
100.0,4.939641194006208
9.0,4.911469082067185
7.0,4.910653320662142
179.0,4.8802904258108075
169.0,4.79472526854204
91.0,4.787840291791946
433.0,4.775264171184899
