item_id,predicted_score
12.0,5.516567369585993
318.0,5.450866752498051
133.0,5.355914078259013
1449.0,5.2631908191010455
64.0,5.2394196354962554
114.0,5.231374460195172
496.0,5.229090499144969
480.0,5.217150625335425
320.0,5.192495107398369
487.0,5.185470321826614
