item_id,predicted_score
161.0,5.082709038947541
258.0,5.0777448306364175
692.0,5.075522020756161
568.0,5.0194602222903955
143.0,5.017467285746772
313.0,4.986139379100295
71.0,4.972041509152015
210.0,4.918891016583752
66.0,4.9000870264598415
302.0,4.779400382660905
