item_id,predicted_score
50.0,4.847661021401058
127.0,4.730171110880854
173.0,4.729689205178156
191.0,4.626100554556292
172.0,4.608356426775356
179.0,4.575592443697246
483.0,4.570010973520443
313.0,4.569146279874618
357.0,4.556138621729191
318.0,4.551087572252293
