item_id,predicted_score
185.0,4.130178100866014
603.0,4.116556041328758
654.0,4.09497253490224
127.0,4.069056500243306
357.0,4.066226362985555
12.0,4.045969849990338
169.0,4.04152238339252
23.0,4.01761557461238
408.0,4.01171911340031
191.0,4.00543489691938
