item_id,predicted_score
318.0,4.616064742372684
98.0,4.607514597448322
174.0,4.598447195290589
79.0,4.513676571553995
64.0,4.511628308570194
496.0,4.461689549709277
50.0,4.4512895995091695
169.0,4.426091386953087
483.0,4.414224773836424
357.0,4.400582511199365
