item_id,predicted_score
50.0,4.976425668543667
174.0,4.724484266538805
169.0,4.696458090556512
923.0,4.635722070719035
96.0,4.609636786729482
132.0,4.606879882931528
181.0,4.6031416961781595
318.0,4.553585636082549
109.0,4.5443214522403155
124.0,4.53857857227246
