item_id,predicted_score
56.0,5.466531194595137
515.0,5.09246882826328
1449.0,5.0664893411967205
357.0,5.039171151208725
318.0,5.031823726387043
513.0,4.976803486710518
483.0,4.954909188520488
923.0,4.9364359484481195
286.0,4.92640896051736
191.0,4.898404080811589
