item_id,predicted_score
1449.0,4.804212814042148
474.0,4.741686569651677
603.0,4.723003439280775
483.0,4.656509211603472
318.0,4.586358832291438
178.0,4.567042942587355
513.0,4.538686820060178
302.0,4.516648969554608
286.0,4.511936801307608
1194.0,4.508173143647474
