item_id,predicted_score
1449.0,5.55449855320705
169.0,5.5225238050725025
923.0,5.469727701345113
603.0,5.454898629857626
96.0,5.4372332462384305
604.0,5.387117901238104
251.0,5.385885830918239
963.0,5.3656943153263414
966.0,5.364790998679424
98.0,5.338101612681876
