item_id,predicted_score
134.0,4.2205000840332385
474.0,4.180567014647873
268.0,4.1563379020894144
488.0,4.138677378358209
603.0,4.129719799797497
172.0,4.125140663064871
50.0,4.11544498203635
1449.0,4.072554988789762
408.0,4.071394540501425
479.0,4.059273220844268
