item_id,predicted_score
114.0,5.130657828596727
520.0,4.968047126170336
169.0,4.9481809395303396
1449.0,4.946357312071597
300.0,4.92664254696925
302.0,4.884022430339268
199.0,4.88128148001743
408.0,4.851104800716425
183.0,4.849082770728397
8.0,4.794618338767326
