item_id,predicted_score
169.0,4.787651363058823
285.0,4.59302372420961
483.0,4.529320240390399
320.0,4.509325896221418
50.0,4.474199799946396
408.0,4.458438049172768
1449.0,4.410862230989461
512.0,4.386957333661701
199.0,4.353421477693427
205.0,4.346278037813986
