item_id,predicted_score
1449.0,5.289534698446736
408.0,5.223410678516817
318.0,5.214892058026951
483.0,5.151913161756119
169.0,5.149797095242108
474.0,5.134501300999379
178.0,5.116137263747708
127.0,5.113749914017916
515.0,5.109337104830825
134.0,5.094300897373016
