item_id,predicted_score
318.0,5.4605409250439
56.0,5.349922327067639
151.0,5.272016482203264
515.0,5.207964635759044
483.0,5.156815998454279
340.0,5.142208367118373
12.0,5.116783183152544
528.0,5.1004123307105695
357.0,5.0901288807596945
180.0,5.074733523192084
