item_id,predicted_score
288.0,4.925011929993495
96.0,4.862729425107369
313.0,4.8394087349587975
286.0,4.826705788593358
316.0,4.822178232278015
272.0,4.804945604572386
318.0,4.770183308060745
195.0,4.704982651216816
258.0,4.669021803714155
144.0,4.634710449235282
