item_id,predicted_score
318.0,5.239955852467647
357.0,5.126787395652036
272.0,5.037894697046251
483.0,5.03742306537841
100.0,5.000664054592939
127.0,4.999373546676085
197.0,4.992123550545812
515.0,4.980630797272937
1449.0,4.959610423486671
603.0,4.945416007270696
