item_id,predicted_score
603.0,5.072202843232752
169.0,4.941406490062084
127.0,4.9412097444805525
191.0,4.924835537144263
50.0,4.916280017853327
1449.0,4.9025744555773825
313.0,4.878390301525592
174.0,4.86829566706691
318.0,4.790551042570512
483.0,4.778478227839361
