item_id,predicted_score
286.0,4.5762029565765445
515.0,4.488280663966645
496.0,4.332208824485176
318.0,4.315933932954743
1449.0,4.286758679291141
346.0,4.1890090956212624
588.0,4.150215327998483
251.0,4.14871783270274
483.0,4.143630680621541
151.0,4.141778805288997
