item_id,predicted_score
286.0,5.147793839033454
483.0,4.803022716183109
272.0,4.7656178864821745
169.0,4.692330927651911
318.0,4.672988631820075
315.0,4.632772329204893
346.0,4.62733542790618
1449.0,4.617828953145216
515.0,4.6139360527990245
512.0,4.610712107670982
