item_id,predicted_score
64.0,4.991642169023375
56.0,4.985400755784604
169.0,4.876175614662789
313.0,4.863878503958639
288.0,4.8189671720026315
272.0,4.816812033911953
7.0,4.800074143405236
174.0,4.783876769539629
83.0,4.748704747565191
22.0,4.741970942926802
