item_id,predicted_score
12.0,5.174163515371123
185.0,5.161846557616585
320.0,5.147940198357379
1449.0,5.12962319302744
318.0,5.123956633916409
64.0,5.121727684069675
483.0,5.113620060938616
169.0,5.109946310797864
199.0,5.093193438040809
114.0,5.088336646929887
