item_id,predicted_score
50.0,4.9570511147456555
168.0,4.899404412387142
302.0,4.852483529728786
483.0,4.844459758715755
169.0,4.78983149732238
191.0,4.7735724332282
100.0,4.742011137612593
137.0,4.684641797358812
185.0,4.681624338843237
603.0,4.657228429935503
