item_id,predicted_score
64.0,4.345274042901661
520.0,4.302127434910825
313.0,4.24450195962958
173.0,4.197644019621317
1449.0,4.195661232155327
114.0,4.159103112349708
199.0,4.154560795130541
318.0,4.147700206768776
169.0,4.146926735731477
300.0,4.140786303911808
