item_id,predicted_score
50.0,4.57667452717838
174.0,4.351914481641555
169.0,4.286657520219661
172.0,4.253895143724911
480.0,4.095343911962042
285.0,4.093534788148399
181.0,4.076734507258417
132.0,4.055767344011793
483.0,4.02131117418517
228.0,4.015071757100528
