item_id,predicted_score
286.0,6.072545436704095
14.0,5.371965350171951
289.0,5.22622465707762
462.0,5.173118861976629
475.0,5.059274777898478
258.0,5.00783691628341
272.0,4.9729051380013
515.0,4.972895071440151
1449.0,4.925662474590831
318.0,4.919658922079039
