item_id,predicted_score
100.0,5.128788708729585
127.0,5.11208581302847
64.0,4.946565630788716
185.0,4.8890195407054
187.0,4.784974906969648
427.0,4.784227011681915
496.0,4.779609747220512
655.0,4.757891880361985
482.0,4.716422432114101
215.0,4.692047086582811
