item_id,predicted_score
316.0,4.392278289420134
169.0,4.306175240074393
50.0,4.305078838589722
318.0,4.293355123823421
173.0,4.284111222745157
515.0,4.194072828582889
127.0,4.134903626041716
79.0,4.132489044704721
64.0,4.1259210923335
1142.0,4.118355085483742
