item_id,predicted_score
300.0,5.348250391272688
313.0,5.017793761136583
185.0,4.985573402931821
121.0,4.946766730103112
603.0,4.888569393773746
64.0,4.777190877594288
12.0,4.671316710532888
385.0,4.64312990952958
22.0,4.631883453531165
144.0,4.623855212632646
