item_id,predicted_score
50.0,4.914449742787449
199.0,4.860601040267815
483.0,4.772705231123454
172.0,4.748813982624453
357.0,4.747661239369225
285.0,4.728854490643871
89.0,4.726797749641387
318.0,4.725853989376804
169.0,4.646306972152316
114.0,4.64406891714224
