item_id,predicted_score
313.0,5.606163105072822
22.0,5.5425555377701965
64.0,5.239668420350286
173.0,5.011006711524252
69.0,4.93122630826559
272.0,4.9079183074540245
318.0,4.817242056065974
203.0,4.793903674348099
98.0,4.71057774340749
258.0,4.685662295243757
