item_id,predicted_score
1449.0,5.221818759314653
64.0,5.207862185775524
313.0,5.174912416755584
480.0,5.173313334491672
603.0,5.172940241496403
318.0,5.1423047984513905
427.0,5.121731869539137
357.0,5.114685985619086
22.0,5.094584063632287
197.0,5.019657941414296
