item_id,predicted_score
408.0,4.365753946555175
286.0,4.350557380531828
272.0,4.287521286550282
483.0,4.280561494079542
169.0,4.278986815491155
258.0,4.239181372499261
1449.0,4.17151895428325
433.0,4.171034135725006
515.0,4.163710712031161
315.0,4.159414934238885
