item_id,predicted_score
100.0,4.985709390671674
302.0,4.968534776750866
168.0,4.9161066794805
12.0,4.886904094228309
487.0,4.860688526794075
603.0,4.824760962962144
318.0,4.785579381560466
1449.0,4.782296853030373
514.0,4.723243706026718
488.0,4.70545299515035
