item_id,predicted_score
286.0,5.431213239146366
582.0,4.616906105300345
512.0,4.36314065156955
197.0,4.3237128243530645
923.0,4.3139687371395095
86.0,4.2675546173582735
194.0,4.2394182075984705
56.0,4.216232401143936
699.0,4.153988520624225
315.0,4.10050821345567
