item_id,predicted_score
483.0,4.969687660025993
1449.0,4.898298585275566
178.0,4.890003099788653
603.0,4.866003244383546
318.0,4.829406268263711
64.0,4.769601793427023
493.0,4.764245701364409
474.0,4.762628501040335
528.0,4.759191994078147
511.0,4.752804639983406
