item_id,predicted_score
1449.0,5.277378117319998
513.0,5.165916795394552
474.0,5.15850783590458
408.0,5.1584657521732815
921.0,5.116265169348156
285.0,5.073418239513392
45.0,5.068168387429216
169.0,5.063451554647028
657.0,5.060597420312362
515.0,5.049530152814339
