item_id,predicted_score
483.0,4.893776128332196
169.0,4.860026905003599
408.0,4.8485456501409985
318.0,4.847239428674279
1449.0,4.812978717365899
199.0,4.808589439365139
285.0,4.805158504814953
50.0,4.801442064551902
205.0,4.759134753132121
114.0,4.707652014157595
