item_id,predicted_score
258.0,4.811116062696625
515.0,4.794057678860565
302.0,4.788557757610133
318.0,4.7807435770557305
408.0,4.78073442920414
169.0,4.735660759712838
114.0,4.681830332047374
272.0,4.678640924461808
50.0,4.65480647364066
1449.0,4.641483701335212
