item_id,predicted_score
515.0,5.135679176755388
174.0,4.935340034013539
50.0,4.918895287037717
318.0,4.891577225253888
64.0,4.821249234883005
181.0,4.79345610321237
79.0,4.761989836624721
496.0,4.7544694982866496
96.0,4.737169843341108
98.0,4.734428639137499
