item_id,predicted_score
127.0,4.849773337595885
408.0,4.7532045117107815
134.0,4.733773845490917
285.0,4.649334302335136
474.0,4.593470040057795
178.0,4.536950906520392
12.0,4.514728184210857
56.0,4.5127932551663195
488.0,4.5068748760341695
654.0,4.500145070381836
