item_id,predicted_score
185.0,5.228436114615018
133.0,5.075977013220207
521.0,5.02319758255056
603.0,5.011878802966172
23.0,4.991392249353581
480.0,4.954078082548986
12.0,4.946586639794222
91.0,4.945306885428014
86.0,4.9331940272873895
611.0,4.931582312236434
