item_id,predicted_score
56.0,4.774433351233955
313.0,4.735897871554866
272.0,4.612845729862514
182.0,4.600570143349343
172.0,4.558040923401782
174.0,4.552643115443868
83.0,4.518597995797459
357.0,4.5139382028345345
42.0,4.49579848086085
276.0,4.478480767821296
