item_id,predicted_score
117.0,4.667991774502639
64.0,4.629912809223289
318.0,4.6164938477104975
300.0,4.536819670764856
22.0,4.500198299005213
98.0,4.423229655905831
520.0,4.373506701455941
12.0,4.353131774236475
114.0,4.336660030438302
265.0,4.3266942111952575
