item_id,predicted_score
198.0,4.869031623296022
22.0,4.865339877388046
748.0,4.8187721965119055
114.0,4.8132403636380685
12.0,4.77792365744941
1449.0,4.7762569685631355
173.0,4.769493989943141
487.0,4.768733099947425
98.0,4.761075164947172
64.0,4.754384145911585
