item_id,predicted_score
56.0,5.965240147266385
186.0,5.55645871663435
475.0,5.431733527153895
515.0,5.397865852844831
61.0,5.369594981852379
1142.0,5.348859939111753
285.0,5.328856762343468
83.0,5.282293794625234
523.0,5.274933532263466
513.0,5.243691468690535
