item_id,predicted_score
169.0,5.01749716420251
64.0,5.006283323855581
50.0,5.000374400265607
318.0,4.957946643758849
174.0,4.9449342990505905
313.0,4.893437447351177
12.0,4.845584961861562
408.0,4.841046560230402
515.0,4.821143043315446
1142.0,4.813708560438627
