item_id,predicted_score
172.0,4.943225600798353
50.0,4.922673549361993
83.0,4.89220160339844
237.0,4.831484868619692
173.0,4.8201477384681475
190.0,4.819560034989352
478.0,4.813366415598166
12.0,4.777899639142941
186.0,4.776411748591767
71.0,4.774255795829134
