item_id,predicted_score
333.0,5.287679204402956
96.0,5.057532169740091
118.0,4.900776661316456
186.0,4.846166066382199
313.0,4.843476396009029
282.0,4.831787055909527
71.0,4.830949322654294
161.0,4.810874933763732
392.0,4.79896310338173
1269.0,4.721049767221243
