item_id,predicted_score
50.0,4.586447808772108
181.0,4.523974516883403
174.0,4.302862987315457
121.0,4.2858362409486075
313.0,4.22846487018288
520.0,4.206858522309422
183.0,4.18895052006375
659.0,4.1867055381547456
429.0,4.1737566425917
651.0,4.170574711770186
