item_id,predicted_score
50.0,4.984189819517767
483.0,4.962866021869154
169.0,4.94401938076246
408.0,4.931367674778902
172.0,4.912318989328008
285.0,4.877666127336729
313.0,4.860942502606988
127.0,4.857853453481685
173.0,4.85766188483717
318.0,4.813676835361323
