item_id,predicted_score
64.0,4.946189509261319
169.0,4.828680586269645
313.0,4.69238423468421
480.0,4.691169291680305
12.0,4.689397982792358
114.0,4.6336632229768195
195.0,4.626405055568313
174.0,4.626318996810743
1142.0,4.615143116938436
1449.0,4.598083046628147
