item_id,predicted_score
127.0,5.10853391020177
199.0,4.796875343735501
134.0,4.7953178982742
479.0,4.732220002250231
285.0,4.719570084479152
185.0,4.650374068784192
603.0,4.62947537838325
178.0,4.629088477361027
408.0,4.61975944825813
474.0,4.6113473044091755
