item_id,predicted_score
50.0,4.9655938735891025
64.0,4.914398207747392
408.0,4.872731553482847
318.0,4.845312889380001
173.0,4.842155689140094
169.0,4.824708353968229
174.0,4.783594549477838
1449.0,4.774337168168285
302.0,4.769356130628345
172.0,4.758864189274628
