item_id,predicted_score
333.0,4.76536496355621
83.0,4.54528951956806
272.0,4.514520818822501
56.0,4.395428027784523
22.0,4.354463438009258
198.0,4.316819795897852
57.0,4.316650625804755
186.0,4.314158208051633
515.0,4.290460360780444
237.0,4.277211935896529
