item_id,predicted_score
474.0,5.56159756594238
408.0,5.5345406054451844
1449.0,5.532242038499677
462.0,5.48238388613672
178.0,5.412433452818265
603.0,5.410055106219309
12.0,5.407155690696447
127.0,5.399799935370596
480.0,5.389206924046943
1194.0,5.38716846705334
