item_id,predicted_score
1449.0,5.516281534884872
64.0,5.47359674418446
251.0,5.3179146144967095
170.0,5.304883562216062
22.0,5.292111490669744
318.0,5.286724823194585
178.0,5.272124308561312
98.0,5.256262049057088
272.0,5.252316864919797
498.0,5.251470262709504
