item_id,predicted_score
169.0,4.453465741904785
12.0,4.299128427560875
114.0,4.245106663734663
408.0,4.223655919417486
483.0,4.208059177363739
50.0,4.180271381536989
98.0,4.176329043551741
285.0,4.150746167037695
168.0,4.137430876041773
318.0,4.129230763322972
