item_id,predicted_score
1449.0,5.0531622029798
318.0,4.942681407029837
251.0,4.9081274399873855
483.0,4.889867657788796
320.0,4.876216365981667
114.0,4.847576874064896
98.0,4.838192255827931
512.0,4.820814419613987
169.0,4.816660352433731
59.0,4.788640931421624
