item_id,predicted_score
286.0,5.359652602355316
315.0,5.054372732926106
14.0,4.963065054596438
9.0,4.937760515808556
512.0,4.930958147543422
156.0,4.911782444279032
428.0,4.8998582002472215
258.0,4.874940193589821
179.0,4.8741805025011065
251.0,4.835222616169363
