item_id,predicted_score
408.0,4.717332336859235
285.0,4.397046728932679
199.0,4.388608651415827
172.0,4.387300854048755
694.0,4.38295453092848
203.0,4.379669595887181
286.0,4.372456412733346
313.0,4.362482805450068
178.0,4.353844182474569
1142.0,4.29724919723099
