item_id,predicted_score
185.0,4.9206905011516335
64.0,4.887729739730539
199.0,4.8346895922741036
12.0,4.827136213065648
178.0,4.799586944796234
483.0,4.739564110109671
318.0,4.736351811692764
480.0,4.7358487574063775
647.0,4.732626920412958
320.0,4.708678999650714
