item_id,predicted_score
56.0,5.036002700682042
169.0,4.648802497181553
114.0,4.503192167528148
515.0,4.465436206443464
921.0,4.460290207676667
408.0,4.459460985427895
98.0,4.442431155303681
1449.0,4.421443295172112
513.0,4.407375699919495
318.0,4.406102842354158
