item_id,predicted_score
474.0,4.8753332188232115
582.0,4.849338304853172
1449.0,4.794897274281496
1063.0,4.788781022632741
512.0,4.749103230919995
178.0,4.734035852855541
735.0,4.733560061439359
427.0,4.729320773867338
480.0,4.711454131923489
211.0,4.702948210280438
