item_id,predicted_score
98.0,4.98832872431458
288.0,4.9223660870940655
56.0,4.868468221519089
64.0,4.795244685646362
12.0,4.773106663972769
271.0,4.7520441830705185
408.0,4.72817825919043
515.0,4.712328072601513
127.0,4.664565586595806
180.0,4.650484406053597
