item_id,predicted_score
515.0,4.845974279638987
286.0,4.757369442334962
408.0,4.657450557778797
318.0,4.639371097010401
127.0,4.557246670347291
272.0,4.549501913642713
1449.0,4.545805422027456
83.0,4.5056211545843485
475.0,4.484612611379976
10.0,4.454439434684745
