item_id,predicted_score
127.0,5.2273384778494
172.0,5.00811528546578
272.0,4.896257818649959
134.0,4.83652327680279
50.0,4.787684650501811
357.0,4.726639487795563
199.0,4.714510002975743
190.0,4.711498758206331
641.0,4.695946070752312
474.0,4.682392967027406
