item_id,predicted_score
100.0,5.386835576879888
56.0,5.1939593157736725
169.0,5.148481535066881
12.0,5.096626531588424
172.0,5.0480865684607625
313.0,5.046468672077168
127.0,5.033160099779591
318.0,4.979977903978711
168.0,4.9775124579480865
89.0,4.976603709775584
