item_id,predicted_score
50.0,4.679645850294946
169.0,4.558685171150398
173.0,4.4492832720535755
318.0,4.401084611709095
181.0,4.3896501283636375
114.0,4.381667872776241
302.0,4.325059236376351
515.0,4.27091954055537
313.0,4.248272796053188
174.0,4.229217686753385
