item_id,predicted_score
50.0,4.364727733936658
318.0,4.204897806796684
258.0,4.1794584909396715
302.0,4.157241995969411
313.0,4.116156329938241
408.0,4.065675753763141
272.0,4.040289846200416
181.0,4.003972597592818
963.0,4.0021205952758345
515.0,3.9971074456223836
