item_id,predicted_score
603.0,4.869762819620153
169.0,4.867012041447905
483.0,4.785914832703866
427.0,4.725184772230971
480.0,4.7174465394234595
1449.0,4.671174868416625
511.0,4.669951299307547
582.0,4.652591036375293
651.0,4.64632991758203
197.0,4.641676352636539
