item_id,predicted_score
96.0,5.262785367527842
316.0,5.262116508634239
181.0,5.237868171651389
50.0,5.2317823019744
169.0,5.226120580696554
172.0,5.189280426392074
257.0,5.0670113956354275
313.0,4.9994247698043495
66.0,4.983630877778658
174.0,4.96182183889411
