item_id,predicted_score
89.0,5.045338620716171
408.0,5.018132969970388
515.0,4.983916441735512
285.0,4.983816471755855
127.0,4.975733138918769
346.0,4.96185045294191
169.0,4.9134575422635525
50.0,4.871243308556966
168.0,4.852168474379987
318.0,4.803644064340125
