item_id,predicted_score
313.0,5.2189922698997435
22.0,5.16919043698616
96.0,5.149531857010957
174.0,5.1460358081174435
12.0,5.036710179511846
242.0,5.022002597181649
1449.0,5.019083545403468
318.0,4.986134853021873
169.0,4.970088323119672
302.0,4.933895324586578
