item_id,predicted_score
127.0,5.04372274014251
276.0,4.676969375004302
474.0,4.586534012506236
100.0,4.577772188528391
9.0,4.569707601090116
14.0,4.530186790738798
408.0,4.525614168645079
480.0,4.4667230386156715
223.0,4.4424536750843355
1449.0,4.441408336066457
