item_id,predicted_score
64.0,4.654119545017257
357.0,4.481889432985668
127.0,4.462240435839343
50.0,4.456996316787369
98.0,4.446343404060793
496.0,4.437160790947056
318.0,4.396336600686331
174.0,4.374170039229657
100.0,4.305951040817932
56.0,4.301159189371696
