item_id,predicted_score
179.0,5.314083424561022
127.0,4.716526643839301
151.0,4.715531026366632
100.0,4.709171930754209
56.0,4.6093672147572855
340.0,4.541844632958695
169.0,4.529688496491773
124.0,4.459546688898955
483.0,4.419791278271974
191.0,4.396045319193172
