item_id,predicted_score
1449.0,4.548653714782718
320.0,4.422480336164666
251.0,4.39228077033975
318.0,4.383712196691711
12.0,4.377002101432038
657.0,4.374852294580373
603.0,4.364730157103286
64.0,4.3498398407551395
479.0,4.329508847878068
114.0,4.312655668734254
