item_id,predicted_score
251.0,4.2339986904450955
1449.0,4.230983646106049
512.0,4.1749776949862305
169.0,4.061115170054724
921.0,4.058007857868742
272.0,4.047710103312863
315.0,4.033234284427053
59.0,3.986900140492431
170.0,3.957595008027564
902.0,3.948125976662891
