item_id,predicted_score
483.0,4.9822751073904055
512.0,4.937172964877482
1449.0,4.927716279618041
173.0,4.867123071263032
169.0,4.860734624550508
124.0,4.857397713191501
318.0,4.856128919533424
19.0,4.810894168700738
528.0,4.7934389175324545
197.0,4.768805953575303
