item_id,predicted_score
318.0,5.3899982611647195
98.0,5.344955240947256
480.0,5.210996687409834
1449.0,5.200687154199831
511.0,5.170010913427466
64.0,5.149903041523571
357.0,5.144107509782087
493.0,5.113619028369946
483.0,5.110423378371663
22.0,5.099408229474656
