item_id,predicted_score
98.0,5.034643941137347
313.0,4.91986100957583
511.0,4.893978483405106
286.0,4.884133599137574
22.0,4.877662331470499
480.0,4.842149896921686
318.0,4.809320441920038
194.0,4.786802855834035
178.0,4.777660714733214
174.0,4.771464369704993
