item_id,predicted_score
169.0,5.070391622442933
64.0,4.993407552611147
98.0,4.986624869490829
318.0,4.943209521862066
12.0,4.90901400453851
408.0,4.881903892902244
1449.0,4.866632088051697
483.0,4.85266822333251
114.0,4.847228823868724
272.0,4.813896976903579
