item_id,predicted_score
100.0,3.9670050436096957
127.0,3.867402585325863
185.0,3.8227570160700894
64.0,3.8123766382926254
480.0,3.7701555841751104
320.0,3.6916656653602073
178.0,3.6775958036721432
169.0,3.6762641533300315
98.0,3.649803442817298
1449.0,3.641566232061124
