item_id,predicted_score
50.0,5.183444359849654
258.0,5.075178783287294
174.0,5.030482619431854
588.0,5.013036067938711
183.0,5.002265006668527
97.0,4.964650315943848
483.0,4.95997458210832
1449.0,4.918778688757166
169.0,4.9162794473382325
1.0,4.904816505951853
