item_id,predicted_score
318.0,4.843764314160028
515.0,4.821743089639746
169.0,4.625479809227963
408.0,4.623266748083266
170.0,4.615734969601931
173.0,4.615295876702325
313.0,4.611740384986903
272.0,4.605053089872649
12.0,4.527207820562278
64.0,4.515161582865013
