item_id,predicted_score
50.0,4.699516462870607
64.0,4.679937092798281
22.0,4.607729241983191
199.0,4.583700601407596
483.0,4.575684302861028
318.0,4.555022275919065
357.0,4.517664599599054
174.0,4.513258143886275
427.0,4.512714728212096
98.0,4.448310161308485
