item_id,predicted_score
1449.0,4.782484653222928
199.0,4.697512823856014
318.0,4.684609407453841
480.0,4.68418227497057
408.0,4.677006805650536
313.0,4.631748833771352
474.0,4.631356906928802
603.0,4.617152776449385
1194.0,4.613235078838442
488.0,4.607621690120413
