item_id,predicted_score
173.0,4.444627084188353
50.0,4.433050627599891
313.0,4.35640046779533
174.0,4.222876656800072
318.0,4.2225252121971035
172.0,4.175036680071192
181.0,4.159645331948125
64.0,4.109158169607546
1449.0,4.091839518449168
302.0,4.074705445801393
