item_id,predicted_score
56.0,4.1176299878850795
64.0,4.024858314917042
318.0,4.012878696171087
357.0,3.9489204820139925
203.0,3.9311393556142535
98.0,3.9150372138085716
1449.0,3.9009439224871265
197.0,3.825286390593398
22.0,3.806290251031836
96.0,3.7911180849227604
