item_id,predicted_score
603.0,4.476116394883499
1449.0,4.318195213765787
427.0,4.264666509779587
483.0,4.248820626925279
169.0,4.22608455628292
251.0,4.187259356313376
480.0,4.177533129755952
22.0,4.173736588424035
12.0,4.161316796065001
97.0,4.160372983739574
