item_id,predicted_score
56.0,5.0327142906304445
197.0,4.941411964256207
98.0,4.941238318265884
427.0,4.941045586021593
1449.0,4.853103431398676
515.0,4.853099980922887
357.0,4.829724589686608
318.0,4.811115700618497
346.0,4.795496151128808
498.0,4.767284769672477
