item_id,predicted_score
275.0,5.495701499342637
276.0,5.450108024330283
242.0,5.429751194764817
318.0,5.328806829875664
133.0,5.251046132377781
346.0,5.232146822966166
483.0,5.177077609541863
127.0,5.136766375618799
86.0,5.128091549907335
320.0,5.113099424475173
