item_id,predicted_score
1449.0,5.708956762167128
169.0,5.654091605699861
12.0,5.511362214120079
64.0,5.510203742306326
408.0,5.498124311519154
114.0,5.493801069622211
96.0,5.481770837586946
318.0,5.4804139466296595
603.0,5.464580194895963
921.0,5.459252762415157
