item_id,predicted_score
56.0,4.879984693691576
100.0,4.813721875261292
89.0,4.6175823577607575
179.0,4.543294954233657
180.0,4.497059951349677
114.0,4.4959154686469045
93.0,4.495380990118759
340.0,4.4540826483132285
320.0,4.430077426810296
357.0,4.423650832152938
