item_id,predicted_score
127.0,5.063001202189483
134.0,5.052975437800451
475.0,4.715835340797133
408.0,4.69966908337707
285.0,4.651857450474453
187.0,4.6407995746169775
190.0,4.601632077416474
479.0,4.587881444161976
474.0,4.583318745827558
179.0,4.5623281111676555
