item_id,predicted_score
318.0,4.892290894240677
498.0,4.698442100977767
515.0,4.663762772972385
12.0,4.646633204548734
64.0,4.628778628954046
300.0,4.626326297765658
496.0,4.595108762499473
98.0,4.587744476645396
487.0,4.5513963714841825
1449.0,4.529108814572734
