item_id,predicted_score
408.0,5.193242320912931
302.0,5.12669034639322
12.0,5.103455361456047
169.0,5.087254926058588
320.0,5.021489590667178
285.0,5.013653967775704
114.0,5.004146118477944
1449.0,4.975344822421113
124.0,4.962932910036519
127.0,4.956143116400971
