item_id,predicted_score
1449.0,4.95220776674132
515.0,4.875418486697772
657.0,4.862216617867806
45.0,4.825849552674582
83.0,4.811681535621028
520.0,4.793256049949678
1142.0,4.781608485387707
513.0,4.779698259559131
176.0,4.7784809719646235
519.0,4.772731141959526
