item_id,predicted_score
127.0,5.157163974933184
357.0,5.1000459828612605
100.0,5.004074074794307
98.0,4.9203384279423314
64.0,4.908803521391502
318.0,4.881601997337971
135.0,4.830670560076213
187.0,4.824297907335944
174.0,4.8030675043037725
511.0,4.776916117241125
