item_id,predicted_score
169.0,4.904235063876405
483.0,4.854248924373551
285.0,4.838337814583738
408.0,4.837291567274332
50.0,4.828303994011857
172.0,4.770198435309152
513.0,4.681221457754088
124.0,4.676909851231195
603.0,4.6542832281849
1449.0,4.653798806496429
