item_id,predicted_score
89.0,4.651392295068942
12.0,4.623063229638482
185.0,4.533720120276656
480.0,4.526016596762071
127.0,4.458367552376241
114.0,4.436885389759871
100.0,4.431728272220277
408.0,4.415192406630825
318.0,4.40216659343139
8.0,4.331367309813737
