item_id,predicted_score
1449.0,4.901156145578231
258.0,4.833373057672326
474.0,4.732649093733315
315.0,4.697163812069134
272.0,4.665253586001152
251.0,4.659477939915287
286.0,4.652765919110318
318.0,4.642345064594209
178.0,4.62601296532328
603.0,4.609145717907832
