item_id,predicted_score
474.0,4.551772066514496
134.0,4.508627998969463
1449.0,4.465191464016001
603.0,4.464856275861065
511.0,4.42043048103346
408.0,4.3789697853915
48.0,4.356903249512694
14.0,4.351909060498722
127.0,4.342453718814504
178.0,4.324756091966145
