item_id,predicted_score
474.0,5.061406194095438
357.0,4.978202921423257
427.0,4.932338955738588
174.0,4.924634337769341
100.0,4.920885471990188
127.0,4.890554847934349
135.0,4.875757142512888
429.0,4.8641286531321235
97.0,4.858695833389751
182.0,4.852842513814936
