item_id,predicted_score
286.0,4.967398949888431
12.0,4.810578882648778
318.0,4.792127390088164
408.0,4.772630201120414
515.0,4.763342848703514
1449.0,4.757778266480136
272.0,4.72651321490422
603.0,4.6920900660277916
513.0,4.67294428746287
483.0,4.667288673911692
