item_id,predicted_score
50.0,4.438166856546299
169.0,4.432260167289372
285.0,4.329733154950306
64.0,4.2381907206111205
320.0,4.193521166280819
483.0,4.170790304135571
205.0,4.168872384931203
174.0,4.139432274225667
408.0,4.1272573264226295
114.0,4.124027083026777
