item_id,predicted_score
302.0,5.603988184534467
89.0,5.59308644646671
12.0,5.529768715449483
100.0,5.483841121700147
487.0,5.436289061850521
169.0,5.395007726141315
318.0,5.38238592248557
114.0,5.361069785628731
121.0,5.353775038474064
196.0,5.3505823609403595
