item_id,predicted_score
169.0,4.368165349992069
50.0,4.3320617514870365
302.0,4.309737766970933
285.0,4.303025605976845
496.0,4.296899054882559
483.0,4.284399196722341
427.0,4.273328967775259
408.0,4.243923951753828
320.0,4.241340108829526
647.0,4.240562453889344
