item_id,predicted_score
313.0,5.03827010234405
96.0,5.035737389162248
22.0,4.98913831461219
1449.0,4.9437031320720495
64.0,4.909784547181609
11.0,4.902161435675389
169.0,4.877504768994186
328.0,4.834741171819648
174.0,4.802674694807033
121.0,4.786008116614982
