item_id,predicted_score
313.0,4.456651060594734
318.0,4.28708404153896
302.0,4.214624947226079
50.0,4.185490728620397
480.0,4.138908668766819
12.0,4.1357701551742645
174.0,4.11576500164731
408.0,4.077562426104732
357.0,4.0757267796196714
258.0,4.072717668529418
