item_id,predicted_score
1449.0,4.244727132133124
474.0,4.207836028236404
258.0,4.163806571918048
127.0,4.132501194584129
603.0,4.128428114233962
302.0,4.106642884861832
100.0,4.088952431593963
169.0,4.068496645142929
488.0,4.061510472276229
134.0,4.054551829176843
