item_id,predicted_score
169.0,4.837943142072226
603.0,4.837600530813182
483.0,4.769176777427104
12.0,4.735615781142803
1449.0,4.732878552755889
408.0,4.712725570718789
318.0,4.666079230597224
272.0,4.623063689298796
528.0,4.599423223399232
513.0,4.584674923073536
