item_id,predicted_score
318.0,4.554304650305583
483.0,4.528521025590695
98.0,4.515983328005494
64.0,4.51337749214639
173.0,4.505574034538963
169.0,4.500009549439921
50.0,4.47932210966079
174.0,4.428105672989448
408.0,4.3924736107438624
172.0,4.375634566234031
