item_id,predicted_score
603.0,4.9387473223628255
56.0,4.931506808683466
1449.0,4.931146472053595
661.0,4.928309155745065
513.0,4.913249094814491
320.0,4.879754612475401
480.0,4.859530716062034
657.0,4.846226718061128
12.0,4.84348841870904
180.0,4.823418080699842
