item_id,predicted_score
318.0,4.969940664073813
64.0,4.96130519526807
1449.0,4.900285461807158
408.0,4.899891260353744
169.0,4.899277475498582
272.0,4.891826755149596
98.0,4.8608397918351605
515.0,4.798291159581566
483.0,4.792332667891513
199.0,4.747572286979094
