item_id,predicted_score
302.0,4.876988822821641
50.0,4.864059137588298
100.0,4.676293961340385
174.0,4.582478481278501
172.0,4.544511952756661
127.0,4.536697447115618
318.0,4.512778713109439
89.0,4.510385408827675
191.0,4.509861443553797
357.0,4.4962177250462485
