item_id,predicted_score
12.0,4.7710054256900705
169.0,4.734165453227186
64.0,4.635454129604682
408.0,4.6300117711475615
603.0,4.618237289616443
98.0,4.583079797871002
1449.0,4.576838916052671
285.0,4.566433736823511
178.0,4.551825082323477
480.0,4.546696772783338
