item_id,predicted_score
169.0,4.607641436300713
318.0,4.590782797875303
1449.0,4.5438445808027135
483.0,4.501426657850608
286.0,4.474294366549457
124.0,4.474269167044945
515.0,4.472235455083289
357.0,4.445817181284887
50.0,4.4428185464241245
408.0,4.4279724365801885
