item_id,predicted_score
143.0,5.433933981159383
318.0,4.716648779381221
22.0,4.6672087107529405
173.0,4.602968150833681
196.0,4.55790715980272
79.0,4.531959533016336
64.0,4.4610378926144625
8.0,4.459329071476887
12.0,4.449139703466262
300.0,4.432705142846575
