item_id,predicted_score
56.0,5.35196015755276
286.0,5.2215741931276085
100.0,5.065731405467642
513.0,5.057828490313712
357.0,5.024808508913706
318.0,5.0232094696145735
1449.0,5.006277616568417
661.0,4.969275542668165
474.0,4.964424595402484
923.0,4.956082712394991
