item_id,predicted_score
56.0,4.755020541426662
709.0,4.375759769522356
320.0,4.369085898058884
657.0,4.341067778467457
180.0,4.339505274630854
114.0,4.33606840181253
192.0,4.3244828109157725
474.0,4.315638569760953
513.0,4.278525249914806
238.0,4.267121344909832
