item_id,predicted_score
451.0,4.816842703226112
161.0,4.805556171235078
921.0,4.745856806343127
251.0,4.745372267224327
1194.0,4.732430900525882
421.0,4.731403471558444
241.0,4.702478214340105
71.0,4.687122351955633
923.0,4.677747513173855
520.0,4.667928083943307
