item_id,predicted_score
173.0,4.798757044158732
50.0,4.766982518728328
427.0,4.7244506077183575
127.0,4.670900950410241
174.0,4.651245196209592
23.0,4.642696888856785
97.0,4.497848855872028
22.0,4.49364067722953
313.0,4.488249568590908
181.0,4.439617560700964
