item_id,predicted_score
276.0,4.7399675080955905
242.0,4.646120395053715
515.0,4.631058324638438
56.0,4.616239864250499
191.0,4.565708114882666
318.0,4.554288303925308
488.0,4.529219147365037
124.0,4.526799991941406
170.0,4.522774890304773
483.0,4.516410653279757
