item_id,predicted_score
302.0,4.958982504396349
474.0,4.718911732389504
258.0,4.678841692684118
127.0,4.643550953163715
408.0,4.600751006256432
100.0,4.568929411987477
9.0,4.558339801415561
192.0,4.557088042204447
89.0,4.555220949530873
272.0,4.5031949416933506
