item_id,predicted_score
285.0,4.734954477610054
132.0,4.678117628569973
169.0,4.6671458265668875
483.0,4.604946009143566
50.0,4.598311685508049
923.0,4.593346395765061
408.0,4.585689779597931
1449.0,4.537544442133242
496.0,4.530149886310342
606.0,4.52491132041401
