item_id,predicted_score
1449.0,4.669282681237575
483.0,4.586016281389054
474.0,4.580303390264528
169.0,4.570144464689587
408.0,4.556913591285757
272.0,4.535384983535023
963.0,4.5213405004785985
318.0,4.488665608161891
178.0,4.474969234935278
251.0,4.461716524319478
