item_id,predicted_score
169.0,5.480790294560925
408.0,5.353988010726072
507.0,5.303796880268282
56.0,5.292442680406472
285.0,5.286672107005552
134.0,5.275481526974496
7.0,5.263651100005271
663.0,5.208969553828666
921.0,5.186137813494553
93.0,5.169159725177435
