item_id,predicted_score
302.0,4.591264238050947
283.0,4.537630494248033
496.0,4.503081446236416
258.0,4.442314034451024
127.0,4.363741053340521
272.0,4.353913631652324
50.0,4.349124884160188
251.0,4.345371374743475
515.0,4.280824590401787
408.0,4.269561788240921
