item_id,predicted_score
64.0,4.574611232117482
127.0,4.564270890622442
408.0,4.553035881352122
479.0,4.529290052759096
169.0,4.51402864117747
12.0,4.506471180983231
199.0,4.50593334718485
475.0,4.488489637071506
114.0,4.474319365976854
7.0,4.473035710536983
