item_id,predicted_score
515.0,4.948951257625794
56.0,4.917746300881945
408.0,4.880676086828037
320.0,4.869199980858313
124.0,4.850735285442207
169.0,4.749820111119936
919.0,4.723290288170372
269.0,4.7222404043205595
483.0,4.706798286490345
318.0,4.680474318122229
