item_id,predicted_score
12.0,5.267425201388174
9.0,5.2656844264761
654.0,5.225792766296944
474.0,5.224318772294276
408.0,5.211174078989309
23.0,5.208497073440572
60.0,5.205070360000069
603.0,5.195828141216111
276.0,5.195291238852958
1449.0,5.185769191157843
