item_id,predicted_score
60.0,5.129903353388473
169.0,5.074683978795847
512.0,5.0131847080485015
134.0,5.006129043623889
709.0,4.9998269469482555
694.0,4.97394268667552
285.0,4.963395722426987
408.0,4.957829666857406
170.0,4.950633740239146
483.0,4.941735281246356
