item_id,predicted_score
286.0,5.199288177546764
515.0,4.88990198090823
205.0,4.780873744898884
318.0,4.7760091558480395
272.0,4.755254642379097
45.0,4.718203488711682
408.0,4.667381106616445
1449.0,4.6209749020531135
199.0,4.618111035423817
357.0,4.578829478797362
