item_id,predicted_score
169.0,5.300348701582401
408.0,5.2845058309249175
302.0,5.266483212088159
320.0,5.239912807835467
251.0,5.208533837515214
515.0,5.207338124686348
318.0,5.202493592795171
1449.0,5.17783314224563
512.0,5.171089478241848
12.0,5.164782851533413
