item_id,predicted_score
515.0,4.753356182803414
318.0,4.718497060888808
408.0,4.7033464487638454
64.0,4.696546832208466
12.0,4.6753154081129935
1449.0,4.671274276976537
45.0,4.63049571905631
320.0,4.600452778279568
199.0,4.585068763232754
98.0,4.584174965823338
