item_id,predicted_score
169.0,4.070117412203924
318.0,4.0225412194612575
50.0,3.969670981979968
1449.0,3.9616980387871843
173.0,3.9446177686737323
483.0,3.9211376056368543
174.0,3.9167779198892045
515.0,3.9057772833870277
22.0,3.905116815104201
64.0,3.896531112911496
