item_id,predicted_score
169.0,5.052551827113971
172.0,4.880356189506013
408.0,4.812867062246835
268.0,4.773527732041318
50.0,4.7368901819637586
228.0,4.7291248092631655
96.0,4.717712495358539
246.0,4.71587102195421
313.0,4.6638360903770355
285.0,4.662937463896839
