item_id,predicted_score
169.0,4.57802117595091
483.0,4.481627024497571
205.0,4.468826528127853
176.0,4.454478636295649
320.0,4.433365042032375
318.0,4.4271120859244615
313.0,4.42468499563143
50.0,4.41382923539409
520.0,4.385546322678146
408.0,4.37859884426808
