item_id,predicted_score
1449.0,3.9510559296169583
242.0,3.9497922502200984
12.0,3.9460043901165975
483.0,3.935748651196224
318.0,3.910698419339482
169.0,3.9054806816660768
320.0,3.8939377253017975
480.0,3.863667569370289
603.0,3.849262595096932
114.0,3.8454554784555577
