item_id,predicted_score
302.0,4.544362966898331
507.0,4.378530187089714
603.0,4.378298161756896
474.0,4.331859185711622
100.0,4.310713240732012
483.0,4.306960925719618
318.0,4.302553187324605
1449.0,4.291318619949356
191.0,4.239857295189286
357.0,4.221082854435743
