item_id,predicted_score
169.0,4.564525527159524
483.0,4.5300497548455665
127.0,4.526718751298737
603.0,4.499715159336714
285.0,4.4709163531936875
137.0,4.450505118922071
134.0,4.415576122596127
474.0,4.398450362739448
432.0,4.391396401038282
320.0,4.378042561497523
