item_id,predicted_score
64.0,5.52449590776229
185.0,5.208544468720772
98.0,5.17067810976718
173.0,5.140947128698063
12.0,5.127700043181034
169.0,5.104743706632798
480.0,5.0838780215989985
187.0,5.082189869376364
114.0,5.054006082138106
357.0,5.0470449679378335
