item_id,predicted_score
169.0,4.5510940054388085
408.0,4.306226369331744
124.0,4.194576988390469
318.0,4.149532537009062
50.0,4.145432954922392
12.0,4.099905832949088
1449.0,4.0781641835453035
515.0,4.065661565533283
134.0,4.064587297482957
96.0,4.0534188950117755
