item_id,predicted_score
483.0,4.775891681544814
346.0,4.714660461638662
498.0,4.685929566099421
496.0,4.640475749852923
528.0,4.588682386501308
435.0,4.566311288984085
199.0,4.563319227447418
197.0,4.522039882022829
320.0,4.508840012415411
151.0,4.49923486399209
