item_id,predicted_score
12.0,4.489126516795101
169.0,4.43003555197444
408.0,4.424061886411721
318.0,4.40340323855994
1449.0,4.3875341189666175
483.0,4.328389241366384
515.0,4.305957132615366
199.0,4.302074639091099
64.0,4.293444198199226
513.0,4.267604162171432
