item_id,predicted_score
56.0,4.620380990404875
318.0,4.479023065180069
100.0,4.442416163279281
98.0,4.432080478814455
357.0,4.4219304908151305
64.0,4.386660902336606
408.0,4.341225239225477
515.0,4.338777035816821
169.0,4.33520200062156
174.0,4.313005003531144
