item_id,predicted_score
64.0,4.275930410022703
318.0,4.236148430282636
357.0,4.229212012042387
1449.0,4.203122111955714
251.0,4.18358666103381
56.0,4.117694597585664
474.0,4.106216864048731
302.0,4.096339704566967
178.0,4.090669740043635
735.0,4.062225106711757
