item_id,predicted_score
56.0,4.95593178862399
169.0,4.917288037566703
483.0,4.881301668749639
100.0,4.8775642463674345
515.0,4.860310698482029
318.0,4.847844961447458
12.0,4.846183371258993
197.0,4.783218207461469
64.0,4.77744613255282
1449.0,4.767380516992929
