item_id,predicted_score
286.0,5.098825200062465
258.0,5.004355616997958
9.0,4.876326231597226
318.0,4.835055962275406
127.0,4.821288038985645
313.0,4.818858042137268
515.0,4.65993071721736
408.0,4.658923476478187
302.0,4.650167828594467
357.0,4.635423672640419
