item_id,predicted_score
22.0,5.041626483305206
496.0,4.95991296533993
98.0,4.856452051095192
498.0,4.849594157782684
174.0,4.8063342603911074
50.0,4.799716670592644
378.0,4.792387795956193
96.0,4.76257521796715
199.0,4.756610943245308
97.0,4.742303956226907
