item_id,predicted_score
50.0,4.918162489861805
286.0,4.804056241916859
174.0,4.744761938680412
172.0,4.668600674154941
96.0,4.63161989708102
181.0,4.591054093121841
83.0,4.552899809833065
272.0,4.5125320613403295
385.0,4.479704029680621
169.0,4.471221724013978
