item_id,predicted_score
12.0,4.915804843521403
603.0,4.905053452393626
197.0,4.843612522134338
496.0,4.824436879523477
100.0,4.791955610998768
480.0,4.76002952008813
191.0,4.669399642827112
606.0,4.667022045589271
133.0,4.645027654218651
607.0,4.644867675643699
