item_id,predicted_score
1449.0,4.437927047441088
318.0,4.390791470412239
515.0,4.377686779684446
483.0,4.313547103727501
169.0,4.303340688770803
12.0,4.296611356780882
528.0,4.2857556997372654
272.0,4.275178121798514
408.0,4.251293481336594
603.0,4.240602340598977
