item_id,predicted_score
127.0,5.217177684526399
185.0,4.796655164167703
100.0,4.707036756626277
50.0,4.631671492387674
89.0,4.5978864557382835
318.0,4.513816774045888
320.0,4.495092267096136
192.0,4.48486118822627
483.0,4.4842901275224
474.0,4.482446199593739
