item_id,predicted_score
169.0,4.5601306270225095
483.0,4.382603411894319
50.0,4.381084803429791
320.0,4.347704892183517
318.0,4.297263682135581
408.0,4.278733861305516
272.0,4.258043939607254
963.0,4.25424777484567
520.0,4.239353440823037
228.0,4.236784348760752
