item_id,predicted_score
302.0,4.788108249206271
56.0,4.677331664820429
408.0,4.46624674250193
276.0,4.427783318433167
515.0,4.40673294441084
50.0,4.404152040208959
286.0,4.39422895762153
483.0,4.389479184710393
172.0,4.363163689461551
474.0,4.3448326744281776
