item_id,predicted_score
98.0,4.516434756879444
603.0,4.494163853409399
1449.0,4.478795359159467
56.0,4.457678918710239
12.0,4.391990930990652
511.0,4.381166075795085
318.0,4.375872186205516
357.0,4.37568471098664
513.0,4.3531988446340435
178.0,4.3489399294692195
