item_id,predicted_score
1449.0,4.501309345673752
318.0,4.475708751455402
12.0,4.47087358058148
286.0,4.4158653377429795
302.0,4.406466899785866
242.0,4.403347245528695
603.0,4.362001267078647
408.0,4.341160083395226
1194.0,4.3284555637803335
480.0,4.326083038027254
