item_id,predicted_score
654.0,4.46431973996247
185.0,4.446522812251344
474.0,4.342077388304189
647.0,4.340409114658094
178.0,4.326253713415752
59.0,4.294006609445123
60.0,4.289870769139228
1194.0,4.2444096050512305
514.0,4.233410256393391
408.0,4.231298405669221
