item_id,predicted_score
56.0,5.31176763715167
603.0,5.136375695967187
507.0,5.098562856431604
474.0,5.075889134538642
137.0,5.034328572131646
1449.0,5.019815835069359
489.0,4.996762029876308
606.0,4.990705314798206
513.0,4.981747762520093
23.0,4.9650537074538805
