item_id,predicted_score
172.0,5.263764597691733
89.0,5.002846671533299
50.0,4.964070700266648
173.0,4.915355674377624
318.0,4.830414294025243
199.0,4.809791964057296
408.0,4.807209988140639
272.0,4.767029871756105
268.0,4.740776584112838
181.0,4.736059109263708
