item_id,predicted_score
169.0,4.9263001170797915
64.0,4.813658207519639
270.0,4.696069731234203
183.0,4.669796295258942
302.0,4.658853596944115
189.0,4.6545047157711545
512.0,4.653412724553775
520.0,4.65016395293477
114.0,4.64939084379068
128.0,4.646898999248753
