item_id,predicted_score
56.0,5.947149914763026
515.0,5.489484341501282
318.0,5.431001320596586
357.0,5.361270843738813
288.0,5.158982202426012
12.0,5.15421949094142
64.0,5.070716560925209
124.0,5.0606838572870085
191.0,5.0585423845829265
340.0,5.043343306669165
