item_id,predicted_score
1449.0,4.483465892033161
64.0,4.383343195977397
474.0,4.378896249273452
174.0,4.369251960169367
272.0,4.357644683435279
427.0,4.349841604795271
483.0,4.345694252070804
178.0,4.327978461724099
603.0,4.326875716041489
963.0,4.32453578633571
