item_id,predicted_score
318.0,4.869617388688796
483.0,4.682130095513906
64.0,4.635275092474983
22.0,4.633027036884628
1449.0,4.625213308603676
357.0,4.624813171803722
515.0,4.609494671042701
496.0,4.5784351443602445
79.0,4.5370225699053535
174.0,4.535678130341522
