item_id,predicted_score
173.0,5.254542025681531
64.0,5.2280865379369255
313.0,5.062443003669717
172.0,5.029671864015094
50.0,5.0156952217524555
181.0,5.014426116987886
257.0,4.880922751967509
174.0,4.863625328170148
272.0,4.861617708665497
228.0,4.856579958597811
