item_id,predicted_score
515.0,4.542497579323066
56.0,4.396332584979475
340.0,4.255879078359302
318.0,4.2030217199476185
582.0,4.162033851281057
475.0,4.084291855145208
275.0,4.051104325406374
1449.0,4.044365960143691
346.0,4.024882594437262
223.0,4.013631899399326
