item_id,predicted_score
169.0,4.615502887047841
357.0,4.60788061577032
205.0,4.572757532190142
318.0,4.572686258786114
513.0,4.566706967070643
100.0,4.561111223153187
515.0,4.557879077380395
156.0,4.555173301856398
56.0,4.5497283315817825
483.0,4.541361368786547
