item_id,predicted_score
408.0,4.713216839311681
12.0,4.634232705864421
169.0,4.626568174233963
318.0,4.624886109487681
199.0,4.598523561911204
320.0,4.595318072240467
483.0,4.553171779583206
313.0,4.55291450480381
1449.0,4.552618437676696
64.0,4.527649449251394
