item_id,predicted_score
50.0,4.487551944403442
121.0,4.410269617755067
185.0,4.405581172113987
191.0,4.38447329566523
429.0,4.332402752536887
174.0,4.326774703340122
100.0,4.313215216857187
423.0,4.301072108473368
357.0,4.2990078954628315
22.0,4.292151968296637
