item_id,predicted_score
127.0,4.154298998550839
318.0,4.151760821703023
408.0,4.148113465362614
603.0,4.134208808442279
12.0,4.125063328757935
1449.0,4.1247501813675225
515.0,4.1156229057014375
169.0,4.089156433284078
56.0,4.085424560578382
124.0,4.036422809296209
