item_id,predicted_score
427.0,4.783935814637035
127.0,4.748045809149844
488.0,4.727868417337442
603.0,4.7106966878190075
347.0,4.686870914501462
99.0,4.679855618440808
483.0,4.663061017424766
170.0,4.662099914660215
134.0,4.645787308368888
511.0,4.624753130192076
