item_id,predicted_score
286.0,5.051494837782647
1449.0,4.945059461522105
408.0,4.9395609357232875
169.0,4.934244516139941
515.0,4.8719715862740145
483.0,4.855323730842127
318.0,4.846377750664316
313.0,4.828050697763493
272.0,4.825876595487735
923.0,4.795159749943797
