item_id,predicted_score
50.0,4.4927191354009794
515.0,4.3477195689343615
285.0,4.329950937515002
275.0,4.313906298258346
408.0,4.294722476267526
8.0,4.2935532740656575
1449.0,4.284587107191862
174.0,4.264690321613377
169.0,4.261500095747797
963.0,4.256661305405604
