item_id,predicted_score
320.0,4.398052466072387
258.0,4.380918526009848
169.0,4.293284369128112
175.0,4.2808639246179085
251.0,4.238883852995358
923.0,4.230340507841422
1449.0,4.227250078962279
919.0,4.215453871535824
474.0,4.197574358839485
963.0,4.197418827376479
