item_id,predicted_score
169.0,4.756667517330403
408.0,4.6700264847341515
313.0,4.597380755996107
515.0,4.558419853975146
1449.0,4.489166163355126
302.0,4.486681605512513
12.0,4.482242136828585
483.0,4.481316406091988
285.0,4.474427027188998
318.0,4.474131861536924
