item_id,predicted_score
313.0,5.39186724170198
172.0,5.2779485852951495
174.0,5.277770423999538
50.0,5.246295805089501
181.0,5.068784517261816
96.0,5.035565279927579
408.0,5.015356436680002
22.0,4.898287303424233
258.0,4.8321884353431095
64.0,4.808643132394518
