item_id,predicted_score
127.0,5.0040693582263325
9.0,4.970852027938069
474.0,4.939487676645496
603.0,4.880574482218437
302.0,4.855944625106128
134.0,4.822413342707
357.0,4.811340811938576
507.0,4.79972569186034
56.0,4.77114902236368
100.0,4.758188143586242
