item_id,predicted_score
169.0,4.81641142546352
172.0,4.668603744590863
408.0,4.64016654407646
174.0,4.636405390471092
50.0,4.6283926729399525
134.0,4.591719668344912
603.0,4.588191910695246
1449.0,4.571614737709002
96.0,4.531909136747132
285.0,4.501597419033774
