item_id,predicted_score
474.0,4.72698080429024
178.0,4.543929600652578
488.0,4.509313399106919
185.0,4.501302787695565
1449.0,4.500183408383584
483.0,4.497019176502088
302.0,4.463160785937533
647.0,4.429121148910046
320.0,4.424064654611144
603.0,4.412296572873602
