item_id,predicted_score
515.0,4.6991304983142275
50.0,4.607274798969482
318.0,4.5819279790902705
357.0,4.414728890376607
127.0,4.4123960108329365
302.0,4.400137472071263
191.0,4.326087535054114
313.0,4.2356284407234845
423.0,4.215456567493184
173.0,4.177174697979029
