item_id,predicted_score
474.0,4.781026674100737
483.0,4.7643016672288185
302.0,4.764108071486379
9.0,4.682047300681237
512.0,4.646257158430604
251.0,4.625398035637868
488.0,4.620109811424578
1449.0,4.615534758717774
137.0,4.612620714968809
242.0,4.607959340854267
