item_id,predicted_score
169.0,4.6403961417327775
408.0,4.63929518044255
50.0,4.514093607823828
172.0,4.484395051847906
174.0,4.4730821042021605
114.0,4.4478836387604055
96.0,4.446114558410195
64.0,4.394418591777139
313.0,4.385436690507361
12.0,4.354042775560511
