item_id,predicted_score
179.0,5.128831904058026
89.0,5.120262971939336
589.0,5.077119549576705
169.0,4.995999486253287
408.0,4.9587800637213855
183.0,4.9117719684809895
285.0,4.874952149515967
59.0,4.839115576178541
114.0,4.832021191306806
211.0,4.714639223916585
