item_id,predicted_score
64.0,4.716871783706047
318.0,4.709247856837954
114.0,4.679391979215373
313.0,4.673331351733948
1449.0,4.653109820884992
408.0,4.625038399933395
272.0,4.622836204901543
520.0,4.619975758703035
480.0,4.584190646937908
178.0,4.5734225180503945
