item_id,predicted_score
98.0,4.946654821561323
169.0,4.902419397553798
318.0,4.889406976769174
408.0,4.880811597626511
50.0,4.852873588687025
272.0,4.82747720661612
64.0,4.818960881947117
483.0,4.815012891409602
114.0,4.75413059637992
1449.0,4.7150843916968
