item_id,predicted_score
127.0,4.736902896716511
169.0,4.626454453631042
191.0,4.602258444348025
100.0,4.581491727694825
357.0,4.518420285024701
318.0,4.5159223767406615
515.0,4.484555836989417
98.0,4.455405045051702
603.0,4.435283361368007
1449.0,4.423043689658629
