item_id,predicted_score
1449.0,4.3229813721581385
483.0,4.292063999007491
169.0,4.269295909624299
408.0,4.26376452383599
251.0,4.242183302108296
474.0,4.223517471564689
199.0,4.208432144107292
694.0,4.205019115696606
488.0,4.203412713489027
512.0,4.201143137607338
