item_id,predicted_score
275.0,4.813196466286069
483.0,4.707443229439868
320.0,4.5763949713434435
86.0,4.538752734608592
507.0,4.482528993584523
269.0,4.450335066355709
493.0,4.385340416394359
1449.0,4.376268715717731
603.0,4.374958296236892
474.0,4.364370073195365
