item_id,predicted_score
169.0,5.104294357190024
408.0,4.950066009079382
1449.0,4.939918597037287
272.0,4.930523600995723
512.0,4.915932813288041
515.0,4.899235980089698
318.0,4.846702940040304
483.0,4.79662124561276
315.0,4.789548289599185
316.0,4.779472165861383
