item_id,predicted_score
64.0,5.039496693529096
318.0,4.855425919124401
22.0,4.854640885144897
174.0,4.786297925992283
12.0,4.734505941831189
496.0,4.7271268929937404
98.0,4.696522452622329
50.0,4.679138656400991
69.0,4.67451280723142
96.0,4.670344158667654
