item_id,predicted_score
709.0,4.791777870127753
408.0,4.707951520906317
169.0,4.637718955589959
474.0,4.595729591627113
919.0,4.589411793098319
251.0,4.576758709087359
921.0,4.552371346354554
1449.0,4.538194040869899
116.0,4.53560672675022
285.0,4.52294571155535
