item_id,predicted_score
169.0,4.570099250051068
12.0,4.544828960977907
302.0,4.518735782637515
318.0,4.505641156621191
1449.0,4.500027754148989
114.0,4.487684648118119
408.0,4.46070327475837
64.0,4.449345407896105
50.0,4.449269628615086
483.0,4.429799795585392
