item_id,predicted_score
191.0,4.964292326852203
357.0,4.9421708476638635
318.0,4.941655369253565
50.0,4.893940535675858
427.0,4.88189701229493
1449.0,4.875574227878028
127.0,4.854668530445643
659.0,4.833511196250777
100.0,4.829610327386609
423.0,4.816510852976071
