item_id,predicted_score
272.0,3.615192814936669
169.0,3.5890961847453173
96.0,3.5293700887182142
1449.0,3.521062111379948
661.0,3.480456384327179
603.0,3.456370779720623
313.0,3.44455702360974
408.0,3.4240716526201824
963.0,3.41867761315642
641.0,3.416254093877798
