item_id,predicted_score
318.0,5.295698683105812
64.0,5.265739299678123
1449.0,5.259887340063588
251.0,5.249197970754289
496.0,5.208110381593062
483.0,5.192596657983067
114.0,5.1827769499071055
479.0,5.167706049690485
12.0,5.164087904188308
178.0,5.159337611991005
