item_id,predicted_score
357.0,4.994321993283608
427.0,4.969435550305035
56.0,4.963239877712573
50.0,4.932843235290289
423.0,4.922276330558725
64.0,4.913773287737814
69.0,4.861216742595891
283.0,4.855326921193788
174.0,4.842883229870525
302.0,4.829541113205859
