item_id,predicted_score
286.0,5.058715410580189
56.0,4.905272214766296
1449.0,4.818082996036052
515.0,4.772506529642127
582.0,4.755350500057746
98.0,4.703700400439392
197.0,4.689995967623351
318.0,4.688045722524744
923.0,4.684337466787179
513.0,4.669079520317719
