item_id,predicted_score
173.0,5.105830344318378
168.0,4.842176702570649
174.0,4.8357957244067205
172.0,4.822929202319241
169.0,4.82011073907149
96.0,4.7876025800988335
166.0,4.728465987539474
181.0,4.679189745918138
202.0,4.6722098602126305
97.0,4.661062405754607
