item_id,predicted_score
56.0,5.606357728100869
197.0,5.422601753366667
582.0,5.251581806920031
357.0,4.824739103312047
428.0,4.751526298979593
346.0,4.711357637582897
515.0,4.700590773468944
79.0,4.694817200375598
98.0,4.679372140957714
427.0,4.678422555952842
