item_id,predicted_score
318.0,4.594902187491376
515.0,4.588295787905465
56.0,4.580004289536572
496.0,4.5721896430200095
197.0,4.554796096725923
12.0,4.5345174596141815
98.0,4.517596253432235
205.0,4.413841375497711
238.0,4.383981005740948
483.0,4.3607177547882925
