item_id,predicted_score
269.0,5.364676887553101
512.0,4.946030446603773
582.0,4.904240383953078
251.0,4.786005223134881
433.0,4.746706863132555
319.0,4.632068923102347
923.0,4.62675177446125
902.0,4.616297329844706
707.0,4.612877774260107
275.0,4.6013384054071205
