item_id,predicted_score
258.0,5.859618543606315
313.0,5.4610458332188605
302.0,5.316721491337232
169.0,5.02723677776314
50.0,4.996291743272499
172.0,4.865416453102189
223.0,4.822121447734272
288.0,4.817281144022418
257.0,4.810137309600314
171.0,4.803598493307023
