item_id,predicted_score
318.0,4.972703934637906
515.0,4.888245049607942
1449.0,4.804587242003477
169.0,4.803614720213661
320.0,4.79404723578548
272.0,4.779954806039522
483.0,4.767618243829019
64.0,4.757341519936159
50.0,4.7168937842969765
83.0,4.704562627074399
