item_id,predicted_score
286.0,5.501653367310782
1449.0,5.249060310937453
513.0,5.182575852809599
272.0,5.168181059427853
474.0,5.147450630084739
169.0,5.147327428212357
483.0,5.111723480251995
408.0,5.060532261180497
923.0,5.0562587914818025
156.0,5.037463798088284
