item_id,predicted_score
50.0,4.966564262823578
174.0,4.862520630328153
169.0,4.8522677733823425
172.0,4.800993206144885
313.0,4.791786891573618
515.0,4.7480373523996375
318.0,4.697278960594985
408.0,4.679956567437285
12.0,4.661871072588465
483.0,4.655490507861925
