item_id,predicted_score
483.0,4.966721791429344
318.0,4.949172967675291
515.0,4.844883036420374
12.0,4.834864786089417
528.0,4.833072511306001
1449.0,4.746255350204208
169.0,4.740774457416571
603.0,4.720451890560808
496.0,4.702625254026131
657.0,4.695413558974884
