item_id,predicted_score
197.0,4.835555071376995
286.0,4.819980568751833
98.0,4.735447839219326
56.0,4.734704630201685
603.0,4.56601331565567
1449.0,4.544011384004191
14.0,4.534395288867163
428.0,4.448179814095613
511.0,4.384453156933805
180.0,4.3804961271482545
