item_id,predicted_score
408.0,4.713893217551224
1449.0,4.682361089107613
272.0,4.63550249577187
313.0,4.627045537374181
286.0,4.563556459447252
169.0,4.563296981854663
474.0,4.559008436285529
515.0,4.5431878623458255
178.0,4.539598098409985
694.0,4.522147068254419
