item_id,predicted_score
185.0,4.962460073163774
64.0,4.78376319728337
127.0,4.726865629128632
313.0,4.70278553042364
174.0,4.648318892819143
187.0,4.62233303490829
23.0,4.616423689255399
100.0,4.577986017520733
480.0,4.569503213770553
178.0,4.5662705759577715
