item_id,predicted_score
127.0,6.087380674924804
169.0,5.937628107803491
603.0,5.936440891450872
657.0,5.905294867453419
1449.0,5.903185315496659
187.0,5.891491850547516
1142.0,5.839780973397906
480.0,5.809854701267274
523.0,5.787255641958409
963.0,5.768356156969755
