item_id,predicted_score
169.0,5.342495633736985
313.0,5.156881661780694
272.0,5.035987622992671
408.0,5.017798457999209
742.0,4.922945130384346
285.0,4.894158285653189
302.0,4.824533710814409
135.0,4.819314843220636
306.0,4.794047901628849
641.0,4.791823329113769
