item_id,predicted_score
286.0,4.96446901427933
474.0,4.67515669388153
1449.0,4.548886739246699
603.0,4.456423073274189
178.0,4.367641779493357
483.0,4.356466319528165
659.0,4.336250174577619
648.0,4.295171504826592
251.0,4.284381737572101
923.0,4.283132142209152
