item_id,predicted_score
168.0,4.702680388236299
199.0,4.625617014929768
116.0,4.585463748472641
173.0,4.5226852773549
114.0,4.51196583822737
209.0,4.486599769042525
302.0,4.472940438170072
59.0,4.442312557084086
179.0,4.425868731974349
483.0,4.424803389599694
