item_id,predicted_score
313.0,5.140556279772561
169.0,5.039103038560201
603.0,5.028432847157062
174.0,4.977808540521831
480.0,4.904874613426739
172.0,4.892104896625835
429.0,4.872985853997699
23.0,4.851586167719715
185.0,4.841973902013068
427.0,4.8381295299525515
