item_id,predicted_score
1449.0,4.9572352838726985
174.0,4.921844986306156
427.0,4.9158960330199095
318.0,4.909246037315527
64.0,4.907145188507837
515.0,4.844505001232583
50.0,4.84126890557267
169.0,4.8228606649253365
98.0,4.801081595830111
408.0,4.798121992092868
