item_id,predicted_score
169.0,4.102605186972338
173.0,4.0587882170329594
318.0,3.994728598275035
50.0,3.9813134571392377
64.0,3.9534354655621935
515.0,3.944596708826195
1449.0,3.9320570845970977
174.0,3.922127591940894
408.0,3.9169272907261603
83.0,3.9135305195964283
