item_id,predicted_score
173.0,4.339555783013084
12.0,4.312617875064039
169.0,4.310993167777183
50.0,4.288568694805176
83.0,4.274513936149008
1449.0,4.246327461904042
318.0,4.240869591438546
515.0,4.225341118668423
431.0,4.217744816616672
165.0,4.201185322116205
