item_id,predicted_score
423.0,5.517109778569483
215.0,5.019642310033021
1063.0,4.865991073961858
204.0,4.744098670226391
781.0,4.744097063650934
99.0,4.723311481573299
69.0,4.702935527486828
174.0,4.625013229784786
949.0,4.611101612550174
185.0,4.602868777850942
