item_id,predicted_score
174.0,4.004285002721402
169.0,3.9055027499341404
50.0,3.8942208102134055
173.0,3.8765358452681147
483.0,3.873061211737763
79.0,3.842508408470823
1449.0,3.8409692436075593
318.0,3.833373332601592
313.0,3.7968778865499178
64.0,3.7873566782178973
