item_id,predicted_score
1449.0,4.949189746907949
302.0,4.8686314142748515
258.0,4.8471016834737854
474.0,4.8069856214841495
251.0,4.7000038698893345
315.0,4.676483942954232
317.0,4.613124655874889
488.0,4.609905137389652
242.0,4.606610627537681
487.0,4.594196090751017
