item_id,predicted_score
56.0,5.504778914664071
124.0,5.320479208844455
515.0,5.035270055949712
318.0,4.977514442806967
169.0,4.9225971353285
179.0,4.921677152013368
173.0,4.909257487326702
50.0,4.902845339602234
357.0,4.864006960994419
19.0,4.833358152114634
