item_id,predicted_score
56.0,5.123596878280404
475.0,4.821033432282539
180.0,4.691721277097418
513.0,4.582228980687944
474.0,4.552943539832756
1449.0,4.535867357388647
64.0,4.532480739107928
178.0,4.5271487625543205
98.0,4.5093082268708695
357.0,4.494279381410655
