item_id,predicted_score
408.0,4.481432718807565
127.0,4.390554255676423
285.0,4.381515852432101
134.0,4.261726001858891
488.0,4.2335389574958855
169.0,4.208427974007073
320.0,4.198928140920714
694.0,4.191591751415209
302.0,4.180587784310839
50.0,4.175080512978033
