item_id,predicted_score
169.0,4.941212140036139
408.0,4.618456854083746
272.0,4.585530939131617
313.0,4.57206582737095
50.0,4.51941901650752
83.0,4.500398294792653
483.0,4.488623180939819
269.0,4.472931594771672
258.0,4.452976244309933
172.0,4.4434444254026175
