item_id,predicted_score
1449.0,4.786577324948094
515.0,4.741109126298679
483.0,4.721974704741882
318.0,4.689140774600964
251.0,4.682432101777152
169.0,4.669196616535132
512.0,4.665749352917347
603.0,4.6372061145771415
197.0,4.621871795761034
427.0,4.603602361198163
