item_id,predicted_score
528.0,4.6315509431558795
56.0,4.529851874823773
183.0,4.51821484450273
657.0,4.505070373686049
127.0,4.479719387043303
182.0,4.477408196312285
340.0,4.474684674555453
483.0,4.468315935717341
1142.0,4.451712583462714
1449.0,4.444495132722547
