item_id,predicted_score
100.0,5.5725212794511965
9.0,5.47255945777319
302.0,5.450895395728394
127.0,5.3985005976164855
474.0,5.362615262404596
91.0,5.287009554164219
483.0,5.26608627588177
185.0,5.2556107829461425
179.0,5.2524544810811165
320.0,5.220982585235283
