item_id,predicted_score
313.0,4.912285685959364
285.0,4.789977318032447
408.0,4.7448836009430915
22.0,4.640292864388171
169.0,4.612626722761955
480.0,4.591799491150006
172.0,4.589440390725528
178.0,4.556904704013259
173.0,4.516277242329615
174.0,4.51604000004033
