item_id,predicted_score
272.0,4.457731579640641
318.0,4.366018485245868
64.0,4.322575097098387
1449.0,4.273968065204923
12.0,4.219263260376659
408.0,4.200930235591157
199.0,4.192089309544916
98.0,4.163527061555669
313.0,4.156340992689529
483.0,4.154614709700396
