item_id,predicted_score
64.0,5.123085792884645
427.0,5.100567526479615
735.0,5.076016655171219
655.0,5.047462454331846
22.0,5.036059109089008
603.0,5.030437913287736
282.0,5.02702804952373
1449.0,5.022737820335165
178.0,5.01196659162223
429.0,4.9745337915068095
