item_id,predicted_score
98.0,4.89034809386071
318.0,4.710894587104592
286.0,4.65336339309407
582.0,4.62687954867102
923.0,4.594805548839034
1449.0,4.573500109725716
205.0,4.566351834581546
346.0,4.534358766684239
515.0,4.502596457140066
357.0,4.4703101512527645
