item_id,predicted_score
265.0,5.042504531280603
568.0,4.915594894237927
378.0,4.898860378748892
71.0,4.891088003879938
258.0,4.85211530619002
429.0,4.829490681172319
300.0,4.762912800038942
661.0,4.742447798926568
174.0,4.7157603413082345
66.0,4.6969861517085905
