item_id,predicted_score
318.0,5.520485022885829
64.0,5.391623964494941
1449.0,5.3494061087309115
483.0,5.270533345749828
357.0,5.24716399179826
515.0,5.244581208442229
98.0,5.243303106970459
169.0,5.2096632462579935
114.0,5.197084144268632
272.0,5.185991426807063
