item_id,predicted_score
127.0,5.610879033658504
100.0,4.91720275771395
288.0,4.738486676489204
134.0,4.7108608413162205
191.0,4.706433911953626
187.0,4.572728304578924
56.0,4.541476405965052
169.0,4.5071469248430445
9.0,4.446011561173491
50.0,4.397271533476785
