item_id,predicted_score
56.0,5.274529604941812
357.0,5.144481282185048
98.0,5.07489117488266
513.0,4.975573248558007
318.0,4.932449580391095
169.0,4.882885787305001
1449.0,4.856717633713112
64.0,4.855938405811937
176.0,4.848803089646177
515.0,4.836688758726457
