item_id,predicted_score
318.0,5.276791293280414
313.0,5.217710979205214
12.0,5.111511510641637
487.0,5.067535030808418
515.0,5.061257791318501
22.0,5.059084975606284
50.0,5.019123441535037
302.0,4.970915251422654
191.0,4.966013707133062
1449.0,4.91687430755103
