item_id,predicted_score
408.0,5.13519391392376
285.0,5.051823205839874
169.0,4.994018934625575
657.0,4.75856011612082
59.0,4.756515502499786
483.0,4.752189384070595
12.0,4.745502982690425
1194.0,4.743534272930485
513.0,4.740893292236592
320.0,4.738824192557246
