item_id,predicted_score
408.0,4.2745070816891815
921.0,4.2130381251332905
169.0,4.173695519544696
258.0,4.1495011205917285
114.0,4.133800349763501
302.0,4.13083640599012
515.0,4.106985668416953
318.0,4.053293137069435
1449.0,4.053191270796162
56.0,4.032989207633847
