item_id,predicted_score
127.0,5.15772641099535
134.0,4.92261664379329
408.0,4.834810397889661
511.0,4.8111831794608255
98.0,4.7061112281727375
12.0,4.697989864011724
515.0,4.6396544188488535
187.0,4.582681692776221
357.0,4.563893151669875
427.0,4.561697852093341
