item_id,predicted_score
302.0,4.950330260221465
12.0,4.7575696854521885
408.0,4.721895596552351
56.0,4.678783909034632
515.0,4.673301339876753
474.0,4.653167566936702
1449.0,4.645192733594929
242.0,4.6350004537130225
318.0,4.627612681455415
9.0,4.617172080771358
