item_id,predicted_score
313.0,5.1289529750693
1449.0,5.062853284981679
480.0,5.03894125029319
318.0,4.9965449948569045
661.0,4.968572895872727
64.0,4.959078935780968
178.0,4.952001412062246
474.0,4.92455199819513
641.0,4.9026187012784845
12.0,4.8943631771142515
