item_id,predicted_score
173.0,5.620378774380793
185.0,5.582251530615039
50.0,5.5747301091223385
169.0,5.526942759941832
114.0,5.476604995540916
192.0,5.458406803739236
483.0,5.442855686443104
179.0,5.395369645278058
127.0,5.367852688054536
320.0,5.357744976359998
