item_id,predicted_score
56.0,4.308588985344733
286.0,4.277007695365208
483.0,4.182672903890178
1449.0,4.051420426098519
318.0,4.038141179790687
357.0,4.035307709863566
178.0,4.018354007083483
474.0,3.9931440248093173
513.0,3.9661073154730264
493.0,3.9585887460099913
