item_id,predicted_score
328.0,5.211725701707039
169.0,5.132199710841778
318.0,5.038838194721865
173.0,5.009649264834787
64.0,5.0044889290151
98.0,4.9663588450771154
512.0,4.927813327039059
313.0,4.869091780712306
22.0,4.860354694751127
121.0,4.851629014780263
