item_id,predicted_score
169.0,4.8691917444430395
100.0,4.818932337061718
127.0,4.763271084660845
50.0,4.743276638647462
199.0,4.6929205914077
89.0,4.637988354626827
179.0,4.631521887785883
64.0,4.631443226502751
318.0,4.612661815890344
12.0,4.611755210891447
