item_id,predicted_score
313.0,4.409130649739609
228.0,3.936975146223658
169.0,3.8902557630052206
333.0,3.866588973793717
172.0,3.8210933852008697
181.0,3.7821842640287975
272.0,3.7645507225519417
257.0,3.7596816628829965
50.0,3.7482452425482062
174.0,3.734989306073258
