item_id,predicted_score
313.0,4.386001273439211
408.0,4.336663016196495
22.0,4.29372234936721
286.0,4.158182245514598
515.0,4.129253923400096
690.0,4.0913675362171755
170.0,4.076634150286719
98.0,4.062021336626823
12.0,4.055532738313413
96.0,4.054271175327514
