item_id,predicted_score
302.0,4.345422032299842
143.0,4.328973083143778
272.0,4.256547002272291
83.0,4.246461242139041
313.0,4.216040325822244
385.0,4.214815576164565
144.0,4.145821087234648
515.0,4.119570258541673
588.0,4.097430930925343
22.0,4.071876094416843
