item_id,predicted_score
12.0,5.143205347923551
59.0,5.124174116336746
515.0,5.120092380988355
300.0,5.10686382337548
1449.0,5.106510647852082
318.0,5.084202126955895
313.0,5.0440383967795475
520.0,5.034491776823732
496.0,5.026709189297023
408.0,5.025729034072894
