item_id,predicted_score
185.0,4.895378803772967
474.0,4.894688480316642
135.0,4.855513504009121
23.0,4.822335660771159
302.0,4.756786433983245
488.0,4.728762083378374
408.0,4.717450785627234
1449.0,4.713538597628945
178.0,4.705186568364771
654.0,4.699126407186353
