item_id,predicted_score
56.0,4.845514137434614
603.0,4.592839076971093
174.0,4.582006809298556
1449.0,4.569148614770264
12.0,4.534195818059525
318.0,4.519246934642618
357.0,4.486270985710486
513.0,4.478853996679817
641.0,4.473982896145161
515.0,4.468957554665825
