item_id,predicted_score
50.0,5.133297786542624
172.0,4.974216804110603
174.0,4.778053886880272
109.0,4.7367829038504565
919.0,4.699117300216823
56.0,4.696800350031193
124.0,4.67855872003071
433.0,4.674674489692034
515.0,4.6246274357590815
246.0,4.622357372819291
