item_id,predicted_score
176.0,4.9481704155867
273.0,4.757155323372398
520.0,4.546727663197679
118.0,4.534789006378254
114.0,4.524369333234852
1449.0,4.501325786217893
288.0,4.482747471958968
516.0,4.468212546237113
96.0,4.45701248574014
183.0,4.456029958742148
