item_id,predicted_score
496.0,5.004983836407443
515.0,4.996597471745888
1449.0,4.9696360327399995
251.0,4.9451106801454285
427.0,4.91881224015508
320.0,4.905780606288006
408.0,4.850285925926201
127.0,4.849417292055185
963.0,4.843582808816083
657.0,4.836908257897873
