item_id,predicted_score
357.0,4.967813816057269
50.0,4.93304295421424
318.0,4.9159695992698556
174.0,4.903655327376563
22.0,4.820715731749361
69.0,4.8028229718229944
427.0,4.792597020773944
56.0,4.761677478647901
423.0,4.741525739746788
64.0,4.6476026462712685
