item_id,predicted_score
313.0,4.99909646779893
272.0,4.663438347975363
22.0,4.6376612851093935
169.0,4.503923205052665
174.0,4.500449016367104
515.0,4.496533618728794
83.0,4.481244443155215
96.0,4.427800375488051
408.0,4.42107014630719
172.0,4.414820472743062
