item_id,predicted_score
286.0,4.943779862489416
408.0,4.729316147768527
272.0,4.688072081444392
515.0,4.479937633047746
83.0,4.443405742893349
919.0,4.430864323042366
169.0,4.405998202069812
641.0,4.374995514532592
921.0,4.372160476912223
285.0,4.369236478561249
