item_id,predicted_score
169.0,4.629352308624503
408.0,4.579686039897662
285.0,4.502201251045311
56.0,4.496615725385908
515.0,4.472793529408472
1449.0,4.472648933533871
50.0,4.443840041225658
513.0,4.429282158186849
302.0,4.428317587035268
12.0,4.410955242244519
