item_id,predicted_score
511.0,4.897028564270657
12.0,4.865881990660611
318.0,4.856908622084612
603.0,4.848336943830395
488.0,4.838515113429294
1449.0,4.83208164586084
98.0,4.827051272268889
654.0,4.7565048164797155
427.0,4.741300787563065
170.0,4.71552778745435
