item_id,predicted_score
285.0,5.101435208327002
127.0,4.927656671434237
183.0,4.898212895573178
185.0,4.860420550636479
169.0,4.8043860522656
168.0,4.785568633981319
647.0,4.778460817277457
408.0,4.748791758682478
199.0,4.737049162006648
50.0,4.735721056267296
