item_id,predicted_score
100.0,5.18107068147506
127.0,5.176661014914699
185.0,5.053719624932185
302.0,5.019100489270971
474.0,5.010660863291227
134.0,4.984958257753602
9.0,4.941886807329375
603.0,4.929008268228851
514.0,4.893014091253405
135.0,4.863287352794941
