item_id,predicted_score
763.0,5.9562213742999655
197.0,5.752642301684434
246.0,5.701458713765118
209.0,5.617399983683442
11.0,5.559299423795196
98.0,5.5377192113137506
357.0,5.522813443503558
64.0,5.421072884207405
255.0,5.42030829189478
182.0,5.347655411552549
