item_id,predicted_score
313.0,4.871059324333248
174.0,4.818226886372634
50.0,4.794749956919718
172.0,4.703750657131161
169.0,4.668259016482447
181.0,4.64135893073539
195.0,4.638426982552702
96.0,4.626279348841173
408.0,4.491085950069282
64.0,4.466305663040574
