item_id,predicted_score
408.0,4.508784639662718
1449.0,4.447949892093224
169.0,4.446340757927345
12.0,4.434807929754366
515.0,4.326576079352051
96.0,4.326548397160629
318.0,4.319434573841912
272.0,4.29430048855531
316.0,4.277432563657575
921.0,4.26896120902923
