item_id,predicted_score
169.0,5.539235595788076
483.0,5.3696721071197775
114.0,5.362174105560778
302.0,5.337789054839499
320.0,5.318169865813862
50.0,5.30423926086805
168.0,5.29633764145142
1449.0,5.266076792039381
285.0,5.2306498742581615
192.0,5.222544432279636
