item_id,predicted_score
1449.0,4.865758656642228
169.0,4.763215018247405
272.0,4.740910296031776
64.0,4.73947839978059
313.0,4.725617129693218
98.0,4.695922024510158
318.0,4.675335353655189
178.0,4.667584954949476
199.0,4.660294272261121
408.0,4.659576136825349
