item_id,predicted_score
1449.0,5.077869200591332
408.0,4.947061050627839
515.0,4.935603767792092
318.0,4.917213751735522
169.0,4.903181876725514
127.0,4.894435923805397
272.0,4.891850961625789
286.0,4.8886712947575415
474.0,4.882570587130307
603.0,4.882436931187368
