item_id,predicted_score
286.0,6.01927311753442
699.0,6.005073149619664
692.0,5.764424175208125
269.0,5.744529535528207
451.0,5.670101647396114
272.0,5.66517010266589
333.0,5.646256495981534
15.0,5.623400596610467
282.0,5.602070893083722
71.0,5.534857270849512
