item_id,predicted_score
318.0,5.11422364477028
12.0,5.047106932879291
22.0,5.026569316245567
515.0,4.99844472912274
64.0,4.993877207037099
1449.0,4.889048775144684
272.0,4.8888170386080425
316.0,4.797301919327806
173.0,4.796215260201277
190.0,4.7770098749074
