item_id,predicted_score
178.0,3.995368629940382
174.0,3.992180094845842
474.0,3.952957225894143
185.0,3.9286100908679846
480.0,3.921504140333784
313.0,3.8889338344596567
64.0,3.8685633707942357
661.0,3.8626489958332644
50.0,3.858784479768954
285.0,3.8530047991108365
