item_id,predicted_score
143.0,4.825694867324797
121.0,4.636564499548241
318.0,4.494762429088811
64.0,4.462504271957742
313.0,4.417857499755455
169.0,4.401094252497924
496.0,4.3464163283039134
300.0,4.3067752800028245
241.0,4.274062957005219
117.0,4.257038692699828
