item_id,predicted_score
603.0,5.335254257998312
1449.0,5.326918622030556
169.0,5.259915159350276
272.0,5.209641340133323
197.0,5.143875260582624
96.0,5.139257294514753
64.0,5.131332278344107
83.0,5.095960830976333
511.0,5.094438370840186
79.0,5.080541553036327
