item_id,predicted_score
64.0,4.958311023952212
12.0,4.884694964340186
318.0,4.841936303416586
302.0,4.835177147120201
22.0,4.830201377486697
272.0,4.805246664216735
408.0,4.779725334670708
114.0,4.7642029861305915
89.0,4.719975486537709
1449.0,4.694310908283813
