item_id,predicted_score
1449.0,4.252712952101394
318.0,4.1332915815674856
652.0,4.089386212074833
197.0,4.0826108551991585
169.0,4.078656617715964
98.0,4.074972386930696
64.0,4.069657231479375
603.0,4.041894951996915
923.0,4.017743026664299
515.0,4.015834789252578
