item_id,predicted_score
1449.0,5.101121096480052
169.0,5.025963808476263
515.0,5.011852394877923
316.0,5.001556171351122
318.0,4.986820530548039
98.0,4.913397485589507
170.0,4.906676375276639
498.0,4.8904602439614075
496.0,4.873806249614139
521.0,4.863244513627287
