item_id,predicted_score
483.0,5.272723661953041
285.0,5.263213630526585
169.0,5.186003664098581
50.0,5.1328208548429535
320.0,5.041596932624993
513.0,5.017394716856922
56.0,5.017198192087868
657.0,5.014906831053446
114.0,5.001393606801096
528.0,4.990029655266328
