item_id,predicted_score
174.0,4.574594651682445
313.0,4.566132363855571
96.0,4.480081625598078
71.0,4.458681435789453
172.0,4.42971727419062
181.0,4.427157681754435
50.0,4.380659353410469
169.0,4.336726462316026
963.0,4.295541940325411
1.0,4.253820176511438
