item_id,predicted_score
64.0,4.776165500737055
174.0,4.686858020123948
169.0,4.636126890044262
228.0,4.573165845393213
1142.0,4.554202625807551
50.0,4.5282921252727
657.0,4.47162498754404
96.0,4.4569001324930575
963.0,4.44914608945088
79.0,4.414176285369676
