item_id,predicted_score
1449.0,4.824080566499217
474.0,4.816867339985459
251.0,4.692005847632113
178.0,4.670239016383602
483.0,4.66966134017438
603.0,4.638954816810768
408.0,4.632196266900995
488.0,4.617176548266283
286.0,4.597218225569611
1194.0,4.594021467983836
