item_id,predicted_score
258.0,4.332340487485058
1449.0,4.311319669885148
318.0,4.286702891343638
475.0,4.244500010727653
515.0,4.196456979465995
69.0,4.187996303119514
114.0,4.184122853919586
320.0,4.181437405619101
921.0,4.179905074271745
251.0,4.175469717571351
