item_id,predicted_score
169.0,4.485328510844125
1449.0,4.370136753147899
603.0,4.365762653656905
12.0,4.246854860288006
480.0,4.228658144360299
23.0,4.217718932280406
615.0,4.207144844866265
430.0,4.198062031728624
98.0,4.190537141963582
483.0,4.183974219790386
