item_id,predicted_score
169.0,4.522457832285155
1449.0,4.253835957000498
315.0,4.247732653794817
318.0,4.235030701934085
316.0,4.183390344266905
272.0,4.179780779761536
302.0,4.162179394750028
483.0,4.1558501448620575
83.0,4.14939903468252
512.0,4.138880276048065
