item_id,predicted_score
64.0,4.879451650182347
313.0,4.77736924331015
186.0,4.684893144488283
174.0,4.668250865380892
98.0,4.661159212582626
285.0,4.644370211587227
50.0,4.605447142091692
22.0,4.596729377980558
520.0,4.593810611754914
526.0,4.592291185948981
