item_id,predicted_score
143.0,4.818562163476557
496.0,4.702948287180472
318.0,4.602128377208515
100.0,4.56402445264286
423.0,4.559493730946961
346.0,4.543471037916401
208.0,4.494306636638745
427.0,4.488020567596785
133.0,4.4788069143665314
251.0,4.4670855841992445
