item_id,predicted_score
10.0,5.039217447757912
515.0,4.994011099849639
1449.0,4.985700041820846
318.0,4.961569416872531
169.0,4.95650917507914
114.0,4.949043073431362
483.0,4.888424493426546
408.0,4.8783997050474905
512.0,4.864734900338574
921.0,4.85859115756367
