item_id,predicted_score
56.0,5.053277114543523
1142.0,4.852298830955034
357.0,4.8082326537809035
176.0,4.729829228339464
64.0,4.69794718066942
318.0,4.6218305486093545
316.0,4.621414959364081
190.0,4.6026447639081995
515.0,4.580541852333036
203.0,4.575350691583445
