item_id,predicted_score
169.0,3.968032484262752
313.0,3.623493319139435
50.0,3.6158528979276543
408.0,3.571960125635471
172.0,3.5396785053635207
483.0,3.5325515325276298
285.0,3.4830294232079293
12.0,3.482118560038905
174.0,3.459898033955815
657.0,3.458390735150787
