item_id,predicted_score
50.0,5.161962897360201
269.0,4.779771513462571
483.0,4.7713434340815555
173.0,4.738999467902182
750.0,4.681120587893327
181.0,4.6712180499645966
172.0,4.665246619277978
71.0,4.653711257239527
427.0,4.580874872075895
659.0,4.576628982875926
