item_id,predicted_score
7.0,4.272852496862572
288.0,4.240480104725562
169.0,4.126621488381716
302.0,4.076503059660533
114.0,4.033916868606553
183.0,3.960238319804145
8.0,3.9457764104526856
408.0,3.9262149958391195
320.0,3.9092091437282894
171.0,3.833094904370096
