item_id,predicted_score
603.0,4.685768455529564
661.0,4.683677614200652
474.0,4.637172446097476
1.0,4.555206691346601
96.0,4.488264258343969
23.0,4.480577927731163
182.0,4.4655260618555666
641.0,4.465223949681549
178.0,4.449881182963174
1449.0,4.438458510606369
