item_id,predicted_score
478.0,5.282082529088937
919.0,5.202962554215871
199.0,5.1954759318694395
170.0,5.187495441896159
251.0,5.116354196718242
483.0,5.084663678157773
269.0,5.072697364364595
126.0,5.048139288285672
530.0,5.044007404056732
116.0,5.042902793687952
