item_id,predicted_score
180.0,4.6512681531866935
56.0,4.588006325466264
357.0,4.452207193042558
100.0,4.4158950380905875
127.0,4.336186306584739
98.0,4.293859794224206
203.0,4.28510813576439
64.0,4.191254966131809
200.0,4.15949581382306
526.0,4.092917955315091
