item_id,predicted_score
50.0,5.051730969754216
496.0,4.812819000189425
423.0,4.791318592050132
419.0,4.755733553154702
181.0,4.597700365833763
313.0,4.5829233537493455
378.0,4.539218377693038
133.0,4.498186396745585
169.0,4.450299984432085
143.0,4.44954167016732
