item_id,predicted_score
56.0,4.737160665379637
50.0,4.3443360120347165
285.0,4.33487588152529
174.0,4.3175046728322215
483.0,4.312349543212368
513.0,4.283740862651452
127.0,4.256787022195182
134.0,4.253793179605284
172.0,4.237522750998771
603.0,4.229522783328886
