item_id,predicted_score
12.0,5.315263702271141
64.0,5.248011572775138
603.0,5.235087478812124
318.0,5.223951155343055
1449.0,5.218637544925256
98.0,5.207229921266635
56.0,5.175444189779332
197.0,5.160847311336182
483.0,5.110915486256051
178.0,5.104874977833407
