item_id,predicted_score
56.0,4.693596150576373
285.0,4.651071340174822
50.0,4.635596440162059
320.0,4.620779362777565
483.0,4.568379467395933
515.0,4.5095996721438105
179.0,4.498543064836078
169.0,4.494357023658279
408.0,4.48697767030363
124.0,4.422660182117177
