item_id,predicted_score
50.0,4.892697510178087
169.0,4.810058747281378
285.0,4.757824049820017
408.0,4.733948163775189
1449.0,4.72979644615366
483.0,4.683594674728874
963.0,4.679480605622961
320.0,4.6769913336981634
302.0,4.643006613369025
480.0,4.6235938691340115
