item_id,predicted_score
512.0,4.754055670606916
582.0,4.666879465868371
320.0,4.482472931107571
251.0,4.477599019071946
271.0,4.462121473926258
405.0,4.450347205607687
288.0,4.446113623326921
923.0,4.42184495321586
966.0,4.420916140333034
169.0,4.412145235370284
