item_id,predicted_score
313.0,5.3643512888041425
318.0,5.358332526696907
50.0,5.352018799373815
169.0,5.323950717999965
357.0,5.30442700293421
172.0,5.2554769939396495
483.0,5.236046193473747
174.0,5.222420883763161
12.0,5.21839683850081
408.0,5.208784142162134
