item_id,predicted_score
22.0,4.610141820810898
300.0,4.372796135771619
496.0,4.36388092360069
117.0,4.337451551316862
12.0,4.326667772475376
378.0,4.285840524084548
318.0,4.27160688396146
133.0,4.260570321138631
282.0,4.157526383063287
170.0,4.120177008158089
