item_id,predicted_score
170.0,4.394670742466421
408.0,4.261804834792048
1449.0,4.259983616220544
529.0,4.2367109813185415
12.0,4.232821498677528
251.0,4.194229294803833
515.0,4.149776368791586
1194.0,4.129591843271504
169.0,4.113023077317166
496.0,4.107041188640722
