item_id,predicted_score
480.0,5.074235225770852
64.0,5.0211744601300765
174.0,4.99096636819118
318.0,4.987289747343637
603.0,4.9505212736182695
511.0,4.931646320140071
204.0,4.926301729099097
313.0,4.905147132105089
69.0,4.9005373031142385
12.0,4.877862315286864
