item_id,predicted_score
313.0,4.733013215994429
174.0,4.688405081104404
408.0,4.574870166223169
169.0,4.5705019688376645
172.0,4.545724712656116
1142.0,4.533492130211437
520.0,4.5246487552903085
64.0,4.512606280945897
204.0,4.502966398395375
641.0,4.502538221781979
