item_id,predicted_score
185.0,5.303238150375178
64.0,5.213670404837392
480.0,5.14522413768418
1449.0,5.1040850804192885
178.0,5.098845043997282
520.0,5.073053220364956
12.0,5.0391052564877485
114.0,5.03853988519264
603.0,5.015898497221129
661.0,4.994825622219547
