item_id,predicted_score
197.0,5.877571211394724
496.0,5.717038108003986
286.0,5.713858511219689
346.0,5.502738390971322
357.0,5.494814586423157
318.0,5.490596461383026
131.0,5.464074732564902
347.0,5.4434241454688355
15.0,5.330810361176511
70.0,5.318459809420105
