item_id,predicted_score
286.0,4.943884482122257
275.0,4.3568176428981165
515.0,4.3230687407259545
14.0,4.323058755174836
483.0,4.246781765950794
474.0,4.2274957879896835
258.0,4.221691430673592
318.0,4.19334057039427
1449.0,4.1928469965052795
9.0,4.186510521612374
