item_id,predicted_score
735.0,4.696408710707691
496.0,4.662925226563518
178.0,4.655861880444673
1449.0,4.647294646726836
427.0,4.634471651960736
493.0,4.631207309806271
498.0,4.628788190777314
251.0,4.601545485128294
483.0,4.596745157083248
474.0,4.586804812284028
