item_id,predicted_score
169.0,5.375932709971582
12.0,5.344497512041707
133.0,5.33415833187409
318.0,5.253091974681365
208.0,5.214472936858416
515.0,5.210262190978978
143.0,5.199166980210402
328.0,5.179780454496756
603.0,5.149527579365725
300.0,5.138780615404451
