item_id,predicted_score
60.0,5.039685730585852
9.0,4.897169287104029
14.0,4.886488343555005
134.0,4.835912555912142
179.0,4.797606149839142
474.0,4.7509892748578215
654.0,4.739094786198811
180.0,4.6183444278606265
127.0,4.608649726407951
137.0,4.569531713614635
