item_id,predicted_score
251.0,4.78277033218464
902.0,4.768648581893966
126.0,4.749247747876785
169.0,4.733456463230767
707.0,4.700166729488381
1449.0,4.6920321378196554
258.0,4.690327710449089
483.0,4.668719325637263
493.0,4.664661124121105
213.0,4.661828141509554
