item_id,predicted_score
134.0,5.059417763144543
127.0,5.048855626445166
479.0,4.938552348448546
474.0,4.897759589052619
603.0,4.857225517592602
320.0,4.831114864306446
187.0,4.82491936589659
12.0,4.808707362184156
1449.0,4.801549429961502
169.0,4.8002614443018174
