item_id,predicted_score
50.0,5.4172827143442595
318.0,5.147576566762309
64.0,5.0976110750179195
69.0,5.079211376013542
169.0,5.060948771745936
114.0,5.031956797405958
98.0,5.02627162806821
480.0,4.9764378558708495
520.0,4.973172865176007
181.0,4.968224087546485
