item_id,predicted_score
483.0,4.6820122458300455
174.0,4.527250973034466
1449.0,4.49559336197509
923.0,4.477157710168742
169.0,4.469449737279172
50.0,4.438343136167492
132.0,4.420171149662345
963.0,4.392216246689441
427.0,4.376377571775285
496.0,4.36560686243394
