item_id,predicted_score
313.0,5.41279090855355
169.0,5.065345933835115
50.0,4.990366031006606
64.0,4.8072660690270475
272.0,4.7918390762767835
173.0,4.777141473537734
318.0,4.7684799728825
181.0,4.7475228538867755
12.0,4.737142669357111
408.0,4.726130747317512
