item_id,predicted_score
96.0,4.8456099347482295
176.0,4.844858671458676
71.0,4.8436231766531535
95.0,4.712124129494411
28.0,4.686938920604088
498.0,4.670281415155957
520.0,4.649431313982797
186.0,4.627179254676097
265.0,4.622256293873926
241.0,4.6195913536165385
