item_id,predicted_score
169.0,4.612984859936981
408.0,4.508479973321286
709.0,4.459359251051572
483.0,4.449559946721213
246.0,4.421565447294742
134.0,4.40090918654201
56.0,4.397855688904044
285.0,4.394872166862156
1449.0,4.3797324404713915
96.0,4.340095654619305
