item_id,predicted_score
50.0,4.773891006137386
12.0,4.732903605595556
89.0,4.627538062415892
190.0,4.607749687093053
173.0,4.596257257771055
169.0,4.592353327125612
180.0,4.591766573082114
408.0,4.578573560112795
172.0,4.574971777086145
127.0,4.5476546910471
