item_id,predicted_score
318.0,4.5629350025134805
197.0,4.51789841351208
427.0,4.475901924641762
357.0,4.43800664176256
64.0,4.354596183707528
22.0,4.348538782732492
79.0,4.332590404790217
23.0,4.292703035521621
1449.0,4.2469902081329804
603.0,4.226055633550883
