item_id,predicted_score
313.0,6.35504726525301
181.0,6.02567523439222
173.0,5.772097188459521
83.0,5.640104013860429
748.0,5.477879372172392
485.0,5.471104425067964
239.0,5.4254820068217064
300.0,5.420057747886705
323.0,5.407080685508367
455.0,5.398702279006406
