item_id,predicted_score
269.0,4.499693996844993
9.0,4.355627898745131
483.0,4.190644164172143
170.0,4.187279427688311
197.0,4.178933248230718
124.0,4.1761784242042435
408.0,4.168282384928782
647.0,4.126037301748272
12.0,4.1191796865179295
131.0,4.114857151585789
