item_id,predicted_score
173.0,4.591023638296536
50.0,4.5298893640799776
483.0,4.467219692368498
174.0,4.433356640732202
432.0,4.423467297191483
659.0,4.4056512358686835
603.0,4.390188264374782
657.0,4.373426789170878
228.0,4.334330927711335
178.0,4.319641092711099
