item_id,predicted_score
185.0,5.0783003332544805
173.0,5.012403213716195
169.0,4.86206792036826
64.0,4.847328682041951
127.0,4.83582936531405
12.0,4.808098044107313
50.0,4.7968349584376035
23.0,4.794422648512867
480.0,4.780532242789275
603.0,4.764650018653461
