item_id,predicted_score
318.0,4.625309263044352
302.0,4.624678914561644
50.0,4.509351882740108
89.0,4.474505931226885
515.0,4.472295863926405
100.0,4.46472609822803
258.0,4.459297956153378
357.0,4.455318210663198
272.0,4.385580233793106
191.0,4.3786222909376145
