item_id,predicted_score
272.0,4.999121447327935
1449.0,4.924442759367005
318.0,4.853923129341334
408.0,4.825932328856803
313.0,4.806098939431694
483.0,4.795830529274845
199.0,4.793562429147261
169.0,4.776926370745777
480.0,4.7705150431417245
520.0,4.719567623571714
