item_id,predicted_score
127.0,5.352580001798786
100.0,5.048758278931482
185.0,5.044540545355352
191.0,4.911213746568377
276.0,4.902524587289908
357.0,4.850459938155335
187.0,4.802625284006811
180.0,4.770713873725048
23.0,4.765672833284007
480.0,4.755257988057814
