item_id,predicted_score
285.0,5.0895163294010946
408.0,4.966094342183124
169.0,4.917307443778502
50.0,4.9042582291605425
483.0,4.741843933943515
302.0,4.741831737060149
199.0,4.725195477616676
320.0,4.7113310578743475
168.0,4.699441202141259
1449.0,4.626877578028232
