item_id,predicted_score
268.0,5.59236617774415
12.0,5.28321711869579
919.0,5.264982922706491
175.0,5.261083002865951
56.0,5.153221491742853
180.0,5.124938628491211
246.0,5.088004672868235
615.0,4.948057269018194
408.0,4.940201306126576
168.0,4.918927639052633
