item_id,predicted_score
313.0,4.559558191690432
1449.0,4.46078782356344
169.0,4.434665760173833
174.0,4.4151087291436735
172.0,4.328515531662284
64.0,4.322979621203391
96.0,4.313802805986403
963.0,4.304606138683585
272.0,4.291636616586587
480.0,4.284741043045015
