item_id,predicted_score
313.0,5.233187256435966
169.0,5.1972542022213934
1449.0,5.132061096785738
64.0,5.119907559997737
408.0,5.038922436239261
199.0,5.034489822252333
114.0,5.003988498501619
12.0,5.001853806125527
318.0,4.988641798829341
603.0,4.984727759512545
