item_id,predicted_score
60.0,5.468450557815773
10.0,5.408485049853365
127.0,5.356359877811762
137.0,5.341242098313625
657.0,5.176345483239088
59.0,5.159845216302139
285.0,5.154603274238298
134.0,5.087969144666201
709.0,5.042038479780473
187.0,5.040575117958008
