item_id,predicted_score
474.0,4.994318409927811
1449.0,4.98969829899858
408.0,4.907407440024382
114.0,4.837836453133967
302.0,4.828258023919476
488.0,4.827428581832306
169.0,4.817337510516602
661.0,4.796184256718098
134.0,4.782459686107114
320.0,4.7809632482967475
