item_id,predicted_score
12.0,3.6885472440294156
185.0,3.5710382675970176
64.0,3.502411173682576
169.0,3.477908061324972
480.0,3.471968539993815
603.0,3.4601437812878753
318.0,3.4561935912980255
100.0,3.4473525054626784
302.0,3.4166433266908687
427.0,3.41288903545632
