item_id,predicted_score
408.0,4.303775399048635
169.0,4.300116082791092
64.0,4.230782131745519
174.0,4.179052604925216
134.0,4.1480980837256896
474.0,4.142189361898767
12.0,4.141903033394716
313.0,4.139336335288219
114.0,4.131958317378254
1449.0,4.1273871690129145
