item_id,predicted_score
1449.0,5.140562718425823
199.0,5.123440876019282
483.0,5.110844911159911
169.0,5.07710249070938
408.0,5.038992927394887
603.0,4.999567966478773
272.0,4.993388452361273
313.0,4.978774355023014
168.0,4.969999809931194
520.0,4.959477481313089
