item_id,predicted_score
275.0,4.21929844969825
286.0,4.210634990245221
923.0,4.1896532734605225
132.0,4.1812332696217664
483.0,4.1726612659419295
194.0,4.10851332243692
285.0,4.0969164002735825
887.0,4.062891315900635
86.0,4.059973429994581
50.0,4.0519783536539595
