item_id,predicted_score
427.0,4.827452753681624
98.0,4.760760182520671
318.0,4.658978859291769
1449.0,4.658425180474039
357.0,4.651185300638381
480.0,4.632998667402026
511.0,4.574412377218841
197.0,4.563100993008089
79.0,4.5619185521312975
97.0,4.536610740339817
