item_id,predicted_score
169.0,5.246433818797453
173.0,5.216326045953408
64.0,5.161020208273761
313.0,5.137323322102965
1449.0,5.134440308210608
114.0,5.125946855230593
520.0,5.105294422552174
603.0,5.104775312336534
318.0,5.077703721738548
185.0,5.076291371117852
