item_id,predicted_score
12.0,5.117705840734051
64.0,5.067162734917923
89.0,5.043450081582537
169.0,5.026314986742965
50.0,5.017842780852079
114.0,5.002769194274945
408.0,4.995529578361503
199.0,4.984329633354067
318.0,4.946729680166605
22.0,4.9089884191231405
