item_id,predicted_score
313.0,5.293943604881294
22.0,5.216441885801489
1449.0,5.185424449776541
64.0,5.172168219209641
408.0,5.168658998089279
333.0,5.16434758188906
98.0,5.160667206223152
357.0,5.103732330851171
258.0,5.097027896827762
474.0,5.095079070985219
