item_id,predicted_score
64.0,4.595342117341113
12.0,4.114577220299553
98.0,4.053315582949406
131.0,4.03027192783936
317.0,4.007045828256397
318.0,3.997315486390537
748.0,3.9841637968123838
197.0,3.974214079810955
147.0,3.972346430729157
190.0,3.9719759989851093
