item_id,predicted_score
127.0,5.448973140823663
100.0,5.26792622383265
357.0,5.266562240678603
50.0,5.2648065425299
272.0,5.2435774046198524
318.0,5.218398673069293
191.0,5.198615149576621
169.0,5.172671113479262
427.0,5.157689025309554
515.0,5.139644407546456
