item_id,predicted_score
496.0,4.644365845012776
427.0,4.6257596171236015
1063.0,4.517698351790511
485.0,4.475138288789538
517.0,4.461284898131117
208.0,4.449670343016082
524.0,4.449389200559547
215.0,4.436276600765344
699.0,4.40924790069843
423.0,4.401461633045198
