item_id,predicted_score
300.0,4.811838633530967
431.0,4.563201754783683
316.0,4.539588706830513
64.0,4.468202124614576
114.0,4.465256887932052
318.0,4.453725066428467
176.0,4.439371210252463
265.0,4.430628734603454
144.0,4.398769048103755
1142.0,4.391778939174167
