item_id,predicted_score
170.0,5.196547574741597
269.0,5.1740161716176765
286.0,4.967493086810962
750.0,4.959296658838016
483.0,4.949510533589491
315.0,4.904407763520376
116.0,4.893837725134411
173.0,4.882571034438121
923.0,4.855227336980583
19.0,4.827407219980627
