item_id,predicted_score
132.0,4.72903222474824
246.0,4.641948906232729
135.0,4.605946931470184
474.0,4.5970398410937126
408.0,4.561358581486728
488.0,4.557141848561339
134.0,4.533284460333456
169.0,4.5209567802175235
480.0,4.478782754042169
268.0,4.466685241384788
