item_id,predicted_score
483.0,4.320819310880027
318.0,4.3188521649843405
1449.0,4.315168620092862
302.0,4.280612526734499
50.0,4.210979474015014
357.0,4.197012310678925
515.0,4.191532744435154
191.0,4.166665132489335
427.0,4.146758897315135
513.0,4.141808266657521
