item_id,predicted_score
302.0,5.123178064879958
272.0,4.91680545072524
242.0,4.86964790961548
89.0,4.865425879647959
50.0,4.837445804719053
483.0,4.784607046118077
100.0,4.64947430705974
320.0,4.648937252790212
156.0,4.633598668848018
603.0,4.630995627630797
