item_id,predicted_score
483.0,4.95099795389201
89.0,4.861847968833598
408.0,4.842595105364222
320.0,4.815016459335948
169.0,4.807060502269888
114.0,4.799747388340773
285.0,4.76769552857203
318.0,4.765260467095782
100.0,4.765212905069122
127.0,4.7537972849427845
