item_id,predicted_score
71.0,5.387911340490222
496.0,5.2983323122856225
282.0,5.267736325751121
735.0,5.220101925166293
251.0,5.203887433244425
966.0,5.192121484287442
1449.0,5.173804190067904
79.0,5.1711640296804955
28.0,5.165940203593015
515.0,5.165103336664922
