item_id,predicted_score
50.0,4.976212053178955
173.0,4.8614797897068796
496.0,4.691445571060961
483.0,4.670592810235928
181.0,4.639286332936123
318.0,4.618770512552824
419.0,4.5493349671170495
215.0,4.537532977329642
199.0,4.45160102199407
172.0,4.444897385421701
