item_id,predicted_score
515.0,5.166803821731507
318.0,5.118151118523313
313.0,5.075432787266045
174.0,4.983288984556564
169.0,4.945305714103344
50.0,4.943421513082708
1449.0,4.929484942343319
195.0,4.929393685559817
96.0,4.904301934417738
64.0,4.87276312667259
