item_id,predicted_score
134.0,4.252187479708297
170.0,4.250259250048448
529.0,4.231078903983169
292.0,4.22947411550064
427.0,4.184696213721805
213.0,4.145579458639064
654.0,4.135586537193969
511.0,4.103176141307795
694.0,4.0860311996969
603.0,4.0820987724356375
