item_id,predicted_score
318.0,6.245318304132639
483.0,6.199645610998223
98.0,6.194371664954351
169.0,6.146930984601512
64.0,6.122356530616355
408.0,6.096305075136744
515.0,6.089582825225726
1449.0,6.086308405354012
12.0,6.063980741704733
205.0,6.063930921302456
