item_id,predicted_score
169.0,4.867341517171801
50.0,4.828740125116658
318.0,4.79211350824599
174.0,4.782651042139912
483.0,4.742089731985125
172.0,4.703832081166117
408.0,4.68136152746457
96.0,4.671446259209219
98.0,4.6282662514165525
205.0,4.621912774645822
