item_id,predicted_score
127.0,5.5254962125702685
64.0,5.494347914414108
318.0,5.377769644491775
357.0,5.373158037261842
1449.0,5.343844163344423
480.0,5.30970163274557
185.0,5.278676411449379
178.0,5.256231018981734
98.0,5.25609254409587
100.0,5.241632299130296
