item_id,predicted_score
313.0,4.917555269421291
272.0,4.863885756441655
515.0,4.832406664434893
286.0,4.736128398942478
408.0,4.71762057901057
1449.0,4.688170552059672
83.0,4.673152838303881
96.0,4.591857047051714
169.0,4.572604755690015
921.0,4.557714071852875
