item_id,predicted_score
251.0,4.0103905918237945
302.0,3.915192060032084
1449.0,3.908577716333209
272.0,3.8744961027767673
213.0,3.848278719697382
474.0,3.8305061334325283
483.0,3.824594080680987
963.0,3.766877488796684
603.0,3.760057600548391
170.0,3.7528278004434545
