item_id,predicted_score
169.0,5.23569818338605
313.0,5.1796779470151355
96.0,5.010254830501104
174.0,4.981619121564658
408.0,4.827209676446082
50.0,4.7778233152293605
12.0,4.750512756594039
64.0,4.719543713007635
172.0,4.706539725021831
963.0,4.611720207998205
