item_id,predicted_score
1449.0,3.997277545787325
100.0,3.955142725241686
318.0,3.9540429690703602
603.0,3.950697902950065
483.0,3.9278400069485713
251.0,3.877947479611324
474.0,3.868791321995625
320.0,3.8378460216031467
511.0,3.8342254805828375
427.0,3.8217500868626413
