item_id,predicted_score
174.0,4.930189846947247
195.0,4.8462530276335265
318.0,4.670632884394662
50.0,4.633157069368606
64.0,4.617849703969676
313.0,4.617848817349766
1.0,4.604021737408193
480.0,4.569511070603031
357.0,4.509309854547893
210.0,4.452560732259498
