item_id,predicted_score
286.0,4.716989465925767
258.0,4.6673010194655316
313.0,4.645046400366452
194.0,4.630054124120529
98.0,4.497355571685781
272.0,4.48907601976905
15.0,4.47671675361564
1449.0,4.454535197576385
97.0,4.443729727605549
511.0,4.440075407169395
