item_id,predicted_score
300.0,4.5514671685577
8.0,4.391863774769799
12.0,4.382756564746611
114.0,4.355727011888021
515.0,4.315254025123483
320.0,4.257188879046131
657.0,4.238654500788299
408.0,4.231641276772389
251.0,4.214185778281233
50.0,4.184744341902219
