item_id,predicted_score
603.0,4.880235542444085
1449.0,4.815520296051855
483.0,4.769316743979171
318.0,4.744203799776473
56.0,4.706359305956559
12.0,4.675329943139088
515.0,4.652296842960028
528.0,4.652079857918298
479.0,4.639596028292912
513.0,4.63958792405157
