item_id,predicted_score
408.0,4.4715057963909075
169.0,4.366955253498238
9.0,4.2150712515513185
168.0,4.107649117361638
547.0,4.103353307036631
302.0,4.090543010657153
269.0,4.035254755048259
919.0,4.014490436397189
313.0,4.012150154614867
921.0,3.9993798719064686
