item_id,predicted_score
480.0,5.412259003106625
173.0,5.389232712874744
313.0,5.3549784838565255
318.0,5.3516071950427975
50.0,5.3067601583303174
22.0,5.290395438494185
174.0,5.275250000652585
1449.0,5.269722393523996
316.0,5.261437274990694
282.0,5.210521233090976
