item_id,predicted_score
12.0,4.003747650200552
64.0,3.9338318366152003
318.0,3.833979844094759
22.0,3.808778776736853
483.0,3.7917054942548267
222.0,3.7482470213682055
199.0,3.7476705800573464
515.0,3.7463444003941326
496.0,3.738254778798229
205.0,3.7260599635924923
