item_id,predicted_score
185.0,5.080908896008683
127.0,5.070956758864533
474.0,5.015298391592097
603.0,5.009830560836898
23.0,4.931634501556477
654.0,4.917320874138126
479.0,4.824089727489918
137.0,4.823111912185263
517.0,4.797233330275776
659.0,4.792342395600877
