item_id,predicted_score
1449.0,5.01063703288596
169.0,5.009956867794198
515.0,4.894394777701362
318.0,4.8840112142976295
483.0,4.866030607079768
56.0,4.831588639659667
10.0,4.7993903327834095
603.0,4.795050581191878
521.0,4.793331606807029
512.0,4.780696404145539
