item_id,predicted_score
96.0,5.209120066338635
169.0,5.1945580340031094
83.0,5.062395046477932
333.0,4.986583377699713
294.0,4.975703321279217
176.0,4.955965038881291
272.0,4.883587654791458
288.0,4.876123701237451
657.0,4.8663589191571655
316.0,4.846000295168097
