item_id,predicted_score
603.0,4.628786192219319
483.0,4.57930136286928
1449.0,4.567447631221059
318.0,4.5521981246179415
357.0,4.5427179728997
23.0,4.541565141241224
22.0,4.53692337983977
302.0,4.531615860672566
427.0,4.518359610566488
185.0,4.511005809557956
