item_id,predicted_score
517.0,5.033516103367829
1449.0,5.016084859147981
479.0,4.995015751384202
603.0,4.991926701097105
648.0,4.980892623552727
178.0,4.978079833110581
496.0,4.953099975462082
483.0,4.932423891547766
474.0,4.926576027042181
318.0,4.916177024503712
