item_id,predicted_score
173.0,4.647946993219549
328.0,4.544898580938422
64.0,4.468957209222599
169.0,4.326243986936518
313.0,4.318418128854987
195.0,4.227120190776422
181.0,4.137154652710278
333.0,4.1311833758963905
250.0,4.128038353393281
186.0,4.111890667053098
