item_id,predicted_score
98.0,4.825716080954114
174.0,4.803090355974846
50.0,4.799861265737762
318.0,4.734841692194166
357.0,4.732059611108126
480.0,4.728011485117169
427.0,4.727598541588371
1449.0,4.715948802308335
169.0,4.7066106424726675
127.0,4.696408307546461
