item_id,predicted_score
12.0,5.73320451281158
64.0,5.338104454447971
169.0,5.228689484243707
100.0,5.186691987073613
50.0,5.175030332141416
185.0,5.157978975123237
318.0,5.0799673045313245
173.0,5.071659991218251
230.0,5.043295678335383
222.0,4.998690579259913
