item_id,predicted_score
12.0,4.2479020199768405
408.0,4.244204933366634
169.0,4.233352808064796
98.0,4.220730419337959
1449.0,4.183277069329171
64.0,4.162324438153315
515.0,4.157048140332015
318.0,4.151519073133041
513.0,4.110477030704868
114.0,4.068103748659717
