item_id,predicted_score
187.0,4.864616610373949
23.0,4.810394528014633
127.0,4.800988003224112
56.0,4.761361660560408
603.0,4.74331317280546
169.0,4.729808789533628
185.0,4.720036729423409
427.0,4.714725915502484
654.0,4.706807413192018
192.0,4.701736949598296
