item_id,predicted_score
285.0,5.288700546630658
172.0,5.158113123545473
50.0,5.089809259152215
169.0,5.088394137583281
408.0,4.984853550840462
181.0,4.768309409831081
313.0,4.643308022822422
173.0,4.599279585843315
179.0,4.569364426858094
168.0,4.534699634804943
