item_id,predicted_score
173.0,4.626814091585517
318.0,4.461597039075061
50.0,4.419284338599029
515.0,4.399507624282018
172.0,4.382830685402043
408.0,4.345250953594237
1449.0,4.322701042884904
12.0,4.322373283727919
64.0,4.3193631629317455
169.0,4.31655669402077
