item_id,predicted_score
169.0,4.617376488674012
515.0,4.512927932946937
12.0,4.480316579172456
483.0,4.454081283937682
1449.0,4.445372762901155
318.0,4.42356979942542
408.0,4.41228667741413
50.0,4.389264195954657
603.0,4.374348063392901
657.0,4.3566166156954855
