item_id,predicted_score
100.0,5.386719385891927
156.0,5.244555972575213
9.0,5.145174300904307
134.0,5.129395530432278
427.0,5.120836078911429
269.0,5.089824867769151
127.0,5.077162539012954
191.0,5.065397466844478
483.0,5.06120329636325
474.0,5.053647932206917
