item_id,predicted_score
50.0,4.534952443048175
285.0,4.0621938922904075
127.0,4.009729700689982
250.0,3.989353950021698
124.0,3.946336909548752
191.0,3.945854745073332
23.0,3.941864909159552
179.0,3.941727889971324
7.0,3.939699511051118
91.0,3.9352915239257316
