item_id,predicted_score
276.0,4.767827229177969
474.0,4.703007444716989
127.0,4.651856720990987
603.0,4.647558850868175
1449.0,4.6176313265289215
137.0,4.5632691604409885
23.0,4.5373514609652785
480.0,4.5366865232445965
169.0,4.493453337335302
191.0,4.493204168116096
