item_id,predicted_score
302.0,4.96271749328845
300.0,4.644695373417216
114.0,4.573664872428245
315.0,4.51606552258295
258.0,4.4701672142539515
318.0,4.46059704046041
169.0,4.446303796561012
89.0,4.425106913347798
272.0,4.4239981854937085
50.0,4.423560276842718
