item_id,predicted_score
483.0,4.723211631016851
100.0,4.68119197536243
1449.0,4.628101466577601
9.0,4.59431472508743
474.0,4.581524047104746
169.0,4.5702234479841755
603.0,4.565312472991868
197.0,4.534642600310486
318.0,4.523909158947487
209.0,4.5104769058327365
