item_id,predicted_score
313.0,4.775192965439355
50.0,4.56084611063684
169.0,4.534299682072467
174.0,4.422028466086429
515.0,4.37971198849307
318.0,4.379526034785194
181.0,4.363954617138353
1449.0,4.323223052542971
316.0,4.304420527086262
172.0,4.300491281286865
