item_id,predicted_score
475.0,4.392005617177642
286.0,4.318294548175464
515.0,4.297083905818458
56.0,4.244343328368306
408.0,4.1413484217139755
272.0,4.127927776710214
83.0,4.071352925595705
48.0,4.055765245087476
921.0,4.055475571064728
1449.0,4.048436173332751
