item_id,predicted_score
318.0,5.1325169827466315
173.0,5.10563786329835
64.0,5.014118698043383
483.0,5.002490028863755
178.0,4.972764137661369
1449.0,4.958698765943786
1512.0,4.904634435893474
251.0,4.868981626424138
480.0,4.859277135883822
98.0,4.828344401202979
