item_id,predicted_score
313.0,5.859614272318053
169.0,5.530112649906461
64.0,5.499230921814355
318.0,5.493973538776899
520.0,5.46064114542316
205.0,5.446630686356079
12.0,5.416114189109659
114.0,5.413872080668632
199.0,5.405577513951681
528.0,5.402219637997284
