item_id,predicted_score
174.0,4.680791733462671
50.0,4.651105607977126
181.0,4.6085702569462486
22.0,4.588538959626065
169.0,4.5427241477593565
79.0,4.525918282720379
313.0,4.517391337942754
692.0,4.501647026368776
96.0,4.458667801791431
328.0,4.454055029929453
