item_id,predicted_score
132.0,3.5787862507515307
474.0,3.567617479367232
427.0,3.564822957077717
1449.0,3.543518917784961
659.0,3.52174432555677
56.0,3.5137207038833465
178.0,3.5119847663532515
432.0,3.4792760545650383
654.0,3.4679249106981302
493.0,3.4569565823109696
