item_id,predicted_score
183.0,5.091579209570344
7.0,5.071995374980393
285.0,4.925831483943178
179.0,4.895340341185414
135.0,4.7760458649226125
168.0,4.736591218074716
169.0,4.709298282747685
100.0,4.57681548122561
430.0,4.5740106228462185
228.0,4.554837869106838
