item_id,predicted_score
251.0,5.408498975771604
659.0,5.314409491209808
512.0,5.256517774966665
427.0,5.221871507665043
432.0,5.20156038261045
143.0,5.165728513599041
242.0,5.154694776105629
79.0,5.133336523079869
136.0,5.116088133531786
582.0,5.113663123517372
