item_id,predicted_score
12.0,4.814866827798921
22.0,4.700493495431019
603.0,4.468142272152079
511.0,4.398210300290997
302.0,4.355604837222383
134.0,4.252955667089867
479.0,4.2387402306697535
64.0,4.168008603194118
641.0,4.149024365308831
180.0,4.143919243595989
