item_id,predicted_score
641.0,5.316265785602823
661.0,5.280621172253335
474.0,5.241720599032644
1012.0,5.209994591218768
178.0,5.193559742002929
286.0,5.1597912667502
603.0,5.157497941831523
657.0,5.131518004352359
513.0,5.110445531810063
1449.0,5.0943781604865706
