item_id,predicted_score
50.0,5.3454673498441085
181.0,4.846784839240295
172.0,4.818472570342578
174.0,4.813415301202082
520.0,4.781595225926656
285.0,4.770148576495192
71.0,4.715209655888614
210.0,4.710626178341575
887.0,4.709568257033042
8.0,4.667421882011696
