item_id,predicted_score
169.0,4.270055320398447
127.0,4.240076626692185
1449.0,4.2207427819420245
483.0,4.202302042178572
408.0,4.197103230317552
320.0,4.179855427380149
515.0,4.177653819294471
513.0,4.153150740990304
285.0,4.144199537545948
318.0,4.099992625429562
