item_id,predicted_score
180.0,5.241840496606295
474.0,5.166178825000998
1449.0,5.140907959980292
9.0,5.1245006127192205
100.0,5.120742488763937
127.0,5.100225040312057
98.0,5.05814946467994
56.0,5.050177429005158
488.0,5.046916159120972
10.0,5.014787281719902
