item_id,predicted_score
654.0,5.070684720350174
170.0,5.059219639644415
56.0,4.950168983245158
197.0,4.913757515175102
124.0,4.825414218799733
246.0,4.824041357921566
48.0,4.812952285415942
694.0,4.809395203899665
19.0,4.777520542893579
603.0,4.775979302033938
