item_id,predicted_score
137.0,6.023234649934812
56.0,5.100912718911532
654.0,5.0602189861185884
23.0,5.0366652581108795
60.0,5.017425537150021
134.0,4.983787272196862
209.0,4.862827471324239
474.0,4.817896685389162
246.0,4.724461473708132
32.0,4.682065208716418
