item_id,predicted_score
318.0,4.951579381076016
64.0,4.881726946292124
98.0,4.844683496368754
515.0,4.843510626221396
1449.0,4.806054145942002
357.0,4.784647710375284
496.0,4.716009675516768
127.0,4.711489575530564
408.0,4.706074267876482
199.0,4.669451472141339
