item_id,predicted_score
96.0,5.021315658301306
257.0,4.9713108352185635
174.0,4.970490089976388
204.0,4.963120416455759
50.0,4.902520984482856
66.0,4.8904234938730236
313.0,4.879615648025289
241.0,4.875433637169493
121.0,4.87007819260855
82.0,4.853629132682443
