item_id,predicted_score
64.0,5.956318654614737
12.0,5.943146045598439
169.0,5.93885145162535
313.0,5.938311164592423
408.0,5.880231185144801
483.0,5.806331951443398
174.0,5.786613052977626
199.0,5.782432764744683
1449.0,5.777810206849727
318.0,5.777060325835543
