item_id,predicted_score
1449.0,4.85225049790051
474.0,4.769012970024278
408.0,4.706147799172073
169.0,4.6983510163711
513.0,4.695778966200949
921.0,4.682733919076617
603.0,4.6682327065414055
475.0,4.662252038271756
178.0,4.657104827131898
657.0,4.650095883627332
