item_id,predicted_score
64.0,4.652140904397752
408.0,4.650531168555644
169.0,4.5654184043334345
1449.0,4.528895794207563
98.0,4.519417464540117
199.0,4.472283203337115
318.0,4.450857359710004
178.0,4.44439750912072
127.0,4.443493999691393
190.0,4.422974662055179
