item_id,predicted_score
169.0,4.960537733814505
50.0,4.787893825740469
408.0,4.685843338132943
302.0,4.614403702937899
272.0,4.5852608128179195
963.0,4.581788413400536
515.0,4.573656180589845
1449.0,4.568287378814777
318.0,4.541433238521579
174.0,4.499491254202003
