item_id,predicted_score
169.0,4.951409600297495
318.0,4.9443593560692385
1449.0,4.918557001362965
100.0,4.851014566707479
114.0,4.818822664959601
64.0,4.816437149363336
98.0,4.800572598680212
320.0,4.771163347302765
483.0,4.764947555578264
302.0,4.73214314980742
