item_id,predicted_score
318.0,4.9954359718489485
313.0,4.924896248825122
1449.0,4.90512564090891
258.0,4.8973164353718275
408.0,4.838463447673408
12.0,4.831176888383328
64.0,4.824924498490734
173.0,4.7799697433019475
302.0,4.756819255534064
483.0,4.751811064408707
