item_id,predicted_score
169.0,5.129584232345854
209.0,5.12140350318615
603.0,5.084782371376381
1449.0,5.020094566925694
483.0,5.019440119764199
114.0,5.002397064618245
179.0,4.94110702963434
7.0,4.933732898215259
318.0,4.93131972369347
23.0,4.912790569813883
