item_id,predicted_score
1449.0,5.577345059832105
603.0,5.539230641201404
169.0,5.413156750071404
272.0,5.406811225938153
318.0,5.384954703883886
528.0,5.373324002128505
83.0,5.367573560233457
313.0,5.353556181715042
480.0,5.308605948668734
12.0,5.303092243964216
