item_id,predicted_score
512.0,4.515553254705119
169.0,4.464595847459738
483.0,4.380899944181543
170.0,4.359930333291613
515.0,4.337668266504668
1449.0,4.323305256344836
318.0,4.311567912795934
604.0,4.27467578552645
408.0,4.270446868769372
124.0,4.254317791346177
