item_id,predicted_score
173.0,5.527746200794096
190.0,5.386544920966239
199.0,5.383482329603222
483.0,5.3707489184480925
657.0,5.360222069714687
528.0,5.346458325362762
603.0,5.333058443344931
178.0,5.32771617375416
1449.0,5.322446004596411
64.0,5.317237990024574
