item_id,predicted_score
483.0,4.417463617478315
1449.0,4.3185350850114546
269.0,4.298954254866463
318.0,4.291559667097525
251.0,4.28688527586738
515.0,4.257982796799242
170.0,4.23873008308567
320.0,4.179811854646464
275.0,4.162945873313204
45.0,4.109503163597398
