item_id,predicted_score
100.0,5.388075741140463
10.0,4.850861232201192
320.0,4.78240064399808
180.0,4.711906576809964
179.0,4.697191356821679
197.0,4.679417848567459
175.0,4.605711037968059
135.0,4.570286501204482
1449.0,4.566652464419852
9.0,4.53183438840329
