item_id,predicted_score
12.0,5.251669848086925
64.0,5.230700208881336
180.0,5.206821941083565
185.0,5.178273820281337
357.0,4.994537836509605
178.0,4.984123781124431
603.0,4.981532520063276
56.0,4.962745343816008
199.0,4.9278624315796575
479.0,4.91317119237556
