item_id,predicted_score
288.0,4.6265007129108735
258.0,4.1031134134923235
313.0,4.053570274688109
333.0,3.816923560512117
480.0,3.754134950569634
408.0,3.7398235481232707
8.0,3.689733926304109
64.0,3.6810458261145262
57.0,3.679464181373409
1449.0,3.6591701807163717
