item_id,predicted_score
318.0,4.526769204543545
98.0,4.411873255354777
64.0,4.372627449328584
22.0,4.3425398584736
12.0,4.339591165422134
1449.0,4.3385430999176275
483.0,4.33713380739834
480.0,4.314159444877937
357.0,4.2735852898274524
427.0,4.254772318696746
