item_id,predicted_score
272.0,5.015772147230739
660.0,4.914366121508907
515.0,4.913058136504707
69.0,4.896521296705445
316.0,4.888224330095158
196.0,4.841425466230184
318.0,4.819673764012187
289.0,4.767121797827335
98.0,4.742065818306593
190.0,4.707106914882742
