item_id,predicted_score
496.0,5.047081169417875
318.0,5.008015435784751
64.0,4.972906117080861
98.0,4.943901063032251
515.0,4.883209333159989
480.0,4.782158053856153
498.0,4.765319546695619
15.0,4.757459078536313
1449.0,4.74797304231358
272.0,4.739315406112799
