item_id,predicted_score
286.0,5.603807945023453
285.0,5.493337094897827
513.0,5.3862465939514586
474.0,5.383786323736679
56.0,5.346961083302564
408.0,5.3066620591590645
134.0,5.306191848530403
268.0,5.213724340325114
661.0,5.182416280792319
641.0,5.1680603424026845
