item_id,predicted_score
50.0,4.60587329422337
172.0,4.584840571750849
313.0,4.546359873115316
174.0,4.387045193814435
22.0,4.385130548605995
64.0,4.214995647110245
181.0,4.202089261460691
496.0,4.177683789940204
215.0,4.167622149360713
173.0,4.119044199439647
