item_id,predicted_score
603.0,5.290574653637884
483.0,5.186122356434278
657.0,5.135796863722958
12.0,5.132165525862661
185.0,5.123364065716659
1449.0,5.1223197344341695
64.0,5.120476795283052
169.0,5.108260548676326
199.0,5.104196540156863
168.0,5.093186903240061
