item_id,predicted_score
288.0,5.843365847680838
333.0,5.752647789039102
98.0,4.89126710818489
763.0,4.796795298256703
200.0,4.741899735896402
118.0,4.648592695896977
169.0,4.619323295013651
582.0,4.604185248570205
682.0,4.568574685144558
313.0,4.531666558627277
