item_id,predicted_score
318.0,4.7526067629425786
64.0,4.743013576332288
483.0,4.705491010993222
169.0,4.66484669387427
1449.0,4.657589470041005
12.0,4.6031525409953735
98.0,4.566411511153773
174.0,4.556850133987671
197.0,4.546845549618064
114.0,4.517198049622012
