item_id,predicted_score
318.0,4.817048206543975
64.0,4.640193351063196
12.0,4.612976850714741
515.0,4.607064844895606
300.0,4.554034700699589
1449.0,4.525267923732272
496.0,4.4890157358922265
199.0,4.486414862082113
487.0,4.477387252971509
313.0,4.447353744990806
