item_id,predicted_score
318.0,4.81737620925398
100.0,4.721018664458585
357.0,4.6819114362156204
64.0,4.675288573582654
50.0,4.623833844354951
127.0,4.604977300039004
320.0,4.582384038413616
135.0,4.560172423009297
185.0,4.556825433065486
480.0,4.5359899439925035
