item_id,predicted_score
64.0,4.942385823512375
180.0,4.928451812236778
12.0,4.895024593332082
56.0,4.855679202760388
185.0,4.8417275542861455
178.0,4.802512097620646
23.0,4.778505269449694
647.0,4.771705190173533
603.0,4.757261761996476
488.0,4.751033839100102
