item_id,predicted_score
357.0,4.774520014102609
318.0,4.681905615520302
56.0,4.651636758159832
12.0,4.584157989258169
515.0,4.582067809680223
89.0,4.551653473051848
64.0,4.538962384076952
272.0,4.471603671487348
180.0,4.454374980053951
114.0,4.447903085858125
