item_id,predicted_score
23.0,4.334460915141005
60.0,4.317302549915653
654.0,4.297954301853971
59.0,4.250324700560242
10.0,4.2416738584143685
408.0,4.146566170156168
178.0,4.105883034698143
1449.0,4.097321310171231
98.0,4.079720564027868
488.0,4.078321664615512
