item_id,predicted_score
475.0,5.183182705547254
286.0,4.974252123410581
474.0,4.898547141943826
1449.0,4.877648871249277
251.0,4.8390916561968105
56.0,4.804404892611608
655.0,4.71310516855458
258.0,4.682091274902539
302.0,4.679604112226627
200.0,4.656317931332813
