item_id,predicted_score
64.0,4.949172166212523
318.0,4.9183460965314465
169.0,4.883419104323104
1449.0,4.768886923274082
50.0,4.764289877382277
98.0,4.7628685330808365
313.0,4.7543596534396455
408.0,4.748725094949703
302.0,4.734358792951041
114.0,4.7336104193412964
