item_id,predicted_score
12.0,5.342201625115399
408.0,5.325951523619435
318.0,5.271550894273002
169.0,5.259395566846262
64.0,5.225979781884545
513.0,5.199811440482407
127.0,5.192561964032805
479.0,5.168193645256777
357.0,5.1533057542887155
515.0,5.151729418175257
