item_id,predicted_score
174.0,5.339336341007073
98.0,5.168576619349788
50.0,5.125871591832682
22.0,5.083220445574361
313.0,5.060239574799513
64.0,5.026835626501752
1.0,5.02142326433134
234.0,5.014654022817501
204.0,4.9280957985320315
210.0,4.890166236135585
