item_id,predicted_score
64.0,4.857399371625363
480.0,4.836650529571232
735.0,4.83443874130577
12.0,4.817156286317924
318.0,4.8143739056157235
408.0,4.756500521690882
199.0,4.715569956324808
1449.0,4.706684125021797
178.0,4.689477895505087
313.0,4.689009757045817
