item_id,predicted_score
22.0,5.020265199651169
134.0,4.929009182538726
12.0,4.776173013426587
511.0,4.760556782960888
408.0,4.748523263316042
272.0,4.642783159415376
169.0,4.632830316270624
190.0,4.564255038407742
427.0,4.447878659408565
663.0,4.446390466265569
