item_id,predicted_score
269.0,5.3044649973393545
9.0,5.247781246304784
59.0,5.235674459410845
408.0,5.21560149749455
179.0,5.198543492479254
100.0,5.180256382160737
156.0,5.100704518426415
168.0,5.09154411550302
89.0,5.053006959537916
285.0,5.021570298330522
