item_id,predicted_score
169.0,4.719414052774995
408.0,4.560967389872282
50.0,4.498732406680605
172.0,4.421869766547066
320.0,4.417907825067605
134.0,4.383840292820464
483.0,4.3837195878548485
135.0,4.358151758890762
114.0,4.342179313161504
285.0,4.339607495948467
