item_id,predicted_score
169.0,4.344092259916997
12.0,4.263560725933979
318.0,4.191266787870048
408.0,4.176334295236784
98.0,4.151588584551987
1449.0,4.147723390585025
515.0,4.141204193205793
114.0,4.140352818905361
64.0,4.083159178988152
480.0,4.057854792656081
