item_id,predicted_score
246.0,4.89966451586657
135.0,4.872890439932935
185.0,4.752814035544476
474.0,4.739230726470638
603.0,4.709941074006553
100.0,4.70407894255224
357.0,4.6250030119570065
268.0,4.593607783258823
127.0,4.593297691206467
276.0,4.588682646950685
