item_id,predicted_score
50.0,4.851282962199498
408.0,4.753974202927995
172.0,4.75231779777776
483.0,4.716690926181136
169.0,4.70873117153335
173.0,4.6558957750645975
114.0,4.645035772766336
302.0,4.643668106197816
8.0,4.639721529433304
285.0,4.629405567001623
