item_id,predicted_score
173.0,4.9719980362512715
50.0,4.913885562871423
174.0,4.8130406630301215
181.0,4.8115688475443745
64.0,4.772973859779371
230.0,4.713514817809083
12.0,4.697685651490383
22.0,4.595080984769453
318.0,4.531067505879962
222.0,4.479928211360516
