item_id,predicted_score
169.0,3.982264481150408
408.0,3.9505332341881485
1449.0,3.876436531508304
98.0,3.8758316318158443
483.0,3.7834768670188232
318.0,3.778355140323797
64.0,3.7768326087776005
12.0,3.741206882852469
427.0,3.73649125168368
285.0,3.732956795870971
