item_id,predicted_score
64.0,4.350442002629983
98.0,4.212027000892868
511.0,4.079298017265951
357.0,4.066872726367963
318.0,4.054927461860396
114.0,4.047408468703851
603.0,4.047167700449374
1449.0,4.042201371536684
480.0,4.0326611927067475
12.0,4.030674113857336
