item_id,predicted_score
134.0,6.036846397279311
511.0,5.654163724142522
135.0,5.619845066124718
178.0,5.557030834635471
488.0,5.512188655846799
694.0,5.4657327736121095
246.0,5.446826904828511
127.0,5.431862922851005
654.0,5.348252822768218
498.0,5.27997255219883
