item_id,predicted_score
483.0,5.102059201639132
269.0,4.998736783477273
124.0,4.928775821414312
169.0,4.928496089187231
285.0,4.927908569240094
320.0,4.9044584652610075
12.0,4.815962737123284
168.0,4.7828678460328975
408.0,4.78001376401029
50.0,4.7796926128465165
