item_id,predicted_score
483.0,4.866822946658062
275.0,4.859932094272194
515.0,4.849965137922829
269.0,4.808670438123872
86.0,4.803774422242677
318.0,4.778941959129281
124.0,4.750151841434005
10.0,4.748952926997868
1449.0,4.7443959813065995
512.0,4.735994753403375
