item_id,predicted_score
474.0,4.992978618096258
603.0,4.927099056791832
134.0,4.863372878223087
488.0,4.851983912380172
48.0,4.833843794699219
1449.0,4.823302144867449
654.0,4.810431075660638
60.0,4.810055013691614
9.0,4.803212324396089
23.0,4.796901456172241
