item_id,predicted_score
285.0,5.124603059711005
179.0,5.0600863201356745
169.0,5.013332315273441
127.0,4.896605455171702
408.0,4.7514484968227375
168.0,4.739419801973779
137.0,4.698287723752553
134.0,4.6945277010078055
60.0,4.673714187829519
160.0,4.561414718115266
