item_id,predicted_score
302.0,4.817419167807366
320.0,4.618177976558451
100.0,4.612860798302602
1449.0,4.6053710571662885
242.0,4.574502699256833
251.0,4.503525156677123
133.0,4.491800395757819
488.0,4.4454336680186
474.0,4.430010354513987
169.0,4.424455221133527
