item_id,predicted_score
127.0,4.8496892575265065
169.0,4.827081894686216
483.0,4.823058301047999
56.0,4.816749239994867
179.0,4.804230805722281
285.0,4.799718061187863
512.0,4.776913244792209
515.0,4.760293247022077
124.0,4.755532195200713
191.0,4.709318424715226
