item_id,predicted_score
132.0,4.4426499200399405
178.0,4.395737433267116
483.0,4.393833934950083
135.0,4.373586214646996
480.0,4.3675599229392965
320.0,4.355063635953256
1449.0,4.343917783386717
497.0,4.319942999186866
896.0,4.309250546924837
408.0,4.277029451989483
