item_id,predicted_score
56.0,4.526414988529553
1449.0,4.484826717658033
169.0,4.4046231389959685
512.0,4.396221280311267
483.0,4.370723978345007
357.0,4.3256458452988005
48.0,4.321959087239234
515.0,4.315379554200255
272.0,4.297303024955059
318.0,4.2969063170313
