item_id,predicted_score
64.0,4.3505336074105925
127.0,4.330247811749126
313.0,4.328762844158465
50.0,4.32639325758537
169.0,4.274104623142672
100.0,4.270235525757849
480.0,4.259337793810933
174.0,4.24660767644188
185.0,4.211859774316108
12.0,4.211330436114591
