item_id,predicted_score
288.0,4.632435585587922
64.0,4.602297144080314
56.0,4.592394999212207
174.0,4.573659617588287
318.0,4.550529934107926
357.0,4.495398771088537
79.0,4.475207221983769
98.0,4.473397265163801
12.0,4.4614024695106975
1449.0,4.442625259195026
