item_id,predicted_score
127.0,5.548290580292994
135.0,5.278654945359913
100.0,5.267107486498496
276.0,5.265304476214205
191.0,5.05263265377343
23.0,5.013908822157384
134.0,4.926299427317792
246.0,4.912117029467557
197.0,4.89336768648514
179.0,4.891454980092384
