item_id,predicted_score
408.0,4.47750144581421
12.0,4.365638133224463
641.0,4.358929763757772
272.0,4.34954187972571
520.0,4.301331179282534
690.0,4.2972960201234915
8.0,4.290044316739533
286.0,4.2610423500151
169.0,4.248115361838314
302.0,4.198459729116074
