item_id,predicted_score
121.0,5.801676112183353
328.0,5.783911829855517
300.0,5.603154972249563
313.0,5.415638750568836
144.0,5.367887159808284
385.0,5.327364581461484
22.0,5.145617285766541
487.0,5.118596721696349
603.0,5.10325069637687
597.0,5.083689728891654
