item_id,predicted_score
169.0,5.1112921863889085
483.0,4.937872450746054
12.0,4.9268688367271825
408.0,4.871284554246814
1449.0,4.868791810737777
318.0,4.852135666811438
603.0,4.809796028598315
64.0,4.8096116562987135
174.0,4.797603316230739
513.0,4.796240032637259
