item_id,predicted_score
50.0,4.694993154553392
483.0,4.659250861816536
318.0,4.606352563422179
258.0,4.58597444102602
194.0,4.577350035836586
313.0,4.52495143892125
172.0,4.520860070086408
174.0,4.480910820521376
286.0,4.4768258570535036
19.0,4.4553882834787455
