item_id,predicted_score
258.0,4.388940001960251
272.0,4.373831047371723
313.0,4.37112382180609
169.0,4.350151475766277
1449.0,4.257623755048049
963.0,4.2235916780804725
133.0,4.19790360709449
966.0,4.1357328204832156
161.0,4.113586054186964
251.0,4.110151495404039
