item_id,predicted_score
156.0,4.617741264477529
315.0,4.600009507450491
272.0,4.593929016726971
169.0,4.587718730170608
603.0,4.578825902110903
144.0,4.495640598842643
385.0,4.446048113789464
286.0,4.4435533764380795
209.0,4.434001888049333
1449.0,4.422898006799326
