item_id,predicted_score
197.0,5.804196400391293
1449.0,5.777013591289267
603.0,5.7341799556841035
100.0,5.72846461029531
169.0,5.682759125264516
443.0,5.616077592095032
923.0,5.6056525247835856
191.0,5.600261068643132
513.0,5.569981277011477
661.0,5.563776209305088
