item_id,predicted_score
921.0,5.648461123335469
1449.0,5.558694937658749
169.0,5.504382097210545
515.0,5.416252687610176
408.0,5.4060317645598275
10.0,5.401189580992362
12.0,5.393881209066346
302.0,5.386006225300305
83.0,5.3496740147145765
513.0,5.341152904209815
