item_id,predicted_score
318.0,4.776547168543418
515.0,4.62556522171736
169.0,4.591791304171448
173.0,4.576949277238633
50.0,4.499997069346322
12.0,4.4988746768184615
483.0,4.475948618991624
316.0,4.463239878408947
64.0,4.432827960980915
408.0,4.418949278679598
