item_id,predicted_score
346.0,5.086331118960095
318.0,5.0228057234491
100.0,4.905963515892744
89.0,4.873825103710117
200.0,4.809764969318337
357.0,4.796339008072515
528.0,4.776809292589348
340.0,4.776091593561734
223.0,4.748409742755989
582.0,4.728202244703165
