item_id,predicted_score
169.0,5.281538334594697
1449.0,5.245194169412518
64.0,5.195495264125965
427.0,5.191542503851329
480.0,5.175196149781837
318.0,5.16235646703518
98.0,5.148157018952955
483.0,5.128101327544061
408.0,5.128019411633297
963.0,5.121319222067455
