item_id,predicted_score
603.0,5.056103051273128
1449.0,5.035117548220437
923.0,5.021507977878261
483.0,5.007497418795031
474.0,4.994014212567772
661.0,4.963331338891694
197.0,4.935505435905497
48.0,4.925359315740683
246.0,4.879485704429467
170.0,4.874389737305586
