item_id,predicted_score
286.0,4.582191819591279
313.0,4.1268808302081625
641.0,4.046625401788524
172.0,4.044777866128005
272.0,3.9672591597063365
603.0,3.9268481090205776
474.0,3.917769739122743
182.0,3.896975749829421
258.0,3.8938852906635546
174.0,3.878984986228627
