item_id,predicted_score
96.0,5.940048582559514
294.0,5.756521691340713
222.0,5.75651552935304
71.0,5.636469718134045
902.0,5.593813616129003
306.0,5.579687965265579
230.0,5.563252003912557
12.0,5.55421595768882
144.0,5.499274339363494
603.0,5.458931096114548
