item_id,predicted_score
169.0,4.807668824748905
50.0,4.701797501323691
174.0,4.6488041792489785
357.0,4.628867595222034
191.0,4.590898337744447
313.0,4.572372042702543
98.0,4.515077614919497
480.0,4.494210734952466
603.0,4.4939548711528845
318.0,4.47702258421191
