item_id,predicted_score
10.0,4.703021721155992
127.0,4.633215350048211
14.0,4.586449605686037
180.0,4.534500258751457
381.0,4.52192223275863
276.0,4.512881883853219
100.0,4.511308574090313
56.0,4.495248028477086
1449.0,4.461340661592809
238.0,4.435217993152631
