item_id,predicted_score
137.0,5.830609719607833
582.0,5.7390109122120645
512.0,5.447146448178296
60.0,5.40511802009566
474.0,5.382059390237012
275.0,5.209222762728295
507.0,5.171860087492413
14.0,5.144072636322292
740.0,5.026560652685429
86.0,5.019192217330827
