item_id,predicted_score
488.0,4.503819575251052
654.0,4.4770444219190395
1449.0,4.449037548006322
180.0,4.415414744251283
48.0,4.350402315242484
170.0,4.344581524123331
318.0,4.327233981195913
14.0,4.32188768830305
408.0,4.290351841839824
9.0,4.289193439352114
