item_id,predicted_score
251.0,5.214905019939667
496.0,5.188358083826905
320.0,5.181875475644645
318.0,5.1692939908909485
1449.0,5.158238515365961
963.0,5.136216680777682
64.0,5.119728853333405
483.0,5.096647573076116
480.0,5.07563074782147
966.0,5.0694853961842
