item_id,predicted_score
178.0,4.695628307038121
474.0,4.68521811244671
127.0,4.594015472902432
134.0,4.565408308016706
488.0,4.5353771149095365
1449.0,4.495273841301363
60.0,4.491589503620002
654.0,4.476815636243543
511.0,4.472816794055562
408.0,4.465012021272996
