item_id,predicted_score
169.0,4.7748315459633055
12.0,4.720599050613613
64.0,4.655982721155084
50.0,4.535646620712364
114.0,4.516981330675774
185.0,4.51432552692998
173.0,4.513022493485278
483.0,4.509599810625464
168.0,4.49888129871497
100.0,4.485558777031351
