item_id,predicted_score
318.0,4.356559446525591
1449.0,4.1881271930756325
133.0,4.1337888475257225
64.0,4.132798020683275
496.0,4.124581085870728
173.0,4.12186503990554
313.0,4.11587274793144
50.0,4.11490646381846
423.0,4.112534157778967
480.0,4.1006921000427745
