item_id,predicted_score
56.0,5.301704654784786
7.0,5.200455171873827
64.0,5.031515710964616
313.0,5.0299842120766725
185.0,5.004904386892501
173.0,4.975431357745947
174.0,4.872591758554194
1142.0,4.839483178253425
172.0,4.834857825229848
12.0,4.814371823044386
