item_id,predicted_score
169.0,5.249827818231063
205.0,5.181028892050363
408.0,5.159226271198161
483.0,5.1440913635310705
89.0,5.135414502445702
275.0,5.130979974696692
14.0,5.10917797538446
285.0,5.10425808294923
320.0,5.066017429107413
286.0,5.05060347621713
