item_id,predicted_score
127.0,4.64401279676778
9.0,4.53923156528087
134.0,4.3674362150063555
474.0,4.304900944813736
100.0,4.257826915549597
180.0,4.252591123049847
135.0,4.236933737862128
357.0,4.193865495397869
246.0,4.104956074029786
268.0,4.08160054179756
