item_id,predicted_score
313.0,5.134827979106214
64.0,4.997813189749014
318.0,4.954340012189088
22.0,4.886872751195997
1449.0,4.86317956958597
12.0,4.792753041098804
272.0,4.736795743780145
496.0,4.736249099897131
169.0,4.693063967863836
144.0,4.668604445395976
