item_id,predicted_score
603.0,4.798456735348548
1449.0,4.754501543138719
197.0,4.683788141192592
480.0,4.6737163054995685
178.0,4.655170087404043
511.0,4.63338892669163
427.0,4.631161981251409
98.0,4.625914959418384
12.0,4.5728373657893275
474.0,4.5719079648736916
