item_id,predicted_score
64.0,4.803078636076556
127.0,4.767471120065385
480.0,4.747226273936698
357.0,4.737769568694426
178.0,4.692223790355833
98.0,4.684843293709962
318.0,4.662358378596057
114.0,4.654820772700569
511.0,4.652375134207954
1449.0,4.636793533997655
