item_id,predicted_score
1449.0,4.682784477483134
474.0,4.597863639773097
272.0,4.551540271602085
302.0,4.54617448109968
251.0,4.538975475397278
64.0,4.504469843754471
963.0,4.477067005195302
318.0,4.4752212067240595
199.0,4.47193386523699
408.0,4.463824322924442
