item_id,predicted_score
286.0,5.192111606204977
1194.0,4.010687576722875
462.0,4.008204433391858
14.0,3.998896716453796
474.0,3.954186296509834
1449.0,3.8895518268303326
694.0,3.8586798625386702
641.0,3.828675942724206
289.0,3.823844208609816
661.0,3.8184534347471564
