item_id,predicted_score
181.0,5.5287357675019955
50.0,5.4584575792339445
301.0,5.094205264743197
228.0,5.079117035829815
174.0,4.998831438389208
172.0,4.9815089993156905
169.0,4.954807532216512
222.0,4.913984318107699
432.0,4.899134489790823
202.0,4.878675074755073
