item_id,predicted_score
121.0,5.501125059429242
265.0,5.176898832968883
183.0,5.131343964357992
273.0,5.104720635040117
22.0,5.043123473931156
114.0,5.017406989853105
429.0,4.964226139096132
300.0,4.9542954250304705
7.0,4.947982238339113
64.0,4.911750093250512
