item_id,predicted_score
143.0,4.756306381111791
173.0,4.656951651146428
316.0,4.551433406648034
1449.0,4.516648261999253
10.0,4.4884166237880025
198.0,4.466437362972184
512.0,4.429027450228458
251.0,4.42057575868113
258.0,4.40538152413732
487.0,4.376320419651096
