item_id,predicted_score
507.0,4.678156157896604
357.0,4.551112982296185
7.0,4.4851619845273
483.0,4.474607966470831
56.0,4.442641373374348
302.0,4.397821172549499
114.0,4.368109094283826
169.0,4.367447640764484
603.0,4.303654705396012
513.0,4.294085258910799
