item_id,predicted_score
483.0,4.8541740345686
100.0,4.798787785005256
199.0,4.7788875026022675
320.0,4.778844074141655
169.0,4.742682853552016
443.0,4.718334315907161
197.0,4.685140070736983
488.0,4.6454606036997905
168.0,4.630801612099812
12.0,4.619350041168043
