item_id,predicted_score
1449.0,4.549463550359689
318.0,4.5385605445358
483.0,4.508646460545754
357.0,4.502915523462419
64.0,4.448130617484444
98.0,4.424471906579876
603.0,4.412921024664748
169.0,4.412325629551813
178.0,4.401837247191118
515.0,4.401516893734789
