item_id,predicted_score
318.0,5.19685762953563
22.0,4.999143191301356
515.0,4.967584399156037
357.0,4.919284691431284
12.0,4.8738549949940255
64.0,4.867818652360731
286.0,4.847731287699885
50.0,4.841419946601043
69.0,4.7767261980002
313.0,4.771479802825512
