item_id,predicted_score
313.0,5.28748471569452
272.0,5.245338304247842
169.0,5.210413902275399
83.0,5.170053644238044
408.0,5.160612419431655
520.0,5.093367901364265
489.0,5.034454287649154
194.0,5.030755844783061
692.0,4.98425324931649
603.0,4.946316626129812
