item_id,predicted_score
285.0,4.788646964354298
474.0,4.773240598026959
427.0,4.762855420194743
659.0,4.746720824553541
134.0,4.735670647417971
178.0,4.712263617323722
1449.0,4.706127028094661
1137.0,4.702037570310288
251.0,4.687970568650497
483.0,4.67927612461875
