item_id,predicted_score
50.0,4.816387102230358
174.0,4.712508133218729
242.0,4.616731814663246
195.0,4.616722242842206
318.0,4.612989822409947
603.0,4.596523426539435
172.0,4.5211735459122835
483.0,4.507185035204739
12.0,4.497357438214798
99.0,4.490625885013039
