item_id,predicted_score
603.0,4.927950311406186
272.0,4.8572458349391034
313.0,4.669461463377142
83.0,4.642774442462639
191.0,4.5619459921455965
22.0,4.530026093894132
641.0,4.511284724434369
1449.0,4.505039963024779
318.0,4.502814458449978
487.0,4.496208191006069
