item_id,predicted_score
272.0,4.797092075124878
169.0,4.7819242756242195
50.0,4.703309259314953
313.0,4.662234253213282
408.0,4.615741698256698
172.0,4.5746137814856604
181.0,4.553333548445949
83.0,4.483285618568945
170.0,4.402114459758711
168.0,4.369555428193495
