item_id,predicted_score
174.0,4.787170869362843
69.0,4.777668874312817
96.0,4.750681972976243
22.0,4.731588741853394
1449.0,4.681048111437261
427.0,4.6573032073865175
50.0,4.649970532217813
963.0,4.6297395110620405
515.0,4.616924145283213
12.0,4.614661957547462
