item_id,predicted_score
300.0,5.370773791079857
265.0,5.073971493518194
50.0,5.048240607246172
176.0,4.941074175247856
515.0,4.940168097327062
316.0,4.842732608330258
318.0,4.784451332495097
181.0,4.767735708624455
8.0,4.759322176447296
114.0,4.695463984779559
