item_id,predicted_score
56.0,5.182839431966333
475.0,5.033182075515376
64.0,5.021940075090704
408.0,5.003672876477507
663.0,4.987296669210889
134.0,4.965943323926216
169.0,4.965881013856834
187.0,4.92435094746012
124.0,4.922007632718515
479.0,4.902402055353807
