item_id,predicted_score
515.0,4.906827784776382
127.0,4.790748752849655
408.0,4.742813918660951
9.0,4.725346775417142
318.0,4.704218018551688
483.0,4.660013880821737
199.0,4.620305528138571
269.0,4.618096119040762
223.0,4.587523478330854
50.0,4.572089620686382
