item_id,predicted_score
100.0,4.850569592127667
127.0,4.381219874012099
47.0,4.359668085877852
191.0,4.342858271145596
9.0,4.245902093505365
320.0,4.231860992395211
443.0,4.2231531442067585
197.0,4.2209935150448405
483.0,4.2116684745117405
427.0,4.207216313874992
