item_id,predicted_score
313.0,4.657816871873556
50.0,4.595598336440784
181.0,4.571641534529988
169.0,4.5681521952530515
173.0,4.559373709890525
483.0,4.544841561362903
194.0,4.513352491412627
316.0,4.51168534326266
172.0,4.510602258382268
520.0,4.457183021442227
