item_id,predicted_score
320.0,4.96299885730012
276.0,4.881765512468446
137.0,4.765377647386593
100.0,4.732888631580574
192.0,4.716393276474202
180.0,4.670363595082642
657.0,4.664716736862187
1449.0,4.623048443543228
488.0,4.613655642874053
127.0,4.603075133075413
