item_id,predicted_score
318.0,4.698168298502747
483.0,4.66530380251163
127.0,4.650045370915678
1449.0,4.649716630256056
603.0,4.648189787806898
199.0,4.6154654263362564
64.0,4.613659632795964
479.0,4.609941564839889
178.0,4.6033617021053574
480.0,4.585672501476289
