item_id,predicted_score
50.0,4.699714504951891
127.0,4.601644002597591
483.0,4.5762372462748315
169.0,4.572024751695418
320.0,4.559243624117976
515.0,4.547187839857901
318.0,4.531561535873347
1449.0,4.526189008841176
285.0,4.5254974551017675
480.0,4.498305086485427
