item_id,predicted_score
50.0,5.507915087418131
181.0,5.287940347494177
313.0,5.26442311425456
174.0,5.2216931813414575
172.0,4.932979442056637
205.0,4.833256966609523
318.0,4.81613927141421
496.0,4.807147224470572
210.0,4.801308693035729
169.0,4.759249993714975
