item_id,predicted_score
56.0,4.51368571511694
1449.0,4.280460783626645
64.0,4.238058287861677
513.0,4.177216583642891
474.0,4.16752937314068
427.0,4.1469025095013885
178.0,4.144735713136642
515.0,4.136405183470541
408.0,4.136136977760275
483.0,4.121136404169772
