item_id,predicted_score
60.0,5.321122560809222
474.0,5.176144755422959
116.0,5.073927198546912
59.0,4.999296661507074
137.0,4.961294523272452
647.0,4.9499016316807705
654.0,4.908269771323636
428.0,4.906747278000121
1194.0,4.871370582369613
192.0,4.864810168767372
