item_id,predicted_score
169.0,4.4382728655996715
100.0,4.282391187259935
12.0,4.202099441356544
50.0,4.149133810374927
98.0,4.141663902416629
483.0,4.138893984269986
174.0,4.103254514376991
320.0,4.091243692757707
480.0,4.086332121736271
318.0,4.072319765444762
