item_id,predicted_score
50.0,4.994860407872092
515.0,4.924744885334474
318.0,4.917787890011636
173.0,4.8500014159845914
12.0,4.835763060819339
408.0,4.830251548230748
357.0,4.785336086137907
89.0,4.737246907780946
238.0,4.6921091542488185
127.0,4.681578953057126
