item_id,predicted_score
288.0,5.212840820458789
357.0,5.119944386697516
98.0,5.113023257560066
100.0,5.035492391002851
127.0,4.947749616367286
205.0,4.946345801129466
200.0,4.85951911472957
318.0,4.827150138406447
480.0,4.798057287658037
185.0,4.742513026084548
