item_id,predicted_score
127.0,5.4443185157938405
357.0,5.174417125083858
89.0,5.107122756307595
100.0,5.0920721732614425
180.0,5.073704383220292
318.0,5.030757689932147
191.0,4.9307214371280015
483.0,4.914109571168167
488.0,4.9069818567349595
511.0,4.90086954243967
