item_id,predicted_score
172.0,4.182659962028643
258.0,4.177939515884954
313.0,4.1620236700045234
169.0,4.144405257781442
181.0,4.050150570699252
173.0,4.017190246639157
50.0,3.973745182626842
301.0,3.908826359525755
174.0,3.8676601754169115
168.0,3.8313051659513295
