item_id,predicted_score
515.0,4.614233546462774
269.0,4.56978058756447
15.0,4.561911141153663
496.0,4.422807296973614
294.0,4.363545449948296
282.0,4.357198481701568
451.0,4.326493039487513
22.0,4.314411979103042
215.0,4.30204528546044
318.0,4.294338563835083
