item_id,predicted_score
286.0,4.700128218681408
357.0,4.588288915436511
318.0,4.566053095374526
98.0,4.522982938254178
178.0,4.455328830740957
197.0,4.445809638711438
1449.0,4.4436031421407565
64.0,4.434740799245485
498.0,4.43344535730126
694.0,4.376317659054123
