item_id,predicted_score
169.0,4.833438745449611
23.0,4.828540591866998
603.0,4.768184734667441
474.0,4.767148776219644
195.0,4.747183535481501
56.0,4.709109918121798
513.0,4.70441107806176
285.0,4.685623547682294
127.0,4.674491613146318
100.0,4.670917708974643
