item_id,predicted_score
169.0,4.9326811774935
408.0,4.743619646011883
302.0,4.65737769775571
124.0,4.616683960565513
1449.0,4.602092367474632
168.0,4.588570724306012
483.0,4.584400521004234
12.0,4.582032914969722
114.0,4.56789859731632
100.0,4.566445746380982
