item_id,predicted_score
169.0,5.0115551416756565
64.0,4.989012652053862
98.0,4.9632008222489885
1449.0,4.940542485912203
483.0,4.937971156858308
318.0,4.912765427482166
197.0,4.88051998970972
603.0,4.873747550077535
427.0,4.835733537891178
511.0,4.824728377940952
