item_id,predicted_score
99.0,4.646572464534252
483.0,4.614048550063149
432.0,4.582859613196359
98.0,4.574129928885445
79.0,4.549981319836785
180.0,4.529776137488289
320.0,4.514114398959093
306.0,4.504195582086104
12.0,4.498184824719118
169.0,4.4885381796655
