item_id,predicted_score
483.0,5.031047900064233
50.0,5.019992106097322
318.0,4.91404568613936
169.0,4.910034878065466
515.0,4.822534742472572
205.0,4.816726861553245
1449.0,4.798310607774988
320.0,4.774960929163128
528.0,4.764193724217842
151.0,4.74563044574151
