item_id,predicted_score
83.0,4.446779266379644
515.0,4.444876681561929
64.0,4.41186613982573
169.0,4.388072478706009
318.0,4.360329720671832
56.0,4.352989899541188
12.0,4.3460450271299225
475.0,4.282100069572343
483.0,4.262312069044673
408.0,4.261859778046736
