item_id,predicted_score
515.0,4.453236765376904
302.0,4.380131757704808
1449.0,4.348387697004998
169.0,4.347946020693987
318.0,4.310511523804152
191.0,4.305409865097751
483.0,4.293432688894426
50.0,4.258913491087625
512.0,4.221478686236818
408.0,4.210214749530697
