item_id,predicted_score
168.0,5.995811962568864
89.0,5.789064291263527
169.0,5.772071758765877
408.0,5.55042541430285
100.0,5.433696534189829
114.0,5.422100630376944
12.0,5.331457770561129
170.0,5.318971278431943
272.0,5.2791282195332165
98.0,5.266688562993305
