item_id,predicted_score
50.0,4.803661288107258
318.0,4.7980006221008535
483.0,4.796062039718578
169.0,4.756327552153204
172.0,4.754935972213186
174.0,4.706515069105466
480.0,4.685521658124869
135.0,4.6667487888479515
173.0,4.660111788989009
313.0,4.646009613959227
