item_id,predicted_score
127.0,4.940662795871372
313.0,4.846265704182354
169.0,4.76955584804188
272.0,4.743188218101189
1449.0,4.721594972703315
83.0,4.718918361782832
475.0,4.7019667358089
603.0,4.669082592569261
408.0,4.654497019714395
474.0,4.65446384137672
