item_id,predicted_score
603.0,4.892385357049154
654.0,4.835821155442389
1449.0,4.770158813707782
23.0,4.769519430060805
60.0,4.758212711575987
137.0,4.744943490054724
474.0,4.744270036818423
169.0,4.676643050084667
483.0,4.65377696468518
513.0,4.620431185996306
