item_id,predicted_score
272.0,4.655203615117134
408.0,4.552973831186418
169.0,4.537865708268876
172.0,4.513619343803976
50.0,4.500487399989562
520.0,4.458240027364005
313.0,4.4476978674981025
515.0,4.349112800826733
83.0,4.3295283765696855
963.0,4.317283059680856
