item_id,predicted_score
302.0,5.215680854781667
242.0,4.8602719606211435
474.0,4.796126894920181
12.0,4.777110674369525
1449.0,4.761195340750867
488.0,4.727531334440358
114.0,4.723297761308452
272.0,4.715717502958508
408.0,4.699958855840116
320.0,4.696403324644213
