item_id,predicted_score
174.0,4.682261250930086
172.0,4.610512327966497
313.0,4.603685270804726
64.0,4.602006547618954
50.0,4.572484250820607
496.0,4.503083972974727
173.0,4.467120743474614
178.0,4.463077590356549
169.0,4.456465606523422
483.0,4.452382233663127
