item_id,predicted_score
50.0,4.525320089143535
408.0,4.4649344681519
172.0,4.370104546687681
313.0,4.247546346957643
285.0,4.220699788016423
169.0,4.211920234717331
127.0,4.194852941699366
173.0,4.175260119446644
181.0,4.152236847093957
515.0,4.057899233984462
