item_id,predicted_score
1449.0,4.677814763203448
251.0,4.498488471116028
302.0,4.477548558757632
169.0,4.46298351421174
408.0,4.455845519073183
483.0,4.446287431538033
98.0,4.439852019020578
12.0,4.438060186560727
474.0,4.43311763320676
318.0,4.428131058990955
