item_id,predicted_score
169.0,4.916158875069514
1449.0,4.879059886962527
483.0,4.8539565503079825
408.0,4.852744728650072
64.0,4.823008653551269
285.0,4.813099304094559
178.0,4.805751162732792
98.0,4.804735313816712
480.0,4.7794456859897085
513.0,4.765947275347627
