item_id,predicted_score
100.0,5.127410724576019
180.0,5.106171930953556
185.0,5.092176383125139
318.0,5.068423992618035
320.0,5.05830381869999
12.0,5.043389788629167
179.0,5.030793868398441
10.0,4.985147413538147
238.0,4.9831209957832465
482.0,4.969280865364793
