item_id,predicted_score
169.0,4.719631436770715
50.0,4.680430493209991
483.0,4.606557505601352
520.0,4.526545809840767
285.0,4.519063442808848
114.0,4.458343714203055
1449.0,4.445935746746111
512.0,4.444590561303834
651.0,4.441875008787539
8.0,4.434848617043351
