item_id,predicted_score
313.0,5.855759659199179
64.0,5.730793465144379
22.0,5.535149578859152
496.0,5.456275023298347
98.0,5.312296837815591
12.0,5.3098255578958735
121.0,5.303288933840237
318.0,5.292611386848785
480.0,5.264009258950161
419.0,5.258947843225928
