item_id,predicted_score
64.0,4.75676248407109
603.0,4.712028278744271
56.0,4.649823507892405
12.0,4.6140718023021385
479.0,4.605024524755624
357.0,4.590856250193185
1449.0,4.586207535431888
197.0,4.565801246564817
483.0,4.551551195901233
178.0,4.542253857118398
