item_id,predicted_score
528.0,4.2443686260467235
512.0,4.176389617623874
56.0,4.099500365763844
483.0,4.0578344713498895
59.0,4.051501817880705
83.0,4.019189038157716
114.0,4.009576188710041
1073.0,3.996078385909666
753.0,3.975841849441971
515.0,3.9739279307311297
