item_id,predicted_score
197.0,4.179351621945253
603.0,4.132588979174763
170.0,4.10120844851279
12.0,4.081638434131829
511.0,4.079600532133627
606.0,4.061714997339978
496.0,4.050519969379691
479.0,4.017080638602867
657.0,4.0037678760430815
427.0,3.9963973513623445
