item_id,predicted_score
313.0,5.1610283251007525
199.0,4.930979888831948
408.0,4.928329617301469
127.0,4.897198849887169
89.0,4.664205176598877
185.0,4.645824271778732
135.0,4.612696487248547
285.0,4.60003337593616
64.0,4.591243442757872
59.0,4.579191114574463
