item_id,predicted_score
318.0,4.677324971426911
100.0,4.62813285724039
69.0,4.615949491881063
483.0,4.575546004131163
302.0,4.568779206240078
242.0,4.549061813680263
50.0,4.546047176386327
347.0,4.526706816822272
283.0,4.524759744783667
251.0,4.511956051943887
