item_id,predicted_score
517.0,5.057099223310483
485.0,5.013026789197545
529.0,4.994767684028257
735.0,4.901538970999733
28.0,4.8476681058297375
1160.0,4.8311755296080285
83.0,4.826609254144013
25.0,4.8181003763223815
736.0,4.803217500152367
522.0,4.773588199785733
