item_id,predicted_score
285.0,5.217417821983529
179.0,5.056892438953854
23.0,5.051372069853926
474.0,5.038757365379814
185.0,5.0046473933302025
654.0,4.989394133314471
127.0,4.930315941727016
320.0,4.918380413109107
488.0,4.914964631198233
124.0,4.90933858880728
