item_id,predicted_score
89.0,5.327329800435673
302.0,5.265864371235536
318.0,5.255481243333448
114.0,5.229035035999104
100.0,5.118691513148028
1449.0,5.118224622439332
199.0,5.074699335885854
357.0,5.0593601565805475
258.0,5.032515957661293
483.0,5.027038649326242
