item_id,predicted_score
313.0,5.233102716091741
169.0,5.109835031473777
408.0,4.782400851474208
151.0,4.7748852273327715
205.0,4.763735539270326
173.0,4.713507523770895
515.0,4.69878097288217
318.0,4.6675752679979166
521.0,4.639446675488312
10.0,4.63911484192943
