item_id,predicted_score
127.0,5.370703798885775
276.0,5.013301352960966
480.0,4.939601568884341
313.0,4.920537107911909
135.0,4.840789164016862
187.0,4.836584180056827
521.0,4.792073351558925
191.0,4.74373567149721
1449.0,4.737002289479671
603.0,4.728978838894918
