item_id,predicted_score
269.0,5.698653467588247
275.0,5.367341675116132
483.0,5.249709848526849
251.0,5.225386924486189
14.0,5.204429861550811
512.0,5.180290604858133
170.0,5.156195904086617
9.0,5.156048427141787
582.0,5.077244500357625
136.0,5.0361326276975085
