item_id,predicted_score
205.0,5.536732256375659
313.0,5.365909448078529
199.0,5.34585278925991
318.0,5.282951679992394
169.0,5.261134783704196
483.0,5.186697916825418
357.0,5.148849585791731
98.0,5.121736510327649
408.0,5.115783977085734
64.0,5.103992345445314
