item_id,predicted_score
512.0,4.819091742147403
59.0,4.5831814595563
251.0,4.5142230195245245
169.0,4.471922859935735
1449.0,4.467067646641987
114.0,4.385347641775107
483.0,4.3710573884151085
315.0,4.362108630864289
923.0,4.35340638842107
116.0,4.349679720618845
