item_id,predicted_score
286.0,5.624224388727519
357.0,5.57640851109174
56.0,5.400426614571393
127.0,5.341577624827997
318.0,5.118377014628987
191.0,5.055563191783602
659.0,4.969416324605937
513.0,4.927139278135858
50.0,4.919759728101752
180.0,4.918155320535021
