item_id,predicted_score
285.0,5.306390347207644
275.0,4.961409048314701
408.0,4.92747662493452
483.0,4.854693992460215
124.0,4.778565590691895
647.0,4.75168639505311
86.0,4.725379268609989
320.0,4.716498420348047
169.0,4.7146818326304745
654.0,4.708858207082988
