item_id,predicted_score
169.0,5.357080731335948
408.0,5.286416902886119
515.0,5.259644420987088
1449.0,5.185767160893056
83.0,5.1852031707215955
50.0,5.177516898027216
313.0,5.177268074305072
172.0,5.170624728159005
318.0,5.165703513631119
174.0,5.157762396854573
