item_id,predicted_score
318.0,4.782528609521024
12.0,4.769210027675351
64.0,4.6720744691880025
199.0,4.575677507579913
480.0,4.5690759461202735
50.0,4.554437187495587
316.0,4.55030742060989
515.0,4.5472482502814815
173.0,4.5391494217260675
357.0,4.51884579522226
