item_id,predicted_score
318.0,4.94336204032037
64.0,4.654814649954379
269.0,4.6466925605917915
511.0,4.6249368723177815
515.0,4.61249755709771
357.0,4.566850613712236
98.0,4.555514438991306
483.0,4.539012682369408
12.0,4.527293253935625
496.0,4.523944666889624
