item_id,predicted_score
56.0,5.262200147863975
180.0,5.2055552659509665
357.0,5.181733594907118
178.0,5.164165842683094
98.0,5.156317884051911
64.0,5.153608830507715
1449.0,5.11360245899691
474.0,5.087371336311792
190.0,5.071671323979434
127.0,5.062732182410967
