item_id,predicted_score
313.0,4.129621460499057
258.0,4.071324684402547
135.0,4.064402306248941
64.0,4.050849591306224
408.0,3.9964986728612626
169.0,3.9715045804118443
318.0,3.93266587539448
302.0,3.903514092876412
50.0,3.8743905104113296
174.0,3.8524204457864406
