item_id,predicted_score
64.0,4.853789839350531
318.0,4.852870128518346
357.0,4.814076124969918
1449.0,4.809863312054343
56.0,4.781505801999406
603.0,4.77235956716992
480.0,4.740985280188922
12.0,4.717211261492045
197.0,4.717189499920741
185.0,4.700802964927377
