item_id,predicted_score
50.0,4.852859667833245
269.0,4.661191706247395
205.0,4.635942602452985
690.0,4.583472856050308
408.0,4.544814321942367
181.0,4.472448154904645
285.0,4.462394273545695
124.0,4.414975226749851
135.0,4.341419277675882
194.0,4.326895387997913
