item_id,predicted_score
378.0,5.261263270524676
64.0,5.072010450460988
661.0,5.006664860018431
443.0,5.00299271224403
496.0,4.967052389281044
204.0,4.918806663139164
47.0,4.906064279585375
215.0,4.906027761721964
781.0,4.901893408032291
210.0,4.83191960119674
