item_id,predicted_score
173.0,5.4058826144246845
172.0,5.00119129512915
313.0,4.9427105882966025
181.0,4.909485413075178
50.0,4.8449419146298105
174.0,4.820857228006588
64.0,4.767793683320991
190.0,4.661277075750364
22.0,4.57331979874572
318.0,4.536666317903943
