item_id,predicted_score
173.0,5.046502146909717
316.0,4.640489367302618
174.0,4.576081755426935
172.0,4.5636622244132266
71.0,4.5316850768067125
95.0,4.522910474224252
603.0,4.499476490267176
483.0,4.4731518867149225
12.0,4.465324275659878
318.0,4.451639981952109
