item_id,predicted_score
64.0,4.522624684119977
1449.0,4.505034688364925
498.0,4.409016051993387
520.0,4.393569695830132
603.0,4.386624256070108
178.0,4.379609106348441
496.0,4.369975784950935
251.0,4.341276237924366
657.0,4.337864464929465
480.0,4.308287283955809
