item_id,predicted_score
251.0,4.310468555003808
735.0,4.278477980769137
517.0,4.206430565762959
178.0,4.198240016181237
498.0,4.190003338199628
197.0,4.181323555487555
1449.0,4.1688230502539865
131.0,4.158484061752663
116.0,4.115537749434358
64.0,4.09039172919706
