item_id,predicted_score
12.0,4.892554690579444
169.0,4.8176542239906235
114.0,4.707559182668748
408.0,4.695831171750031
8.0,4.686410346963963
64.0,4.590278414734392
302.0,4.566087107944552
56.0,4.529867314109529
515.0,4.520578670939598
89.0,4.506985392901611
