item_id,predicted_score
475.0,5.6312980003129525
474.0,5.6045564159832155
1449.0,5.583599989436893
180.0,5.525033018507586
56.0,5.523199929473838
178.0,5.509587079474829
603.0,5.448634460335088
251.0,5.442165647034252
493.0,5.420980334312046
136.0,5.413522670068364
