item_id,predicted_score
12.0,4.97918621391124
114.0,4.857284755923941
1449.0,4.745651114568895
64.0,4.744325936831853
169.0,4.7229758616033735
921.0,4.709835771092389
408.0,4.687491936097945
318.0,4.673152599601071
98.0,4.668567813334724
515.0,4.6586021599442
