item_id,predicted_score
1449.0,4.736977365541175
408.0,4.721103190608828
474.0,4.681572378456164
480.0,4.659074036706798
12.0,4.645686439524051
320.0,4.595232644670652
513.0,4.590923613519957
272.0,4.582343723267939
169.0,4.576678640199734
318.0,4.5743202467913875
