item_id,predicted_score
603.0,4.606677249724843
114.0,4.5773398311860385
1449.0,4.546567299248334
192.0,4.541827666435868
479.0,4.505640706292235
657.0,4.497322613157243
251.0,4.467964421625883
83.0,4.466118723099921
209.0,4.441893904883862
169.0,4.440129208668517
