item_id,predicted_score
285.0,5.2563864959288935
179.0,5.141576052071186
89.0,4.981720477281595
169.0,4.903851615579455
50.0,4.865300064371946
180.0,4.79418400256953
93.0,4.79162813749284
408.0,4.782989516630523
56.0,4.71927031804865
276.0,4.709125452077477
