item_id,predicted_score
56.0,5.439665727829377
603.0,4.923807617336116
187.0,4.786200840040263
127.0,4.781207274429873
134.0,4.780647876391262
427.0,4.767754070170484
180.0,4.760616936024454
357.0,4.742069919758793
185.0,4.741930153902457
511.0,4.72571608276308
