item_id,predicted_score
1449.0,4.901724152535763
170.0,4.862825134991759
272.0,4.858029725474859
408.0,4.8106490286278145
313.0,4.798891872176807
604.0,4.734962768260758
241.0,4.727141005133867
169.0,4.726407527303597
251.0,4.723342872542417
316.0,4.722529773100898
