item_id,predicted_score
64.0,4.432263709177951
98.0,4.389468863220871
318.0,4.358253226834897
427.0,4.349675389625421
357.0,4.3263122793724635
169.0,4.303985157283696
1449.0,4.294025280389031
483.0,4.276751592490934
480.0,4.275844978767874
511.0,4.2755443370294195
