item_id,predicted_score
169.0,4.597970180496736
408.0,4.592669721909607
285.0,4.528346790577725
50.0,4.432720285630015
302.0,4.399412548621894
483.0,4.377282623095395
515.0,4.358006726217937
1449.0,4.323896283248042
641.0,4.3220985557447715
172.0,4.312645442474203
