item_id,predicted_score
923.0,5.274917317444844
740.0,5.272091522385386
1449.0,5.166053057868325
96.0,5.142191875023083
512.0,5.12950938377504
132.0,5.070842244826267
497.0,5.01969899164331
1.0,4.976990205959482
745.0,4.931816698568726
902.0,4.900731461150825
