item_id,predicted_score
127.0,4.596185045460411
64.0,4.516194240594105
408.0,4.365138144138541
50.0,4.281613331158083
199.0,4.2787902512158
318.0,4.234494493387988
178.0,4.211689827827971
496.0,4.208905704751929
285.0,4.20229059124318
12.0,4.201937134411637
