item_id,predicted_score
483.0,5.563528674270272
1449.0,5.5155042747672685
474.0,5.428956816956323
603.0,5.4146889560368265
320.0,5.413574682313298
185.0,5.377926469444593
488.0,5.3715742720483135
197.0,5.364852597813636
318.0,5.3609012677451675
23.0,5.358231459679848
