item_id,predicted_score
127.0,4.722501318523111
187.0,4.526757533461628
56.0,4.488032239524233
64.0,4.459920740271741
357.0,4.422396603659024
174.0,4.401515951182515
50.0,4.361822562332513
98.0,4.3533245269956495
178.0,4.313935820284431
190.0,4.31296861683067
