item_id,predicted_score
483.0,5.8029079080816865
498.0,5.800155023041128
178.0,5.7697514010701525
169.0,5.769044904000609
1449.0,5.765103515567991
64.0,5.718663823404194
199.0,5.703982699198713
98.0,5.68288695745432
170.0,5.611261865435033
96.0,5.607862445378342
