item_id,predicted_score
1449.0,4.9614720150080505
313.0,4.897455265919735
603.0,4.872191017804792
12.0,4.856455952105475
318.0,4.840435215043876
169.0,4.7976238096703865
114.0,4.777140118385041
520.0,4.773259607842564
96.0,4.76978087755787
528.0,4.766960541394837
