item_id,predicted_score
286.0,4.6420885479961775
1449.0,4.556961589876514
515.0,4.538048268133483
318.0,4.458551497090211
408.0,4.457571016784723
272.0,4.389308006387644
170.0,4.384793421651697
483.0,4.33708659264518
12.0,4.33086069555495
923.0,4.324399304943055
