item_id,predicted_score
50.0,5.460496741026152
195.0,5.3960809035356165
100.0,5.377921583569344
69.0,5.303231068082396
174.0,5.189251115843123
433.0,5.135111203679211
228.0,5.124836080395305
268.0,5.123481498383303
172.0,5.1198535770375635
288.0,5.0994585433303685
