item_id,predicted_score
313.0,4.670591804445195
144.0,4.562483396195403
195.0,4.41582282431647
96.0,4.383625624995362
172.0,4.382256854115134
272.0,4.325269838329729
69.0,4.300689465331052
174.0,4.296655684009763
50.0,4.270137333894034
169.0,4.142171977539811
