item_id,predicted_score
56.0,5.181684350957546
433.0,5.178995398059659
192.0,5.131995761643604
357.0,5.0908120107333
23.0,5.06596355971477
64.0,5.052484352815781
209.0,5.020440783927763
474.0,5.008683966850687
1449.0,4.993694640494097
178.0,4.989807814487667
