item_id,predicted_score
98.0,4.809962265498321
64.0,4.783677074773472
318.0,4.771792044157186
127.0,4.770272525842037
12.0,4.757268837123304
169.0,4.735017402245926
515.0,4.722453156274646
480.0,4.7009733669627245
1449.0,4.685861421677359
511.0,4.670847906730034
