item_id,predicted_score
56.0,5.187908802851632
408.0,5.030614049401127
169.0,4.993902823177005
134.0,4.907012981949348
64.0,4.873242103114283
1449.0,4.868860776087398
513.0,4.856040670735525
190.0,4.806040042667875
12.0,4.790288465796523
483.0,4.7881915685509115
