item_id,predicted_score
64.0,4.644874990986466
185.0,4.536810550272742
12.0,4.521943503784645
173.0,4.354905279816059
479.0,4.345205785865698
114.0,4.336558898352153
657.0,4.303376743244073
178.0,4.28735758248063
199.0,4.2813622037156165
318.0,4.278152367473376
