item_id,predicted_score
127.0,5.218013874537619
357.0,5.177558573588806
318.0,5.170160956412203
1449.0,5.092838745907401
474.0,5.038488181138131
483.0,5.030895266649144
197.0,5.021625647358137
603.0,5.007203743922553
286.0,4.999181650715989
427.0,4.99305536145642
