item_id,predicted_score
603.0,4.925770497174068
23.0,4.86865000371934
197.0,4.864485666178574
12.0,4.845006363422211
60.0,4.810657308351426
209.0,4.769233554921206
517.0,4.757706663495902
514.0,4.755492206101463
175.0,4.726482200574621
488.0,4.690975201342402
