item_id,predicted_score
50.0,5.116614975687341
174.0,5.050699166538703
313.0,4.848617158826038
172.0,4.7058120651554
181.0,4.572105520208427
318.0,4.556474594609824
64.0,4.496265752626237
357.0,4.473988039192404
22.0,4.469594974021815
79.0,4.422392539203707
