item_id,predicted_score
64.0,4.803962369560484
1449.0,4.754826111455019
318.0,4.695071054437371
12.0,4.652539832671335
169.0,4.6314937339029285
10.0,4.619921600799397
478.0,4.616468879854119
408.0,4.615968290313743
59.0,4.605866116827899
529.0,4.598683780637465
