item_id,predicted_score
340.0,5.238841505325401
23.0,5.214360028736669
56.0,5.091489779985413
127.0,5.016987828983418
100.0,4.966364256711382
9.0,4.964142157624679
197.0,4.910830611365371
86.0,4.903378740972725
654.0,4.8596837914563675
179.0,4.755595072602791
