item_id,predicted_score
515.0,5.273760737383038
83.0,5.233315938764694
169.0,5.200147199668638
50.0,5.145973331348137
173.0,5.131009638764553
190.0,5.122637058936406
318.0,5.063581375197634
272.0,5.044151476425115
483.0,5.0276378349087585
408.0,5.027151071247074
