item_id,predicted_score
474.0,5.154015605615245
56.0,5.142130235282895
137.0,5.1401741035574595
285.0,5.118375719951269
9.0,5.091631391344936
127.0,5.062905335607767
179.0,5.0593878772640695
654.0,5.0442821137986815
340.0,5.042047592359811
408.0,5.00104405116808
