item_id,predicted_score
169.0,4.332460022718054
168.0,4.217779489199097
408.0,4.112106263911386
50.0,4.090257036680183
285.0,3.9780122005247036
170.0,3.9645283645900258
173.0,3.9485465737907406
430.0,3.8964994033779403
172.0,3.8783254957323723
166.0,3.8124511916349255
