item_id,predicted_score
1449.0,4.994410328775926
483.0,4.965944220425906
258.0,4.931118757848533
302.0,4.91765704386792
474.0,4.895701883406199
272.0,4.88438078816118
318.0,4.861636535736694
493.0,4.848187722898928
169.0,4.821007807736821
178.0,4.807678974028818
