item_id,predicted_score
603.0,5.177430334375351
1449.0,5.004083905329291
282.0,4.961663592055503
22.0,4.912622944529649
12.0,4.86755449125049
729.0,4.834301636692516
242.0,4.806921399107175
197.0,4.770397562792865
661.0,4.751242941609551
480.0,4.740776669119374
