item_id,predicted_score
186.0,5.472190951382666
431.0,5.403475535426019
22.0,5.324594641457816
96.0,5.312785215006969
333.0,5.284597076284932
313.0,5.257244323624363
282.0,5.204041211172953
272.0,5.20162688635204
190.0,5.138316551137176
83.0,5.113441557084828
