item_id,predicted_score
173.0,4.1063890128305065
169.0,3.9476540260065223
181.0,3.926668056690432
83.0,3.9144465942116287
313.0,3.9115673419464487
50.0,3.895669977172292
318.0,3.8689468993472795
172.0,3.8164262610105655
515.0,3.8049672893134314
483.0,3.801306568151374
