item_id,predicted_score
169.0,4.868910466407386
318.0,4.754751464185945
1449.0,4.751883112758774
64.0,4.744832823159027
515.0,4.728460177056613
963.0,4.720475044041767
50.0,4.712697841460105
174.0,4.684378043645622
480.0,4.684075990697839
313.0,4.671667490489362
