item_id,predicted_score
276.0,5.755804168724605
100.0,5.493758410176581
137.0,5.212027935809392
23.0,4.951779512331433
168.0,4.941611624714103
32.0,4.77388912237471
169.0,4.666869477304568
156.0,4.617025978773798
182.0,4.596113748973524
135.0,4.576283750079427
