item_id,predicted_score
582.0,5.150403757469855
127.0,5.098610023330746
137.0,5.010910582036168
132.0,4.930099546047352
432.0,4.92281482725626
511.0,4.856722862197653
294.0,4.850032351661003
603.0,4.809213981762046
134.0,4.798585745384156
99.0,4.79714996393664
