item_id,predicted_score
64.0,5.675754298441275
318.0,5.597743515172794
12.0,5.5925820491602884
313.0,5.479266726927836
1449.0,5.439571120896442
98.0,5.390956997695467
22.0,5.377566517626032
114.0,5.354052609173529
528.0,5.306098229233707
199.0,5.28163311965862
