item_id,predicted_score
98.0,4.8365619190452485
318.0,4.796822059536103
79.0,4.76367245286532
197.0,4.717075895885822
64.0,4.70997595791614
96.0,4.6514217868972985
1449.0,4.620791820872794
498.0,4.6169708509020415
22.0,4.586182561216024
511.0,4.572220820720756
