item_id,predicted_score
169.0,4.584518029342188
50.0,4.388293416331947
408.0,4.284465167226006
12.0,4.218224534715642
285.0,4.210887934891135
515.0,4.193802803996521
483.0,4.15995311010973
64.0,4.140942733461162
313.0,4.101539528439838
489.0,4.085724643882984
