item_id,predicted_score
22.0,4.426742822165272
272.0,4.398230038317717
313.0,4.384352849300342
169.0,4.290731559093894
318.0,4.275358962458367
64.0,4.263187561041496
12.0,4.21915934537162
1449.0,4.165638968447516
408.0,4.15991359848023
515.0,4.155906841451471
