item_id,predicted_score
169.0,4.601850442052255
1449.0,4.535108588097951
480.0,4.4715678656882
520.0,4.419596926479256
408.0,4.413084294200149
963.0,4.403348888055635
320.0,4.397113596444843
474.0,4.386314724007368
285.0,4.379575601777663
657.0,4.360250710553849
