item_id,predicted_score
134.0,5.060901248416277
100.0,5.0379761663181775
168.0,4.969876883241874
641.0,4.898764179248412
514.0,4.874212341534286
137.0,4.86933325220206
12.0,4.848079119181144
408.0,4.7788134328127745
180.0,4.774152218450733
169.0,4.750568817057049
