item_id,predicted_score
408.0,4.205783035826807
98.0,4.118199090836742
1449.0,4.11110290005888
12.0,4.076599413811179
251.0,4.063433710174989
493.0,4.059631712247253
320.0,4.05758363681872
169.0,4.044397864555579
318.0,4.024187785259039
1194.0,4.00679734000234
