item_id,predicted_score
175.0,5.619816341483048
268.0,5.605909308534232
919.0,5.5932781032402055
285.0,5.3816028648049565
60.0,5.334573514131739
116.0,5.243378004417472
134.0,5.220420790953859
238.0,5.203287557105003
475.0,5.201776115547785
474.0,5.197395237969581
