item_id,predicted_score
286.0,5.723801323116445
56.0,5.46987894799765
1449.0,5.361969637574345
318.0,5.2959368017082715
357.0,5.274871366053173
197.0,5.26825433725065
180.0,5.217171551207369
707.0,5.211796348758266
147.0,5.210621417167224
315.0,5.196887774036862
