item_id,predicted_score
346.0,5.2060751108769034
127.0,5.135335379429837
318.0,4.9276076299168805
515.0,4.922496625302174
496.0,4.725257759606583
191.0,4.7136026922771075
50.0,4.683850961806928
15.0,4.680452478783185
357.0,4.67846696616751
98.0,4.66660173472435
