item_id,predicted_score
408.0,5.146405580023115
169.0,5.016334778386126
132.0,4.920510615175186
694.0,4.9048353023858615
135.0,4.901287027309965
480.0,4.854442570502471
604.0,4.840295612694222
12.0,4.820728121145883
134.0,4.8147816200959355
313.0,4.8040713917982165
