item_id,predicted_score
127.0,4.265821971619624
135.0,4.238677508426699
199.0,4.172635912484535
134.0,4.141164039367166
474.0,4.100877321186002
483.0,4.08265523235103
1449.0,4.07107231966219
408.0,4.069067706764301
433.0,4.059757440557733
480.0,4.036562100617093
