item_id,predicted_score
100.0,5.328034470374671
12.0,4.902676505457332
191.0,4.76174307940428
179.0,4.74001929259466
180.0,4.713816459381391
89.0,4.6749095762916815
357.0,4.640005223996593
269.0,4.624120386853724
185.0,4.609620429542307
320.0,4.6029644166993045
