item_id,predicted_score
286.0,4.498903751133623
1449.0,4.338642245195796
276.0,4.288668263996719
302.0,4.214743941969691
23.0,4.202127868877307
474.0,4.188021170283097
488.0,4.1525735495644645
521.0,4.131958841664766
487.0,4.098804452436196
315.0,4.096270043022354
