item_id,predicted_score
1449.0,4.18085299497586
169.0,4.1212123325008
921.0,4.051731928253172
251.0,4.020457510741928
302.0,4.003963718267591
603.0,4.003157076631198
168.0,4.001159270704244
474.0,3.9977165598615105
657.0,3.9861906767550197
488.0,3.9695077103502414
