item_id,predicted_score
258.0,5.563407844926842
64.0,5.542209249352657
69.0,5.363473286095251
22.0,5.332520002057812
511.0,5.326975246136191
357.0,5.28324340410914
272.0,5.235431978633503
318.0,5.229897574754721
127.0,5.2149391960943055
98.0,5.214661358387678
