item_id,predicted_score
431.0,5.640925952061559
186.0,5.379502577669514
272.0,5.34479799674179
69.0,5.285692224837521
750.0,5.061710033687994
190.0,5.0318198988283305
22.0,5.020985439981789
50.0,4.885186176674961
228.0,4.87767603614161
172.0,4.874216879568738
