item_id,predicted_score
318.0,4.796516784331122
169.0,4.754494127485714
357.0,4.7523085300190715
191.0,4.748617704149008
1449.0,4.744033846089746
50.0,4.711310332098899
483.0,4.700409162306912
313.0,4.69166782397383
127.0,4.680096699604888
515.0,4.670264277807163
