item_id,predicted_score
12.0,4.895174141172106
64.0,4.862858707087644
479.0,4.655524619659984
318.0,4.652158964669115
511.0,4.610831220763305
98.0,4.600014450096211
127.0,4.594579001912213
652.0,4.587585254877661
603.0,4.585489895355954
169.0,4.556743116390801
