item_id,predicted_score
483.0,5.194154217037361
50.0,5.170628202918243
318.0,5.159692282884753
169.0,5.148963646488647
173.0,5.081921632905111
313.0,5.065191752725818
174.0,5.034189092674463
12.0,4.953824419149252
1449.0,4.952995028505276
170.0,4.942828649173436
