item_id,predicted_score
169.0,4.860971986843217
603.0,4.836244031410384
56.0,4.814405244049712
641.0,4.799268206004531
12.0,4.790197115972482
408.0,4.776014008801781
172.0,4.769934791376728
515.0,4.755082686965925
513.0,4.751440279844217
483.0,4.7443683650378
