item_id,predicted_score
515.0,5.284042103134104
127.0,5.280032908488071
302.0,5.187947253211554
258.0,5.161273491968864
14.0,5.149417840974307
324.0,5.146585904402231
10.0,5.088596687172348
286.0,5.087080343812661
408.0,5.0718742655380185
242.0,5.060741929865793
