item_id,predicted_score
1449.0,5.110543667080144
318.0,5.002901953728409
98.0,4.988531280006554
483.0,4.964869511470109
603.0,4.940125443297335
474.0,4.936127901850276
427.0,4.930481538209732
923.0,4.892039567851657
251.0,4.879678494170522
511.0,4.865693511325517
