item_id,predicted_score
318.0,4.990910115999074
515.0,4.902661825118538
408.0,4.886680952731844
12.0,4.8460854042139285
313.0,4.795609262621112
1449.0,4.778427358305394
64.0,4.75492887629286
199.0,4.717352330290991
22.0,4.667295006075009
98.0,4.649983911286019
