item_id,predicted_score
12.0,4.937760822207734
515.0,4.927432638059433
318.0,4.896678361177021
1449.0,4.844298270381991
64.0,4.7735067461242435
603.0,4.741565734153236
56.0,4.695874474580206
487.0,4.685328980193497
479.0,4.674541148464309
83.0,4.6617780239838655
