item_id,predicted_score
288.0,4.847009406094762
98.0,4.815654820277384
176.0,4.7943963918772265
169.0,4.6181174376312155
526.0,4.587507850113937
114.0,4.581677870343178
272.0,4.579272070906693
205.0,4.573445085021184
89.0,4.567613410965521
511.0,4.505712898635233
