item_id,predicted_score
866.0,4.332004327079343
715.0,4.327785297026022
1044.0,4.288717228036747
1399.0,4.280062283539211
469.0,4.273096444107724
800.0,4.267582197759863
591.0,4.262819581556537
1444.0,4.254907426807166
508.0,4.251332763422447
770.0,4.246416127869065
