item_id,predicted_score
591.0,4.4946291154132405
860.0,4.453139760085394
332.0,4.440868111207078
770.0,4.419910085310807
1313.0,4.418651212868002
866.0,4.418237875224484
120.0,4.414124537021075
123.0,4.411307790284974
272.0,4.406089991895321
1399.0,4.403549458432407
