item_id,predicted_score
797.0,4.307572221863695
385.0,4.302873452967471
1478.0,4.301736381541291
1016.0,4.299011967833923
123.0,4.280412363235385
840.0,4.2697288424512685
620.0,4.264196915310672
403.0,4.263694780796969
5.0,4.26340560160911
591.0,4.26229249747975
