item_id,predicted_score
385.0,4.284001957067302
332.0,4.275978216870442
1313.0,4.271119927933089
1615.0,4.2654860415543805
770.0,4.263533296223313
1478.0,4.263380848499279
866.0,4.252653125733323
152.0,4.2513598739713085
591.0,4.250163473662838
577.0,4.240437466032004
