item_id,predicted_score
332.0,4.399947291592321
1313.0,4.373499576004767
770.0,4.366325103218994
1044.0,4.358878346225087
591.0,4.351385619170065
1399.0,4.327934601498015
866.0,4.323629917826551
1478.0,4.322975335588813
302.0,4.319932274705691
860.0,4.318817991856816
