item_id,predicted_score
770.0,4.247964375952982
866.0,4.24781664310701
1313.0,4.22658456492333
1399.0,4.214364779703708
1044.0,4.213664030951603
591.0,4.207655508220144
725.0,4.20624163416102
1479.0,4.205060360753001
332.0,4.20386101364574
715.0,4.197890602845291
