item_id,predicted_score
591.0,4.4298427617634
1313.0,4.396868869123727
1444.0,4.374096400986234
120.0,4.370813667134913
770.0,4.366997759155973
742.0,4.358403715166751
860.0,4.355882041216089
1478.0,4.355236102921467
328.0,4.352374957750272
123.0,4.349841889510958
