item_id,predicted_score
866.0,4.298349920372585
123.0,4.297656440390828
591.0,4.295192523696437
332.0,4.2697066432337225
800.0,4.262072076930307
770.0,4.247939622843152
1313.0,4.245800443375346
302.0,4.241900453404284
1478.0,4.24037047547286
768.0,4.2387959026530915
