item_id,predicted_score
866.0,4.238544442489735
591.0,4.216886846560874
1313.0,4.214784403851309
123.0,4.207781827661581
332.0,4.205205932613195
1044.0,4.196809913502615
770.0,4.196411113399791
1444.0,4.191857523457255
1399.0,4.182409497178882
800.0,4.178769807767545
