item_id,predicted_score
770.0,4.272217708708743
866.0,4.258571869328334
1313.0,4.256737978215102
591.0,4.253729100197937
1478.0,4.243306469333303
1044.0,4.238696104400759
1444.0,4.233630360828636
332.0,4.223919873004759
1615.0,4.21387207494613
385.0,4.2118623581718015
