item_id,predicted_score
866.0,4.240790885433473
770.0,4.213120837708102
1313.0,4.211600485986056
1044.0,4.204194984175199
332.0,4.201859547908024
1394.0,4.19398766607544
591.0,4.191087426706975
725.0,4.186536587109975
1444.0,4.1838227818782485
1478.0,4.1830711517337145
