item_id,predicted_score
770.0,4.2851816588493
332.0,4.282636214055071
866.0,4.277016668763805
1313.0,4.275854844227796
591.0,4.272619652063609
385.0,4.256255096120157
768.0,4.255200142153573
508.0,4.252510304218666
1478.0,4.250452652850699
123.0,4.2502780059091165
