item_id,predicted_score
1478.0,4.3782128824416855
591.0,4.378014071750032
770.0,4.34990200420626
1313.0,4.34204230247534
866.0,4.33770265012491
840.0,4.333761797877303
860.0,4.330279467521317
1444.0,4.329119607517834
123.0,4.324426732219187
332.0,4.315250007882687
