item_id,predicted_score
1313.0,4.419655088988903
770.0,4.38283228422385
332.0,4.3817077858058395
860.0,4.362940606582814
866.0,4.362642783451839
715.0,4.3612016023906
1044.0,4.357420663090628
1399.0,4.349328360708602
1444.0,4.34362885894352
725.0,4.341590067087804
