item_id,predicted_score
512.0,4.30786257977107
1133.0,4.30374688412863
565.0,4.2930759363526825
725.0,4.291447535341694
770.0,4.29069433357114
1615.0,4.288736480455505
152.0,4.270135304230944
545.0,4.2697653827562565
552.0,4.263957831702231
438.0,4.261548921918575
