item_id,predicted_score
591.0,4.4706292073533636
866.0,4.397103827213863
1044.0,4.385787726956304
715.0,4.37802743057121
1444.0,4.373234757020232
120.0,4.370226664816077
1478.0,4.367165137327208
1313.0,4.366986364867321
123.0,4.365941626469875
860.0,4.364580991242212
