item_id,predicted_score
715.0,4.264832245129654
866.0,4.257122437230485
1313.0,4.247044188917698
770.0,4.240450039040173
1399.0,4.23331308882565
591.0,4.229429011568051
1044.0,4.227256631500552
725.0,4.224973058892068
1074.0,4.216645012606897
1479.0,4.216494332962135
