item_id,predicted_score
715.0,4.2517409932813965
866.0,4.2260519801554715
1399.0,4.223119718906828
591.0,4.217089193411075
778.0,4.2145372656595095
800.0,4.21165392127077
725.0,4.206012962574968
469.0,4.200941914765023
1479.0,4.19642525803398
1044.0,4.196200908419485
