item_id,predicted_score
1444.0,4.4840229972106584
246.0,4.4820199598469195
268.0,4.4820199598469195
770.0,4.4809630413478105
715.0,4.453975865128555
866.0,4.450039334852506
1044.0,4.435648741191404
1241.0,4.432012391485362
537.0,4.4278216507004196
1376.0,4.4214844616773235
