item_id,predicted_score
591.0,4.380892897713961
1313.0,4.362482084691194
1478.0,4.337165154025735
385.0,4.325847089235648
1444.0,4.324961870879331
797.0,4.323798867623806
770.0,4.323388673232331
1615.0,4.319760967469404
1044.0,4.318644327181498
577.0,4.310194872786205
