item_id,predicted_score
591.0,4.402850870666081
315.0,4.3857225044764325
120.0,4.385438825979646
272.0,4.375547797616609
715.0,4.368648359384508
1380.0,4.359993414886972
1399.0,4.35894828358302
866.0,4.358024167482684
778.0,4.35752792656656
1313.0,4.357232067968111
