item_id,predicted_score
1313.0,4.4461589902067065
1444.0,4.429123349952296
332.0,4.4270122632996145
591.0,4.419446062728113
866.0,4.416856415952044
770.0,4.4097856704836556
120.0,4.401889428447747
123.0,4.397587888028325
860.0,4.396756104956721
302.0,4.3959156779420026
