item_id,predicted_score
1313.0,4.287951256804773
715.0,4.282814790061705
1399.0,4.276143041149393
1044.0,4.26662311298056
866.0,4.263356684749207
591.0,4.261625735140349
725.0,4.254572081104939
800.0,4.248369069653385
1444.0,4.245897098375636
770.0,4.243066403458599
