item_id,predicted_score
332.0,4.331169007849191
866.0,4.325066384009727
770.0,4.318728016267115
1066.0,4.304086748255667
508.0,4.302899384796817
1313.0,4.302833376503935
1044.0,4.297276892706761
1478.0,4.285625446746975
591.0,4.284846902506832
1444.0,4.282034084835783
