item_id,predicted_score
591.0,4.2583402509434904
715.0,4.245475116789002
866.0,4.236192897055844
1044.0,4.21652399740328
1399.0,4.2134235721703925
1313.0,4.210544549753211
770.0,4.197062552385487
800.0,4.196244324588315
860.0,4.188099176281334
778.0,4.186837357039741
