item_id,predicted_score
302.0,4.469353439930833
591.0,4.454797039724517
332.0,4.435919060867013
123.0,4.415760599708915
120.0,4.408184969381287
1478.0,4.405839317544975
866.0,4.402698815848552
455.0,4.395058748854064
1313.0,4.393236448482737
1416.0,4.391254235163776
