item_id,predicted_score
715.0,4.410757328271126
66.0,4.394014010456617
1399.0,4.389851951846557
378.0,4.366324317405984
1479.0,4.36332761949048
796.0,4.35692638670703
1313.0,4.356659603189968
1048.0,4.353085332711755
756.0,4.350054451930296
1179.0,4.345200484964499
