item_id,predicted_score
866.0,4.427568226004537
770.0,4.422091502227927
591.0,4.417067799651865
1313.0,4.39750891382077
332.0,4.395969506133222
123.0,4.395211982391109
1478.0,4.389051208388868
860.0,4.3814547540164615
1444.0,4.379549943279034
1044.0,4.365834755900449
