item_id,predicted_score
866.0,4.221256163352451
591.0,4.198788983569534
770.0,4.193748582466998
1044.0,4.1911689548068125
1478.0,4.189052171009806
1313.0,4.187973053293151
508.0,4.1875931127025785
332.0,4.185580842035966
385.0,4.168148759117764
840.0,4.159570627842003
