item_id,predicted_score
866.0,4.288840600679395
1313.0,4.275468027773382
332.0,4.265815297205776
1479.0,4.259497949961196
725.0,4.257220074497038
1044.0,4.251937053627514
770.0,4.236650633134454
1444.0,4.230071217250874
125.0,4.228460497032623
1394.0,4.226944663735388
