item_id,predicted_score
332.0,4.348515044242745
302.0,4.34732650206438
508.0,4.34348426934959
657.0,4.335182154893763
866.0,4.33168057211902
1044.0,4.311331158399373
715.0,4.31026795339618
120.0,4.307817788429473
591.0,4.3036301908965715
1313.0,4.302552841259191
