item_id,predicted_score
715.0,4.300004056759667
1044.0,4.289795167033887
866.0,4.279592367358939
770.0,4.262137495863431
1399.0,4.257795486073968
1074.0,4.243385443540857
591.0,4.234868016320157
1313.0,4.23197367054927
881.0,4.2312159503539055
876.0,4.2312159503539055
