item_id,predicted_score
1313.0,4.331926924497809
591.0,4.319357452488518
770.0,4.313360127592459
866.0,4.304984932526657
1399.0,4.294849516317358
332.0,4.28903803619828
1444.0,4.285284010993917
1478.0,4.280136739321955
881.0,4.276595080083677
876.0,4.276595080083677
