item_id,predicted_score
866.0,4.265734358465696
770.0,4.250409040228616
1044.0,4.243942192058789
1399.0,4.24044610997512
1313.0,4.239576214972508
715.0,4.2290714666482785
591.0,4.228860475854962
1444.0,4.210878913189173
1479.0,4.210425106175616
332.0,4.207141782964536
