item_id,predicted_score
591.0,4.279647374269672
866.0,4.261833975588129
1313.0,4.259762376039225
332.0,4.244806979276834
1044.0,4.244445505292008
770.0,4.237554121643265
1478.0,4.235709229147886
1444.0,4.232672847675354
797.0,4.214276179286774
1615.0,4.21274384391632
