item_id,predicted_score
1478.0,4.143802700426765
591.0,4.140627033598123
1016.0,4.131570145745721
1416.0,4.120209254146563
866.0,4.115430135870016
841.0,4.108754457892651
563.0,4.099740396849322
471.0,4.096800866830332
620.0,4.094466805735924
577.0,4.0895024320421545
