item_id,predicted_score
855.0,4.175806506904988
83.0,4.169359500513676
725.0,4.152959779438004
778.0,4.151491684281156
1050.0,4.138404361497952
30.0,4.136626066655213
1044.0,4.133467294806296
1632.0,4.124983068185289
909.0,4.1214767705324835
1269.0,4.1115617748726265
