item_id,predicted_score
591.0,4.389124288998843
1313.0,4.363813644837469
770.0,4.358248124190673
1478.0,4.353620471371899
866.0,4.344868086061062
1444.0,4.343294495507556
1044.0,4.329961999065079
332.0,4.329071280017688
881.0,4.321699961072788
876.0,4.321699961072788
