item_id,predicted_score
715.0,4.33671606189024
1074.0,4.324339114068518
866.0,4.3241579841696005
1399.0,4.31993070307967
725.0,4.318483235514347
770.0,4.3075427538758015
120.0,4.305762887407042
591.0,4.304933854680975
1380.0,4.299195062265367
1313.0,4.299004895516829
