item_id,predicted_score
715.0,4.243217476009866
866.0,4.237195201550723
1399.0,4.220165847800397
778.0,4.219123466841982
1044.0,4.217793085415222
1479.0,4.189483582352565
725.0,4.1888433412022685
591.0,4.186523228288797
378.0,4.1834330186250455
770.0,4.183428500200234
