item_id,predicted_score
591.0,4.3119916342346905
1044.0,4.295380333005944
866.0,4.282161386543482
1313.0,4.268008894224559
1399.0,4.2656380963719105
715.0,4.259755893081889
1380.0,4.25258102738961
770.0,4.252394789706124
778.0,4.249156454289896
1479.0,4.243322382046766
