item_id,predicted_score
866.0,4.296619167216981
591.0,4.283802164109385
770.0,4.277302115339865
1044.0,4.262494058516941
1313.0,4.262321572561138
715.0,4.25786522697865
1399.0,4.256821274394214
1444.0,4.2475873821612
1478.0,4.246240302207967
508.0,4.243443593703634
