item_id,predicted_score
866.0,4.302203940282533
715.0,4.285445495567572
591.0,4.278274951846852
1399.0,4.274793407303877
1044.0,4.2726587462608805
770.0,4.2685949142771324
1313.0,4.254138312323149
1444.0,4.249580400409055
778.0,4.225917409677424
881.0,4.225847275866238
