item_id,predicted_score
1394.0,4.382105800095653
1313.0,4.358159720226993
725.0,4.338798466368038
1044.0,4.335272130483464
332.0,4.3347016302378485
807.0,4.324385477036137
1020.0,4.317792112971621
855.0,4.30434920980117
524.0,4.299771063202057
1097.0,4.290550726243472
