item_id,predicted_score
591.0,4.251828807885319
1478.0,4.2236244073128155
866.0,4.213548319985808
620.0,4.200734656583506
302.0,4.1932655039188
1416.0,4.1884506311502765
508.0,4.188090925244724
123.0,4.179921220281166
797.0,4.1794856834201015
841.0,4.17866608045016
