item_id,predicted_score
1479.0,4.15481272651674
725.0,4.146257580271536
1050.0,4.13822598194457
1055.0,4.1194305134531675
508.0,4.106911922836305
866.0,4.101239335166831
715.0,4.100422089635922
1044.0,4.099607397997296
770.0,4.095906808077647
1679.0,4.08400213387523
