item_id,predicted_score
1394.0,4.289364148597633
866.0,4.283590976862817
725.0,4.269427483161746
332.0,4.257689401317553
1479.0,4.2467108077479985
756.0,4.242784885947591
1055.0,4.240757684833779
508.0,4.240577733654376
1050.0,4.2355762302958615
770.0,4.233376543226248
