item_id,predicted_score
898.0,4.355441200117204
302.0,4.334721668469616
332.0,4.325253014599718
866.0,4.3182172378102965
1044.0,4.3109520036218125
939.0,4.309652268902461
654.0,4.306830807288298
508.0,4.306736509727038
770.0,4.306699183609041
577.0,4.277799338522253
