item_id,predicted_score
866.0,4.245911832369583
591.0,4.22552823578398
770.0,4.212299073752382
508.0,4.200525433869464
1044.0,4.18516082498186
1399.0,4.177630182449082
715.0,4.17586662160029
1478.0,4.173831169449869
1444.0,4.173442584916181
778.0,4.166114878593364
