item_id,predicted_score
1313.0,4.29018119767529
125.0,4.27785906031105
1479.0,4.2647063185947225
1044.0,4.2596480402462
770.0,4.257413384497618
1050.0,4.239946332900448
1394.0,4.234658990059367
332.0,4.232943560257468
1444.0,4.231785664786511
1399.0,4.231302389785059
