item_id,predicted_score
1313.0,4.283301601221703
770.0,4.2818181827111506
591.0,4.264194754324894
1444.0,4.261675830719768
385.0,4.260824991682661
797.0,4.251918979928273
1478.0,4.247366765158505
768.0,4.243136537269785
254.0,4.236163036161445
1044.0,4.234134263421613
