item_id,predicted_score
715.0,4.205160355458586
866.0,4.194484103444817
725.0,4.192258877452362
1399.0,4.191866363853623
591.0,4.186579021012541
770.0,4.18613542956812
1313.0,4.179124209435276
1044.0,4.176097847078627
855.0,4.1714658722882945
807.0,4.166440401632959
