item_id,predicted_score
1478.0,4.318934292182369
1016.0,4.28627904671845
152.0,4.273554180186334
797.0,4.268518493961862
385.0,4.265801152571587
898.0,4.259258669899501
1416.0,4.257378808725157
840.0,4.251268719662092
1133.0,4.248263770709979
471.0,4.247393089894356
