item_id,predicted_score
591.0,4.307129416232284
715.0,4.303410163253635
866.0,4.302064065566666
770.0,4.281472424986536
1044.0,4.27596976938058
1399.0,4.274756670545636
1444.0,4.266423123569391
1313.0,4.263162588935615
123.0,4.254350285382729
860.0,4.245596524899124
