item_id,predicted_score
866.0,4.148077719657083
725.0,4.106772637480196
508.0,4.103306416290925
332.0,4.094746555167658
800.0,4.092957651849279
778.0,4.088057518369116
286.0,4.080594062848736
512.0,4.079185493027432
347.0,4.076342028648974
1479.0,4.0719613175687455
