item_id,predicted_score
181.0,4.5057963041053135
50.0,4.504379876153905
172.0,4.468888238628622
1133.0,4.437297376887412
1615.0,4.418866132726372
152.0,4.417965983922855
385.0,4.415710700582749
332.0,4.414794442612518
12.0,4.412285341670023
1478.0,4.390670769003488
