item_id,predicted_score
1313.0,4.386528748625196
1444.0,4.386445059539579
332.0,4.3794650754739015
770.0,4.363938982012642
120.0,4.3403323733645145
577.0,4.336641409654243
403.0,4.334927551478365
1044.0,4.3339338909266
911.0,4.333927604422517
866.0,4.330794567949693
