item_id,predicted_score
866.0,4.3550447574534115
1313.0,4.349962511808068
770.0,4.349742484165131
332.0,4.332834538524924
438.0,4.28054988051222
264.0,4.274355513003781
725.0,4.273058921536473
123.0,4.270261820125634
5.0,4.269361474868864
1444.0,4.269002554776323
