item_id,predicted_score
591.0,4.365641445899868
1313.0,4.357547964798327
1444.0,4.336263433596198
332.0,4.334349978915654
866.0,4.330828750815649
770.0,4.32768707039971
1478.0,4.320555031516504
1044.0,4.315300299915358
768.0,4.307850399669409
860.0,4.3070201882238255
