item_id,predicted_score
1313.0,4.378098939555165
591.0,4.357733809575308
332.0,4.355765740890536
770.0,4.354242049463196
1478.0,4.3433451804467325
860.0,4.338767033847619
1444.0,4.32839115885711
123.0,4.309780749329677
385.0,4.309255826238669
1615.0,4.304537019110677
