item_id,predicted_score
715.0,4.51600872998964
1313.0,4.462446143568626
1399.0,4.460205397769214
1074.0,4.448414666453319
591.0,4.445134290041028
120.0,4.444079336074445
469.0,4.423448601297043
1044.0,4.421440849055241
85.0,4.418965538072198
860.0,4.415485958061749
