item_id,predicted_score
770.0,4.279281774766542
1044.0,4.276927871893619
591.0,4.272964034615455
866.0,4.271060991957302
1313.0,4.253813575096563
840.0,4.252654500906091
1478.0,4.25258849261321
1444.0,4.2519229089933255
508.0,4.248226248138728
797.0,4.241644474816117
