item_id,predicted_score
866.0,4.204449194684093
657.0,4.20002251354275
591.0,4.199494054293195
1044.0,4.196038638032819
508.0,4.182764684659624
898.0,4.178317179473503
1478.0,4.167976862521719
770.0,4.160781172784663
1313.0,4.145158817229618
797.0,4.140033351868698
