item_id,predicted_score
866.0,4.348593625543795
1044.0,4.32184690810575
1444.0,4.316879784066442
770.0,4.313103559644533
1313.0,4.3017725289397735
591.0,4.295801725232819
715.0,4.29567069091332
1399.0,4.2956671547547725
469.0,4.287175266456913
332.0,4.27784707666264
