item_id,predicted_score
591.0,4.341755873633017
332.0,4.333082069623229
1313.0,4.313211608933475
866.0,4.307451599566585
725.0,4.307159277126683
770.0,4.303741383437556
1444.0,4.29272821409554
860.0,4.289112491981024
123.0,4.288494646501526
715.0,4.282744263344013
