item_id,predicted_score
172.0,4.307014687532752
152.0,4.2999301903366804
227.0,4.298803334479638
450.0,4.298696856816717
385.0,4.292365954297704
50.0,4.275359782031186
916.0,4.273822338876164
771.0,4.272576628801284
62.0,4.2717116451299875
1016.0,4.255722511352296
