item_id,predicted_score
715.0,4.3368979776021686
866.0,4.336841791971918
591.0,4.325618417649595
778.0,4.322455127375869
120.0,4.320561318020587
1399.0,4.319715390314796
725.0,4.317216504941438
1044.0,4.315155710321427
1074.0,4.312419509418902
1313.0,4.311924447222293
