item_id,predicted_score
347.0,4.277290131691455
591.0,4.275496120588507
332.0,4.273352226242638
1416.0,4.272857753405788
657.0,4.242501993263814
1394.0,4.242332454106801
508.0,4.239268176272395
1097.0,4.237169859081135
840.0,4.236960243460587
524.0,4.234879803515314
