item_id,predicted_score
866.0,4.249919478723081
1044.0,4.226264542574809
770.0,4.22147560163563
591.0,4.214695017621366
1313.0,4.208427373049698
1399.0,4.207908147103017
715.0,4.202378773854704
1444.0,4.201955417095303
508.0,4.198981114850598
332.0,4.190422432446848
