item_id,predicted_score
1313.0,4.35715034341502
591.0,4.351553390247805
770.0,4.322366330505684
1444.0,4.319126030556928
1478.0,4.3158264017258805
1044.0,4.314762018003172
866.0,4.305135808624671
332.0,4.300556090399535
1399.0,4.298805299012164
1615.0,4.292932132571762
