item_id,predicted_score
866.0,4.323409497277108
591.0,4.3170593423393395
332.0,4.316340716341246
1313.0,4.310467549900845
120.0,4.296318986646974
1044.0,4.2894356575815875
770.0,4.282306565497171
860.0,4.278406771979362
336.0,4.274832894407654
725.0,4.273661247209013
