item_id,predicted_score
385.0,4.216822999253772
1478.0,4.209235385277735
770.0,4.206479342596694
1313.0,4.205094543618957
152.0,4.19829431427943
1615.0,4.197520681370603
577.0,4.193345263939365
591.0,4.193036046519737
866.0,4.192334708407875
797.0,4.1899731438581
