item_id,predicted_score
770.0,4.195849650003796
866.0,4.184742772460279
725.0,4.172602354354716
1313.0,4.171109113181531
898.0,4.165566381112042
1044.0,4.158407428133225
332.0,4.1523297538568436
1479.0,4.149402403939517
1399.0,4.145274724648665
125.0,4.143585619582617
