item_id,predicted_score
770.0,4.27240551801825
866.0,4.258594657905637
768.0,4.2387092667686845
1615.0,4.232652416537081
1313.0,4.22980796989236
591.0,4.2227582449220025
1133.0,4.21944093529822
1478.0,4.214855912835263
1444.0,4.214776152814698
1479.0,4.203852566155878
