item_id,predicted_score
591.0,4.32379690309128
1478.0,4.309463280873439
1444.0,4.258786985639954
1615.0,4.2567721610810585
797.0,4.25413457971135
770.0,4.254054623237532
1313.0,4.253403773611593
1016.0,4.249743849515237
152.0,4.2491095019625185
866.0,4.242684891242005
