item_id,predicted_score
866.0,4.236836477911435
770.0,4.2224368474007115
1044.0,4.20186151244055
1479.0,4.194121450740477
1313.0,4.193352336256459
591.0,4.192177152899271
725.0,4.188858271649467
1399.0,4.181944099423419
715.0,4.180641024998774
508.0,4.177984780570066
