item_id,predicted_score
866.0,4.308301849243935
332.0,4.2571609420679986
591.0,4.256702420176378
770.0,4.248135879642522
800.0,4.246445988763464
302.0,4.246415931415812
1044.0,4.2432610886319475
123.0,4.237031359538037
1444.0,4.233133727006006
1313.0,4.23006041232198
