item_id,predicted_score
715.0,4.385779083013189
1313.0,4.360605563222144
866.0,4.360018560903308
1399.0,4.357327544248885
591.0,4.3470219995228145
1074.0,4.345250776997171
378.0,4.338606727993478
1479.0,4.338072375146345
860.0,4.337765908072254
66.0,4.33355709358807
