item_id,predicted_score
591.0,4.224832398363191
770.0,4.219398501395653
1478.0,4.2134428245891495
866.0,4.212895505827344
1313.0,4.212330506272801
1044.0,4.196697345788863
1444.0,4.194509642367658
840.0,4.186729307750798
332.0,4.182467254435153
797.0,4.1811518034555935
