item_id,predicted_score
1478.0,4.291034787057935
385.0,4.269183488221989
1615.0,4.260392598073638
591.0,4.25971110174029
152.0,4.259428994869525
1313.0,4.257824954061862
770.0,4.248289113179567
797.0,4.244012522323228
1133.0,4.243537498358387
332.0,4.2409894996718736
