item_id,predicted_score
1313.0,4.419007971974764
591.0,4.401608500296497
328.0,4.38669612679643
866.0,4.380388405761227
1444.0,4.377693460041752
1399.0,4.377461252297152
332.0,4.376933971767114
1044.0,4.371445067888841
770.0,4.36477115799075
715.0,4.363865901402667
