item_id,predicted_score
866.0,4.19003384791316
778.0,4.187463453555848
1044.0,4.184263426523881
725.0,4.175328732594609
1479.0,4.1616750350840945
1050.0,4.156246245901126
1394.0,4.154656349727652
1313.0,4.147781664605381
1399.0,4.14371842198139
715.0,4.1395655966742035
