item_id,predicted_score
1313.0,4.277793248471422
385.0,4.253681362057549
591.0,4.249446419290766
332.0,4.2482036560146765
770.0,4.239607647492927
1478.0,4.238723607856127
1444.0,4.235152677083207
1016.0,4.217218066744795
860.0,4.2164517026063155
1044.0,4.212693158977142
