item_id,predicted_score
286.0,4.321910951866105
725.0,4.320081186271178
1526.0,4.319780612794666
315.0,4.308987864002092
332.0,4.300970999669074
1479.0,4.300372995968091
866.0,4.289043143982848
1055.0,4.278993577844945
438.0,4.2733469220048175
1394.0,4.271060991957302
