item_id,predicted_score
591.0,4.2382780518791785
866.0,4.2307876822631885
1016.0,4.222549611567717
123.0,4.217769511024907
302.0,4.21529616457439
1478.0,4.214713091320607
332.0,4.184389549512064
1416.0,4.1817957772176895
577.0,4.173830580090111
898.0,4.172006118733006
