item_id,predicted_score
332.0,4.455050857326905
302.0,4.429090738712361
315.0,4.424404935730809
866.0,4.424397470507209
1313.0,4.415016827694487
1444.0,4.413706877406
1044.0,4.411896757136336
800.0,4.405865249374321
725.0,4.402154247432282
385.0,4.398482536140768
