item_id,predicted_score
591.0,4.408142928385226
123.0,4.338847972587699
866.0,4.331239731020135
1478.0,4.307574186396221
1313.0,4.2999840185278995
332.0,4.2970607941288765
800.0,4.294579196641749
860.0,4.292266352498625
1444.0,4.2878109891823994
770.0,4.285907357164488
