item_id,predicted_score
866.0,4.211239012001231
1044.0,4.188171078171794
770.0,4.187268375475994
591.0,4.181074597327312
508.0,4.168009473761654
1313.0,4.163941319806348
1478.0,4.155117621964809
123.0,4.14673358650264
332.0,4.145723816784161
1444.0,4.145657612038026
