item_id,predicted_score
591.0,4.405963868907137
508.0,4.396866511684696
1478.0,4.381785581293878
866.0,4.377165786605207
328.0,4.373962026961441
123.0,4.371206180733653
1444.0,4.366398576735476
175.0,4.362105680259169
1313.0,4.357202992886722
797.0,4.356852127377538
