item_id,predicted_score
866.0,4.258470302996727
778.0,4.239094118690572
725.0,4.19624393168181
1044.0,4.188393070347257
800.0,4.183637526461025
382.0,4.176765788137543
657.0,4.175370970043923
508.0,4.172188820257945
715.0,4.170060445719033
1055.0,4.168080393385851
