item_id,predicted_score
866.0,4.415305221069336
508.0,4.399042035004237
770.0,4.398063697806177
715.0,4.372178231427629
1399.0,4.365472496102613
1444.0,4.361362301151246
1044.0,4.356561769470162
800.0,4.347218452775437
332.0,4.346714353729208
1313.0,4.342920841421067
