item_id,predicted_score
1313.0,4.185368476069882
332.0,4.184501527866059
866.0,4.180372276949187
1044.0,4.174999476943215
1394.0,4.165467958032478
480.0,4.15765795897447
1444.0,4.1536744763710445
385.0,4.152139980014811
591.0,4.151951581345545
125.0,4.135846540148807
