item_id,predicted_score
591.0,4.372221451143206
1313.0,4.340849438325416
866.0,4.3351039664992195
1444.0,4.327151145926557
1044.0,4.324460915085144
770.0,4.320944794769707
125.0,4.320327538649967
1478.0,4.31989927055925
1615.0,4.308798483066564
881.0,4.308187906357414
