item_id,predicted_score
866.0,4.351386012076571
591.0,4.3489535279026
715.0,4.34463941447501
1044.0,4.334746814485952
1399.0,4.32783165999364
770.0,4.322556497254222
1313.0,4.30359325768508
1444.0,4.302914315244015
508.0,4.299582468079539
800.0,4.298586842995248
