item_id,predicted_score
715.0,4.327936958937046
1399.0,4.325533942750968
866.0,4.30123660446662
725.0,4.292249457518899
1313.0,4.291843585098981
770.0,4.2820578556793505
1479.0,4.280882082962405
1044.0,4.279652285600989
778.0,4.276129092968457
378.0,4.26944202070244
