item_id,predicted_score
1478.0,4.282907515996943
152.0,4.281441581825874
1133.0,4.276686823752652
770.0,4.269511368700616
854.0,4.269396050641326
1416.0,4.260115206080935
385.0,4.2564794457346515
1016.0,4.250847916794974
768.0,4.244261625047553
1444.0,4.241711661828514
