item_id,predicted_score
866.0,4.191294488435239
1044.0,4.14088301218629
770.0,4.13470730773685
508.0,4.132078959670013
591.0,4.1300645280176225
123.0,4.106272860405524
800.0,4.102691517610216
332.0,4.101461523795548
898.0,4.09979265341452
101.0,4.095134746794841
