item_id,predicted_score
591.0,4.308382787984016
866.0,4.2889091628645595
1313.0,4.281905211502062
770.0,4.2768964393732
1478.0,4.276459527339368
123.0,4.276322795875542
332.0,4.2714189297835805
1444.0,4.266186986759738
1044.0,4.2619766006495325
508.0,4.255208589643436
