item_id,predicted_score
591.0,4.3288936862773175
866.0,4.3225313512378865
1313.0,4.296174004146538
1444.0,4.295290553869496
770.0,4.280793286092219
1044.0,4.273999343256776
1478.0,4.264435213106104
123.0,4.261821009673456
1399.0,4.260073361538127
1479.0,4.256047445032134
