item_id,predicted_score
591.0,4.384689553274144
1313.0,4.372673686530742
860.0,4.3367804985571
332.0,4.330024078292908
770.0,4.32959423857617
333.0,4.321822154995919
248.0,4.3197149974082905
385.0,4.314183659627451
725.0,4.3110349068944185
917.0,4.309482140385691
