item_id,predicted_score
1044.0,4.231494521066124
866.0,4.230533275301042
332.0,4.227168031083619
770.0,4.2234703879627595
1313.0,4.215918921385203
125.0,4.206540243105007
508.0,4.203215075351118
1394.0,4.202435941751217
1444.0,4.201111650375289
385.0,4.1975639010861805
