item_id,predicted_score
866.0,4.19365801751754
508.0,4.172496073145046
591.0,4.163264931257569
1444.0,4.139996418657205
1044.0,4.138800018348734
770.0,4.130368244746177
394.0,4.116095130130143
800.0,4.115494376083624
125.0,4.114462800054103
101.0,4.10758870429159
