item_id,predicted_score
866.0,4.296523298029701
770.0,4.253291795257599
332.0,4.239233993406439
1313.0,4.236025125978104
1479.0,4.233428013978434
654.0,4.228796432094606
1044.0,4.220250715605529
1399.0,4.214869075203189
898.0,4.211409533424507
725.0,4.209026359016944
