item_id,predicted_score
866.0,4.395157368386879
591.0,4.367969809849949
1615.0,4.3498375675394
332.0,4.346364274033035
1133.0,4.340585405153892
152.0,4.329351422355928
1416.0,4.3289408350579475
123.0,4.328029291965779
1478.0,4.325735110881654
577.0,4.318990477812619
