item_id,predicted_score
1478.0,4.286178855559612
591.0,4.277151828601609
508.0,4.264012445706459
866.0,4.262373043313326
770.0,4.255183640080354
123.0,4.2489159955086855
840.0,4.247891688249512
332.0,4.246659533449064
1444.0,4.2430685644443775
1044.0,4.239042647938385
