item_id,predicted_score
591.0,4.235516901413569
866.0,4.216215369343411
1478.0,4.211690068669252
898.0,4.20002624615455
508.0,4.199731173369111
770.0,4.196870028197917
1615.0,4.192894207271344
1044.0,4.1896240464281895
1133.0,4.182624024130746
332.0,4.182522064892634
