item_id,predicted_score
866.0,4.23249800428052
1044.0,4.198202767063709
770.0,4.195985792107864
591.0,4.183756577132114
1313.0,4.183234797293149
725.0,4.169014135695566
1399.0,4.167116397275232
332.0,4.166468101541579
508.0,4.165487013997982
800.0,4.162903457272743
