item_id,predicted_score
152.0,4.327038774666056
385.0,4.31175942649009
1478.0,4.30166133639879
1615.0,4.288766930709661
577.0,4.28767543643809
1133.0,4.286720870083597
1016.0,4.286660755388295
471.0,4.277533733724708
80.0,4.27469105515926
172.0,4.273013344381864
