item_id,predicted_score
123.0,4.408339774544354
866.0,4.404467680935165
438.0,4.4019911912326055
800.0,4.401360183385182
332.0,4.392214105756089
1313.0,4.39120276441159
591.0,4.368822809872837
911.0,4.3684884464368725
682.0,4.362463225178942
1380.0,4.3610499404795755
