item_id,predicted_score
591.0,4.3339209250119275
1044.0,4.308969004489841
866.0,4.295715482254918
715.0,4.29532689772123
770.0,4.291310607424617
1313.0,4.286212056159306
1478.0,4.284041051264574
860.0,4.280245967330414
1399.0,4.272712770905352
508.0,4.259632716892495
