item_id,predicted_score
866.0,4.224332621288519
1044.0,4.217511567904214
1313.0,4.213294109476914
591.0,4.206314714770995
770.0,4.19765898446045
1479.0,4.179337754120876
1444.0,4.179191985807432
125.0,4.175699439882308
1399.0,4.163914012804233
508.0,4.160826160579513
