item_id,predicted_score
725.0,4.234943454369164
1479.0,4.223661144071055
1050.0,4.209484291548806
778.0,4.205598642665187
1125.0,4.199597388704076
866.0,4.189956838238132
1055.0,4.18778720851617
321.0,4.18218986244245
1399.0,4.177392277560156
807.0,4.176344199457416
