item_id,predicted_score
385.0,4.2265419345675115
866.0,4.2179600706799505
1478.0,4.210294071856117
591.0,4.204839743750306
332.0,4.204361183626918
508.0,4.2043266078544566
770.0,4.200703224063087
123.0,4.197329728809054
1016.0,4.196966683198207
840.0,4.195399379148785
