item_id,predicted_score
866.0,4.30249508400292
715.0,4.279812984361634
1399.0,4.277162044170746
770.0,4.260404581722048
1044.0,4.258845332255984
1479.0,4.252824236516357
725.0,4.251672627549484
1313.0,4.250269754872507
469.0,4.246288826161365
508.0,4.243457345431317
