item_id,predicted_score
866.0,4.24243421689166
770.0,4.237960190516436
591.0,4.232344574290222
1313.0,4.225109397449389
1044.0,4.218149844521984
1444.0,4.214790100995635
1399.0,4.201425386219727
332.0,4.197266077955204
1478.0,4.197212839123743
508.0,4.195624121669786
