item_id,predicted_score
315.0,4.625943577250673
159.0,4.510846724323732
242.0,4.475291828851105
1097.0,4.4571037938168105
748.0,4.451501732865028
632.0,4.417969520081402
741.0,4.417449311868458
807.0,4.406289588399986
524.0,4.400524471248525
59.0,4.400089523747219
