item_id,predicted_score
591.0,4.272764438110791
866.0,4.242587450428704
770.0,4.24120049046519
1478.0,4.2394783812527015
1044.0,4.237923650211448
1313.0,4.234015409203776
1444.0,4.218617599716478
797.0,4.212424410927555
508.0,4.211517779166702
840.0,4.207552370262517
