item_id,predicted_score
715.0,4.31402846155788
866.0,4.293791026192228
508.0,4.282139383779189
336.0,4.25756701094117
1044.0,4.2575277202906445
770.0,4.24875372512202
1399.0,4.247901118005638
332.0,4.242137965386705
1313.0,4.234376686735349
860.0,4.230207359354941
