item_id,predicted_score
332.0,4.127817888620632
725.0,4.126744075141797
1313.0,4.121583051742152
866.0,4.114458674535798
715.0,4.104171596415474
1044.0,4.095269513726139
778.0,4.095111565311031
59.0,4.089567261615519
855.0,4.088178730025984
1550.0,4.08763534032923
