item_id,predicted_score
866.0,4.233575943277659
715.0,4.224947912875733
508.0,4.204609893444738
1645.0,4.20201356725808
1650.0,4.20201356725808
1044.0,4.198793305541091
332.0,4.196287347850639
1399.0,4.19510234183082
725.0,4.19276729847015
1313.0,4.190629101268606
