item_id,predicted_score
770.0,4.260320499729925
1399.0,4.234701227508681
860.0,4.231740284085155
866.0,4.2299262347504385
1478.0,4.2265672770371
1444.0,4.22117522461237
508.0,4.221023562701346
591.0,4.21792176229569
1313.0,4.215470025702961
715.0,4.212734807066698
