item_id,predicted_score
1399.0,4.431356237621603
1313.0,4.423798680993216
1479.0,4.406488791998145
611.0,4.397180443982386
715.0,4.3905438602022935
321.0,4.385057313763053
66.0,4.377129639206725
866.0,4.376601179957171
816.0,4.37304734061723
800.0,4.372835564010903
