item_id,predicted_score
332.0,4.478854705040666
302.0,4.470915636195686
591.0,4.465890361993603
508.0,4.448735671068103
866.0,4.4431182867626156
1444.0,4.439128714108358
715.0,4.430575139489177
1313.0,4.425856332361184
120.0,4.424956969370678
123.0,4.422363393529556
