item_id,predicted_score
866.0,4.2065453508895745
770.0,4.1951037170035885
1044.0,4.191333582632511
1313.0,4.190070584671401
591.0,4.18846065026616
1478.0,4.186188471946328
332.0,4.178548994311598
898.0,4.1756230195670385
1444.0,4.164073925751868
508.0,4.158667139333192
