item_id,predicted_score
715.0,4.326941333852755
591.0,4.324501777361689
866.0,4.31899951466224
1044.0,4.312448977406795
120.0,4.287187053652071
1399.0,4.285993010782631
1313.0,4.285693616025634
1074.0,4.279676449351061
1444.0,4.27422585385705
800.0,4.271154110799045
