item_id,predicted_score
591.0,4.256112274605499
866.0,4.253686076935612
1044.0,4.228764606667682
770.0,4.224303939113636
1313.0,4.218419574837835
715.0,4.211610701555193
1399.0,4.2074934342867305
1478.0,4.2053682029998605
508.0,4.204833457246222
123.0,4.200912839683635
