item_id,predicted_score
1313.0,4.375327377067167
332.0,4.366137686815993
123.0,4.363289900465977
768.0,4.354418857390556
770.0,4.35432848889435
591.0,4.350356597032828
866.0,4.339646751512862
1444.0,4.335456010727919
5.0,4.33447177993228
1478.0,4.3337409738325245
