item_id,predicted_score
866.0,4.208346041403113
1399.0,4.205392366749933
715.0,4.203440800138381
770.0,4.2029704910516035
1479.0,4.197027387253268
1044.0,4.191823733497804
778.0,4.189258054018554
725.0,4.18921503075623
1050.0,4.188021970153054
1313.0,4.1743254458334675
