item_id,predicted_score
866.0,4.380831604299143
591.0,4.366514877061028
332.0,4.329761223840899
770.0,4.326107979155131
1044.0,4.318814455698268
123.0,4.314490126701543
800.0,4.31352436251165
1444.0,4.305310259113
1313.0,4.304416789720072
1478.0,4.3004892962936445
