item_id,predicted_score
508.0,4.4916905676605134
315.0,4.473071907096471
302.0,4.471769814938089
866.0,4.4620194471039305
591.0,4.439101210652992
657.0,4.4386202930905725
272.0,4.434626005558252
939.0,4.426761588949269
332.0,4.420645606288625
5.0,4.416276485950302
