item_id,predicted_score
1313.0,4.3033288316070495
591.0,4.295216490993257
1044.0,4.283737923895778
866.0,4.254814504418675
770.0,4.252587903253453
1444.0,4.251739814561882
332.0,4.23921906295924
1479.0,4.236643167910854
1399.0,4.236438856528126
715.0,4.235748912704917
