item_id,predicted_score
591.0,4.277411539801577
866.0,4.274349030046444
123.0,4.240914847435877
1399.0,4.238482952621664
800.0,4.238443661971139
332.0,4.236993640513532
770.0,4.23419850363522
1044.0,4.228687793445907
1444.0,4.226222894485252
1313.0,4.22284802405845
