item_id,predicted_score
1313.0,4.291979334296544
591.0,4.288260081317895
866.0,4.284189569923557
1399.0,4.28282343400482
715.0,4.275881954776658
770.0,4.274058082779311
1044.0,4.271210296429295
1444.0,4.262397796423156
800.0,4.2498497378184
332.0,4.249356443701066
