item_id,predicted_score
591.0,4.287660309537639
770.0,4.2752055662278785
866.0,4.272692143313826
1478.0,4.267828550138652
1313.0,4.251088179122933
1044.0,4.24390624111356
1444.0,4.234238776552008
332.0,4.231043071491598
1615.0,4.230660969915247
123.0,4.225584814320735
