item_id,predicted_score
1313.0,4.204363541065949
332.0,4.1938717586563925
1399.0,4.185506386253223
1478.0,4.184376780050643
770.0,4.181027252093431
1044.0,4.172284296538719
715.0,4.162471849476732
508.0,4.15739196127042
725.0,4.156063937282692
591.0,4.15433554156612
