item_id,predicted_score
591.0,4.402744000096655
1478.0,4.364837166283632
1313.0,4.364460761851607
770.0,4.355422340604952
1444.0,4.350336165894555
860.0,4.342435208980586
1399.0,4.34069541897536
123.0,4.330576504839282
1044.0,4.326276143139376
866.0,4.325474613868677
