item_id,predicted_score
866.0,4.2762893988225965
591.0,4.264414389061326
770.0,4.264197897576936
1313.0,4.25096362776077
1044.0,4.245071601808116
332.0,4.242476257887721
1444.0,4.2382020244704135
1399.0,4.227337177334127
508.0,4.223400450604825
1478.0,4.222685557218532
