item_id,predicted_score
1511.0,4.3922926870571395
315.0,4.373290942650483
347.0,4.371961347036733
657.0,4.3633291911165015
800.0,4.332711558788783
508.0,4.332614510881987
725.0,4.325786974540346
319.0,4.318022356183695
778.0,4.317961062768877
866.0,4.29896756939883
