item_id,predicted_score
1313.0,4.360047635984696
591.0,4.346612983850855
332.0,4.337268488436614
1526.0,4.328850859468246
1044.0,4.3258655558413945
385.0,4.323824799453153
120.0,4.311479284151851
480.0,4.306377393181245
1444.0,4.301774886378805
797.0,4.298179006042804
