item_id,predicted_score
1478.0,4.362496229325382
385.0,4.350185682703048
1416.0,4.345048037240464
1615.0,4.34032608686043
797.0,4.338484926976852
591.0,4.3358151272737135
152.0,4.329458292925355
1133.0,4.324672691691472
1016.0,4.317980708094138
854.0,4.312973900497802
