item_id,predicted_score
591.0,4.335004954059897
1478.0,4.318215666184276
1313.0,4.30354532309144
797.0,4.298679568930486
770.0,4.285597746838355
123.0,4.27947194151508
1044.0,4.278677681014727
1444.0,4.2753982868687
866.0,4.274647442537178
1615.0,4.268059186257231
