item_id,predicted_score
866.0,4.2868849085495375
770.0,4.246529481395828
1044.0,4.2433909442319315
1399.0,4.242070974827561
591.0,4.239061507450637
715.0,4.236690709597989
1444.0,4.225129435681156
508.0,4.214309969246226
1313.0,4.213204330340466
537.0,4.200112292679199
