item_id,predicted_score
1444.0,4.280815681763018
591.0,4.279520858374983
770.0,4.279209479969577
715.0,4.277103108194959
1044.0,4.276862649413749
866.0,4.275571165731009
1399.0,4.269417660499115
1478.0,4.2588435641767095
506.0,4.254268364376385
508.0,4.252705185845268
