item_id,predicted_score
591.0,4.366441403544547
866.0,4.354365422105843
1313.0,4.347918219261278
1478.0,4.342354270240505
1444.0,4.341516593571322
1416.0,4.337274382034193
770.0,4.325842374357586
1615.0,4.325540229255052
332.0,4.323545050021418
385.0,4.319895734400703
