item_id,predicted_score
508.0,4.368836561600521
866.0,4.327154289178598
770.0,4.2902971050943375
642.0,4.277174420725661
860.0,4.262505649258845
332.0,4.259025086982133
1478.0,4.256459800409388
1313.0,4.255149260761144
1399.0,4.248791444146523
272.0,4.248038438829221
