item_id,predicted_score
770.0,4.243591719456111
866.0,4.229217038508471
1313.0,4.220226355402204
725.0,4.207890859216786
332.0,4.202074860672898
1615.0,4.191840824930782
1479.0,4.1915874002349
385.0,4.182787080330423
1444.0,4.181549228385649
1133.0,4.181185593415044
