item_id,predicted_score
591.0,4.298482329864853
1478.0,4.270460630817288
770.0,4.269231422815629
866.0,4.260766055706874
123.0,4.253813575096563
1313.0,4.244193848675399
1444.0,4.243997984782535
1044.0,4.240829586724239
302.0,4.240181290990584
797.0,4.240003697250215
