item_id,predicted_score
866.0,4.196048067788945
770.0,4.192101714850264
1313.0,4.176552439905196
332.0,4.1668409698150555
1044.0,4.165804875360725
385.0,4.164290810142763
898.0,4.163566290547092
591.0,4.1633199381683035
1478.0,4.162616831977167
508.0,4.159299129446879
