item_id,predicted_score
715.0,4.2716963217762824
866.0,4.269036541189028
591.0,4.257785466958085
1399.0,4.255902658984951
770.0,4.249086124025457
1044.0,4.247473635727932
1313.0,4.246784084811226
1444.0,4.246673481629999
800.0,4.221977146789575
508.0,4.220983486237811
