item_id,predicted_score
866.0,4.316610250203844
1313.0,4.301177668490833
332.0,4.296177540305086
1044.0,4.289596356342233
770.0,4.283598442086416
1444.0,4.2631730009580036
577.0,4.255774178557736
385.0,4.253912587535886
591.0,4.249171188283842
1394.0,4.2421580036184725
