item_id,predicted_score
1399.0,4.243968909701146
715.0,4.243246158184748
1044.0,4.240815049183545
866.0,4.239060132277869
1313.0,4.236078168356311
591.0,4.232847298163683
770.0,4.232758501293497
1444.0,4.207210738056206
1479.0,4.2027145124634355
332.0,4.2014497464230525
