item_id,predicted_score
770.0,4.275354477793366
591.0,4.2743537449245075
1478.0,4.27339662467773
123.0,4.27076041848079
866.0,4.257995868391644
332.0,4.257408669619555
1313.0,4.257172729263155
840.0,4.249351335916497
1044.0,4.239468165683565
1016.0,4.233744893074915
