item_id,predicted_score
866.0,4.240690301368129
591.0,4.205681349484541
770.0,4.184822139574338
1044.0,4.173274813838442
1444.0,4.169216089639262
800.0,4.15898834040123
1313.0,4.156759774703481
508.0,4.1552616221989815
332.0,4.152425623044124
123.0,4.151181288142013
