item_id,predicted_score
866.0,4.250153258093702
770.0,4.220798820180345
1044.0,4.2198031950960555
1313.0,4.217185062598356
1399.0,4.213135571702049
591.0,4.2121876847581445
800.0,4.2033064261135875
332.0,4.199065589749226
715.0,4.198008278343612
1444.0,4.195286025622023
