item_id,predicted_score
591.0,4.399618821753936
1478.0,4.399616071408399
1313.0,4.399534739761814
770.0,4.395451655359308
1444.0,4.375364703185165
797.0,4.368121864667479
860.0,4.349142123025117
1615.0,4.34751981206496
1280.0,4.346341878362235
1044.0,4.339627499094105
