item_id,predicted_score
591.0,4.412822837769198
1313.0,4.402918450584984
1399.0,4.376809027498446
1444.0,4.374258671372901
770.0,4.373470893829884
866.0,4.371469428092166
860.0,4.367079483709064
291.0,4.362280523654003
715.0,4.359132163827475
332.0,4.355292288551716
