item_id,predicted_score
866.0,4.39369143421581
591.0,4.383384710770225
1380.0,4.3811918995644525
469.0,4.355126874913008
1399.0,4.351171878031212
282.0,4.351130622848162
800.0,4.3462837281994595
1044.0,4.341036461821913
123.0,4.340438851027436
1444.0,4.33805626597963
