item_id,predicted_score
715.0,4.429247115501449
770.0,4.421717062328429
1313.0,4.415533106842378
1044.0,4.40442013924803
1444.0,4.404171822336715
1399.0,4.400409349642489
866.0,4.398679775206401
332.0,4.381608380460013
591.0,4.370765339634768
120.0,4.365228501162855
