item_id,predicted_score
332.0,4.261027338532861
591.0,4.25988476641561
1313.0,4.252522877226834
866.0,4.238681763313318
725.0,4.231648933322685
1044.0,4.2191804382852425
800.0,4.216243855065041
860.0,4.214913473638282
1394.0,4.208924399778833
1444.0,4.207985942591055
