item_id,predicted_score
770.0,4.223982934498851
866.0,4.22347569220058
591.0,4.198344213405596
1444.0,4.196150223480309
1313.0,4.192077944006697
1044.0,4.1905903999778396
1478.0,4.181881823742338
332.0,4.179267816762943
840.0,4.174743498355047
403.0,4.173469891918296
