item_id,predicted_score
591.0,4.360172580253364
866.0,4.327638349993061
1444.0,4.316567816301278
282.0,4.308297920178882
1478.0,4.304330350288918
508.0,4.291041073562019
1273.0,4.29061044803227
770.0,4.2865548670851314
506.0,4.2823908439425455
120.0,4.282383378718945
