item_id,predicted_score
591.0,4.264348380768444
866.0,4.247524910026866
770.0,4.245764295976863
1478.0,4.2336223062452785
1313.0,4.226287527605365
1444.0,4.223124433784891
1044.0,4.22018333213988
123.0,4.218719166048084
332.0,4.215823052197924
508.0,4.207042181165457
