item_id,predicted_score
591.0,4.2439378700872314
866.0,4.238499847601389
770.0,4.230836009763333
1044.0,4.229770447321109
1313.0,4.220267021225497
1444.0,4.214504065059817
1399.0,4.2007759117665575
1478.0,4.199338463317119
715.0,4.19705823041393
508.0,4.193309116540883
