item_id,predicted_score
591.0,4.403102330829438
1313.0,4.359018613847459
1044.0,4.345355290127566
1478.0,4.329551018860593
1444.0,4.32659636194115
770.0,4.3222684967858775
866.0,4.321876376093643
860.0,4.315659416461152
1399.0,4.313028121595526
332.0,4.308930499652327
