item_id,predicted_score
866.0,4.249813197513412
770.0,4.24685932640698
1313.0,4.236234545145399
1444.0,4.232674419301375
1044.0,4.2261741740786025
1399.0,4.225679308335247
591.0,4.221893064797452
508.0,4.209288034749437
1478.0,4.199827042556391
715.0,4.1975917974480526
