item_id,predicted_score
866.0,4.260203020684857
591.0,4.255871422917784
770.0,4.246970715401218
1044.0,4.242934976232594
1313.0,4.236281693926029
1399.0,4.2333730070677
715.0,4.226637607301539
1478.0,4.2252127318602675
332.0,4.224961075243659
508.0,4.221600742357551
