item_id,predicted_score
866.0,4.236611735390435
591.0,4.211252763728915
770.0,4.206486414913788
1044.0,4.196326834954416
1313.0,4.19063460195968
508.0,4.182358026426694
725.0,4.180494077965813
1399.0,4.177471251767711
800.0,4.177194449134765
715.0,4.176097454172122
