item_id,predicted_score
866.0,4.299749846250773
770.0,4.283256809880106
715.0,4.280249307035708
591.0,4.275478832702277
1399.0,4.256291636425144
1479.0,4.2507361348942325
1044.0,4.249374517400307
1444.0,4.247986771623781
1313.0,4.245929316709066
725.0,4.242105354146769
