item_id,predicted_score
591.0,4.148210522055855
866.0,4.133184795029026
1313.0,4.116807076717647
385.0,4.1079415343333
123.0,4.107640764403534
332.0,4.107251197603585
770.0,4.100722466659182
1133.0,4.099831747611791
1044.0,4.097806511030506
1550.0,4.095998355293369
