item_id,predicted_score
866.0,4.417436345953785
715.0,4.403976154897103
1444.0,4.396558865891089
332.0,4.391861668620885
1313.0,4.385401106955142
800.0,4.37665500814839
591.0,4.370896177501015
480.0,4.367530933283591
1044.0,4.366619390191422
1399.0,4.366242199946388
