item_id,predicted_score
591.0,4.393110325494554
1313.0,4.3664449397030936
866.0,4.356193616074748
1044.0,4.349865070994767
770.0,4.343904679310201
860.0,4.338576474192575
1399.0,4.3353503188780085
1444.0,4.333486763323631
715.0,4.329488153819753
1478.0,4.322642150872365
