item_id,predicted_score
508.0,4.182699855086258
770.0,4.179507489731143
302.0,4.175343466588556
797.0,4.173745319378472
1478.0,4.171645234107938
385.0,4.170316227853947
1444.0,4.163740937488673
254.0,4.15863924297132
403.0,4.157192168312503
591.0,4.1527466276589085
