item_id,predicted_score
591.0,4.281982417630344
1478.0,4.269211973943619
866.0,4.257685275799248
770.0,4.256905159933083
1313.0,4.24736794387802
1044.0,4.238628917388362
1615.0,4.237554318096517
332.0,4.237278497729835
385.0,4.233946454112106
1444.0,4.230940522893729
