item_id,predicted_score
715.0,4.376997229714458
1399.0,4.366428437629874
332.0,4.36395234083382
866.0,4.36230056188577
1044.0,4.354223189950945
1394.0,4.349281211927973
1313.0,4.346454642529241
1444.0,4.343040284998662
770.0,4.338803181246101
508.0,4.3339334980200945
