item_id,predicted_score
797.0,4.360841307125291
770.0,4.355600720158334
302.0,4.313877978366371
1313.0,4.310682862665719
591.0,4.309953235285479
5.0,4.304126431812696
860.0,4.298553838848807
1478.0,4.294392958958263
272.0,4.293967834119588
866.0,4.289464929116228
