item_id,predicted_score
591.0,4.221873026565685
770.0,4.2169532477602605
866.0,4.21229219788854
797.0,4.203369684060933
1444.0,4.201937343396062
1313.0,4.1995602590393295
1044.0,4.19752421752915
1478.0,4.194579579725592
385.0,4.182945618105289
508.0,4.177702477246047
