item_id,predicted_score
591.0,4.2649797815223724
770.0,4.257126759202042
866.0,4.254062284914384
1313.0,4.246049939006176
1044.0,4.241305789408596
1478.0,4.235465627114635
332.0,4.225380502938007
1444.0,4.224037941409586
1399.0,4.223547594091039
508.0,4.218325866636334
