item_id,predicted_score
172.0,4.436218062717504
50.0,4.435800403102428
385.0,4.40675439679569
181.0,4.390693557580792
174.0,4.390295936197484
62.0,4.374237061515112
1239.0,4.342548758960601
1615.0,4.342236005382426
577.0,4.3376401779905756
152.0,4.337099538639359
