item_id,predicted_score
1478.0,4.395161690358437
1016.0,4.366425294377832
1416.0,4.363812859024458
385.0,4.360336422266051
797.0,4.355934690687791
591.0,4.345390651713037
332.0,4.336284257640975
840.0,4.332433380983069
152.0,4.332426308665975
770.0,4.324032254087921
