item_id,predicted_score
591.0,4.473042046202073
332.0,4.442323829809011
1313.0,4.435279801982979
860.0,4.432997015187507
333.0,4.420870741716131
123.0,4.4074294101717015
866.0,4.399007459231775
440.0,4.3960543739383535
1044.0,4.39399475803786
800.0,4.390512427681874
