item_id,predicted_score
866.0,4.210477559194066
591.0,4.181849212502403
1044.0,4.178711657604769
1313.0,4.176815687263709
1399.0,4.172064661802287
778.0,4.167992185875423
715.0,4.1625567172818645
800.0,4.159078512444184
725.0,4.157164664857135
770.0,4.1557987253916515
