item_id,predicted_score
866.0,4.471962339125659
895.0,4.460051771325663
123.0,4.445272593130874
288.0,4.445119752500334
591.0,4.4351878618607525
800.0,4.369669130485134
332.0,4.364790410409507
5.0,4.359319580230476
770.0,4.346365845659056
396.0,4.3391870509017245
