item_id,predicted_score
591.0,4.335477620585707
1313.0,4.317647523377691
866.0,4.300109748609577
1044.0,4.293805956639427
715.0,4.292592857804483
800.0,4.286332874909668
1399.0,4.285197768016015
1444.0,4.269694856038566
125.0,4.2692618730697856
120.0,4.2626895295033
