item_id,predicted_score
866.0,4.226358447229562
1313.0,4.209936134029839
591.0,4.194005936227935
1479.0,4.192104661649054
770.0,4.1912064773780635
1044.0,4.186820069153509
715.0,4.186518513410734
725.0,4.185432126923732
1444.0,4.167116790181738
860.0,4.164754832725458
