item_id,predicted_score
866.0,4.212221081811091
770.0,4.211027431848157
1044.0,4.20697420834005
1313.0,4.1910245616661355
1399.0,4.184026110994712
1479.0,4.173020603329548
725.0,4.1711328840250985
1050.0,4.170555115009137
715.0,4.168330281923186
332.0,4.166503856033556
