item_id,predicted_score
591.0,4.382870789061364
1478.0,4.353610648709267
123.0,4.346506899094439
1313.0,4.3320314376282045
1044.0,4.329095247314509
332.0,4.327531086517128
770.0,4.3237037842495365
1444.0,4.321224544201441
866.0,4.320176269645447
840.0,4.3147455159299515
