item_id,predicted_score
866.0,4.2569809908885965
1044.0,4.250238911711845
770.0,4.234344271948666
591.0,4.233961188106052
715.0,4.233661007536044
1313.0,4.224125166653749
1444.0,4.209688210025028
1399.0,4.209198255612988
508.0,4.208620683050278
332.0,4.205342664077019
