item_id,predicted_score
591.0,4.311520539334902
866.0,4.305268611023443
1313.0,4.303158703090278
770.0,4.285704028048023
860.0,4.272981126048434
332.0,4.268028146643315
1044.0,4.265862642439659
1444.0,4.26059121231204
120.0,4.247278557648077
1478.0,4.2445172107292155
