item_id,predicted_score
1050.0,4.3233340592281015
1479.0,4.32048509415857
725.0,4.292621932885872
1055.0,4.276184689238949
321.0,4.258531007051788
20.0,4.254297635911026
1399.0,4.25317353039952
770.0,4.248503050771673
866.0,4.241724038383429
1020.0,4.238994320438239
