item_id,predicted_score
591.0,4.387392750030229
1478.0,4.3589891458595655
1313.0,4.33950884132952
332.0,4.331061351466754
123.0,4.3301372353664185
1615.0,4.323715178538189
385.0,4.322946260507425
770.0,4.322099939895127
917.0,4.321494470970545
1416.0,4.315128992679071
