item_id,predicted_score
866.0,4.3355448075981045
591.0,4.3344725657452905
1313.0,4.32685332279558
770.0,4.323423249004792
332.0,4.322380082233367
1044.0,4.312654467509038
1444.0,4.309343051482834
120.0,4.300284592004411
336.0,4.299131411411517
725.0,4.290518900816548
