item_id,predicted_score
866.0,4.289177910914146
1313.0,4.2754169499277
770.0,4.2726172946245775
591.0,4.270550606406989
1399.0,4.267928937750742
1044.0,4.267459610930226
1444.0,4.25672579811344
715.0,4.25290910432149
1479.0,4.239568553295655
332.0,4.225503089767644
