item_id,predicted_score
725.0,4.102491528199047
1050.0,4.101039542208914
855.0,4.097246422807279
778.0,4.093589445509712
1342.0,4.081990845474881
1269.0,4.081913049986842
1008.0,4.080871847747943
866.0,4.078441721013004
807.0,4.072215724530892
30.0,4.06786251690603
