item_id,predicted_score
866.0,4.182176503621272
508.0,4.152917541988691
1044.0,4.152607145849547
770.0,4.147509380397246
657.0,4.1454090986734595
1478.0,4.145088094058674
898.0,4.144808933986697
125.0,4.133307185405409
591.0,4.130147627743481
841.0,4.126340756614163
