item_id,predicted_score
591.0,4.244694215109829
1313.0,4.231854619878181
866.0,4.221743170965702
770.0,4.220224390869678
1044.0,4.219952106661543
1478.0,4.2150896922058845
332.0,4.2082489934963165
1444.0,4.205119493182041
1399.0,4.1957675325442
508.0,4.193970967548967
