item_id,predicted_score
866.0,4.272873076759492
770.0,4.248153363982006
1313.0,4.242390604269577
591.0,4.241672371177989
332.0,4.236522152707239
1044.0,4.216527926468333
725.0,4.214796976859477
1479.0,4.211626417815403
1444.0,4.206999157903132
385.0,4.204240561329808
