item_id,predicted_score
866.0,4.311594405757887
770.0,4.302797622011958
1444.0,4.275643460527974
591.0,4.272459149756216
1399.0,4.267681799558943
1313.0,4.262315286057055
1044.0,4.261836529480414
1478.0,4.258015906623411
508.0,4.247087605086528
800.0,4.238034449845927
