item_id,predicted_score
866.0,4.18276291658035
1044.0,4.135750278055022
591.0,4.129859037915379
508.0,4.126445662651063
807.0,4.1227886853534965
725.0,4.121622145939424
800.0,4.120824742187029
1645.0,4.10617365151295
1650.0,4.10617365151295
332.0,4.102462649570912
