item_id,predicted_score
866.0,4.287475054120415
332.0,4.27018736434289
508.0,4.261495093727356
1044.0,4.253985668145861
770.0,4.244195223848168
1615.0,4.236449857910273
1313.0,4.234798078962223
1526.0,4.221386018952435
1394.0,4.220291577882074
654.0,4.219679429546903
