item_id,predicted_score
591.0,4.287608249425693
1478.0,4.274105035106688
866.0,4.253138561720553
770.0,4.250594492099092
797.0,4.245126019359093
123.0,4.243121999729091
1444.0,4.238397888363278
1313.0,4.234686493514734
1044.0,4.22789392585206
508.0,4.226798109608931
