item_id,predicted_score
866.0,4.266684799301883
770.0,4.246441077432148
1313.0,4.225887352329773
1044.0,4.2205789889906615
1444.0,4.21538456853807
1399.0,4.214034738239301
332.0,4.213048935817642
591.0,4.213012788419159
725.0,4.206401154202149
508.0,4.204643683404189
