item_id,predicted_score
1313.0,4.315247650443656
591.0,4.312131116044052
332.0,4.310951610715307
385.0,4.29852554958043
577.0,4.297185738397545
866.0,4.296007018881809
1444.0,4.295603896807428
1526.0,4.293951921406126
1044.0,4.293055112307904
480.0,4.285483214592076
