item_id,predicted_score
770.0,4.2325864082442
1313.0,4.2290416057538796
591.0,4.224217696135735
1478.0,4.2187482411294726
332.0,4.2180985702230505
385.0,4.217263054539647
866.0,4.210046737211065
1044.0,4.206924898573641
1615.0,4.19868682787817
840.0,4.194771318100152
