item_id,predicted_score
123.0,4.623982187976491
440.0,4.570526079218398
1399.0,4.5608358260795425
1380.0,4.55019906116955
591.0,4.538901820424242
715.0,4.536281919847269
860.0,4.514352236163527
1478.0,4.511260454873755
282.0,4.503585026293795
816.0,4.487645595189017
