item_id,predicted_score
866.0,4.218839591891942
770.0,4.19235828279819
508.0,4.189472973876923
1044.0,4.175114205642746
1478.0,4.170426634581921
591.0,4.159288520971238
332.0,4.148203056832256
385.0,4.147793451800538
1444.0,4.146139511866709
123.0,4.145972133695475
