item_id,predicted_score
1044.0,4.2225551122587905
591.0,4.199117846314424
866.0,4.186385907465214
1097.0,4.177635879593408
508.0,4.159805193025634
657.0,4.159426038248073
302.0,4.145807505869778
1478.0,4.141568241131437
898.0,4.136603278077909
715.0,4.135625923146112
