item_id,predicted_score
591.0,4.39806841268424
770.0,4.364660751262777
866.0,4.358073673702345
1044.0,4.348109957635838
332.0,4.345928147812213
1313.0,4.341053749708144
123.0,4.337827201487072
302.0,4.333058888139419
120.0,4.329886168109566
1444.0,4.328296468389345
