item_id,predicted_score
715.0,4.299151056736779
866.0,4.297033290673509
1044.0,4.277763780483529
1399.0,4.27680430279772
770.0,4.2610371611954925
1313.0,4.256318354067501
778.0,4.252394986159377
1479.0,4.242122642033
591.0,4.236835102738667
1444.0,4.2364396423411375
