item_id,predicted_score
591.0,4.364539736059161
1313.0,4.355773599020641
1478.0,4.339755193708309
770.0,4.326728771433418
1444.0,4.326296967184154
123.0,4.3114910713470085
332.0,4.311302869130996
1044.0,4.306613137084392
860.0,4.304802623908223
866.0,4.30155800198791
