item_id,predicted_score
866.0,4.206743768674723
591.0,4.201785485031785
1044.0,4.181001909623841
1478.0,4.171109113181531
770.0,4.1689257317318855
898.0,4.160904545427309
332.0,4.159073994019373
840.0,4.157862270357198
508.0,4.156368046917752
657.0,4.148899680066055
