item_id,predicted_score
1313.0,4.489327235031466
332.0,4.48173235228508
591.0,4.451078179652374
120.0,4.425802897076471
328.0,4.423249004792378
333.0,4.421161099623507
860.0,4.420839309195712
866.0,4.419359230390453
799.0,4.415493816191853
27.0,4.414128858992633
