item_id,predicted_score
1313.0,4.320441088629983
866.0,4.316584711281004
332.0,4.3026762139018375
591.0,4.2954447696728035
770.0,4.292043574510151
1444.0,4.290819867199565
1044.0,4.286867424210054
1394.0,4.272131858637347
715.0,4.265137140577723
1615.0,4.260913395646341
