item_id,predicted_score
770.0,4.16691247879901
866.0,4.16431752778512
332.0,4.136740991807997
1313.0,4.136009989254989
508.0,4.1225721938691064
725.0,4.121601321894646
1044.0,4.114475569515523
1479.0,4.107251001150332
403.0,4.106152238108415
1444.0,4.096596751900857
