item_id,predicted_score
591.0,4.262722730102993
866.0,4.26259739292782
1044.0,4.256973329211744
715.0,4.246481939708692
1313.0,4.241140375769888
1399.0,4.236858284222476
770.0,4.228182908586668
1444.0,4.225695221048708
800.0,4.219215014057704
332.0,4.212365867858273
