item_id,predicted_score
866.0,4.100297734727012
1044.0,4.0712114555034855
1313.0,4.0670772932552985
770.0,4.065871659643953
101.0,4.056165886698141
591.0,4.053978183276936
332.0,4.050585435604146
385.0,4.042940260825089
508.0,4.039008838333609
898.0,4.037951134021489
