item_id,predicted_score
321.0,4.256845634597539
14.0,4.251594635608193
378.0,4.24066260145951
1048.0,4.238602985559016
66.0,4.233011925989381
1399.0,4.232696814972174
781.0,4.227940288819678
83.0,4.22304349504481
1050.0,4.218235105233623
764.0,4.211633490132497
