item_id,predicted_score
591.0,4.329591881137138
1313.0,4.3140673593019
770.0,4.306059138911996
866.0,4.299871647267398
1478.0,4.292450429196332
860.0,4.2891372450908545
1444.0,4.279905710296871
1044.0,4.277800517241769
332.0,4.274285575645847
1615.0,4.265885627470215
