item_id,predicted_score
866.0,4.40424411713368
1313.0,4.402762859608906
591.0,4.394401023364283
332.0,4.391863633153411
1444.0,4.376359542456445
123.0,4.367877476821217
715.0,4.36636596549554
770.0,4.35811375016588
860.0,4.356741720649564
1478.0,4.352727394885477
