item_id,predicted_score
725.0,4.250552451103031
1399.0,4.233382436823826
1313.0,4.232025927114468
770.0,4.221408611076486
715.0,4.2182343194206116
1050.0,4.207791650324212
1479.0,4.207255529397805
866.0,4.203352199721449
1044.0,4.201367236056951
855.0,4.190692948575709
