item_id,predicted_score
332.0,4.337378895164588
725.0,4.310904069028172
1313.0,4.309694702805029
1097.0,4.305249358604687
770.0,4.303568111668744
591.0,4.295748486401358
715.0,4.295086046033515
1399.0,4.2940519161117106
855.0,4.2863719691069395
1478.0,4.283053873670147
