item_id,predicted_score
715.0,4.356704787438072
866.0,4.349667831929134
1399.0,4.335984077070968
591.0,4.332498210556436
770.0,4.321857909487896
506.0,4.316201234531885
282.0,4.314615856783221
508.0,4.312397506654609
1044.0,4.305121271083976
800.0,4.298823765617911
