item_id,predicted_score
591.0,4.404099920446255
866.0,4.396889300262
1313.0,4.388203709057055
332.0,4.388149880865836
770.0,4.38548558185377
1444.0,4.362705255586173
120.0,4.362640033106302
1044.0,4.3601827958224995
860.0,4.352301877140297
1478.0,4.346815330701056
