item_id,predicted_score
385.0,4.351683049394536
152.0,4.3511475178278864
1615.0,4.331662498419779
1478.0,4.331014988499135
917.0,4.317031445977467
1016.0,4.316467232235936
1416.0,4.314560849872487
797.0,4.311053373500165
1133.0,4.308132899446679
591.0,4.307533717026181
