item_id,predicted_score
866.0,4.2668498200340865
770.0,4.248310919490608
1313.0,4.245993949829179
1044.0,4.237269460880214
1399.0,4.234503988443048
591.0,4.233672008918192
715.0,4.233061628662293
1444.0,4.219758010847952
332.0,4.209757361569952
1479.0,4.2081527314025315
