item_id,predicted_score
1478.0,4.32341185471614
152.0,4.320881143915857
385.0,4.308495552151021
1313.0,4.304419932972115
591.0,4.303653765286887
332.0,4.29687298481937
1016.0,4.289880624198778
1615.0,4.286232094391073
1416.0,4.283366430795068
1444.0,4.279820449585233
