item_id,predicted_score
591.0,4.267793974366191
770.0,4.26741560540164
1478.0,4.254707830302502
866.0,4.252963521872466
1313.0,4.234595339205518
123.0,4.233009961456854
332.0,4.231930647286946
1444.0,4.230010316742561
1044.0,4.223922819803549
508.0,4.21975860020771
