item_id,predicted_score
770.0,4.27396221359203
866.0,4.2428241765981145
1478.0,4.2136131495591735
1313.0,4.212265676699436
508.0,4.210860250130175
1133.0,4.209810600401413
1615.0,4.204664900355472
1044.0,4.204385543830243
591.0,4.204249401726176
768.0,4.203059287921789
