item_id,predicted_score
866.0,4.2680617401495144
1044.0,4.235219078282594
591.0,4.2334028679620985
770.0,4.229240023539028
1313.0,4.220654427039668
1399.0,4.220214568207046
715.0,4.2158568421573746
1444.0,4.21577334952501
332.0,4.200038033349708
508.0,4.19916774544059
