item_id,predicted_score
591.0,4.227615944499599
866.0,4.225512715977022
1044.0,4.210631185637617
508.0,4.202480143733057
1478.0,4.201469391748315
123.0,4.196231555126895
770.0,4.196136668205877
1313.0,4.192167330236641
332.0,4.183853821492162
1444.0,4.179431265869125
