item_id,predicted_score
770.0,4.322413479286313
866.0,4.309940662277311
1313.0,4.307430382615301
1399.0,4.291546744234269
591.0,4.2914441956364
1444.0,4.273282681791209
123.0,4.273069922918619
1044.0,4.27185191275236
332.0,4.270850983430249
1478.0,4.266450234118253
