item_id,predicted_score
1044.0,4.238002624419002
866.0,4.235847139331227
591.0,4.230426601184869
1313.0,4.2067215694571765
770.0,4.20276048252455
508.0,4.200942111218277
715.0,4.18774300653433
1444.0,4.1852936273806325
332.0,4.185068491953127
1478.0,4.18059878754946
