item_id,predicted_score
1313.0,4.234398885952895
332.0,4.207767683027392
770.0,4.207155731145472
866.0,4.197915945314879
1044.0,4.195666948478857
385.0,4.180155392558292
1478.0,4.17615422916213
591.0,4.172923751876006
898.0,4.172226932188954
1016.0,4.161795657381205
