item_id,predicted_score
866.0,4.190687644337888
1044.0,4.180369919510156
715.0,4.174376523679149
1399.0,4.174030765954534
770.0,4.167250181940268
1313.0,4.160106945221663
778.0,4.1571511095827045
725.0,4.156118944193427
1479.0,4.155421928053121
591.0,4.147608196383315
