item_id,predicted_score
591.0,4.349698871543049
866.0,4.339331247589151
1444.0,4.338163529455562
1399.0,4.31226352553632
715.0,4.310414507522637
282.0,4.305290220881233
506.0,4.304107572300445
770.0,4.3025347675599495
480.0,4.302474259958141
518.0,4.29391557755439
