item_id,predicted_score
430.0,4.363182405030295
64.0,4.272610307571928
1332.0,4.181818181818182
302.0,4.0917386911408755
193.0,4.091601995168336
174.0,4.091595673932846
210.0,4.091364602577742
1202.0,4.090909090909091
1212.0,4.090909090909091
655.0,4.090756843245051
