item_id,predicted_score
79.0,5.000000000000001
353.0,5.0
266.0,5.0
1332.0,5.0
1379.0,5.0
137.0,4.999999999999999
304.0,4.8008412902860425
274.0,4.800692253922604
272.0,4.800356221235183
309.0,4.8
