item_id,predicted_score
1175.0,4.333333333333333
1342.0,4.25
1432.0,4.166666666666667
1671.0,4.166666666666667
1433.0,4.142857142857143
1653.0,4.111111111111111
1617.0,4.005059206552679
1624.0,4.0
1625.0,4.0
1357.0,4.0
