item_id,predicted_score
1201.0,4.166666666666667
1673.0,4.111111111111111
1235.0,4.0
643.0,4.0
784.0,4.0
1104.0,4.0
1306.0,4.0
1307.0,4.0
1334.0,4.0
1546.0,4.0
