item_id,predicted_score
907.0,4.636363636363637
1122.0,4.545454545454546
1234.0,4.545454545454546
1431.0,4.545454545454546
1654.0,4.545454545454546
22.0,4.544506368418681
79.0,4.454832082096655
1614.0,4.454545454545454
1430.0,4.454545454545454
173.0,4.452875458118546
