item_id,predicted_score
1081.0,4.7272727272727275
1342.0,4.666666666666667
677.0,4.636363636363637
1332.0,4.636363636363637
1476.0,4.636363636363637
1612.0,4.636363636363637
1316.0,4.636363636363637
135.0,4.6349481883775
23.0,4.634468309586437
193.0,4.631933218505164
