item_id,predicted_score
545.0,4.4
920.0,4.4
476.0,4.2007648309478824
401.0,4.200117890029295
537.0,4.2
834.0,4.2
680.0,4.2
710.0,4.2
622.0,4.2
532.0,4.2
