item_id,predicted_score
181.0,4.801318709494463
50.0,4.800794695302661
1371.0,4.8
375.0,4.6
437.0,4.6
600.0,4.6
929.0,4.6
937.0,4.6
681.0,4.6
1125.0,4.6
