item_id,predicted_score
470.0,5.000000000000002
406.0,5.000000000000001
307.0,5.000000000000001
118.0,5.000000000000001
95.0,5.0
291.0,5.0
305.0,5.0
447.0,5.0
356.0,5.0
436.0,5.0
