item_id,predicted_score
1653.0,5.0
89.0,4.818122991907956
185.0,4.728175695077394
651.0,4.72759890048425
483.0,4.637906020908105
484.0,4.637537420700909
197.0,4.637378111231016
427.0,4.637030387661998
13.0,4.636911056632231
479.0,4.63673677408453
