item_id,predicted_score
1618.0,5.0
1234.0,4.066906739769324
1434.0,4.028631238289166
908.0,4.024945991484705
1430.0,4.001224751245992
1431.0,4.000871790575963
600.0,4.0
1486.0,4.0
1494.0,4.0
907.0,4.0
