item_id,predicted_score
153.0,5.0
275.0,5.0
482.0,5.0
479.0,5.0
685.0,5.0
172.0,4.801157782166191
50.0,4.80070359896446
174.0,4.800629430179771
202.0,4.800577763574443
204.0,4.800498821215062
