item_id,predicted_score
1354.0,5.0
173.0,4.79973965326931
1157.0,4.799703368700022
88.0,4.798834797657315
888.0,4.6
1413.0,4.6
1467.0,4.4
1504.0,4.4
766.0,4.4
1374.0,4.4
