item_id,predicted_score
1414.0,5.0
1130.0,4.8
1398.0,4.8
1485.0,4.8
1591.0,4.8
1318.0,4.8
1654.0,4.8
245.0,4.798019534686118
1507.0,4.75
282.0,4.600235596145357
