item_id,predicted_score
1094.0,5.0
1383.0,5.0
1618.0,5.0
1342.0,5.0
210.0,4.8010849545984815
22.0,4.800965038400614
647.0,4.800854737601097
614.0,4.800655075624468
337.0,4.800515205743883
395.0,4.800460949235734
