item_id,predicted_score
1342.0,5.0
172.0,4.453406932543507
4.0,4.452744659615466
443.0,4.452528350937605
181.0,4.27352638754958
185.0,4.183243227976928
50.0,4.182619341665445
47.0,4.181987307322913
1049.0,4.181818181818182
12.0,4.181590007809936
