item_id,predicted_score
122.0,4.728563808166859
1354.0,4.571428571428571
55.0,4.54550827130292
209.0,4.456292598300132
147.0,4.456076539008251
238.0,4.365612359752377
234.0,4.365278547256805
100.0,4.365236815280315
831.0,4.365110208469851
138.0,4.363636363636363
