item_id,predicted_score
47.0,4.009021454516858
387.0,4.004789180729657
1122.0,4.0
1455.0,4.0
552.0,3.911029830534474
589.0,3.9093240208493967
875.0,3.826320814991159
1128.0,3.824517593561101
276.0,3.823522786122968
508.0,3.821461438620617
