item_id,predicted_score
1058.0,4.818181818181818
1079.0,4.731472200568872
890.0,4.6418852945783415
356.0,4.637627642031265
507.0,4.637456861579976
879.0,4.637270973755821
410.0,4.637251268009096
398.0,4.637100027582924
948.0,4.636486413754867
355.0,4.63637573472402
