item_id,predicted_score
188.0,5.0
908.0,5.0
1114.0,4.8
964.0,4.8
1496.0,4.8
1261.0,4.8
198.0,4.799468071309293
226.0,4.600154526572781
296.0,4.6
714.0,4.6
