item_id,predicted_score
1354.0,5.0
1537.0,4.545454545454546
1189.0,4.545454545454546
216.0,4.54543092902633
357.0,4.54459475338443
1362.0,4.5
1653.0,4.5
423.0,4.456064924151226
99.0,4.4559156852811315
132.0,4.4553847898725705
