item_id,predicted_score
1332.0,5.0
643.0,5.0
1354.0,4.5
1235.0,4.0
1526.0,4.0
868.0,4.0
1614.0,4.0
1342.0,4.0
1472.0,3.9978689885658336
1064.0,3.8918979782849874
