item_id,predicted_score
1318.0,4.6
1342.0,4.4
428.0,4.364329452621839
483.0,4.362978519768739
382.0,4.362887876171802
515.0,4.361368315879299
100.0,4.3599302149924535
1354.0,4.333333333333333
498.0,4.274327303909256
89.0,4.2742295490645335
