item_id,predicted_score
713.0,5.000000000000002
249.0,5.000000000000001
554.0,5.000000000000001
934.0,5.000000000000001
448.0,5.0
474.0,5.0
539.0,5.0
641.0,5.0
993.0,5.0
1084.0,5.0
