item_id,predicted_score
172.0,4.90791466089842
1332.0,4.857142857142857
1420.0,4.818181818181818
50.0,4.817231808263715
1414.0,4.8
181.0,4.728844193612273
473.0,4.72810881552846
1075.0,4.7272727272727275
1201.0,4.7272727272727275
1189.0,4.7272727272727275
