item_id,predicted_score
1351.0,4.6
1120.0,4.4
1280.0,4.4
1312.0,4.4
1009.0,4.399795688405939
1463.0,4.291707938318025
1617.0,4.216734475747445
1293.0,4.206476690600232
1612.0,4.2030512010449925
798.0,4.2
