item_id,predicted_score
205.0,5.000000000000001
409.0,5.000000000000001
431.0,5.000000000000001
732.0,5.000000000000001
115.0,5.0
158.0,5.0
282.0,5.0
296.0,5.0
326.0,5.0
448.0,5.0
