item_id,predicted_score
991.0,4.603209629403945
1337.0,4.6028275572494675
162.0,4.60203519544626
468.0,4.601677316363736
1286.0,4.601641431084755
554.0,4.601596357370207
77.0,4.6012176888768765
870.0,4.601166371264818
296.0,4.601082859136567
252.0,4.600849697520161
