item_id,predicted_score
1201.0,5.0
1455.0,5.0
1674.0,5.0
1429.0,4.5104578112421825
1414.0,4.5
1332.0,4.5
1360.0,4.5
1593.0,4.5
1175.0,4.333333333333333
1656.0,4.25
