item_id,predicted_score
476.0,4.401876287237143
1235.0,4.4
4.0,4.202115086480259
55.0,4.200464468350557
96.0,4.200450896175153
329.0,4.2
1175.0,4.199818861031036
12.0,4.0066022659539655
327.0,4.004309490539525
153.0,4.002115672491171
