item_id,predicted_score
440.0,4.4546254193989
1273.0,4.454545454545454
590.0,4.454358973698619
163.0,4.45366638598366
1136.0,4.453449021695817
1089.0,4.366474066565271
585.0,4.366151699036066
748.0,4.365480750567499
727.0,4.3648592959267045
993.0,4.3648219886500215
