item_id,predicted_score
164.0,4.636363636363637
77.0,4.545057129020501
240.0,4.544204595450608
238.0,4.4557980612020245
235.0,4.4552383520464645
430.0,4.455113865198204
9.0,4.455098640177109
58.0,4.454813409929871
165.0,4.454545454545454
199.0,4.454545454545454
