item_id,predicted_score
239.0,4.546339887292615
385.0,4.544821399217355
550.0,4.457207070252359
226.0,4.456740628189662
66.0,4.455030833822004
144.0,4.454901959132669
586.0,4.364179155594707
174.0,4.363794047814
1202.0,4.363636363636363
1375.0,4.363636363636363
