item_id,predicted_score
929.0,4.636385019910339
833.0,4.636363636363637
1192.0,4.636363636363637
825.0,4.546698738988599
460.0,4.545454545454546
635.0,4.545454545454546
407.0,4.545454545454546
1139.0,4.545454545454546
763.0,4.54513781951583
735.0,4.545098531305783
