item_id,predicted_score
473.0,5.000000000000001
651.0,5.000000000000001
409.0,5.0
523.0,5.0
1413.0,5.0
1333.0,5.0
1653.0,5.0
588.0,4.801695557947913
202.0,4.801335939315493
12.0,4.801227137933351
