item_id,predicted_score
1235.0,5.0
1678.0,4.8
1679.0,4.8
1680.0,4.8
1463.0,4.75
1433.0,4.666666666666667
1175.0,4.5
1671.0,4.5
109.0,4.3668695882310455
173.0,4.183189026149979
