item_id,predicted_score
887.0,4.7299125356734555
191.0,4.727824620701344
23.0,4.637452583947187
661.0,4.636634289171481
647.0,4.636526239777459
273.0,4.636082260892722
1526.0,4.6
131.0,4.548024530742381
56.0,4.548004961720292
89.0,4.547462165543638
