item_id,predicted_score
1472.0,5.0
1604.0,5.0
7.0,4.637918708873088
310.0,4.637466900728676
98.0,4.63744043198061
64.0,4.637265625060134
134.0,4.636983215101082
157.0,4.634929259118384
8.0,4.63465352968649
880.0,4.63337394911645
