item_id,predicted_score
936.0,4.999999999999999
1042.0,4.801067373210222
1228.0,4.800100458175916
954.0,4.8
1290.0,4.8
1541.0,4.8
1573.0,4.8
1347.0,4.8
909.0,4.799954715257759
900.0,4.799825693257962
