item_id,predicted_score
302.0,5.000000000000001
1308.0,5.0
1354.0,5.0
1175.0,5.0
1429.0,5.0
1556.0,5.0
56.0,4.910175630160072
423.0,4.909931871236283
257.0,4.909655819123241
7.0,4.909517486718235
