item_id,predicted_score
10.0,4.18329577661976
492.0,4.182798184980277
411.0,4.09092100877175
424.0,4.090665273240167
49.0,4.000449334279985
1612.0,4.0
237.0,3.999929661242265
157.0,3.9998568551904286
220.0,3.9982324170475314
792.0,3.9947707884346126
