item_id,predicted_score
1235.0,5.0
1617.0,4.545836543402008
626.0,4.520900561848193
1432.0,4.5
1433.0,4.5
1613.0,4.5
1624.0,4.5
1625.0,4.5
1463.0,4.5
1500.0,4.5
