item_id,predicted_score
127.0,4.602475096369935
219.0,4.601635672088413
644.0,4.60150679271727
23.0,4.600666275595117
200.0,4.6001290466844855
1531.0,4.6
1190.0,4.6
577.0,4.59963418900247
195.0,4.59955327337984
218.0,4.5995447415805755
