item_id,predicted_score
1342.0,5.0
1671.0,5.0
258.0,4.910026177910899
89.0,4.909524347487248
467.0,4.909342258191824
1228.0,4.909332679310251
9.0,4.909269327325884
777.0,4.909090909090909
779.0,4.909090909090909
1150.0,4.909090909090909
