item_id,predicted_score
1472.0,5.0
1251.0,4.800591963360337
961.0,4.800336962871008
799.0,4.8
1631.0,4.8
1017.0,4.799967611957473
870.0,4.799190050843254
1033.0,4.797176905436253
1175.0,4.666666666666667
1215.0,4.606107834276514
