item_id,predicted_score
1.0,4.545933182749116
1256.0,4.454545454545454
1538.0,4.454545454545454
318.0,4.45325193602484
442.0,4.363636363636363
884.0,4.363636363636363
994.0,4.363636363636363
1489.0,4.2727272727272725
1591.0,4.2727272727272725
1360.0,4.2727272727272725
