item_id,predicted_score
1342.0,5.0
1653.0,5.0
181.0,4.800944896159249
143.0,4.80055319111944
423.0,4.800362517297506
187.0,4.800268343071122
64.0,4.80016429970749
71.0,4.800100398669675
1127.0,4.8
380.0,4.7999264211801
