item_id,predicted_score
427.0,4.603169196411042
316.0,4.601436728572097
1332.0,4.5
269.0,4.403514389579294
12.0,4.402188323582069
198.0,4.401915853059535
304.0,4.401705196807313
482.0,4.400912248578259
698.0,4.400645029932468
199.0,4.400581818371284
