item_id,predicted_score
942.0,4.091240800170553
957.0,4.0
1599.0,4.0
1342.0,4.0
990.0,3.996182013535059
733.0,3.9095050129016444
736.0,3.909280060433701
1468.0,3.909090909090909
445.0,3.9087956778187394
494.0,3.908542288196522
