item_id,predicted_score
1235.0,4.0
1653.0,4.0
1360.0,3.8333333333333335
1593.0,3.8333333333333335
626.0,3.8181818181818183
1332.0,3.75
907.0,3.727272727272727
1414.0,3.6666666666666665
1455.0,3.6666666666666665
1671.0,3.6666666666666665
