item_id,predicted_score
134.0,4.601752271158605
7.0,4.600472330250406
56.0,4.6000886016743525
127.0,4.599528146270252
198.0,4.598932810796907
70.0,4.598844015851933
518.0,4.598444211069736
1614.0,4.5
9.0,4.40350147798177
762.0,4.402016905756281
