item_id,predicted_score
181.0,4.598608267630042
600.0,4.4
1541.0,4.4
1573.0,4.4
64.0,4.3988590898707205
172.0,4.20033805930161
893.0,4.2
1122.0,4.2
1188.0,4.2
1218.0,4.2
