item_id,predicted_score
1371.0,5.0
1618.0,5.0
1674.0,5.0
858.0,4.8
1595.0,4.666666666666667
1596.0,4.666666666666667
1318.0,4.666666666666667
1411.0,4.6054379372501
1376.0,4.600692491083295
1308.0,4.6
