item_id,predicted_score
1201.0,4.25
1661.0,4.2
1398.0,4.0
1367.0,4.0
1653.0,4.0
1674.0,4.0
1672.0,3.998733975156361
1622.0,3.9979277544349547
1681.0,3.857142857142857
1631.0,3.8181818181818183
