item_id,predicted_score
1122.0,5.0
1414.0,5.0
1332.0,5.0
1455.0,5.0
1523.0,4.8
1201.0,4.5
1674.0,4.5
631.0,4.40339620734594
473.0,4.213343573735793
223.0,4.20649706098336
