item_id,predicted_score
977.0,5.000000000000002
287.0,5.000000000000001
268.0,5.0
479.0,5.0
1011.0,5.0
1054.0,5.0
794.0,5.0
1130.0,5.0
1136.0,5.0
1188.0,5.0
