item_id,predicted_score
50.0,4.401328490871488
181.0,4.400925635152735
1381.0,4.4
1476.0,4.4
1504.0,4.4
1370.0,4.4
1675.0,4.4
1676.0,4.4
655.0,4.399642489308918
135.0,4.399078607804379
