item_id,predicted_score
166.0,5.000000000000001
199.0,5.000000000000001
342.0,5.000000000000001
80.0,5.000000000000001
441.0,5.000000000000001
601.0,5.000000000000001
640.0,5.000000000000001
224.0,5.000000000000001
815.0,5.000000000000001
1180.0,5.000000000000001
