item_id,predicted_score
1360.0,4.4
1593.0,4.4
58.0,4.274767281932851
655.0,4.273277957506908
558.0,4.272918052228633
484.0,4.27198243879622
317.0,4.271727793494369
919.0,4.271212631782427
467.0,4.271114217642439
1342.0,4.25
