item_id,predicted_score
918.0,4.909064698176955
847.0,4.819001990459066
239.0,4.818276373206196
1313.0,4.818181818181818
380.0,4.818020735456078
981.0,4.817888678248254
991.0,4.730358251097293
1009.0,4.729167631027987
289.0,4.728681975197312
263.0,4.7283647753479
