item_id,predicted_score
131.0,4.603002269886256
93.0,4.602005589031453
283.0,4.60146992202253
1012.0,4.601133872668972
124.0,4.600786510941345
293.0,4.600721272942331
460.0,4.6006199764945945
660.0,4.6003820609605715
58.0,4.6003451794127725
137.0,4.600144947751524
