item_id,predicted_score
1201.0,4.333333333333333
673.0,4.181173950918107
411.0,4.097885930592772
505.0,4.093991942847485
321.0,4.09354370548963
475.0,4.007653696937879
56.0,4.004157127628956
176.0,4.003173063942651
134.0,4.002480644462263
1360.0,4.0
