item_id,predicted_score
357.0,5.000000000000001
404.0,5.0
98.0,5.0
863.0,5.0
1171.0,5.0
1175.0,5.0
1448.0,5.0
1653.0,5.0
191.0,4.999999999999999
735.0,4.999999999999999
