item_id,predicted_score
1342.0,5.0
1201.0,4.5
1360.0,4.4
1593.0,4.4
1674.0,4.333333333333333
444.0,4.270695999631359
1332.0,4.25
1346.0,4.2
462.0,4.183264952109163
293.0,4.181113763412896
