item_id,predicted_score
1354.0,5.0
839.0,4.7272727272727275
1.0,4.727186464286227
150.0,4.727178194766368
95.0,4.727044803308897
1342.0,4.666666666666667
679.0,4.638166709515904
228.0,4.637724591905256
202.0,4.637700538173494
213.0,4.637587454355914
