item_id,predicted_score
1235.0,5.0
1175.0,5.0
1433.0,5.0
1671.0,5.0
1678.0,5.0
1679.0,5.0
1680.0,5.0
11.0,4.819061535341332
727.0,4.818726823559124
479.0,4.818098053185315
