item_id,predicted_score
172.0,4.72472066613244
318.0,4.637357414622597
506.0,4.636700862330248
50.0,4.635218815628107
123.0,4.546053266170789
181.0,4.545763883393004
293.0,4.545676227561705
257.0,4.545666470635492
1075.0,4.545454545454546
908.0,4.545454545454546
