item_id,predicted_score
1414.0,4.0
1455.0,4.0
1507.0,3.8
1573.0,3.7544916661594914
1308.0,3.6733683652895905
1212.0,3.6673218687465012
957.0,3.6666666666666665
1354.0,3.6666666666666665
784.0,3.6666666666666665
1104.0,3.6666666666666665
