item_id,predicted_score
135.0,5.0
70.0,5.0
1202.0,5.0
181.0,4.801464709457371
270.0,4.800792394191387
58.0,4.800649956139895
191.0,4.800297647959088
323.0,4.800167905501144
197.0,4.800039237131393
342.0,4.8
