item_id,predicted_score
1658.0,4.181818181818182
185.0,4.1800712745969895
127.0,4.179832701330312
187.0,4.0909896122863465
930.0,4.090909090909091
1360.0,4.090909090909091
1593.0,4.090909090909091
1455.0,4.090909090909091
71.0,4.000392320441849
21.0,4.0
