item_id,predicted_score
1653.0,5.0
1234.0,4.363636363636363
1654.0,4.363636363636363
1681.0,4.363636363636363
1354.0,4.333333333333333
1175.0,4.333333333333333
1293.0,4.273216675717245
1254.0,4.2727272727272725
1672.0,4.2727272727272725
1150.0,4.181818181818182
