item_id,predicted_score
153.0,4.800925513591958
1430.0,4.8
1643.0,4.8
210.0,4.799706377388974
1332.0,4.666666666666667
1472.0,4.666666666666667
1500.0,4.666666666666667
195.0,4.600995365025006
181.0,4.600988126176839
258.0,4.600971989561716
