item_id,predicted_score
1354.0,4.5
64.0,4.455326071194497
515.0,4.455248136376455
527.0,4.455241269283372
1.0,4.454587360616535
558.0,4.45445911635221
418.0,4.454321446275891
71.0,4.454291857176274
265.0,4.454105342445546
423.0,4.3639507679380465
