item_id,predicted_score
1342.0,4.666666666666667
1354.0,4.6
1431.0,4.2727272727272725
1360.0,4.181818181818182
1593.0,4.181818181818182
181.0,4.180448891262078
78.0,4.090909090909091
376.0,4.090909090909091
1244.0,4.090909090909091
1332.0,4.090909090909091
