item_id,predicted_score
1653.0,5.0
275.0,4.601041841506706
448.0,4.600358392579044
11.0,4.600136995253034
1599.0,4.6
261.0,4.599870375112
139.0,4.599175142119882
425.0,4.401947689853984
426.0,4.400972839090254
742.0,4.4007867359281345
