item_id,predicted_score
1526.0,4.571428571428571
1360.0,4.4
1593.0,4.4
1354.0,4.333333333333333
1342.0,4.166666666666667
1656.0,4.090909090909091
1346.0,4.0
1573.0,4.0
1347.0,3.9090470941110866
868.0,3.9067807743399614
