item_id,predicted_score
340.0,3.2680879979354276
475.0,3.1763780359396763
626.0,3.0
346.0,2.9944304700554936
439.0,2.909090909090909
1410.0,2.909090909090909
1513.0,2.909090909090909
1438.0,2.909090909090909
1351.0,2.909090909090909
195.0,2.9038845785985434
