item_id,predicted_score
1653.0,5.0
777.0,4.196213830981977
317.0,4.184526426700218
154.0,4.184354954306363
114.0,4.184081511730383
817.0,4.183982243669643
787.0,4.183514074782148
528.0,4.183397265180913
227.0,4.182978622156006
479.0,4.182329608662786
