item_id,predicted_score
1614.0,5.0
358.0,4.60291267800418
258.0,4.601474693081232
288.0,4.600686571832107
174.0,4.597362256703765
735.0,4.594277327587088
204.0,4.594119862903945
109.0,4.5866381735177715
1130.0,4.5
172.0,4.400966866053489
