item_id,predicted_score
441.0,5.000000000000002
1.0,5.000000000000001
4.0,5.000000000000001
173.0,5.000000000000001
174.0,5.000000000000001
208.0,5.000000000000001
228.0,5.000000000000001
233.0,5.000000000000001
396.0,5.000000000000001
430.0,5.000000000000001
