item_id,predicted_score
1467.0,4.333333333333333
1614.0,4.333333333333333
1342.0,4.333333333333333
1682.0,4.333333333333333
1330.0,4.2
1447.0,4.2
1450.0,4.2
1452.0,4.2
1453.0,4.2
1460.0,4.2
