item_id,predicted_score
64.0,5.0
1235.0,5.0
1433.0,5.0
1671.0,5.0
1678.0,5.0
1679.0,5.0
1680.0,5.0
28.0,4.999999999999999
69.0,4.90893097320772
294.0,4.818429627874954
