item_id,predicted_score
1354.0,4.625
1434.0,4.545454545454546
1497.0,4.545454545454546
1659.0,4.545454545454546
1660.0,4.545454545454546
1673.0,4.545454545454546
1347.0,4.454545454545454
1595.0,4.454545454545454
1596.0,4.454545454545454
1609.0,4.454545454545454
