item_id,predicted_score
398.0,5.000000000000002
572.0,5.000000000000002
984.0,5.000000000000002
764.0,5.000000000000002
38.0,5.000000000000001
278.0,5.000000000000001
287.0,5.000000000000001
368.0,5.000000000000001
383.0,5.000000000000001
448.0,5.000000000000001
