item_id,predicted_score
1130.0,5.0
1619.0,4.5
1673.0,4.5
1201.0,4.333333333333333
1175.0,4.333333333333333
162.0,4.09446601691804
587.0,4.091358234093125
155.0,4.090599406727307
724.0,4.085628483958102
1280.0,4.007171017774197
