item_id,predicted_score
871.0,4.8
8.0,4.798812869096428
237.0,4.798520040652596
58.0,4.601660320060518
1140.0,4.6
623.0,4.6
1207.0,4.6
1451.0,4.6
1672.0,4.6
569.0,4.599987377302641
