item_id,predicted_score
1342.0,5.0
172.0,4.727916110070397
195.0,4.7276619658869965
907.0,4.636363636363637
1.0,4.636221031267397
495.0,4.545868281371912
176.0,4.545483507659267
123.0,4.544603249800384
169.0,4.54424301403403
217.0,4.5437305023608126
