item_id,predicted_score
202.0,4.800635525980932
655.0,4.80049145303685
1414.0,4.8
729.0,4.799015661813151
144.0,4.601530971005766
329.0,4.6
353.0,4.6
439.0,4.6
817.0,4.6
827.0,4.6
