item_id,predicted_score
188.0,4.727727630120913
1316.0,4.545454545454546
1342.0,4.5
1024.0,4.454545454545454
1141.0,4.454545454545454
1589.0,4.454545454545454
1597.0,4.454545454545454
1406.0,4.454545454545454
56.0,4.452910511616617
142.0,4.364466797130434
