item_id,predicted_score
1021.0,4.641376924928172
783.0,4.639528690896579
543.0,4.636802969917779
1153.0,4.63589758939821
552.0,4.550045159215771
769.0,4.547363893656921
1037.0,4.5471613674561295
1279.0,4.547132612188345
748.0,4.547017997941052
926.0,4.546652187265594
