item_id,predicted_score
197.0,4.453727254112795
178.0,4.453242460656676
515.0,4.364487801968619
182.0,4.364157776084999
200.0,4.363729355806208
479.0,4.363693404537435
510.0,4.363658847212808
804.0,4.363636363636363
1500.0,4.363636363636363
487.0,4.3633726397762835
