item_id,predicted_score
453.0,4.818181818181818
606.0,4.818111534119813
1342.0,4.75
480.0,4.727326074020131
427.0,4.72731964067306
348.0,4.7272727272727275
908.0,4.7272727272727275
1249.0,4.7272727272727275
302.0,4.726790621395876
23.0,4.726494042611704
