item_id,predicted_score
8.0,5.000000000000001
13.0,5.000000000000001
22.0,5.000000000000001
28.0,5.000000000000001
30.0,5.000000000000001
45.0,5.000000000000001
68.0,5.000000000000001
79.0,5.000000000000001
106.0,5.000000000000001
122.0,5.000000000000001
