item_id,predicted_score
1122.0,4.5
1455.0,4.5
1556.0,4.461687986225291
268.0,4.456329164934591
98.0,4.455325180135377
321.0,4.454835875469004
285.0,4.454828634088005
1497.0,4.454545454545454
1659.0,4.454545454545454
1660.0,4.454545454545454
