item_id,predicted_score
1342.0,5.0
146.0,4.8
228.0,4.799980980891809
181.0,4.601872535961594
403.0,4.600078721172515
1130.0,4.6
1227.0,4.6
1260.0,4.6
1302.0,4.6
1241.0,4.6
