item_id,predicted_score
1463.0,4.7002377718153525
1243.0,4.691244239631336
1237.0,4.671423722256658
1662.0,4.605770066453932
1433.0,4.5
1617.0,4.5
1390.0,4.5
1417.0,4.5
1477.0,4.5
1663.0,4.5
