item_id,predicted_score
1653.0,5.0
1342.0,4.666666666666667
1447.0,4.6
1450.0,4.6
1452.0,4.6
1453.0,4.6
1460.0,4.6
1461.0,4.6
1556.0,4.59976421994141
907.0,4.571428571428571
