item_id,predicted_score
79.0,4.2000806664577235
1072.0,4.2
1396.0,4.2
790.0,4.011885788954073
67.0,4.004162200041127
252.0,4.002987598706924
475.0,4.0028191097747
762.0,4.002204015723767
366.0,4.000996614402307
783.0,4.0009331054432975
