item_id,predicted_score
12.0,4.800129329116729
1122.0,4.8
1234.0,4.8
1369.0,4.8
1614.0,4.8
64.0,4.600338167896584
870.0,4.6
983.0,4.6
266.0,4.6
1227.0,4.6
