item_id,predicted_score
317.0,4.909285581674726
677.0,4.818181818181818
1171.0,4.818181818181818
1604.0,4.7272727272727275
1609.0,4.7272727272727275
1619.0,4.7272727272727275
1318.0,4.714285714285714
247.0,4.636363636363637
1181.0,4.636363636363637
1247.0,4.636363636363637
