item_id,predicted_score
1523.0,4.857142857142857
315.0,4.818149157282845
1661.0,4.8
54.0,4.726647491413942
829.0,4.726313196610703
90.0,4.639498045852435
38.0,4.638736646379457
1.0,4.6368135977729565
1186.0,4.636363636363637
1106.0,4.636363636363637
