item_id,predicted_score
1235.0,4.0
1653.0,4.0
66.0,3.9097908848642278
143.0,3.909197031089313
94.0,3.9082509731843356
1053.0,3.818570416756258
204.0,3.81850516250755
195.0,3.8184803351422056
174.0,3.8182725161630846
1424.0,3.8181818181818183
