item_id,predicted_score
195.0,4.633940907963512
935.0,4.545454545454546
318.0,4.454920699749194
1609.0,4.454545454545454
12.0,4.3642724872306635
651.0,4.364210232813274
598.0,4.363636363636363
817.0,4.363636363636363
1122.0,4.363636363636363
19.0,4.36353038542834
