item_id,predicted_score
1175.0,5.0
462.0,4.636082757155916
607.0,4.545755472784507
650.0,4.366622228313073
443.0,4.364789693056164
302.0,4.362876557408929
490.0,4.362553925819946
122.0,4.275405213546095
207.0,4.273766937352048
216.0,4.273268196463246
