item_id,predicted_score
1332.0,4.6
1.0,4.400157342779241
1201.0,4.4
1430.0,4.4
98.0,4.39982847512468
174.0,4.3994540664625825
22.0,4.398395954672837
28.0,4.3976045704011035
195.0,4.201271221095724
172.0,4.200951231482655
