item_id,predicted_score
1360.0,4.6
1593.0,4.6
137.0,4.364762013660043
718.0,4.271275108211905
56.0,4.271164880076422
248.0,4.268647889014078
1346.0,4.25
38.0,4.185001910726325
463.0,4.18436265459571
346.0,4.182991366119994
