item_id,predicted_score
58.0,4.818109163560597
307.0,4.818032333197028
213.0,4.817760007286648
654.0,4.728070966732364
283.0,4.727689576450071
127.0,4.7275355709618365
479.0,4.727511943473409
134.0,4.727414027816323
475.0,4.727412047238573
56.0,4.7270960338371975
