item_id,predicted_score
7.0,5.000000000000001
507.0,5.000000000000001
478.0,5.000000000000001
475.0,5.000000000000001
1432.0,5.000000000000001
58.0,5.0
83.0,5.0
124.0,5.0
127.0,5.0
152.0,5.0
