item_id,predicted_score
1414.0,5.0
471.0,4.2043277330299995
144.0,4.202002001723132
515.0,4.20118008016691
1278.0,4.201162274147907
17.0,4.2011266078915765
137.0,4.20088489097474
127.0,4.200389841266496
290.0,4.200145917030199
475.0,4.200086486060615
