item_id,predicted_score
539.0,5.000000000000001
230.0,5.000000000000001
323.0,5.000000000000001
704.0,5.000000000000001
1019.0,5.000000000000001
937.0,5.000000000000001
1179.0,5.000000000000001
1247.0,5.000000000000001
1117.0,5.000000000000001
1337.0,5.000000000000001
