item_id,predicted_score
1142.0,4.818910460110884
1619.0,4.7272727272727275
258.0,4.726031440153345
50.0,4.637271713449494
89.0,4.636631788495362
1275.0,4.636363636363637
223.0,4.6363361931763825
127.0,4.63605711411332
708.0,4.635086542945445
419.0,4.634091529254901
