item_id,predicted_score
1308.0,4.363636363636363
784.0,4.363636363636363
1104.0,4.363636363636363
1306.0,4.363636363636363
1307.0,4.363636363636363
1334.0,4.363636363636363
1546.0,4.363636363636363
1548.0,4.363636363636363
1559.0,4.363636363636363
1564.0,4.363636363636363
