item_id,predicted_score
1332.0,4.0
437.0,3.909090909090909
74.0,3.909090909090909
1132.0,3.818266543591523
1289.0,3.8181818181818183
1448.0,3.8181818181818183
1604.0,3.8181818181818183
677.0,3.7777777777777777
1507.0,3.7777777777777777
1122.0,3.75
