item_id,predicted_score
335.0,4.4
1654.0,4.4
1342.0,4.333333333333333
173.0,4.200356103512371
98.0,4.200066558371391
247.0,4.2
872.0,4.2
1120.0,4.2
1125.0,4.2
901.0,4.2
