item_id,predicted_score
1235.0,4.0
1342.0,4.0
1653.0,4.0
1332.0,3.7142857142857144
1500.0,3.7142857142857144
473.0,3.6468335813038846
1656.0,3.6363636363636362
100.0,3.5465316016759214
234.0,3.545639789825076
474.0,3.545323080981921
