item_id,predicted_score
536.0,4.8
777.0,4.8
1130.0,4.8
1355.0,4.8
1213.0,4.8
1519.0,4.8
1312.0,4.8
1614.0,4.8
12.0,4.798726927686333
195.0,4.797769669251995
