item_id,predicted_score
69.0,4.598449627794577
98.0,4.400346612175236
1359.0,4.4
1558.0,4.4
313.0,4.3999553218009835
896.0,4.399854217180689
272.0,4.399784167758185
546.0,4.399298537380745
748.0,4.201273342602305
317.0,4.201168719561393
