item_id,predicted_score
1342.0,5.0
1347.0,4.7272727272727275
1354.0,4.666666666666667
1332.0,4.636363636363637
1377.0,4.636363636363637
1609.0,4.636363636363637
1327.0,4.636363636363637
1677.0,4.636363636363637
223.0,4.636346001904171
64.0,4.634976727854268
