item_id,predicted_score
98.0,4.273427538414214
200.0,4.2733147930477156
655.0,4.2728879382349
185.0,4.2725069266098235
216.0,4.182520448486501
427.0,4.181702362662289
1338.0,4.090909090909091
89.0,4.09046117177949
187.0,4.000776068950186
153.0,4.000610948025478
