item_id,predicted_score
223.0,5.000000000000001
1122.0,5.0
1342.0,5.0
98.0,4.803376297344431
301.0,4.8027853579649
209.0,4.8027008559028355
172.0,4.80161889792131
50.0,4.801284106197305
132.0,4.801272254209988
313.0,4.801257201202068
