item_id,predicted_score
507.0,4.40361170534363
592.0,4.4
1108.0,4.4
1549.0,4.4
1585.0,4.4
1282.0,4.399245163515503
92.0,4.398879665476548
516.0,4.397375097036628
1165.0,4.214058756420845
375.0,4.207506314957131
