item_id,predicted_score
1463.0,4.291707938318025
1617.0,4.216734475747445
1293.0,4.206476690600232
1612.0,4.2030512010449925
1432.0,4.2
1613.0,4.2
1624.0,4.2
1625.0,4.2
1678.0,4.2
1679.0,4.2
