item_id,predicted_score
278.0,5.0
389.0,5.0
1342.0,5.0
401.0,4.803139607983328
238.0,4.801252449897351
623.0,4.8009956494082
8.0,4.800652493852223
141.0,4.800275096283143
153.0,4.8000707209313145
1241.0,4.8
