item_id,predicted_score
3.0,4.400489900498397
329.0,4.4
585.0,4.4
775.0,4.4
826.0,4.4
917.0,4.4
1035.0,4.4
1120.0,4.4
388.0,4.4
23.0,4.398428967582928
