item_id,predicted_score
1130.0,4.545454545454546
600.0,4.363636363636363
1392.0,4.2727272727272725
1455.0,4.2727272727272725
742.0,4.267560671620009
681.0,4.181818181818182
1144.0,4.181818181818182
1246.0,4.181818181818182
1447.0,4.181818181818182
1450.0,4.181818181818182
