item_id,predicted_score
1342.0,5.0
1618.0,4.666666666666667
1332.0,4.571428571428571
907.0,4.555555555555555
1612.0,4.500529975127645
1500.0,4.5
1476.0,4.454545454545454
1616.0,4.454545454545454
1430.0,4.454545454545454
1675.0,4.428571428571429
