item_id,predicted_score
1003.0,4.7272727272727275
1353.0,4.545454545454546
1556.0,4.5
1455.0,4.5
130.0,4.460588178608574
891.0,4.454545454545454
1308.0,4.426123640956178
643.0,4.4
784.0,4.4
1104.0,4.4
