item_id,predicted_score
176.0,5.0
125.0,5.0
1272.0,5.0
603.0,4.80059513947652
480.0,4.800457045462058
127.0,4.800047202172264
146.0,4.8
442.0,4.8
541.0,4.8
835.0,4.8
