item_id,predicted_score
1598.0,4.2727272727272725
472.0,4.1858858134294685
1130.0,4.181818181818182
1486.0,4.181818181818182
1494.0,4.181818181818182
926.0,4.092499737309398
200.0,4.092145747125973
884.0,4.090909090909091
893.0,4.090909090909091
1654.0,4.090909090909091
