item_id,predicted_score
1342.0,5.0
686.0,4.908858018536747
173.0,4.728303827426065
86.0,4.637354050617062
969.0,4.637312039486932
88.0,4.636917324639287
418.0,4.636493405069315
1242.0,4.636363636363637
596.0,4.633017561821534
417.0,4.547890494916745
