item_id,predicted_score
1354.0,5.0
1318.0,5.0
1357.0,5.0
1342.0,5.0
1130.0,4.777777777777778
1362.0,4.75
359.0,4.7272727272727275
973.0,4.7272727272727275
918.0,4.7272727272727275
1250.0,4.7272727272727275
