item_id,predicted_score
104.0,4.818181818181818
1408.0,4.818181818181818
211.0,4.817460501774796
566.0,4.81615787284374
353.0,4.7272727272727275
667.0,4.7272727272727275
937.0,4.7272727272727275
376.0,4.7272727272727275
1468.0,4.7272727272727275
1490.0,4.7272727272727275
