item_id,predicted_score
1360.0,5.0
1593.0,5.0
173.0,4.546056061027352
1455.0,4.545454545454546
455.0,4.545113401652664
1472.0,4.521065362105849
1332.0,4.5
1673.0,4.5
1542.0,4.454615296666382
938.0,4.454545454545454
