item_id,predicted_score
1342.0,4.571428571428571
479.0,4.4552960261957635
86.0,4.454932562779798
1354.0,4.4
1530.0,4.363636363636363
38.0,4.363258405446773
542.0,4.3618429867974795
444.0,4.358696954437803
1357.0,4.333333333333333
55.0,4.275170630299602
