item_id,predicted_score
1330.0,4.545454545454546
1165.0,4.454545454545454
868.0,4.454545454545454
1500.0,4.454545454545454
1448.0,4.363636363636363
1486.0,4.363636363636363
1494.0,4.363636363636363
1614.0,4.363636363636363
850.0,4.2727272727272725
1077.0,4.2727272727272725
