item_id,predicted_score
1332.0,4.666666666666667
98.0,4.6356473096634705
1673.0,4.625
1618.0,4.6
1280.0,4.547816625080882
193.0,4.546766798391722
346.0,4.546725070044843
234.0,4.546093073275883
1081.0,4.545454545454546
1455.0,4.545454545454546
