item_id,predicted_score
1357.0,5.0
132.0,4.908689499554531
1422.0,4.7272727272727275
311.0,4.637144413051161
659.0,4.6365598370082965
192.0,4.636345143800534
423.0,4.635458799646346
23.0,4.547314860250524
9.0,4.545899848581041
972.0,4.545734621097332
