item_id,predicted_score
1175.0,4.0
83.0,3.910648738314027
613.0,3.9104625785941627
77.0,3.81831192957001
706.0,3.8181818181818183
1342.0,3.8
173.0,3.7282728235727585
222.0,3.727960176048859
1371.0,3.727272727272727
1662.0,3.727272727272727
