item_id,predicted_score
1136.0,4.729470699554852
318.0,4.5488837495946
207.0,4.543616681649933
611.0,4.455060905583266
351.0,4.454855721143859
902.0,4.454535644550853
735.0,4.453592610450159
159.0,4.452780517984652
205.0,4.449902710637795
47.0,4.449886923021446
