item_id,predicted_score
1455.0,5.0
1674.0,5.0
1332.0,4.5
1614.0,4.0
688.0,3.8222925357139617
261.0,3.8171808542952164
1507.0,3.8
1178.0,3.6371440304276623
245.0,3.636947343231569
1469.0,3.6363636363636362
