item_id,predicted_score
907.0,5.0
1430.0,4.8
1398.0,4.75
1431.0,4.713286713286713
361.0,4.685225919974514
1332.0,4.666666666666667
1434.0,4.646288032689701
179.0,4.635828173189502
705.0,4.634902492872544
86.0,4.546192391400786
