item_id,predicted_score
1179.0,4.6
1280.0,4.6
1123.0,4.6
1608.0,4.6
64.0,4.598047497025352
97.0,4.597194983706483
1342.0,4.5
50.0,4.401397336485998
360.0,4.4
760.0,4.4
