item_id,predicted_score
1414.0,4.666666666666667
1332.0,4.25
1556.0,4.2
109.0,4.197702924535141
741.0,4.195896276549479
287.0,4.0
296.0,4.0
357.0,4.0
601.0,4.0
1177.0,4.0
