item_id,predicted_score
319.0,4.800438435915046
127.0,4.800020868023862
302.0,4.600365453950555
263.0,4.6
1202.0,4.6
1312.0,4.6
1547.0,4.6
1551.0,4.6
1620.0,4.6
483.0,4.599656697224824
