item_id,predicted_score
784.0,4.333333333333333
1104.0,4.333333333333333
1306.0,4.333333333333333
1307.0,4.333333333333333
1334.0,4.333333333333333
1546.0,4.333333333333333
1548.0,4.333333333333333
1559.0,4.333333333333333
1564.0,4.333333333333333
1566.0,4.333333333333333
