item_id,predicted_score
1331.0,4.8
187.0,4.600460171670185
137.0,4.600158640903369
824.0,4.6
1555.0,4.6
185.0,4.599796622306987
291.0,4.599633463160644
735.0,4.599600106859245
193.0,4.401081210626671
461.0,4.400933758385549
