item_id,predicted_score
471.0,4.799966962493258
282.0,4.799685654328271
117.0,4.60090026605518
22.0,4.600880324213309
281.0,4.60051781341309
882.0,4.600380728660259
294.0,4.600372731306884
1530.0,4.6
815.0,4.599863645804364
89.0,4.599829857995754
