item_id,predicted_score
1653.0,4.666666666666667
64.0,4.091575447336672
99.0,4.091375102561565
651.0,4.091369662104891
213.0,4.000924642799542
496.0,4.00074401258291
633.0,4.000683670145056
132.0,4.000557891858561
607.0,4.000544485167791
1134.0,4.0004393719471425
