item_id,predicted_score
309.0,4.183476253860106
200.0,4.182925502705998
992.0,4.181818181818182
1375.0,4.181355177856801
2.0,4.1753187969387495
108.0,4.094508002918655
79.0,4.092301056091691
1429.0,4.08404310735419
748.0,4.002771288606371
222.0,4.000943415873116
