item_id,predicted_score
1251.0,4.8
1619.0,4.8
1096.0,4.6
1138.0,4.6
587.0,4.6
1594.0,4.6
476.0,4.403045306534394
709.0,4.40070283400455
179.0,4.400312967431822
135.0,4.4000430345718335
