item_id,predicted_score
1360.0,4.666666666666667
1593.0,4.666666666666667
1502.0,4.6
997.0,4.5947109740063485
902.0,4.403101603390152
518.0,4.402325686688163
350.0,4.401233105919074
390.0,4.4
1138.0,4.4
1467.0,4.4
