item_id,predicted_score
401.0,4.398111654333925
94.0,4.398053069921738
141.0,4.397993365257364
1466.0,4.200369629050337
736.0,4.199653626126139
145.0,4.199375145485697
595.0,4.198921962972796
523.0,4.198379768942376
584.0,4.198317901779923
416.0,4.19655016376025
