item_id,predicted_score
1414.0,5.0
861.0,5.0
1556.0,5.0
1357.0,5.0
1662.0,4.645051510399341
641.0,4.643889364187439
780.0,4.641842465012196
68.0,4.640010503846149
671.0,4.639472770069634
364.0,4.637647458112922
