item_id,predicted_score
1180.0,5.0
1308.0,5.0
679.0,4.8029847860566255
299.0,4.802977807428803
1048.0,4.801848463726465
591.0,4.801719361634288
80.0,4.801040449656734
171.0,4.800482147300608
685.0,4.800243398746608
248.0,4.8000543372374285
