item_id,predicted_score
973.0,5.0
1487.0,5.0
1508.0,5.0
1501.0,4.601085405019169
1322.0,4.500096357694025
1298.0,4.5
1462.0,4.5
113.0,4.499807470043644
1468.0,4.401891519164037
1435.0,4.375451730017533
