item_id,predicted_score
725.0,4.6
368.0,4.4
872.0,4.4
989.0,4.4
1393.0,4.4
1656.0,4.4
462.0,4.399087937614658
778.0,4.201027375912907
545.0,4.2
901.0,4.2
