item_id,predicted_score
79.0,4.399942114047834
75.0,4.2
1125.0,4.2
1359.0,4.2
1413.0,4.2
1534.0,4.2
742.0,4.194142089706244
897.0,4.0
1027.0,4.0
1122.0,4.0
