item_id,predicted_score
1431.0,4.8
302.0,4.600461074192118
210.0,4.600263309636968
817.0,4.6
1054.0,4.6
1234.0,4.6
1539.0,4.6
660.0,4.599356959433053
172.0,4.593348525531944
28.0,4.401306429844601
