item_id,predicted_score
473.0,4.636606627912698
752.0,4.547158411229972
979.0,4.545555085939843
355.0,4.544916977670732
224.0,4.54343633079114
1653.0,4.5
411.0,4.456502379188703
236.0,4.455414059881936
423.0,4.455202213443086
23.0,4.454970361364488
