item_id,predicted_score
540.0,4.364134009024059
972.0,4.361138336308549
381.0,4.273316100998339
258.0,4.273146154574423
213.0,4.273131138013282
276.0,4.2727640122708905
7.0,4.272751404573085
959.0,4.2727272727272725
782.0,4.2727272727272725
1273.0,4.2727272727272725
