item_id,predicted_score
1507.0,4.0
1357.0,4.0
1455.0,4.0
1675.0,4.0
1676.0,4.0
1325.0,3.857142857142857
1329.0,3.857142857142857
1339.0,3.857142857142857
1340.0,3.857142857142857
1341.0,3.857142857142857
