item_id,predicted_score
1550.0,5.0
1614.0,5.0
1342.0,5.0
677.0,4.833333333333333
988.0,4.819654522498724
1337.0,4.734986911913513
1474.0,4.73344860055445
1040.0,4.731899851305603
457.0,4.730265306911826
1117.0,4.729974337334241
