item_id,predicted_score
1342.0,4.0
1420.0,3.8181818181818183
1312.0,3.8181818181818183
100.0,3.8157158170373573
908.0,3.727272727272727
1102.0,3.727272727272727
1361.0,3.727272727272727
1654.0,3.727272727272727
678.0,3.7266038375189825
50.0,3.7263719417350862
