item_id,predicted_score
1189.0,4.2727272727272725
1673.0,4.2727272727272725
237.0,4.272051686502527
1347.0,4.181818181818182
1455.0,4.181818181818182
1677.0,4.181818181818182
64.0,4.1817695045389245
191.0,4.181216999668884
22.0,4.18119731030138
677.0,4.090909090909091
