item_id,predicted_score
1354.0,5.0
1332.0,5.0
1515.0,5.0
1455.0,5.0
705.0,4.999999999999999
482.0,4.8003704195292345
762.0,4.800201609544417
1201.0,4.8
1472.0,4.8
1182.0,4.799797261747169
