item_id,predicted_score
347.0,5.0
690.0,4.8018589305556585
357.0,4.800973529566598
773.0,4.8
894.0,4.8
1332.0,4.8
1602.0,4.8
1614.0,4.8
1455.0,4.8
331.0,4.798494059026521
