item_id,predicted_score
1438.0,4.545454545454546
1347.0,4.545454545454546
907.0,4.454545454545454
64.0,4.453315651568228
1342.0,4.4
1186.0,4.363636363636363
1367.0,4.363636363636363
1626.0,4.363636363636363
1497.0,4.363636363636363
1659.0,4.363636363636363
