item_id,predicted_score
1332.0,4.0
156.0,3.8134943363114857
122.0,3.812515478618552
90.0,3.8110194745672143
108.0,3.80948452161054
17.0,3.8089276548768964
693.0,3.8086885960128476
428.0,3.8081091494389847
971.0,3.8080324675648
637.0,3.807481037976246
