item_id,predicted_score
410.0,5.000000000000001
533.0,5.000000000000001
56.0,5.000000000000001
484.0,5.000000000000001
1007.0,5.000000000000001
1057.0,5.000000000000001
1153.0,5.000000000000001
1380.0,5.000000000000001
1160.0,5.000000000000001
58.0,5.0
