item_id,predicted_score
1332.0,4.363636363636363
1500.0,4.363636363636363
50.0,4.273657058172979
228.0,4.273333817005019
79.0,4.273175599494806
99.0,4.272774471399419
146.0,4.2727272727272725
1130.0,4.2727272727272725
1455.0,4.2727272727272725
96.0,4.272321077101414
