item_id,predicted_score
1500.0,4.8
1619.0,4.636363636363637
1614.0,4.6
50.0,4.547332173744143
181.0,4.546695784339553
174.0,4.546540798553235
172.0,4.545512143871697
1573.0,4.545454545454546
79.0,4.545044770355018
666.0,4.454545454545454
