item_id,predicted_score
187.0,3.909554714525834
375.0,3.909090909090909
556.0,3.909090909090909
1173.0,3.909090909090909
120.0,3.909090909090909
1377.0,3.909090909090909
554.0,3.819394995507541
932.0,3.8181818181818183
1185.0,3.8181818181818183
1447.0,3.8181818181818183
