item_id,predicted_score
1122.0,5.0
1201.0,5.0
1519.0,5.0
1604.0,5.0
1455.0,5.0
1674.0,5.0
1407.0,4.726909384121294
164.0,4.7231950188770435
1360.0,4.666666666666667
1593.0,4.666666666666667
