item_id,predicted_score
1526.0,5.0
907.0,4.666666666666667
437.0,4.5
1122.0,4.5
1486.0,4.5
1491.0,4.5
1494.0,4.5
1163.0,4.4584108712190815
681.0,4.4545708703478475
646.0,4.453873081820384
