item_id,predicted_score
77.0,5.000000000000001
349.0,5.000000000000001
1202.0,5.0
1325.0,5.0
1329.0,5.0
1339.0,5.0
1340.0,5.0
1341.0,5.0
1345.0,5.0
1349.0,5.0
