item_id,predicted_score
134.0,4.362866653963537
519.0,4.36281316273619
484.0,4.361919069802275
654.0,4.361496831273747
1357.0,4.333333333333333
483.0,4.2749934156461675
705.0,4.274144070665197
927.0,4.2727272727272725
875.0,4.272121226159547
936.0,4.271904491587928
