item_id,predicted_score
199.0,3.3636055433774827
228.0,3.3596997876711767
227.0,3.2742041792908636
1360.0,3.272727272727273
1593.0,3.272727272727273
1598.0,3.272727272727273
180.0,3.2718048061422524
127.0,3.2714041996757546
172.0,3.2695092125474625
193.0,3.2687518711067134
