item_id,predicted_score
582.0,4.4553826440973054
1658.0,4.454545454545454
8.0,4.4530069612653085
1342.0,4.4
1540.0,4.363636363636363
1671.0,4.363636363636363
1136.0,4.2727272727272725
1512.0,4.2727272727272725
450.0,4.181818181818182
758.0,4.181818181818182
