item_id,predicted_score
1653.0,5.0
357.0,4.727450519958703
1295.0,4.7272727272727275
170.0,4.546627794398799
64.0,4.544618913454977
1191.0,4.5
828.0,4.363636363636363
888.0,4.363636363636363
1150.0,4.363636363636363
527.0,4.363553082289408
