item_id,predicted_score
1432.0,5.000000000000001
1463.0,5.000000000000001
600.0,5.0
677.0,5.0
1122.0,5.0
1146.0,5.0
1234.0,5.0
1235.0,5.0
1293.0,5.0
1175.0,5.0
