item_id,predicted_score
237.0,5.0
366.0,5.0
1049.0,5.0
922.0,5.0
861.0,5.0
1463.0,5.0
427.0,4.8008856672617455
663.0,4.800418360855215
139.0,4.8
269.0,4.8
