item_id,predicted_score
421.0,4.547724779942662
973.0,4.545454545454546
874.0,4.545454545454546
813.0,4.54539537279362
317.0,4.54522124789712
288.0,4.545203755539551
193.0,4.5448318273411665
275.0,4.4553358619271375
655.0,4.454775036762469
505.0,4.454671886949136
