item_id,predicted_score
1342.0,4.5
1654.0,4.363636363636363
1223.0,4.2727272727272725
1671.0,4.2
1433.0,4.182743997631557
359.0,4.181818181818182
1122.0,4.181818181818182
361.0,4.181818181818182
590.0,4.090909090909091
935.0,4.090909090909091
