item_id,predicted_score
1519.0,5.0
1526.0,5.0
1357.0,4.666666666666667
839.0,4.666666666666667
1107.0,4.542580063855752
1424.0,4.5
1361.0,4.5
1515.0,4.5
1619.0,4.5
1500.0,4.5
