item_id,predicted_score
1342.0,4.666666666666667
1654.0,4.545454545454546
1500.0,4.454545454545454
1354.0,4.4
1333.0,4.363636363636363
1658.0,4.363636363636363
228.0,4.273279478677311
1300.0,4.2727272727272725
1434.0,4.2727272727272725
1447.0,4.2727272727272725
