item_id,predicted_score
135.0,4.4033107943466145
1234.0,4.4
1573.0,4.4
1500.0,4.4
427.0,4.399884721123784
708.0,4.394366996554862
367.0,4.391480488132063
1354.0,4.333333333333333
341.0,4.2
1233.0,4.2
