item_id,predicted_score
191.0,4.000255581183232
1414.0,4.0
1175.0,4.0
1342.0,4.0
1653.0,4.0
747.0,3.9976511401044794
404.0,3.9100956230598403
127.0,3.9092827744596836
907.0,3.909090909090909
492.0,3.908018950573097
