item_id,predicted_score
1332.0,5.0
1525.0,5.0
1675.0,5.0
1676.0,5.0
1398.0,4.666666666666667
937.0,4.641583804689059
1197.0,4.639223551018449
1469.0,4.637923761791617
197.0,4.636791760751035
1537.0,4.61707188209478
