item_id,predicted_score
354.0,4.364735549065141
194.0,4.2725207361761965
117.0,4.182406557097897
147.0,4.182025507534892
96.0,4.181665885340691
568.0,4.181103573917679
274.0,4.1810506999989805
174.0,4.180866270628882
172.0,4.179808216791678
321.0,4.092544121237653
