item_id,predicted_score
1122.0,5.0
1519.0,5.0
1342.0,5.0
1674.0,5.0
1682.0,5.0
1523.0,4.5
1374.0,4.4
1360.0,4.333333333333333
1593.0,4.333333333333333
1295.0,4.273383132706064
