item_id,predicted_score
906.0,5.0
1377.0,5.0
1609.0,5.0
777.0,4.909090909090909
1289.0,4.909090909090909
1333.0,4.909090909090909
1526.0,4.909090909090909
1484.0,4.909090909090909
1599.0,4.909090909090909
1455.0,4.909090909090909
