item_id,predicted_score
1414.0,5.0
335.0,4.800426355511137
34.0,4.8
681.0,4.602584870224007
189.0,4.601878000320006
956.0,4.601104159615664
58.0,4.600942565995068
345.0,4.600846766780801
1105.0,4.6
349.0,4.6
