item_id,predicted_score
1287.0,4.363636363636363
309.0,4.2727272727272725
341.0,4.2727272727272725
976.0,4.2727272727272725
1551.0,4.2727272727272725
787.0,4.272719206795873
1115.0,4.270143532732973
55.0,4.269831731789837
248.0,4.2676383741986985
994.0,4.181818181818182
