item_id,predicted_score
1338.0,4.636363636363637
1455.0,4.636363636363637
79.0,4.6359664631714
144.0,4.635764298288531
119.0,4.545454545454546
1526.0,4.545454545454546
643.0,4.545454545454546
784.0,4.545454545454546
1104.0,4.545454545454546
1306.0,4.545454545454546
