item_id,predicted_score
1175.0,5.0
1654.0,4.818181818181818
1653.0,4.777777777777778
1433.0,4.75
1678.0,4.75
1679.0,4.75
1680.0,4.75
1541.0,4.7272727272727275
1681.0,4.7272727272727275
1671.0,4.714285714285714
