item_id,predicted_score
1342.0,4.666666666666667
948.0,4.545454545454546
268.0,4.544871087345998
481.0,4.543004119702198
1653.0,4.5
496.0,4.45602077225776
272.0,4.453592409093419
699.0,4.453247154428121
64.0,4.450765541531468
286.0,4.446565904017836
