item_id,predicted_score
1606.0,4.5
1653.0,4.5
1318.0,4.2
1080.0,4.181818181818182
361.0,4.132439792655004
1658.0,4.1010915059295785
1600.0,4.090909090909091
791.0,4.0
1122.0,4.0
906.0,4.0
