item_id,predicted_score
1369.0,4.6
470.0,4.401024125694943
760.0,4.401015629319006
82.0,4.400571616742416
22.0,4.400512831026517
1525.0,4.4
1430.0,4.4
907.0,4.4
132.0,4.399985403311793
151.0,4.399846701274571
