item_id,predicted_score
136.0,5.000000000000001
404.0,5.000000000000001
487.0,5.0
789.0,5.0
1238.0,5.0
784.0,5.0
1104.0,5.0
1306.0,5.0
1307.0,5.0
1334.0,5.0
