item_id,predicted_score
1354.0,5.0
1342.0,5.0
1500.0,5.0
553.0,4.802544481192355
823.0,4.801327437964806
1025.0,4.801308801076486
199.0,4.801234052080559
887.0,4.801149065798491
126.0,4.800393867750268
601.0,4.800080800795094
