item_id,predicted_score
1674.0,5.0
1397.0,4.20937523685064
382.0,4.203726780284399
275.0,4.203713607779367
262.0,4.203512299071766
191.0,4.2034826174698905
86.0,4.20316270345745
514.0,4.202585604316686
427.0,4.202519182250593
188.0,4.2021863537816495
