item_id,predicted_score
1354.0,4.333333333333333
1415.0,4.272637442481015
202.0,4.270959585757359
1500.0,4.222222222222222
1234.0,4.181818181818182
1392.0,4.181818181818182
1030.0,4.175070451816732
1233.0,4.090909090909091
1254.0,4.090909090909091
1377.0,4.090909090909091
