item_id,predicted_score
1342.0,4.666666666666667
1599.0,4.555555555555555
1674.0,4.555555555555555
1397.0,4.545454545454546
1332.0,4.5
496.0,4.455129772610957
344.0,4.4518348678588735
1122.0,4.444444444444445
600.0,4.404147907542979
1455.0,4.375
