item_id,predicted_score
732.0,4.545375601870858
98.0,4.455070872904974
87.0,4.454729450930478
788.0,4.454545454545454
174.0,4.453939516296354
181.0,4.452212300686775
655.0,4.3652871957638215
144.0,4.365004920633638
79.0,4.364554518982846
222.0,4.363886337861383
