item_id,predicted_score
1081.0,4.909090909090909
1146.0,4.909090909090909
1313.0,4.909090909090909
1123.0,4.909090909090909
1674.0,4.909090909090909
1618.0,4.9
119.0,4.818181818181818
903.0,4.818181818181818
1125.0,4.818181818181818
1150.0,4.818181818181818
