item_id,predicted_score
302.0,4.727418553181148
1058.0,4.7272727272727275
50.0,4.63658436669981
303.0,4.636556136431046
883.0,4.636363636363637
1255.0,4.636363636363637
1295.0,4.636363636363637
1043.0,4.636363636363637
1544.0,4.636363636363637
766.0,4.636363636363637
