item_id,predicted_score
1653.0,4.333333333333333
740.0,4.27378158211809
1253.0,4.2727272727272725
1371.0,4.2727272727272725
1347.0,4.2727272727272725
1367.0,4.2727272727272725
473.0,4.272305174554045
91.0,4.183795934581473
222.0,4.182318459795668
1398.0,4.181818181818182
