item_id,predicted_score
1062.0,4.2
1628.0,4.2
1643.0,4.2
866.0,4.199927449447243
1134.0,4.198000759024208
257.0,4.001680908917507
471.0,4.001482981400425
123.0,4.0009838365205885
34.0,4.0
688.0,4.0
