item_id,predicted_score
1201.0,5.0
790.0,4.600719823139313
1391.0,4.6
780.0,4.598606523554759
16.0,4.59849402347627
1342.0,4.5
630.0,4.405883421998935
834.0,4.403350809057981
1118.0,4.401893880190013
917.0,4.401326908444562
