item_id,predicted_score
1175.0,5.0
722.0,4.600956003464888
15.0,4.6007691803405955
1272.0,4.6
95.0,4.599760620138733
1342.0,4.5
1653.0,4.5
419.0,4.401934011039895
194.0,4.401668016312403
515.0,4.400225478875347
