item_id,predicted_score
437.0,4.454545454545454
64.0,4.361126036526808
357.0,4.360908800395486
1318.0,4.285714285714286
1416.0,4.2727272727272725
1491.0,4.2727272727272725
1371.0,4.2727272727272725
267.0,4.2727272727272725
1656.0,4.2727272727272725
655.0,4.271635722466627
