item_id,predicted_score
1201.0,5.0
1455.0,5.0
1674.0,5.0
161.0,4.80140702470546
1282.0,4.799958701148455
328.0,4.7998720874022975
932.0,4.7993981544520805
323.0,4.798662933953946
612.0,4.6031695829525034
905.0,4.601698890111161
