item_id,predicted_score
195.0,4.816734357031232
172.0,4.545648682705815
1321.0,4.545454545454546
1510.0,4.545454545454546
1312.0,4.545454545454546
239.0,4.5452330600780435
228.0,4.544474190434743
210.0,4.543850960205975
181.0,4.54361645799231
202.0,4.455562929549748
