item_id,predicted_score
1175.0,5.000000000000001
1011.0,4.909522542675938
654.0,4.908965395021501
223.0,4.818703523908177
286.0,4.818564064572009
998.0,4.818181818181818
1314.0,4.818181818181818
1332.0,4.818181818181818
651.0,4.818117287974051
827.0,4.817831801230765
