item_id,predicted_score
1653.0,5.0
1599.0,4.363636363636363
63.0,4.362594560826152
11.0,4.2734238241861
35.0,4.2727272727272725
1096.0,4.2727272727272725
1507.0,4.2727272727272725
389.0,4.2725816432108745
1119.0,4.271765361065419
275.0,4.182886955805756
