item_id,predicted_score
679.0,4.635640277818674
899.0,4.545454545454546
1347.0,4.545454545454546
1354.0,4.5
51.0,4.455621821755312
223.0,4.455500646216553
52.0,4.454745515350681
1435.0,4.454545454545454
1600.0,4.454545454545454
124.0,4.454524446783418
