item_id,predicted_score
1431.0,4.636363636363637
50.0,4.364748192059211
981.0,4.363636363636363
1251.0,4.363636363636363
1295.0,4.363636363636363
1345.0,4.363636363636363
1674.0,4.363636363636363
230.0,4.273095092041439
66.0,4.273052220821405
1038.0,4.2727272727272725
