item_id,predicted_score
893.0,4.6
1526.0,4.6
267.0,4.6
1190.0,4.6
1612.0,4.6
172.0,4.599955826422344
480.0,4.599858480753971
64.0,4.599771318051025
195.0,4.598794180579535
144.0,4.597143783402063
