item_id,predicted_score
1.0,5.0
515.0,4.800665083690896
1075.0,4.8
788.0,4.8
1383.0,4.8
79.0,4.797985491591727
151.0,4.601490433965633
22.0,4.600775285152718
115.0,4.6
296.0,4.6
