item_id,predicted_score
1332.0,4.857142857142857
1354.0,4.8
1654.0,4.7272727272727275
1130.0,4.545454545454546
1127.0,4.545454545454546
1528.0,4.545454545454546
1360.0,4.545454545454546
1593.0,4.545454545454546
1347.0,4.545454545454546
1318.0,4.545454545454546
