item_id,predicted_score
1371.0,4.6
613.0,4.399430730185939
266.0,4.2
1274.0,4.2
907.0,4.2
173.0,4.198038413074978
83.0,4.002664191541809
190.0,4.000643220111104
529.0,4.000300145441593
870.0,4.0
