item_id,predicted_score
1342.0,5.0
1653.0,5.0
1614.0,4.666666666666667
143.0,4.547411766017904
187.0,4.547099517505114
427.0,4.545639388769916
167.0,4.545618443779681
227.0,4.545486523080808
762.0,4.5453360979102815
73.0,4.544984367451218
