item_id,predicted_score
1354.0,4.0
1519.0,4.0
1318.0,4.0
1619.0,4.0
1027.0,3.9176078395803176
458.0,3.913039677322844
124.0,3.909836185281626
10.0,3.909700679074407
1226.0,3.9096467258226744
636.0,3.9095128597515014
