item_id,predicted_score
214.0,5.000000000000002
613.0,5.000000000000002
307.0,5.000000000000002
411.0,5.000000000000002
930.0,5.000000000000002
981.0,5.000000000000002
1255.0,5.000000000000002
1594.0,5.000000000000002
28.0,5.000000000000001
38.0,5.000000000000001
