item_id,predicted_score
585.0,4.179060127356626
392.0,4.091841692883826
1239.0,4.09156894151602
1275.0,4.090909090909091
1112.0,4.090788060773115
44.0,4.003808119441384
227.0,4.0030624196752
591.0,4.001908536964201
148.0,4.001077058950922
684.0,4.001058044852062
