item_id,predicted_score
96.0,5.0
1342.0,5.0
181.0,4.801554476639213
210.0,4.8006968404283645
174.0,4.800322801962626
257.0,4.800045158033635
1345.0,4.8
1332.0,4.8
1532.0,4.8
314.0,4.8
