item_id,predicted_score
1318.0,5.0
1342.0,5.0
1653.0,5.0
1658.0,4.80500255968258
736.0,4.800439157429386
1064.0,4.8
888.0,4.8
1431.0,4.8
1434.0,4.8
1481.0,4.8
