item_id,predicted_score
1360.0,5.0
1593.0,5.0
963.0,4.800183145003874
181.0,4.799867745628069
1023.0,4.605149808595833
432.0,4.602302252186732
202.0,4.601190819186827
151.0,4.600736859802515
153.0,4.600735813730499
893.0,4.6
