item_id,predicted_score
1555.0,4.6
8.0,4.402424827913978
116.0,4.401338922773805
443.0,4.401260842136446
1000.0,4.4
1088.0,4.4
1299.0,4.4
1207.0,4.4
1332.0,4.4
579.0,4.4
