item_id,predicted_score
1342.0,4.0
1653.0,4.0
1500.0,4.0
1673.0,4.0
1360.0,3.8181818181818183
1593.0,3.8181818181818183
267.0,3.8181818181818183
766.0,3.8181818181818183
314.0,3.8181818181818183
185.0,3.812787328639578
