item_id,predicted_score
1342.0,5.0
1673.0,4.75
1674.0,4.5
1201.0,4.428571428571429
868.0,4.411764705882353
1397.0,4.409691159279291
1308.0,4.402402949199448
1408.0,4.4
784.0,4.4
1104.0,4.4
