item_id,predicted_score
1653.0,4.6
1354.0,4.5
1043.0,4.4
319.0,4.399841483367542
286.0,4.399160194976354
311.0,4.3986444894555525
600.0,4.333333333333333
677.0,4.333333333333333
1332.0,4.333333333333333
1115.0,4.200640499242323
