item_id,predicted_score
204.0,4.800652602837952
870.0,4.8
1036.0,4.8
253.0,4.8
215.0,4.60218633673085
238.0,4.602008882402862
462.0,4.6009817636094175
70.0,4.600921102437556
37.0,4.6
406.0,4.6
