item_id,predicted_score
347.0,5.000000000000001
657.0,4.800272504603307
1230.0,4.8
305.0,4.60234788306044
654.0,4.601095276443087
187.0,4.601073659067171
329.0,4.6
858.0,4.6
603.0,4.599681433384323
172.0,4.596940191610227
