item_id,predicted_score
1003.0,5.0
1121.0,5.0
550.0,4.801855665880848
240.0,4.801034092126309
1016.0,4.800473871125704
601.0,4.8
801.0,4.8
1000.0,4.8
1027.0,4.8
1080.0,4.8
