item_id,predicted_score
188.0,4.363815513990952
156.0,4.363707276102416
589.0,4.363636318743214
269.0,4.363621003590375
112.0,4.362845375080044
86.0,4.362390760924189
369.0,4.283857263893021
875.0,4.276137908785442
587.0,4.273390229481167
24.0,4.273323521387751
