item_id,predicted_score
1360.0,5.0
1593.0,5.0
1346.0,4.25
1125.0,4.200244950249198
907.0,4.1
1507.0,4.090909090909091
1212.0,4.090909090909091
1556.0,4.073745633226457
1122.0,4.0
1414.0,4.0
