item_id,predicted_score
1519.0,5.0
1604.0,5.0
1342.0,5.0
1347.0,4.711673717542614
1599.0,4.666666666666667
1673.0,4.666666666666667
1507.0,4.5
451.0,4.458713734847172
528.0,4.45621802126833
1500.0,4.4
