item_id,predicted_score
1360.0,4.7272727272727275
1593.0,4.7272727272727275
1614.0,4.7272727272727275
850.0,4.636363636363637
1491.0,4.636363636363637
181.0,4.54549492712383
1355.0,4.545454545454546
1526.0,4.545454545454546
1371.0,4.545454545454546
1599.0,4.545454545454546
