item_id,predicted_score
872.0,4.728963085819274
651.0,4.727440276028346
302.0,4.72714994651386
1342.0,4.666666666666667
268.0,4.638912301576911
246.0,4.638403485589456
1619.0,4.636363636363637
874.0,4.635434651448496
357.0,4.548785461446232
1069.0,4.547811709948145
