item_id,predicted_score
1519.0,4.428571428571429
1201.0,4.4
1235.0,4.4
1175.0,4.4
1674.0,4.375
161.0,4.36379053884698
328.0,4.362695544430854
930.0,4.36236893163972
678.0,4.361738031818243
77.0,4.361436898822331
