item_id,predicted_score
1342.0,5.0
181.0,4.547480303261493
96.0,4.546356869456132
174.0,4.546254864355972
95.0,4.545904252437118
202.0,4.545676787378229
239.0,4.545246797140161
732.0,4.5452020315364265
313.0,4.54477842891353
172.0,4.45693545675804
