item_id,predicted_score
802.0,5.000000000000002
58.0,5.000000000000001
543.0,5.000000000000001
1183.0,5.000000000000001
119.0,5.0
187.0,5.0
277.0,5.0
302.0,5.0
664.0,5.0
604.0,5.0
