item_id,predicted_score
1342.0,5.0
1598.0,4.6
455.0,4.596282500325749
185.0,4.401579601465719
181.0,4.400834379807116
601.0,4.4
1266.0,4.4
912.0,4.4
784.0,4.4
1104.0,4.4
