item_id,predicted_score
523.0,5.0
1235.0,5.0
1175.0,5.0
1433.0,5.0
1671.0,5.0
122.0,4.821817739457306
908.0,4.818181818181818
178.0,4.817137986042422
127.0,4.816800558150776
1360.0,4.8
