item_id,predicted_score
1342.0,5.0
886.0,4.8
1434.0,4.8
1360.0,4.8
1593.0,4.8
22.0,4.799942525956635
50.0,4.799888255768486
418.0,4.600414014556264
174.0,4.60040335684209
173.0,4.600325854748194
