item_id,predicted_score
115.0,4.818181818181818
1615.0,4.818181818181818
665.0,4.81813456494152
1011.0,4.728457892533166
238.0,4.72735134545141
694.0,4.7272727272727275
689.0,4.7272727272727275
871.0,4.7272727272727275
168.0,4.727085078566223
693.0,4.726399498936922
