item_id,predicted_score
1414.0,5.0
1175.0,5.0
1318.0,5.0
1342.0,5.0
1455.0,5.0
443.0,4.632275827589369
1604.0,4.6
1367.0,4.574288691177473
1526.0,4.571428571428571
461.0,4.54538100326731
