item_id,predicted_score
1346.0,4.2727272727272725
1508.0,4.2727272727272725
1673.0,4.2727272727272725
957.0,4.181818181818182
1308.0,4.181818181818182
1332.0,4.181818181818182
1504.0,4.181818181818182
784.0,4.181818181818182
1104.0,4.181818181818182
1306.0,4.181818181818182
