item_id,predicted_score
1371.0,4.6
1367.0,4.6
1612.0,4.6
1618.0,4.6
172.0,4.40154041663683
91.0,4.401271201432208
740.0,4.400336054013314
174.0,4.400092762116164
981.0,4.4
112.0,4.4
