item_id,predicted_score
1360.0,4.333333333333333
1593.0,4.333333333333333
1342.0,4.333333333333333
1223.0,4.2727272727272725
1585.0,4.2727272727272725
913.0,4.2727272727272725
1436.0,4.2727272727272725
1554.0,4.2727272727272725
1578.0,4.2727272727272725
1630.0,4.2727272727272725
