item_id,predicted_score
340.0,5.000000000000001
501.0,5.000000000000001
402.0,5.000000000000001
423.0,5.000000000000001
1.0,5.0
99.0,5.0
333.0,5.0
97.0,5.0
584.0,5.0
610.0,5.0
