item_id,predicted_score
510.0,4.397932087129834
339.0,4.395523574836957
631.0,4.2014730228602994
475.0,4.201178607440713
76.0,4.200604509535436
942.0,4.200532429926306
70.0,4.2005239617467796
1214.0,4.200264378306128
436.0,4.2001440254698075
918.0,4.200045284742241
