item_id,predicted_score
188.0,4.728134104519444
906.0,4.7272727272727275
1515.0,4.7272727272727275
32.0,4.63751103504157
481.0,4.636935204998013
819.0,4.636363636363637
1146.0,4.636363636363637
507.0,4.63628886426885
815.0,4.635857583393343
134.0,4.635671192781064
