item_id,predicted_score
1519.0,5.0
1619.0,5.0
1455.0,5.0
1674.0,5.0
1155.0,4.909090909090909
1158.0,4.909090909090909
1535.0,4.909090909090909
1108.0,4.909090909090909
1549.0,4.909090909090909
1585.0,4.909090909090909
