item_id,predicted_score
182.0,3.795879266455175
1254.0,3.6
199.0,3.5996764719263887
202.0,3.5992044932943146
179.0,3.4006104924175284
1036.0,3.4
1176.0,3.4
1426.0,3.4
181.0,3.3984508386394108
180.0,3.395578527188589
