item_id,predicted_score
1357.0,4.5
181.0,4.400484662215051
1144.0,4.4
1234.0,4.4
1467.0,4.4
1616.0,4.4
1538.0,4.4
228.0,4.200277542045873
22.0,4.2001957846407
294.0,4.200191705874669
