item_id,predicted_score
1342.0,4.5
588.0,4.091174645377074
476.0,4.004723843460974
936.0,4.004224881933935
591.0,4.002947041328454
231.0,4.001785172921128
1422.0,4.001774960005515
1235.0,4.0
1175.0,4.0
1332.0,4.0
