item_id,predicted_score
845.0,5.000000000000001
185.0,5.0
318.0,5.0
168.0,4.801172761504795
732.0,4.800696124841022
506.0,4.800552811678989
496.0,4.800053065715339
247.0,4.8
1122.0,4.8
1287.0,4.8
