item_id,predicted_score
1614.0,4.2
1213.0,4.0
1130.0,3.8
1275.0,3.8
1381.0,3.8
1332.0,3.8
172.0,3.799345957318017
204.0,3.799004411496718
780.0,3.7974114554657263
70.0,3.797223450622819
