item_id,predicted_score
95.0,5.000000000000001
64.0,5.000000000000001
48.0,5.0
59.0,5.0
83.0,5.0
182.0,5.0
231.0,5.0
239.0,5.0
10.0,5.0
70.0,5.0
