item_id,predicted_score
1234.0,4.685177955024931
1519.0,4.666666666666667
1654.0,4.666666666666667
1662.0,4.585786437626905
1243.0,4.5038463814561585
1237.0,4.5
1332.0,4.5
1606.0,4.5
1362.0,4.5
1342.0,4.5
