item_id,predicted_score
49.0,4.36505084269358
1354.0,4.333333333333333
1486.0,4.285714285714286
1494.0,4.285714285714286
1371.0,4.285714285714286
96.0,4.27442513421751
168.0,4.272659882282668
313.0,4.27259715329678
98.0,4.272430574079449
210.0,4.2719132574328915
