item_id,predicted_score
435.0,4.8000146765851
88.0,4.600008588006258
196.0,4.599532430234046
193.0,4.4014516726281405
100.0,4.40068421557367
891.0,4.4
894.0,4.4
1308.0,4.4
1345.0,4.4
1514.0,4.4
