item_id,predicted_score
231.0,5.000000000000001
632.0,5.000000000000001
268.0,5.0
289.0,5.0
437.0,5.0
488.0,5.0
188.0,5.0
777.0,5.0
882.0,5.0
854.0,5.0
