item_id,predicted_score
202.0,5.0
1342.0,5.0
1653.0,5.0
550.0,4.8020989169219765
564.0,4.801256740518265
172.0,4.800662973530959
174.0,4.800508935239841
442.0,4.8
894.0,4.8
1225.0,4.8
