item_id,predicted_score
1601.0,5.0
1247.0,4.506081720344806
1123.0,4.5
868.0,4.357142857142857
1459.0,4.339811379491479
1235.0,4.333333333333333
1361.0,4.333333333333333
1507.0,4.333333333333333
1550.0,4.333333333333333
1627.0,4.333333333333333
