item_id,predicted_score
600.0,5.0
677.0,5.0
1122.0,5.0
1599.0,5.0
1362.0,5.0
1374.0,4.333333333333333
119.0,4.003199926691434
973.0,4.0
1330.0,4.0
1447.0,4.0
