item_id,predicted_score
1354.0,5.0
872.0,4.909764588214417
356.0,4.909677337970998
213.0,4.908680455962234
924.0,4.819014908464746
392.0,4.818600074850551
13.0,4.818379782551577
1056.0,4.818181818181818
1144.0,4.818181818181818
14.0,4.817684579088758
