item_id,predicted_score
1512.0,4.8
491.0,4.602025558750138
438.0,4.6
1029.0,4.6
1255.0,4.6
1389.0,4.6
1312.0,4.6
1504.0,4.6
230.0,4.598238178611852
13.0,4.597296232841499
