item_id,predicted_score
1414.0,4.8
777.0,4.7272727272727275
1397.0,4.7272727272727275
1511.0,4.7272727272727275
137.0,4.726931964602755
574.0,4.638845619903598
13.0,4.6371486747163955
1052.0,4.637038648646634
47.0,4.636860652872598
268.0,4.636614998466189
