item_id,predicted_score
15.0,5.000000000000001
22.0,5.000000000000001
116.0,5.000000000000001
286.0,5.000000000000001
12.0,5.000000000000001
202.0,5.000000000000001
213.0,5.000000000000001
463.0,5.000000000000001
523.0,5.000000000000001
684.0,5.000000000000001
