item_id,predicted_score
1619.0,4.2
518.0,4.093740284940205
92.0,4.093037908289206
516.0,4.092201968951047
529.0,4.091601156064126
346.0,4.091041942996884
23.0,4.0909052515415345
10.0,4.090813065977638
76.0,4.090607513530205
515.0,4.089392263489689
