item_id,predicted_score
1235.0,5.0
1332.0,5.0
1653.0,5.0
1295.0,4.818181818181818
1591.0,4.818181818181818
473.0,4.8153814573468345
859.0,4.728887251908113
1264.0,4.727272970246174
600.0,4.7272727272727275
1279.0,4.7272727272727275
