item_id,predicted_score
258.0,4.545686766967043
625.0,4.545370874853441
381.0,4.539123359301742
1173.0,4.454545454545454
1658.0,4.454545454545454
654.0,4.453504499496662
87.0,4.453298691982824
180.0,4.363741816921928
969.0,4.36366390518782
688.0,4.363636363636363
