item_id,predicted_score
546.0,5.000000000000001
474.0,4.800573148186131
100.0,4.800416764464886
580.0,4.8
67.0,4.8
553.0,4.8
148.0,4.8
44.0,4.8
1168.0,4.8
513.0,4.799688382726184
