item_id,predicted_score
1467.0,5.0
643.0,4.563026922784539
1484.0,4.523816681344495
1308.0,4.5
1408.0,4.5
1476.0,4.5
784.0,4.5
1104.0,4.5
1306.0,4.5
1307.0,4.5
