item_id,predicted_score
1414.0,4.0
1354.0,4.0
1472.0,4.0
1618.0,4.0
1297.0,3.9113724965482892
1047.0,3.9100212981094424
204.0,3.9095221355269985
168.0,3.9088500780846247
1018.0,3.907500566413566
827.0,3.9069890457801693
