item_id,predicted_score
1544.0,4.6
1500.0,4.6
850.0,4.4
361.0,4.4
1377.0,4.4
1674.0,4.4
50.0,4.200418656065299
761.0,4.2002428148938
706.0,4.2
917.0,4.2
