item_id,predicted_score
1510.0,4.5
776.0,4.399265149252404
382.0,4.398019067319838
86.0,4.392575531842683
559.0,4.204634555744233
49.0,4.203219228656596
728.0,4.2026510633013014
448.0,4.201345319448467
541.0,4.201200053203256
651.0,4.201017232617445
