item_id,predicted_score
19.0,4.366021030248529
221.0,4.364539898014564
237.0,4.274691235475212
86.0,4.274473229422681
197.0,4.271729837169082
558.0,4.26786771273549
328.0,4.185444975175861
713.0,4.1852079143288075
674.0,4.184960490252037
64.0,4.184021164767021
