item_id,predicted_score
1510.0,5.0
963.0,4.2013582597143575
1142.0,4.200327386331155
1327.0,4.2
1011.0,4.199369421333601
216.0,4.198926269955418
189.0,4.198806871409954
129.0,4.198768335641914
979.0,4.198223975618033
89.0,4.197406333046355
