item_id,predicted_score
523.0,4.597709448514075
1342.0,4.5
168.0,4.400363050039344
633.0,4.4
1440.0,4.4
1500.0,4.4
194.0,4.399923535259021
185.0,4.399700655778612
418.0,4.398930074176318
48.0,4.398502932472165
