item_id,predicted_score
142.0,4.802379721770065
137.0,4.801590711019162
294.0,4.8012251542554685
357.0,4.800930011739478
31.0,4.800760906059477
399.0,4.800629452554152
496.0,4.800550462961587
197.0,4.800487981573659
135.0,4.800369736236388
65.0,4.800244102177119
