item_id,predicted_score
1609.0,4.909090909090909
1487.0,4.7272727272727275
1377.0,4.7272727272727275
308.0,4.636363636363637
1130.0,4.636363636363637
113.0,4.636363636363637
1367.0,4.636363636363637
1604.0,4.636363636363637
1500.0,4.6
296.0,4.545454545454546
