item_id,predicted_score
703.0,4.401550425337682
197.0,4.400654193054487
631.0,4.400592797691192
509.0,4.400164939895861
251.0,4.400118033092639
660.0,4.400018985595931
677.0,4.4
424.0,4.4
791.0,4.4
1125.0,4.4
