item_id,predicted_score
1342.0,4.666666666666667
4.0,4.547342049910787
1614.0,4.545454545454546
215.0,4.540895903274492
3.0,4.456546570544355
691.0,4.454545454545454
1556.0,4.454545454545454
1284.0,4.45415441945422
193.0,4.4538952792424515
285.0,4.453670094801699
