item_id,predicted_score
13.0,4.360600893059434
762.0,4.182049218797771
577.0,4.181818181818182
585.0,4.181818181818182
7.0,4.1805333476776285
3.0,4.09214618076037
202.0,4.091504407838074
401.0,4.0914087471769385
1048.0,4.091134865047248
23.0,4.091114060235403
