item_id,predicted_score
709.0,4.636561131583603
744.0,4.636246204228631
582.0,4.636183636035161
629.0,4.63514005200667
180.0,4.545939864348859
753.0,4.54533934489697
462.0,4.545200988732523
483.0,4.545195575462531
60.0,4.545173344196747
124.0,4.545080514383463
