item_id,predicted_score
1542.0,5.0
1077.0,4.8
1435.0,4.8
1332.0,4.8
1521.0,4.8
1612.0,4.8
79.0,4.796776877689983
496.0,4.795875992325629
72.0,4.602969513618936
1228.0,4.601886681414683
