item_id,predicted_score
411.0,4.800687656174984
473.0,4.8001930574030585
981.0,4.8
1125.0,4.8
1138.0,4.8
752.0,4.8
1507.0,4.8
1534.0,4.8
1459.0,4.8
934.0,4.600975836139375
