item_id,predicted_score
1354.0,5.0
1357.0,5.0
163.0,4.80046296308177
473.0,4.6006016908036615
445.0,4.600097572078434
981.0,4.6
1003.0,4.6
1075.0,4.6
1180.0,4.6
1245.0,4.6
