item_id,predicted_score
1406.0,5.0
1259.0,4.8
1662.0,4.8
1.0,4.602205780005683
79.0,4.601843806893698
64.0,4.600828343506551
172.0,4.600272978697789
1275.0,4.6
1279.0,4.6
1162.0,4.6
