item_id,predicted_score
1342.0,5.0
1653.0,5.0
173.0,4.909203403341733
1619.0,4.909090909090909
907.0,4.909090909090909
1354.0,4.833333333333333
1202.0,4.818181818181818
1295.0,4.818181818181818
1434.0,4.818181818181818
1397.0,4.818181818181818
