item_id,predicted_score
1527.0,4.8
1463.0,4.7002377718153525
1243.0,4.691244239631336
1237.0,4.671423722256658
1662.0,4.605770066453932
1220.0,4.603981607981441
11.0,4.601342618722801
1148.0,4.6
1283.0,4.6
1506.0,4.6
