item_id,predicted_score
1354.0,5.0
82.0,4.908926109550525
403.0,4.72779456655312
38.0,4.727485680403257
393.0,4.7266335120903555
28.0,4.72653936854484
282.0,4.726285054472631
161.0,4.725812464604433
29.0,4.637739980603576
22.0,4.6372376917307205
