item_id,predicted_score
1175.0,4.199818861031036
1235.0,4.166666666666667
1433.0,3.7002062467651724
274.0,3.634088232421118
174.0,3.5518127941049906
15.0,3.5448023583977926
1429.0,3.5280618818947795
784.0,3.5
1104.0,3.5
1306.0,3.5
