item_id,predicted_score
293.0,5.000000000000001
354.0,5.000000000000001
1397.0,5.000000000000001
99.0,5.0
197.0,5.0
374.0,5.0
462.0,5.0
509.0,5.0
600.0,5.0
677.0,5.0
