item_id,predicted_score
1318.0,4.0
1618.0,4.0
861.0,3.784686210814415
957.0,3.75
1361.0,3.75
643.0,3.7204315096268523
1653.0,3.7142857142857144
1484.0,3.687506164957219
1308.0,3.6666666666666665
1408.0,3.6666666666666665
