item_id,predicted_score
1235.0,4.25
1294.0,4.181818181818182
1600.0,4.181818181818182
1455.0,4.181818181818182
313.0,4.091035408845497
1467.0,4.090909090909091
861.0,4.090909090909091
1592.0,4.090909090909091
267.0,4.090909090909091
1614.0,4.090909090909091
