item_id,predicted_score
630.0,5.0
1519.0,5.0
671.0,4.999999999999999
754.0,4.80304059164391
719.0,4.803004032200054
373.0,4.8024964218974455
663.0,4.8011364783405535
911.0,4.8
1114.0,4.8
828.0,4.8
