item_id,predicted_score
186.0,5.000000000000001
451.0,5.000000000000001
80.0,5.000000000000001
222.0,5.000000000000001
54.0,5.000000000000001
1051.0,5.000000000000001
5.0,5.0
22.0,5.0
99.0,5.0
141.0,5.0
