item_id,predicted_score
1201.0,4.714285714285714
1497.0,4.7
1659.0,4.7
1660.0,4.7
677.0,4.666666666666667
1653.0,4.6
1122.0,4.571428571428571
1398.0,4.5
1476.0,4.5
1519.0,4.5
