item_id,predicted_score
1317.0,4.7272727272727275
178.0,4.72671040044657
732.0,4.634954131483257
196.0,4.546901858366308
88.0,4.54628455316052
55.0,4.546131733380818
31.0,4.545600082617757
360.0,4.545454545454546
1519.0,4.545454545454546
1528.0,4.545454545454546
