item_id,predicted_score
181.0,5.000000000000001
174.0,4.800069819977086
258.0,4.602571550017818
679.0,4.602564818913904
655.0,4.601450083329746
651.0,4.600756528803642
70.0,4.6003655336562375
211.0,4.600280157071867
172.0,4.600278736828395
420.0,4.60001942654436
