item_id,predicted_score
357.0,4.547196550103082
55.0,4.458952375555499
98.0,4.457368253702127
792.0,4.456575213337324
265.0,4.455956589534121
196.0,4.453877194772089
483.0,4.366226946053024
180.0,4.366064025319587
942.0,4.3647864069641455
185.0,4.364446702587827
