item_id,predicted_score
1414.0,4.5
335.0,4.366405887040885
957.0,4.342490961864796
1551.0,4.312538196089999
1547.0,4.307641164408104
1604.0,4.3
1447.0,4.285714285714286
1450.0,4.285714285714286
1452.0,4.285714285714286
1453.0,4.285714285714286
