item_id,predicted_score
1342.0,5.0
1653.0,5.0
598.0,4.8
1133.0,4.8
500.0,4.8
1393.0,4.8
1610.0,4.8
21.0,4.799566255491417
357.0,4.7973799612929335
284.0,4.604773118330374
