item_id,predicted_score
283.0,4.800057313437907
870.0,4.8
1029.0,4.8
1416.0,4.8
1607.0,4.8
1430.0,4.8
1646.0,4.8
1500.0,4.8
411.0,4.600877713925804
654.0,4.600420024174714
