item_id,predicted_score
248.0,4.401013463662922
600.0,4.4
1332.0,4.4
1485.0,4.4
1489.0,4.4
74.0,4.4
1601.0,4.4
64.0,4.398963006404113
1.0,4.398590079053181
891.0,4.2
