item_id,predicted_score
1467.0,5.0
1611.0,4.8
1115.0,4.799859210678645
690.0,4.799415392645365
488.0,4.798382003758037
639.0,4.79696538842068
1040.0,4.606826185757808
419.0,4.6057687282269795
991.0,4.604340539139906
578.0,4.603741394249683
