item_id,predicted_score
1342.0,4.6
1414.0,4.5
1653.0,4.5
1500.0,4.5
1213.0,4.454545454545454
1522.0,4.363636363636363
1378.0,4.363636363636363
1201.0,4.3
1673.0,4.285714285714286
14.0,4.273354717418855
