item_id,predicted_score
208.0,4.54513911236504
1342.0,4.5
679.0,4.457051350783482
98.0,4.455434579616584
47.0,4.454433849871484
223.0,4.3642654648267305
215.0,4.363735118120499
625.0,4.3632196548384
661.0,4.362472694174599
195.0,4.362115641045262
