item_id,predicted_score
1397.0,5.0
1619.0,5.0
1673.0,4.666666666666667
1408.0,4.665546189954029
496.0,4.6049816375320995
47.0,4.603394599411159
430.0,4.603209654070196
480.0,4.603130245264361
657.0,4.603112499639924
294.0,4.602718100582208
