item_id,predicted_score
169.0,4.40096450460257
850.0,4.4
1416.0,4.4
1241.0,4.4
1471.0,4.4
1530.0,4.4
868.0,4.4
48.0,4.399701139758236
514.0,4.397196955933106
1619.0,4.333333333333333
