item_id,predicted_score
144.0,5.000000000000001
1041.0,5.000000000000001
8.0,5.0
94.0,5.0
208.0,5.0
356.0,5.0
987.0,5.0
840.0,5.0
1462.0,5.0
66.0,4.999999999999999
