item_id,predicted_score
858.0,4.8
64.0,4.79976474577507
427.0,4.600617318318337
1.0,4.600458106297381
79.0,4.600171575652564
174.0,4.600130047119627
1196.0,4.6
1302.0,4.6
1212.0,4.6
1618.0,4.6
