item_id,predicted_score
1332.0,5.0
1455.0,5.0
1674.0,5.0
1661.0,4.25
750.0,4.204256819228378
117.0,4.202554583266013
471.0,4.202002000316756
121.0,4.201538577478389
7.0,4.201536401499758
28.0,4.201532516039933
