item_id,predicted_score
195.0,5.000000000000001
305.0,4.999999999999999
463.0,4.999999999999999
1232.0,4.999999999999999
151.0,4.80206410706529
971.0,4.801450575744397
249.0,4.801276832724867
497.0,4.801222584865906
781.0,4.800885905234051
228.0,4.800790929484378
