item_id,predicted_score
955.0,5.000000000000001
387.0,5.0
948.0,5.0
1079.0,5.0
363.0,5.0
848.0,5.0
687.0,4.8012109289402565
105.0,4.8010556868944265
229.0,4.800966119106677
507.0,4.8008618710706195
