item_id,predicted_score
1653.0,5.0
1148.0,4.155480481378519
1517.0,4.0
1606.0,4.0
839.0,4.0
1472.0,3.5
1043.0,3.36211557003241
1298.0,3.3333333333333335
1544.0,3.3333333333333335
1545.0,3.2518801277191924
