item_id,predicted_score
1500.0,4.818181818181818
1332.0,4.545454545454546
1447.0,4.454545454545454
1450.0,4.454545454545454
1452.0,4.454545454545454
1453.0,4.454545454545454
1460.0,4.454545454545454
1461.0,4.454545454545454
1526.0,4.454545454545454
1682.0,4.454545454545454
