item_id,predicted_score
1430.0,4.818181818181818
907.0,4.818181818181818
1502.0,4.7272727272727275
1531.0,4.7272727272727275
1618.0,4.7272727272727275
247.0,4.636363636363637
1145.0,4.636363636363637
1398.0,4.636363636363637
1476.0,4.636363636363637
1123.0,4.636363636363637
