item_id,predicted_score
1414.0,5.0
1354.0,4.666666666666667
1360.0,4.5
1593.0,4.5
858.0,4.363636363636363
1125.0,4.363636363636363
1429.0,4.363636363636363
784.0,4.333333333333333
1104.0,4.333333333333333
1306.0,4.333333333333333
