item_id,predicted_score
893.0,5.0
1177.0,4.809290594918359
1231.0,4.804732295694558
1035.0,4.80107916551997
143.0,4.800786603779019
1194.0,4.8006959218265415
564.0,4.800585698140209
453.0,4.800521490745313
71.0,4.800515948073214
420.0,4.800428082099423
