item_id,predicted_score
932.0,4.548896215101316
1079.0,4.547356306487941
102.0,4.545036771526532
1186.0,4.50153140795594
878.0,4.4563335359186835
944.0,4.4562966354552
422.0,4.455821565868128
1219.0,4.455445393239014
734.0,4.368488916423498
725.0,4.365816061691708
