item_id,predicted_score
691.0,4.8
380.0,4.79976372895221
896.0,4.798997732815189
756.0,4.797638957384156
749.0,4.602827709636377
210.0,4.600741154063867
174.0,4.60066142006568
117.0,4.600292240004895
789.0,4.600221881712277
1050.0,4.60005754665982
