item_id,predicted_score
367.0,5.0
79.0,4.800765371526395
82.0,4.800485253718481
1318.0,4.666666666666667
868.0,4.6064331472445135
282.0,4.6028687157086825
1011.0,4.602545051994018
1059.0,4.601580170126388
180.0,4.601577169727226
751.0,4.601274879680716
