item_id,predicted_score
1653.0,4.6
1235.0,4.5
1624.0,4.5
1625.0,4.5
95.0,4.454148486698024
633.0,4.364145996732923
1620.0,4.363636363636363
64.0,4.363001121031003
194.0,4.362658592601929
1432.0,4.349957121853815
