item_id,predicted_score
1414.0,4.666666666666667
1437.0,4.6
1332.0,4.6
390.0,4.4
1251.0,4.4
1541.0,4.4
1455.0,4.4
643.0,4.333333333333333
784.0,4.333333333333333
1104.0,4.333333333333333
