item_id,predicted_score
1357.0,5.0
1235.0,4.0
1354.0,4.0
1362.0,4.0
1606.0,3.8333333333333335
1327.0,3.8181818181818183
1500.0,3.8181818181818183
1497.0,3.727272727272727
1659.0,3.727272727272727
1660.0,3.727272727272727
