item_id,predicted_score
1269.0,5.000000000000002
987.0,5.000000000000001
90.0,5.0
1191.0,5.0
965.0,5.0
1234.0,5.0
1237.0,5.0
1243.0,5.0
1304.0,5.0
1323.0,5.0
