item_id,predicted_score
1414.0,4.0
1455.0,4.0
222.0,3.9979166762662905
265.0,3.9944449706867506
597.0,3.8017674510035753
1507.0,3.8
181.0,3.799488780253141
147.0,3.7953057161172534
1573.0,3.7544916661594914
1308.0,3.6733683652895905
