item_id,predicted_score
1301.0,4.6
195.0,4.596192156232405
181.0,4.402950449034882
588.0,4.400510605144614
360.0,4.4
1191.0,4.4
1034.0,4.4
1127.0,4.4
361.0,4.4
1223.0,4.4
