item_id,predicted_score
98.0,4.799994450019891
28.0,4.799481337933191
265.0,4.601689325880223
732.0,4.400720387982343
577.0,4.4
1023.0,4.4
1125.0,4.4
364.0,4.4
1385.0,4.4
1550.0,4.4
