item_id,predicted_score
514.0,5.000000000000001
100.0,5.0
283.0,5.0
317.0,5.0
935.0,5.0
1355.0,5.0
1360.0,5.0
1593.0,5.0
636.0,4.801954497440601
112.0,4.801254640145128
