item_id,predicted_score
89.0,5.0
320.0,5.0
519.0,5.0
56.0,5.0
566.0,5.0
92.0,5.0
804.0,5.0
1612.0,5.0
347.0,4.999999999999999
362.0,4.999999999999999
