item_id,predicted_score
37.0,4.636363636363637
1423.0,4.636363636363637
735.0,4.547541274501001
456.0,4.545454545454546
846.0,4.545454545454546
1246.0,4.545454545454546
1276.0,4.545454545454546
1331.0,4.545454545454546
1193.0,4.545454545454546
738.0,4.454545454545454
