item_id,predicted_score
172.0,4.401414346115521
1275.0,4.4
50.0,4.202441852244286
360.0,4.2
1002.0,4.2
1291.0,4.2
1429.0,4.2
1272.0,4.2
1523.0,4.2
626.0,4.2
