item_id,predicted_score
321.0,4.597388838663893
1488.0,4.4
1489.0,4.4
1360.0,4.333333333333333
1593.0,4.333333333333333
1342.0,4.333333333333333
961.0,4.204330057439092
216.0,4.201438531419272
1075.0,4.2
1186.0,4.2
