item_id,predicted_score
181.0,5.0
8.0,4.999999999999999
172.0,4.80120119823895
273.0,4.801182649307365
50.0,4.800870369545548
302.0,4.800796776448657
23.0,4.800617038551493
483.0,4.800585307148542
90.0,4.800493191202625
174.0,4.800443603764441
