item_id,predicted_score
1247.0,4.545454545454546
480.0,4.454971523565145
479.0,4.4548718370543945
657.0,4.454808800127884
192.0,4.453817131290509
1414.0,4.444444444444445
427.0,4.363922912191593
629.0,4.363818504287263
182.0,4.363681972910662
1317.0,4.363636363636363
