item_id,predicted_score
3.0,5.000000000000001
149.0,5.000000000000001
412.0,5.000000000000001
724.0,5.000000000000001
128.0,5.000000000000001
884.0,5.000000000000001
1074.0,5.000000000000001
741.0,5.000000000000001
1160.0,5.000000000000001
653.0,5.000000000000001
