item_id,predicted_score
938.0,4.6
237.0,4.400831435149911
651.0,4.200937613530503
1130.0,4.2
1397.0,4.2
1594.0,4.2
1614.0,4.2
1327.0,4.2
628.0,4.199541380001971
95.0,4.0040085302824195
