item_id,predicted_score
1526.0,5.0
1235.0,4.0
1354.0,4.0
1332.0,4.0
1318.0,4.0
1342.0,4.0
1653.0,4.0
1367.0,3.9960156531386968
1627.0,3.875
1502.0,3.8749539593842997
