item_id,predicted_score
174.0,5.000000000000001
208.0,5.000000000000001
408.0,5.000000000000001
464.0,5.000000000000001
468.0,5.000000000000001
493.0,5.000000000000001
313.0,5.000000000000001
1044.0,5.000000000000001
48.0,5.0
139.0,5.0
