item_id,predicted_score
70.0,4.600006002320806
23.0,4.59822340227085
1241.0,4.4
191.0,4.39960018600276
193.0,4.399218834801844
185.0,4.202523596225159
600.0,4.2
200.0,4.199775727083981
175.0,4.199538171325598
100.0,4.199097858494112
