item_id,predicted_score
70.0,4.002948425578158
1175.0,4.0
484.0,3.9966864235816164
23.0,3.9130248280089215
100.0,3.9108715296839445
200.0,3.910008154319399
202.0,3.9096108559292393
12.0,3.909241262311098
211.0,3.9091644896329063
1661.0,3.909090909090909
