item_id,predicted_score
1414.0,4.5
302.0,4.453995000760087
31.0,4.364429235653603
127.0,4.364318953612554
64.0,4.364093026325839
9.0,4.362462828629839
151.0,4.275584237369939
176.0,4.27431237387558
270.0,4.273666575745444
187.0,4.273625777537899
