item_id,predicted_score
1414.0,5.0
532.0,4.363746679391186
1474.0,4.363636363636363
1188.0,4.362370039627093
654.0,4.361761823092539
1201.0,4.333333333333333
681.0,4.282213237742897
189.0,4.276309122837003
192.0,4.273856334184903
1078.0,4.272281451998973
