item_id,predicted_score
593.0,4.2727272727272725
1342.0,4.2
1081.0,4.181818181818182
1125.0,4.181818181818182
1431.0,4.090909090909091
1043.0,4.090909090909091
89.0,4.090419430159111
64.0,4.000681715505364
870.0,4.0
1287.0,4.0
