item_id,predicted_score
868.0,4.636363636363637
1654.0,4.636363636363637
1342.0,4.571428571428571
994.0,4.545454545454546
1420.0,4.545454545454546
1504.0,4.545454545454546
1377.0,4.545454545454546
1673.0,4.545454545454546
1525.0,4.454545454545454
1459.0,4.454545454545454
