item_id,predicted_score
394.0,5.0
1424.0,5.0
1525.0,5.0
1619.0,5.0
1455.0,5.0
1551.0,4.829473870264085
1547.0,4.818214755910277
336.0,4.808541495918657
643.0,4.806992773075867
590.0,4.805053236471116
