item_id,predicted_score
1358.0,4.25
1360.0,4.25
1593.0,4.25
1674.0,4.2
180.0,4.003817545632272
127.0,4.003026576663952
209.0,4.001536060362253
9.0,4.001301698031527
770.0,4.001211973498138
518.0,4.001135011759554
