item_id,predicted_score
987.0,4.545454545454546
1050.0,4.545451337902994
1414.0,4.5
1342.0,4.5
896.0,4.455856854000484
1424.0,4.454545454545454
176.0,4.454249652799618
22.0,4.45377508539975
202.0,4.4536568916744805
513.0,4.452883245605975
