item_id,predicted_score
1674.0,4.666666666666667
1398.0,4.5
1361.0,4.5
1371.0,4.5
1298.0,4.3811756032047295
1619.0,4.333333333333333
15.0,4.278041784105944
749.0,4.274162741041864
1197.0,4.274029741257706
81.0,4.271753442676793
