item_id,predicted_score
1122.0,5.0
1398.0,4.666666666666667
1332.0,4.666666666666667
421.0,4.602895427557178
660.0,4.601910960440588
19.0,4.601568299526161
507.0,4.6014226665868145
1421.0,4.6006564162695325
41.0,4.6
1432.0,4.6
