item_id,predicted_score
172.0,4.001987682929836
480.0,4.000857215022493
473.0,4.0006138423285345
124.0,4.000472669582782
194.0,4.000289915984845
428.0,4.0002504818222775
482.0,4.000235084147001
438.0,4.0
1145.0,4.0
1336.0,4.0
