item_id,predicted_score
432.0,3.9936542601242127
1354.0,3.8333333333333335
1386.0,3.8181818181818183
129.0,3.8178646358529975
718.0,3.812961678000208
214.0,3.8092880704901453
1455.0,3.75
1502.0,3.73092588605061
675.0,3.7292027518885815
1004.0,3.727808076605643
