item_id,predicted_score
68.0,5.000000000000002
180.0,5.000000000000002
22.0,5.000000000000001
93.0,5.000000000000001
123.0,5.000000000000001
144.0,5.000000000000001
165.0,5.000000000000001
168.0,5.000000000000001
198.0,5.000000000000001
303.0,5.000000000000001
