item_id,predicted_score
1332.0,4.666666666666667
1674.0,4.6
1122.0,4.4
361.0,4.4
1431.0,4.4
1098.0,4.200020647293999
355.0,4.2
1211.0,4.2
1523.0,4.2
1455.0,4.2
