item_id,predicted_score
1354.0,4.25
1328.0,4.090909090909091
1441.0,4.090909090909091
1618.0,4.090909090909091
1500.0,4.090909090909091
677.0,4.0
1178.0,4.0
759.0,4.0
1592.0,4.0
1403.0,4.0
