item_id,predicted_score
1259.0,4.2727272727272725
496.0,4.182058989958261
1146.0,4.181818181818182
1526.0,4.181818181818182
1534.0,4.181818181818182
1527.0,4.181818181818182
210.0,4.181616293702543
1653.0,4.166666666666667
181.0,4.091117533665735
1246.0,4.090909090909091
