item_id,predicted_score
1130.0,4.571428571428571
303.0,4.546372362520045
1186.0,4.545454545454546
1681.0,4.545454545454546
751.0,4.543361921861246
911.0,4.454545454545454
1455.0,4.454545454545454
903.0,4.454068076625375
527.0,4.453881814826134
318.0,4.453790236793763
