item_id,predicted_score
75.0,5.000000000000001
937.0,5.000000000000001
1066.0,5.000000000000001
1437.0,5.000000000000001
1474.0,5.000000000000001
787.0,5.000000000000001
1463.0,5.000000000000001
9.0,5.0
270.0,5.0
301.0,5.0
