item_id,predicted_score
1371.0,5.0
1414.0,4.666666666666667
1454.0,4.636363636363637
1515.0,4.625
920.0,4.545454545454546
1472.0,4.545454545454546
1223.0,4.545454545454546
1510.0,4.545454545454546
1294.0,4.545454545454546
1043.0,4.545454545454546
