item_id,predicted_score
191.0,5.000000000000001
211.0,5.000000000000001
69.0,5.000000000000001
265.0,5.000000000000001
227.0,5.000000000000001
727.0,5.000000000000001
232.0,5.000000000000001
977.0,5.000000000000001
11.0,5.0
25.0,5.0
