item_id,predicted_score
1354.0,5.0
208.0,4.818384138968797
1000.0,4.7272727272727275
593.0,4.636363636363637
973.0,4.636363636363637
888.0,4.636363636363637
1393.0,4.636363636363637
1654.0,4.636363636363637
64.0,4.636335682260953
99.0,4.636290659978751
