item_id,predicted_score
1358.0,4.25
1360.0,4.25
1593.0,4.25
1392.0,4.205080199730811
427.0,4.203225431730621
343.0,4.202633714622635
81.0,4.201924525992342
340.0,4.201852348390074
200.0,4.201699175754083
789.0,4.2016902828796
