item_id,predicted_score
1143.0,5.0
294.0,4.801745926835877
117.0,4.801340807007681
151.0,4.800727254313586
883.0,4.8
1264.0,4.8
411.0,4.7998727779974235
274.0,4.797290763336722
1342.0,4.666666666666667
681.0,4.605107920295877
