item_id,predicted_score
784.0,4.7272727272727275
788.0,4.7272727272727275
1104.0,4.7272727272727275
1306.0,4.7272727272727275
1307.0,4.7272727272727275
1334.0,4.7272727272727275
1546.0,4.7272727272727275
1548.0,4.7272727272727275
1559.0,4.7272727272727275
1564.0,4.7272727272727275
