item_id,predicted_score
1354.0,5.0
1619.0,4.5
1523.0,4.486832980505138
197.0,4.449187221282689
692.0,4.363926438403118
154.0,4.359722181598825
1674.0,4.333333333333333
542.0,4.276804270641871
483.0,4.275388901891129
13.0,4.275277044248829
