item_id,predicted_score
1201.0,4.333333333333333
198.0,4.088239108204746
1012.0,4.001730998508225
168.0,4.000689357042482
144.0,4.000406453316345
484.0,4.000143801755416
528.0,4.00004230274083
234.0,4.00001090663965
1414.0,4.0
1537.0,4.0
