item_id,predicted_score
1619.0,4.333333333333333
1342.0,4.0
1455.0,4.0
269.0,3.6381003433503993
270.0,3.6377287431921754
132.0,3.636676440716298
216.0,3.6352892041965754
140.0,3.634693377957394
1507.0,3.5714285714285716
868.0,3.5588235294117645
