item_id,predicted_score
1653.0,5.0
1392.0,4.636363636363637
1176.0,4.545454545454546
1422.0,4.545454545454546
804.0,4.454545454545454
1056.0,4.454545454545454
1415.0,4.454545454545454
1439.0,4.454545454545454
1473.0,4.454545454545454
1573.0,4.454545454545454
