item_id,predicted_score
1342.0,4.333333333333333
1507.0,4.0
1656.0,3.909090909090909
1130.0,3.888888888888889
817.0,3.8181818181818183
1294.0,3.8181818181818183
1530.0,3.8181818181818183
1606.0,3.8181818181818183
1609.0,3.8181818181818183
1681.0,3.8181818181818183
