item_id,predicted_score
1235.0,5.0
1354.0,5.0
1175.0,5.0
1618.0,5.0
1653.0,5.0
1654.0,5.0
1500.0,5.0
137.0,4.909633468005922
13.0,4.816412621346262
868.0,4.81456891912749
