item_id,predicted_score
1414.0,5.0
1259.0,4.833333333333333
1289.0,4.818100934710618
40.0,4.8172219880226645
135.0,4.816470727975281
1342.0,4.75
306.0,4.727968180677499
616.0,4.727838936279563
67.0,4.727620909735478
211.0,4.726235310053595
