item_id,predicted_score
346.0,5.0
61.0,4.8006257299435
188.0,4.8004114633130825
193.0,4.8003587340086336
480.0,4.800336614069446
124.0,4.800275426140846
1289.0,4.8
1386.0,4.8
200.0,4.7998949938375555
23.0,4.799571564062652
