item_id,predicted_score
1342.0,5.0
1482.0,4.6
1354.0,4.5
1653.0,4.5
194.0,4.4006638579634
970.0,4.400039037722522
89.0,4.4000208964795124
515.0,4.400003796839615
1290.0,4.4
1345.0,4.4
