item_id,predicted_score
79.0,4.600383256631642
82.0,4.400903173578154
405.0,4.4003573425281015
1162.0,4.4
1652.0,4.4
1063.0,4.399759786140377
272.0,4.399518357057681
470.0,4.39905764341274
223.0,4.398213373665356
47.0,4.393798569538978
