item_id,predicted_score
471.0,4.546087039603271
1354.0,4.5
123.0,4.365841802962691
403.0,4.362270296979231
1074.0,4.360912282492904
1424.0,4.333333333333333
1342.0,4.333333333333333
12.0,4.276138794227634
651.0,4.2735241198346285
199.0,4.273270648736515
