item_id,predicted_score
50.0,4.637328138217799
437.0,4.636363636363637
981.0,4.545454545454546
1288.0,4.545454545454546
1500.0,4.545454545454546
174.0,4.5399256452071315
181.0,4.456529961334045
600.0,4.454545454545454
914.0,4.454545454545454
1246.0,4.454545454545454
