item_id,predicted_score
1201.0,5.0
1345.0,5.0
1414.0,5.0
1332.0,5.0
1616.0,5.0
1618.0,5.0
907.0,5.0
1234.0,4.681025069619483
360.0,4.675722908440742
1081.0,4.672650636902341
