item_id,predicted_score
28.0,5.000000000000001
50.0,5.000000000000001
304.0,5.000000000000001
195.0,5.0
903.0,5.0
888.0,5.0
1196.0,5.0
1234.0,5.0
1502.0,5.0
1379.0,5.0
