item_id,predicted_score
858.0,5.000000000000001
1396.0,5.000000000000001
1495.0,5.000000000000001
1592.0,5.000000000000001
119.0,5.0
437.0,5.0
438.0,5.0
442.0,5.0
701.0,5.0
439.0,5.0
