item_id,predicted_score
202.0,4.728157235074019
58.0,4.632408315493992
893.0,4.545454545454546
13.0,4.454715798719995
870.0,4.454545454545454
1201.0,4.454545454545454
1151.0,4.454545454545454
1263.0,4.454545454545454
1354.0,4.428571428571429
283.0,4.364520704490181
