item_id,predicted_score
1342.0,5.0
1354.0,4.5
1482.0,4.5
1653.0,4.5
907.0,4.444444444444445
1472.0,4.331912659043889
879.0,4.272281518455702
471.0,4.182433862451782
270.0,4.182396295698899
239.0,4.182185270520694
