item_id,predicted_score
1614.0,4.8
688.0,4.600675535537048
1455.0,4.6
1238.0,4.4
347.0,4.203958203952267
360.0,4.2
1064.0,4.2
1105.0,4.2
1368.0,4.2
1415.0,4.2
