item_id,predicted_score
1308.0,3.6666666666666665
1408.0,3.6666666666666665
1484.0,3.6666666666666665
643.0,3.6666666666666665
784.0,3.6666666666666665
1104.0,3.6666666666666665
1306.0,3.6666666666666665
1307.0,3.6666666666666665
1334.0,3.6666666666666665
1546.0,3.6666666666666665
