item_id,predicted_score
920.0,4.090909090909091
1323.0,4.090909090909091
1496.0,4.090909090909091
1438.0,4.090909090909091
1612.0,4.090909090909091
1500.0,4.090909090909091
193.0,4.001540654565455
119.0,4.0
545.0,4.0
834.0,4.0
