item_id,predicted_score
1289.0,4.181818181818182
266.0,4.090909090909091
1322.0,4.090909090909091
1612.0,4.090909090909091
724.0,4.090217646143358
355.0,4.000877626090223
1.0,4.000368321542204
353.0,4.0
334.0,4.0
886.0,4.0
