item_id,predicted_score
1332.0,5.0
1455.0,5.0
1674.0,5.0
1502.0,4.857142857142857
1606.0,4.75
643.0,4.720431509626852
1484.0,4.6875061649572185
957.0,4.666666666666667
1308.0,4.666666666666667
1408.0,4.666666666666667
