item_id,predicted_score
1354.0,5.0
1201.0,4.818181818181818
1144.0,4.7272727272727275
1395.0,4.7272727272727275
1496.0,4.7272727272727275
1386.0,4.7272727272727275
1598.0,4.7272727272727275
1555.0,4.7272727272727275
1627.0,4.7272727272727275
1538.0,4.7272727272727275
