item_id,predicted_score
316.0,5.000000000000001
286.0,5.0
1653.0,5.0
742.0,4.999999999999999
637.0,4.999999999999999
122.0,4.911307004048023
255.0,4.910448850903232
189.0,4.9103261811059635
820.0,4.909909517810349
1197.0,4.909814107964499
