item_id,predicted_score
1175.0,5.0
9.0,4.634642363376076
70.0,4.543940686290923
1342.0,4.5
1653.0,4.5
15.0,4.364961028974734
194.0,4.364477155950134
357.0,4.360749170901466
269.0,4.36057380458339
1318.0,4.285714285714286
