item_id,predicted_score
1235.0,5.0
1354.0,5.0
1433.0,5.0
1510.0,5.0
1671.0,5.0
105.0,4.800859579311228
94.0,4.800696364865487
600.0,4.8
804.0,4.8
901.0,4.8
