item_id,predicted_score
169.0,5.0
359.0,5.0
912.0,5.0
1525.0,5.0
1455.0,5.0
1674.0,5.0
147.0,4.802870023570096
270.0,4.802055985906131
190.0,4.8004472993346194
119.0,4.8
