item_id,predicted_score
174.0,4.800315672125972
870.0,4.8
1125.0,4.8
1464.0,4.8
1545.0,4.8
1360.0,4.8
1593.0,4.8
1318.0,4.8
1500.0,4.8
172.0,4.799107915793424
