item_id,predicted_score
587.0,4.181818181818182
760.0,4.090909090909091
1185.0,4.0
1058.0,4.0
1025.0,4.0
758.0,3.909090909090909
798.0,3.909090909090909
826.0,3.909090909090909
853.0,3.909090909090909
1047.0,3.909090909090909
