item_id,predicted_score
179.0,5.000000000000001
269.0,5.000000000000001
479.0,5.000000000000001
181.0,5.0
191.0,5.0
211.0,5.0
432.0,5.0
474.0,5.0
514.0,5.0
23.0,5.0
