item_id,predicted_score
460.0,4.727741009594957
833.0,4.724197027003432
250.0,4.638489018409871
151.0,4.6377627228708524
570.0,4.637424316345113
12.0,4.636652659200449
983.0,4.636363636363637
1620.0,4.636363636363637
762.0,4.635776150092727
831.0,4.549859549490533
