item_id,predicted_score
173.0,4.362927853192839
1212.0,4.181818181818182
1327.0,4.181818181818182
360.0,4.090909090909091
174.0,4.090051006988931
1459.0,4.0
1661.0,4.0
1500.0,4.0
1677.0,4.0
50.0,3.910537823870854
