item_id,predicted_score
269.0,5.0
172.0,4.801044013350563
194.0,4.800224533165265
1243.0,4.8
1127.0,4.8
1455.0,4.8
210.0,4.799640948494519
50.0,4.601213106664141
144.0,4.600128446225044
1122.0,4.6
