item_id,predicted_score
1122.0,5.0
1342.0,5.0
1455.0,5.0
1682.0,5.0
1031.0,4.7272727272727275
1332.0,4.666666666666667
1558.0,4.636364630529044
1201.0,4.555555555555555
551.0,4.545454545454546
1080.0,4.545454545454546
