item_id,predicted_score
1613.0,3.909090909090909
1624.0,3.909090909090909
1625.0,3.909090909090909
927.0,3.8181818181818183
1311.0,3.8181818181818183
1476.0,3.8181818181818183
19.0,3.8172639496559917
512.0,3.8167077661669633
328.0,3.728459111701159
818.0,3.727272727272727
