item_id,predicted_score
50.0,5.0
400.0,5.0
515.0,5.0
1142.0,4.999999999999999
151.0,4.80093081966928
198.0,4.80057559639989
367.0,4.800451214571546
518.0,4.8000235402786835
296.0,4.8
438.0,4.8
