item_id,predicted_score
1342.0,4.5
1682.0,4.5
1122.0,4.0
1414.0,4.0
1354.0,4.0
1619.0,4.0
1397.0,3.886054351620005
1484.0,3.840501014586404
1316.0,3.80014986535619
1308.0,3.763160894034347
