item_id,predicted_score
1155.0,4.8
869.0,4.6008019029346015
529.0,4.600067167528255
199.0,4.5994577287746115
168.0,4.598620019868225
635.0,4.5960226728942715
583.0,4.404823689522662
193.0,4.402573502651759
211.0,4.4005258110142496
305.0,4.400212999969896
