item_id,predicted_score
268.0,4.406176818240476
269.0,4.404237365983153
473.0,4.402655912336461
744.0,4.402423730306195
690.0,4.212588169677346
324.0,4.2121282037089065
151.0,4.208910860844945
713.0,4.206742404054425
1204.0,4.206668766257606
174.0,4.206167935826177
