item_id,predicted_score
1342.0,5.0
1653.0,5.0
1217.0,4.545668033467825
398.0,4.544965336433255
28.0,4.455511540104588
218.0,4.45450306982866
651.0,4.454490675662012
142.0,4.453546286058978
428.0,4.364603639783256
391.0,4.364074010590067
