item_id,predicted_score
1360.0,5.0
1593.0,5.0
480.0,4.8002907195686335
313.0,4.800263526237655
357.0,4.800129232867062
119.0,4.8
691.0,4.8
777.0,4.8
1125.0,4.8
901.0,4.8
