item_id,predicted_score
1115.0,4.726668394379358
1673.0,4.666666666666667
53.0,4.64157917335559
504.0,4.638878392704076
59.0,4.638312234186624
200.0,4.638029073189213
345.0,4.637929949545953
1018.0,4.636617807732031
135.0,4.63625809345471
962.0,4.634700597828778
