item_id,predicted_score
1332.0,5.0
1455.0,5.0
1674.0,5.0
1491.0,4.748314572772487
1318.0,4.666666666666667
1246.0,4.6
1290.0,4.6
930.0,4.599846287256828
1486.0,4.5
1494.0,4.5
