item_id,predicted_score
1360.0,4.454545454545454
1593.0,4.454545454545454
1661.0,4.454545454545454
1674.0,4.454545454545454
291.0,4.365254038684224
50.0,4.364110206946659
172.0,4.363896595431651
181.0,4.36373998246632
79.0,4.363641149146786
822.0,4.363636363636363
