item_id,predicted_score
238.0,4.600839577338906
329.0,4.600226287208636
174.0,4.600078999463732
131.0,4.6000480209875585
1100.0,4.6
184.0,4.599838311479399
211.0,4.599741612049936
12.0,4.599704240046556
501.0,4.598575702318503
209.0,4.597928843421767
