item_id,predicted_score
1519.0,4.666666666666667
1455.0,4.6
268.0,4.4015932162133495
1515.0,4.4
600.0,4.2
1398.0,4.2
1447.0,4.2
1450.0,4.2
1452.0,4.2
1453.0,4.2
