item_id,predicted_score
506.0,4.36396511480648
1246.0,4.363636363636363
1489.0,4.363636363636363
1524.0,4.363636363636363
1589.0,4.363636363636363
1376.0,4.363636363636363
1652.0,4.302619256843869
661.0,4.273871067443314
1059.0,4.2727272727272725
908.0,4.2727272727272725
