item_id,predicted_score
1130.0,5.0
1526.0,4.25
1328.0,4.181818181818182
1486.0,4.142857142857143
1494.0,4.142857142857143
1326.0,4.090909090909091
346.0,4.089240993236809
1491.0,4.069543631664438
1125.0,4.0180221189958605
1353.0,4.0
