item_id,predicted_score
766.0,4.090909090909091
296.0,4.0
1125.0,4.0
1144.0,4.0
1106.0,3.909090909090909
1368.0,3.909090909090909
1448.0,3.909090909090909
1332.0,3.909090909090909
1481.0,3.909090909090909
1517.0,3.909090909090909
