item_id,predicted_score
1463.0,5.0
366.0,4.818181818181818
819.0,4.818181818181818
427.0,4.728177668282209
501.0,4.727762360080367
373.0,4.7272727272727275
438.0,4.7272727272727275
1023.0,4.7272727272727275
898.0,4.7272727272727275
1049.0,4.7272727272727275
