item_id,predicted_score
1342.0,4.5
1440.0,4.454545454545454
98.0,4.361641121971103
523.0,4.273301753798133
185.0,4.273193378885329
427.0,4.27301095655017
603.0,4.272732794901196
1253.0,4.2727272727272725
357.0,4.272675501323799
518.0,4.272654485726531
