item_id,predicted_score
1259.0,5.0
1357.0,5.0
1601.0,4.6
847.0,4.598220700249031
1318.0,4.5
195.0,4.402831948991121
1137.0,4.400136086122797
732.0,4.400053927910815
677.0,4.4
1302.0,4.4
