item_id,predicted_score
1354.0,5.0
1357.0,5.0
91.0,4.544586763152593
487.0,4.5435874426027025
163.0,4.4560110762175125
1620.0,4.455551547047899
479.0,4.454637947919743
1369.0,4.454545454545454
153.0,4.4543209352556214
520.0,4.453888583618443
