item_id,predicted_score
181.0,5.0
1027.0,5.0
1075.0,5.0
1201.0,5.0
1472.0,5.0
1189.0,5.0
1508.0,5.0
750.0,4.999999999999999
879.0,4.999999999999999
257.0,4.801163273696221
