item_id,predicted_score
1606.0,3.727272727272727
67.0,3.6363636363636362
795.0,3.6363636363636362
1030.0,3.6363636363636362
1179.0,3.6363636363636362
1191.0,3.6363636363636362
361.0,3.6363636363636362
36.0,3.6363636363636362
1298.0,3.6363636363636362
74.0,3.6363636363636362
