item_id,predicted_score
79.0,5.000000000000001
230.0,5.000000000000001
515.0,5.000000000000001
581.0,5.000000000000001
55.0,5.0
223.0,5.0
157.0,5.0
598.0,5.0
483.0,5.0
654.0,5.0
