item_id,predicted_score
437.0,4.666666666666667
1528.0,4.538360058419277
1525.0,4.5
1598.0,4.474706076991258
1673.0,4.4
1537.0,4.342566056059851
1201.0,4.333333333333333
1302.0,4.333333333333333
1377.0,4.333333333333333
1609.0,4.333333333333333
