item_id,predicted_score
1500.0,5.0
1673.0,5.0
1455.0,4.8
1130.0,4.333333333333333
1674.0,4.3
1526.0,4.222222222222222
907.0,4.2
1627.0,4.181818181818182
1064.0,4.181362999900127
50.0,4.17411510097003
