item_id,predicted_score
279.0,4.19836028949767
91.0,4.190488121992646
826.0,4.00240677137099
940.0,4.002029574783315
404.0,4.001887720685263
187.0,4.001405756769508
807.0,4.001095235316304
427.0,4.000536212179709
195.0,4.0004382299169015
833.0,4.000071790739381
