item_id,predicted_score
1270.0,5.0
493.0,4.909267910846308
1323.0,4.909090909090909
1398.0,4.909090909090909
1654.0,4.909090909090909
615.0,4.908446492860467
399.0,4.819627287506547
408.0,4.81880909179219
592.0,4.818181818181818
984.0,4.818181818181818
