item_id,predicted_score
448.0,5.000000000000001
118.0,5.000000000000001
187.0,5.0
302.0,5.0
404.0,5.0
437.0,5.0
442.0,5.0
23.0,5.0
357.0,5.0
467.0,5.0
