item_id,predicted_score
136.0,5.0
427.0,4.800175680332268
1144.0,4.8
1538.0,4.8
1644.0,4.8
423.0,4.799944942226071
95.0,4.799651779666743
479.0,4.79948683130114
603.0,4.600672726382557
194.0,4.600281272728447
