item_id,predicted_score
90.0,4.6
1317.0,4.6
273.0,4.4020330390690665
582.0,4.400039037722522
3.0,4.4
77.0,4.4
373.0,4.4
747.0,4.4
928.0,4.4
1119.0,4.4
