item_id,predicted_score
1142.0,4.182673779891395
423.0,4.090728741417239
176.0,4.000966403623332
346.0,4.000391101257966
12.0,4.000369200983966
518.0,4.000108243686765
891.0,4.0
269.0,3.999994910249733
302.0,3.9999456793474177
70.0,3.9995705838375875
