item_id,predicted_score
1661.0,4.181818181818182
1652.0,4.090909090909091
50.0,4.000460325227313
598.0,4.0
1521.0,4.0
1403.0,4.0
1123.0,4.0
1618.0,4.0
1342.0,4.0
79.0,3.9979539045207013
