item_id,predicted_score
1237.0,5.0
1127.0,5.0
1201.0,4.5
1619.0,4.5
1537.0,4.333333333333333
1295.0,4.25
1196.0,4.203707109794397
594.0,4.202073953771489
28.0,4.201598740637854
181.0,4.201329486868509
