item_id,predicted_score
127.0,5.000000000000001
339.0,5.000000000000001
70.0,5.000000000000001
373.0,5.000000000000001
404.0,5.000000000000001
518.0,5.000000000000001
712.0,5.000000000000001
345.0,5.000000000000001
570.0,5.000000000000001
1245.0,5.000000000000001
