item_id,predicted_score
230.0,5.000000000000001
261.0,5.0
428.0,5.0
1159.0,5.0
1172.0,5.0
1246.0,5.0
1414.0,5.0
380.0,4.910040264268512
178.0,4.9098461239709765
740.0,4.909724999169623
