item_id,predicted_score
1455.0,4.5
701.0,4.4
1510.0,4.4
1123.0,4.4
1628.0,4.4
328.0,4.399326464773924
1519.0,4.333333333333333
1619.0,4.25
905.0,4.200743107715924
1213.0,4.2
