item_id,predicted_score
1295.0,4.4
144.0,4.204367925739601
423.0,4.202122490994429
1523.0,4.2
79.0,4.199609970007983
117.0,4.197994655466763
771.0,4.196871529171605
290.0,4.196337446846976
231.0,4.0058298217470725
508.0,4.003049574420871
