item_id,predicted_score
826.0,4.8
180.0,4.601374737921149
96.0,4.601328083150186
568.0,4.6012492984689635
40.0,4.6005017145960405
558.0,4.6001794974147066
1126.0,4.6
363.0,4.6
1165.0,4.6
1149.0,4.6
