item_id,predicted_score
1653.0,5.0
435.0,4.601663134428997
111.0,4.601589209777043
172.0,4.6014099031803655
204.0,4.600710766604613
973.0,4.6
1354.0,4.5
1524.0,4.4
1594.0,4.4
313.0,4.398086127526899
