item_id,predicted_score
437.0,4.0
1332.0,4.0
1653.0,4.0
1455.0,4.0
1674.0,4.0
1682.0,4.0
322.0,3.7236781749425556
1201.0,3.6666666666666665
1619.0,3.6666666666666665
773.0,3.645545842692182
