item_id,predicted_score
476.0,4.455900851465776
1029.0,4.363636363636363
9.0,4.36247098525975
1018.0,4.360642190372125
180.0,4.360260844129398
48.0,4.359084166209173
127.0,4.357820312084609
897.0,4.2727272727272725
947.0,4.2727272727272725
1191.0,4.2727272727272725
