item_id,predicted_score
1130.0,5.0
1212.0,4.666666666666667
838.0,4.5395042867796365
442.0,4.5
1467.0,4.5
1424.0,4.5
1371.0,4.5
1360.0,4.5
1593.0,4.5
1673.0,4.5
