item_id,predicted_score
1130.0,5.0
1354.0,5.0
1519.0,5.0
1212.0,5.0
1614.0,5.0
1455.0,5.0
1332.0,4.857142857142857
1125.0,4.668885694948858
935.0,4.63651688801208
1597.0,4.636363636363637
