item_id,predicted_score
1414.0,5.0
1354.0,5.0
474.0,4.8191740328419685
324.0,4.7290066874767245
135.0,4.7282327650216525
881.0,4.727536536075725
192.0,4.727181260955939
435.0,4.727158051394142
484.0,4.727088311400522
1103.0,4.726915963177547
