item_id,predicted_score
265.0,4.456062943421712
28.0,4.455536163123071
79.0,4.453786073399637
22.0,4.446474382867992
732.0,4.3640021830175435
1234.0,4.2727272727272725
125.0,4.27197923997425
191.0,4.271917489349104
95.0,4.271891531426637
625.0,4.266475421252189
