item_id,predicted_score
1342.0,5.0
181.0,4.800188917675153
1398.0,4.8
174.0,4.600556624051643
897.0,4.6
1504.0,4.6
1614.0,4.6
1374.0,4.6
1237.0,4.4
1241.0,4.4
