item_id,predicted_score
655.0,4.80074545303336
50.0,4.6009160213236795
144.0,4.600791320763018
202.0,4.600239391342649
237.0,4.6001060814342924
742.0,4.6000998302296
1130.0,4.6
1308.0,4.6
1389.0,4.6
643.0,4.6
