item_id,predicted_score
744.0,4.5457788420930685
318.0,4.454743905868579
1253.0,4.454545454545454
1613.0,4.454545454545454
1624.0,4.454545454545454
1625.0,4.454545454545454
1360.0,4.444444444444445
1593.0,4.444444444444445
1342.0,4.4
283.0,4.366161323569972
