item_id,predicted_score
1342.0,4.333333333333333
1332.0,4.25
1472.0,4.224236739426128
1125.0,4.181818181818182
1455.0,4.181818181818182
1360.0,4.125
1593.0,4.125
1201.0,4.090909090909091
1604.0,4.090909090909091
1122.0,4.0
