item_id,predicted_score
172.0,4.800692774215078
1447.0,4.8
1450.0,4.8
1452.0,4.8
1453.0,4.8
1460.0,4.8
1461.0,4.8
1618.0,4.8
237.0,4.6000038205843
1429.0,4.6
