item_id,predicted_score
181.0,4.4001761774509545
1381.0,4.4
1332.0,4.4
1476.0,4.4
1497.0,4.4
1659.0,4.4
1660.0,4.4
50.0,4.20380628499316
296.0,4.2
1106.0,4.2
