item_id,predicted_score
98.0,5.0
893.0,5.0
1313.0,5.0
187.0,4.8012684036743405
603.0,4.800720605215808
523.0,4.800689146835005
127.0,4.800053146798132
872.0,4.8
935.0,4.8
994.0,4.8
