item_id,predicted_score
1653.0,5.0
248.0,4.801368591268222
293.0,4.801046647939718
433.0,4.800852627217507
509.0,4.800453739998244
479.0,4.800214713439683
14.0,4.800194559914678
220.0,4.800125723970387
135.0,4.800048626989378
483.0,4.799874534019408
