item_id,predicted_score
344.0,4.909090909090909
1172.0,4.909090909090909
993.0,4.818377326491732
799.0,4.818181818181818
1615.0,4.818181818181818
755.0,4.728583322972143
308.0,4.7272727272727275
829.0,4.7272727272727275
882.0,4.7272727272727275
1333.0,4.7272727272727275
