item_id,predicted_score
1508.0,4.7272727272727275
1614.0,4.636363636363637
475.0,4.547683926885733
307.0,4.5475254573658175
1027.0,4.545454545454546
1367.0,4.545454545454546
125.0,4.545357885590763
1226.0,4.544941269557733
879.0,4.457256713233572
245.0,4.454816961524077
