item_id,predicted_score
238.0,4.000821717576258
1147.0,4.0
562.0,4.0
1414.0,4.0
259.0,3.807060692831354
290.0,3.805850110405935
552.0,3.804805582158997
537.0,3.8036834571558593
488.0,3.802860026271174
365.0,3.802180037191692
