item_id,predicted_score
66.0,4.999999999999999
732.0,4.909935828644579
28.0,4.909765814780437
96.0,4.909648434380833
195.0,4.819227873357547
22.0,4.819203617461398
88.0,4.816256951757677
95.0,4.7293875222846475
228.0,4.7289741616152545
64.0,4.728868624128459
