item_id,predicted_score
1175.0,5.0
1653.0,5.0
1260.0,4.8
423.0,4.799387222782136
651.0,4.600458317296413
1001.0,4.6
1138.0,4.6
1526.0,4.6
1664.0,4.6
924.0,4.403829014814014
