item_id,predicted_score
1354.0,4.5
1661.0,4.4
1673.0,4.4
1122.0,4.333333333333333
1455.0,4.333333333333333
1674.0,4.333333333333333
1125.0,4.251880127719192
1429.0,4.215183795079651
1175.0,4.203992782487775
1308.0,4.201201474599724
