item_id,predicted_score
1318.0,4.333333333333333
1342.0,4.333333333333333
530.0,4.272339912046978
19.0,4.271871905909216
1653.0,4.25
180.0,4.183019111871184
1197.0,4.178788015592684
235.0,4.168757573067012
361.0,4.166666666666667
1472.0,4.090909090909091
