item_id,predicted_score
1354.0,5.0
879.0,4.457632552204259
306.0,4.3648330964824895
108.0,4.356230491182049
515.0,4.2755752801507265
132.0,4.27362988244322
291.0,4.2735323093983135
318.0,4.27350245106611
151.0,4.273364291002713
174.0,4.272775666291714
