item_id,predicted_score
577.0,5.000000000000001
625.0,5.0
781.0,5.0
1299.0,5.0
1354.0,5.0
1392.0,5.0
29.0,4.999999999999999
403.0,4.801215654506204
22.0,4.800424141065571
356.0,4.8003248142354895
