item_id,predicted_score
598.0,4.818181818181818
1146.0,4.818181818181818
1360.0,4.818181818181818
1593.0,4.818181818181818
473.0,4.81809477558121
302.0,4.81782931314007
316.0,4.8176810397267555
880.0,4.7304040184908915
779.0,4.727923138774157
168.0,4.7277382996262345
