item_id,predicted_score
1653.0,5.0
954.0,4.8
1408.0,4.8
879.0,4.601518833585474
578.0,4.6009696865119105
433.0,4.600563394082868
866.0,4.60033100747077
37.0,4.6
1021.0,4.6
1057.0,4.6
