item_id,predicted_score
1618.0,5.0
1653.0,5.0
1150.0,4.636363636363637
993.0,4.54735919548287
614.0,4.546379983430674
1380.0,4.546253756105255
1211.0,4.546011855475766
255.0,4.545914330954958
1675.0,4.545454545454546
1676.0,4.545454545454546
