item_id,predicted_score
228.0,5.000000000000002
275.0,5.000000000000001
420.0,5.000000000000001
86.0,5.000000000000001
98.0,5.000000000000001
81.0,5.000000000000001
498.0,5.000000000000001
1008.0,5.000000000000001
710.0,5.000000000000001
99.0,5.0
