item_id,predicted_score
1130.0,4.333333333333333
1455.0,4.333333333333333
742.0,4.203782129303355
356.0,4.2024120594675844
1254.0,4.202372778266822
657.0,4.201970996487941
9.0,4.20179866356108
591.0,4.20153342222739
332.0,4.201107691665681
357.0,4.200336110065353
