item_id,predicted_score
1130.0,5.0
1414.0,5.0
1619.0,4.8
600.0,4.746751024450681
677.0,4.666666666666667
1526.0,4.666666666666667
1472.0,4.5015999633457175
1122.0,4.5
1408.0,4.5
1354.0,4.5
