item_id,predicted_score
1526.0,5.0
1614.0,5.0
1455.0,5.0
1661.0,5.0
277.0,4.910505743276308
236.0,4.909867190141688
269.0,4.909554386917742
901.0,4.909090909090909
283.0,4.9089173833769
534.0,4.908662921653634
