item_id,predicted_score
1414.0,5.0
1354.0,5.0
1393.0,4.2
1610.0,4.2
1484.0,4.0306743714145865
1308.0,4.00752051087677
290.0,4.004365155295465
22.0,4.002689432976259
339.0,4.002132164818432
223.0,4.000793731033053
