item_id,predicted_score
1332.0,4.333333333333333
480.0,4.182058581427776
98.0,4.18202555249468
156.0,4.182010573382787
755.0,4.181611172664371
31.0,4.181451582194191
153.0,4.181372751893961
357.0,4.181291390046012
265.0,4.178918702413005
511.0,4.092719106779003
