item_id,predicted_score
1354.0,5.0
688.0,4.802572586220982
446.0,4.8
625.0,4.8
920.0,4.8
981.0,4.8
1379.0,4.8
1456.0,4.8
560.0,4.8
1143.0,4.799246769666556
