item_id,predicted_score
353.0,4.818181818181818
826.0,4.728094340596164
304.0,4.728000250134893
137.0,4.727945241800987
264.0,4.726454061032891
202.0,4.725859888441305
930.0,4.725148978428161
162.0,4.724271427824899
324.0,4.639202123880904
974.0,4.63756826149641
