item_id,predicted_score
677.0,5.0
1342.0,5.0
849.0,4.804039364463324
123.0,4.801893584065366
586.0,4.801809048107583
72.0,4.8014016226893075
763.0,4.801212009378626
398.0,4.80103565504138
750.0,4.80061264692991
545.0,4.8
