item_id,predicted_score
1201.0,5.0
1360.0,5.0
1593.0,5.0
1656.0,4.705705983612104
1354.0,4.666666666666667
1342.0,4.666666666666667
163.0,4.636462060230771
1392.0,4.633856750179573
1674.0,4.571428571428571
677.0,4.555555555555555
