item_id,predicted_score
1455.0,5.0
1318.0,4.6
880.0,4.545760861631065
776.0,4.544926997094884
161.0,4.543880982091523
376.0,4.542345267833952
49.0,4.457033700880538
171.0,4.454900668058235
1427.0,4.454545454545454
50.0,4.454182797101233
