item_id,predicted_score
1600.0,4.7272727272727275
64.0,4.636357996033142
187.0,4.63624476409389
127.0,4.546225808432574
1331.0,4.545454545454546
1604.0,4.545454545454546
742.0,4.545360454302289
96.0,4.544589562472757
148.0,4.544573896437701
356.0,4.543977599946181
