item_id,predicted_score
1342.0,5.0
1332.0,4.5
1455.0,4.5
907.0,4.5
1618.0,4.333333333333333
1654.0,4.285714285714286
1447.0,4.25
1450.0,4.25
1452.0,4.25
1453.0,4.25
