item_id,predicted_score
1674.0,5.0
1397.0,4.20937523685064
1122.0,4.0
1526.0,4.0
1201.0,3.8
1661.0,3.75
382.0,3.7341402586431585
1308.0,3.683420913223977
957.0,3.6666666666666665
1408.0,3.6666666666666665
