item_id,predicted_score
308.0,4.818181818181818
1308.0,4.818181818181818
1330.0,4.818181818181818
1515.0,4.818181818181818
1212.0,4.818181818181818
788.0,4.818181818181818
1455.0,4.818181818181818
350.0,4.7272727272727275
957.0,4.7272727272727275
1201.0,4.7272727272727275
