item_id,predicted_score
1455.0,5.0
1130.0,4.0
1614.0,4.0
895.0,3.814100960521217
288.0,3.8117256203655954
1681.0,3.7
1332.0,3.6666666666666665
1371.0,3.6666666666666665
688.0,3.6434100882584652
532.0,3.6386715390233872
