item_id,predicted_score
1332.0,4.666666666666667
1122.0,4.333333333333333
1674.0,4.333333333333333
1455.0,4.125
313.0,4.087758573421119
1342.0,4.0
245.0,3.896073564838409
1500.0,3.888888888888889
1125.0,3.8181818181818183
1430.0,3.8181818181818183
