item_id,predicted_score
1653.0,5.0
82.0,4.361944160463873
69.0,4.361222124086207
566.0,4.272979371738214
1096.0,4.2727272727272725
265.0,4.272347081058048
66.0,4.271786178400401
313.0,4.18268423115256
28.0,4.182454828005248
64.0,4.182375104321583
