item_id,predicted_score
1354.0,4.5
1342.0,4.5
1178.0,4.4
1411.0,4.4
1398.0,4.4
1367.0,4.4
919.0,4.3994871548247785
324.0,4.39927891802503
345.0,4.396792258358137
455.0,4.396673745950778
