item_id,predicted_score
1247.0,5.0
982.0,5.0
1342.0,5.0
660.0,4.800518761097571
1011.0,4.8000598146706634
127.0,4.800041430777766
263.0,4.8
374.0,4.8
669.0,4.8
872.0,4.8
