item_id,predicted_score
1130.0,4.7
1026.0,4.636363636363637
1614.0,4.636363636363637
109.0,4.631175399983744
4.0,4.545704433236361
89.0,4.545605935284498
1241.0,4.545454545454546
1527.0,4.545454545454546
179.0,4.543994613581487
145.0,4.543912378011962
