item_id,predicted_score
1221.0,4.801110469801721
20.0,4.7935139010752765
1342.0,4.666666666666667
1049.0,4.607447170119802
278.0,4.603145008710529
877.0,4.601632948840982
116.0,4.600978112215237
558.0,4.600756535230715
533.0,4.60035950879726
262.0,4.600170957604025
