item_id,predicted_score
417.0,4.727810635439362
661.0,4.63797485442627
933.0,4.636363636363637
1465.0,4.636363636363637
282.0,4.634699815204905
516.0,4.545668731373212
927.0,4.545454545454546
1368.0,4.545454545454546
1272.0,4.545454545454546
1462.0,4.545454545454546
