item_id,predicted_score
1504.0,4.363636363636363
1525.0,4.363636363636363
1526.0,4.363636363636363
1599.0,4.363636363636363
1164.0,4.363636363636363
195.0,4.273226764159571
109.0,4.273133887665531
357.0,4.273108659610695
210.0,4.272881557717183
144.0,4.272865169261956
