item_id,predicted_score
1.0,4.452850976681428
550.0,4.452794623067167
1662.0,4.4
1673.0,4.4
184.0,4.364827186822585
174.0,4.364439972832877
210.0,4.363712285624859
651.0,4.363395561708072
73.0,4.363100822237591
95.0,4.362945395261644
