item_id,predicted_score
1619.0,5.0
1653.0,5.0
18.0,4.802439097383624
1456.0,4.801957841840646
1134.0,4.8002784759898915
1215.0,4.794145734376889
585.0,4.614467387560774
1283.0,4.610274699265106
80.0,4.60997261171726
1407.0,4.609470429343535
