item_id,predicted_score
1397.0,5.0
1619.0,5.0
1673.0,4.666666666666667
1408.0,4.665546189954029
1484.0,4.515337185707293
1308.0,4.507577497529358
957.0,4.5
1371.0,4.5
784.0,4.5
1104.0,4.5
