item_id,predicted_score
1500.0,4.555555555555555
1342.0,4.5
1064.0,4.363636363636363
1123.0,4.363636363636363
1618.0,4.363636363636363
677.0,4.2727272727272725
1295.0,4.2727272727272725
127.0,4.272027197058795
313.0,4.271920834186124
174.0,4.266246208938118
