item_id,predicted_score
957.0,5.0
1122.0,5.0
1130.0,5.0
1398.0,5.0
1599.0,5.0
1342.0,5.0
1472.0,4.813149434625496
1397.0,4.506616805991715
1573.0,4.5
1318.0,4.5
