item_id,predicted_score
169.0,5.000000000000002
14.0,5.000000000000002
1.0,5.000000000000001
29.0,5.000000000000001
38.0,5.000000000000001
42.0,5.000000000000001
55.0,5.000000000000001
68.0,5.000000000000001
109.0,5.000000000000001
111.0,5.000000000000001
