item_id,predicted_score
180.0,3.9998685925188746
1201.0,3.8181818181818183
302.0,3.8171739353197207
187.0,3.813854172483002
404.0,3.7287073420198795
127.0,3.7222278704946494
200.0,3.7150275697827864
669.0,3.6363636363636362
1455.0,3.6363636363636362
708.0,3.635899253732311
