item_id,predicted_score
696.0,4.802111314695805
137.0,4.801242854771622
633.0,4.801077816219625
1012.0,4.800639273594136
493.0,4.800373871223786
116.0,4.800345033923604
529.0,4.800100895819845
309.0,4.8
352.0,4.8
976.0,4.8
