item_id,predicted_score
1653.0,4.666666666666667
907.0,4.6
1510.0,4.4
1367.0,4.4
1654.0,4.4
1500.0,4.4
1342.0,4.333333333333333
594.0,4.2
838.0,4.2
909.0,4.2
