item_id,predicted_score
82.0,4.204172581817974
241.0,4.2
225.0,4.2
576.0,4.2
790.0,4.2
1185.0,4.2
1459.0,4.2
66.0,4.000491855868465
15.0,4.0
87.0,4.0
