item_id,predicted_score
1342.0,5.0
174.0,4.818852449699432
50.0,4.818790332040603
181.0,4.8187644716535605
498.0,4.728017689315836
1234.0,4.7272727272727275
95.0,4.727271629508373
172.0,4.638000046271647
202.0,4.637677544192967
628.0,4.637485334351481
