item_id,predicted_score
283.0,4.18299283483511
232.0,4.002367339096047
281.0,4.001840850498894
1315.0,3.9964346112270444
563.0,3.915377462013094
433.0,3.9141484024488893
572.0,3.9140275327431864
106.0,3.9123715609546137
673.0,3.9108609066701816
468.0,3.910446410962242
