item_id,predicted_score
1434.0,5.0
1502.0,5.0
1357.0,5.0
173.0,4.800201381593028
1368.0,4.8
1333.0,4.8
1490.0,4.8
1605.0,4.8
168.0,4.7997689137885455
730.0,4.79694461956585
