item_id,predicted_score
1062.0,4.909090909090909
1026.0,4.818181818181818
1201.0,4.818181818181818
1361.0,4.818181818181818
1511.0,4.818181818181818
1316.0,4.818181818181818
263.0,4.7272727272727275
957.0,4.7272727272727275
1332.0,4.7272727272727275
1482.0,4.7272727272727275
