item_id,predicted_score
1573.0,4.5
1455.0,4.333333333333333
1674.0,4.333333333333333
1502.0,4.114610399223349
272.0,4.091182197633248
290.0,4.090662936107335
156.0,4.090402904041116
458.0,4.090396228197711
123.0,4.089880397615441
218.0,4.0896982892480125
