item_id,predicted_score
1467.0,5.0
1614.0,5.0
1682.0,5.0
643.0,4.720431509626852
1367.0,4.675670790455146
784.0,4.666666666666667
1104.0,4.666666666666667
1306.0,4.666666666666667
1307.0,4.666666666666667
1334.0,4.666666666666667
