item_id,predicted_score
1342.0,4.5
561.0,4.270967998909434
217.0,4.092098942565839
967.0,4.090909090909091
1616.0,4.090909090909091
1327.0,4.090909090909091
1674.0,4.090909090909091
173.0,4.088452528232894
181.0,4.000552709185442
55.0,4.000071919884857
