item_id,predicted_score
1122.0,5.0
1455.0,5.0
1604.0,4.833333333333333
1614.0,4.666666666666667
1539.0,4.545454545454546
1627.0,4.545454545454546
1526.0,4.5
1371.0,4.5
74.0,4.454545454545454
600.0,4.4
