item_id,predicted_score
1122.0,5.0
1626.0,4.666666666666667
600.0,4.5
677.0,4.5
1476.0,4.5
1542.0,4.5
1362.0,4.5
1500.0,4.5
1682.0,4.5
236.0,4.456204667057662
