item_id,predicted_score
64.0,4.800375846111671
527.0,4.600540016840929
515.0,4.600450883318654
48.0,4.600143236248289
920.0,4.6
1351.0,4.6
288.0,4.599800133495992
423.0,4.599392608340558
1354.0,4.5
651.0,4.400975051557411
