item_id,predicted_score
1175.0,5.0
1653.0,5.0
1332.0,4.666666666666667
1515.0,4.666666666666667
1122.0,4.5
1525.0,4.5
957.0,4.4
1476.0,4.333333333333333
1347.0,4.254658847715689
1125.0,4.25
