item_id,predicted_score
1354.0,5.0
1342.0,5.0
173.0,4.545679647249186
153.0,4.54476268065906
172.0,4.544356709225947
223.0,4.454800960671753
111.0,4.454790286814887
141.0,4.454689582678846
64.0,4.454379434561008
1431.0,4.454360557537914
