item_id,predicted_score
272.0,4.799999751786151
143.0,4.797329275505098
218.0,4.60083313465765
1398.0,4.6
1369.0,4.6
1443.0,4.6
1599.0,4.6
1673.0,4.6
423.0,4.59994051793377
736.0,4.59987634439921
