item_id,predicted_score
1653.0,5.0
12.0,4.9086795386748845
895.0,4.819681942492804
347.0,4.819510074521534
423.0,4.819072856251721
404.0,4.818680198414957
315.0,4.818565044688111
154.0,4.818475920922034
193.0,4.818474108059525
141.0,4.81827284776449
