item_id,predicted_score
1342.0,5.0
616.0,4.801757003219274
1438.0,4.8
1497.0,4.8
1659.0,4.8
1660.0,4.8
100.0,4.603008239769243
23.0,4.60000129088777
832.0,4.6
870.0,4.6
