item_id,predicted_score
1653.0,5.0
183.0,4.601249084778874
444.0,4.406299133461322
231.0,4.40443406216119
979.0,4.402895201772623
82.0,4.402697378417694
101.0,4.402505294423576
181.0,4.402179900680375
172.0,4.401408277090465
23.0,4.40063217853399
