item_id,predicted_score
165.0,4.601748915536402
547.0,4.601468340439784
642.0,4.601246212763023
1271.0,4.600117959560575
1070.0,4.599885594610389
1019.0,4.59913668983396
664.0,4.595638266017813
543.0,4.594061529627469
880.0,4.405874986942483
344.0,4.405065378487062
