item_id,predicted_score
1618.0,4.166666666666667
1414.0,4.0
1175.0,4.0
1318.0,4.0
1671.0,4.0
1433.0,3.963525491562421
763.0,3.905326104144863
1654.0,3.9
1347.0,3.890281892180895
1675.0,3.857142857142857
