item_id,predicted_score
1122.0,5.0
1354.0,5.0
1526.0,5.0
1342.0,5.0
1682.0,5.0
1606.0,4.833333333333333
1398.0,4.666666666666667
1332.0,4.666666666666667
1125.0,4.663315817355205
1330.0,4.6
