item_id,predicted_score
1202.0,4.2727272727272725
426.0,4.2727272727272725
261.0,4.181818181818182
545.0,4.181818181818182
757.0,4.181818181818182
1035.0,4.181818181818182
377.0,4.181818181818182
1443.0,4.181818181818182
354.0,4.181059925295389
436.0,4.091605796676789
