item_id,predicted_score
1414.0,5.0
1354.0,5.0
1175.0,5.0
1332.0,5.0
1342.0,5.0
1455.0,5.0
106.0,4.802393061157706
319.0,4.802221195732698
1011.0,4.801397975951588
135.0,4.800707786335803
