item_id,predicted_score
22.0,4.800221684853408
1354.0,4.8
89.0,4.799156840588637
135.0,4.7990888742049025
188.0,4.6014263646334745
419.0,4.601170436608724
87.0,4.601162071449881
11.0,4.601059081556868
190.0,4.601053623976131
276.0,4.600679287612442
