item_id,predicted_score
1295.0,4.6
1598.0,4.6
472.0,4.403437053090903
846.0,4.400279478064371
1130.0,4.4
1486.0,4.4
1494.0,4.4
1535.0,4.4
1674.0,4.4
417.0,4.200719826638929
