item_id,predicted_score
1122.0,5.0
1472.0,5.0
1519.0,5.0
1371.0,5.0
1360.0,5.0
1593.0,5.0
1627.0,5.0
1653.0,5.0
600.0,4.666666666666667
677.0,4.666666666666667
