item_id,predicted_score
1500.0,4.5
1332.0,4.25
1201.0,4.1
50.0,4.093439781939023
1381.0,4.090909090909091
204.0,4.089740969530274
732.0,4.082560087552766
296.0,4.0
1616.0,4.0
1621.0,4.0
