item_id,predicted_score
1653.0,4.666666666666667
1064.0,4.6
1508.0,4.6
23.0,4.598997735562151
838.0,4.4
897.0,4.4
1081.0,4.4
1545.0,4.4
1654.0,4.4
79.0,4.399172965380573
