item_id,predicted_score
1122.0,5.0
1201.0,5.0
1414.0,5.0
1332.0,5.0
1614.0,5.0
1342.0,5.0
1455.0,5.0
907.0,5.0
1127.0,4.7526013620262795
1431.0,4.749370261055009
