item_id,predicted_score
1130.0,5.0
1526.0,4.666666666666667
995.0,4.45631861928664
1471.0,4.454545454545454
1049.0,4.363638541445806
668.0,4.363636363636363
757.0,4.363636363636363
799.0,4.363636363636363
1305.0,4.363636363636363
1147.0,4.3629801155708305
