item_id,predicted_score
222.0,4.800297798975828
313.0,4.601453250375639
318.0,4.6004042915679095
657.0,4.600328402062852
58.0,4.600292336099944
1122.0,4.6
912.0,4.6
1619.0,4.6
228.0,4.599820358216094
419.0,4.598861097879016
