item_id,predicted_score
1201.0,5.0
1332.0,5.0
1653.0,5.0
1253.0,4.8
1409.0,4.8
1464.0,4.8
1430.0,4.8
1374.0,4.8
455.0,4.601003834888323
597.0,4.600412087341108
