item_id,predicted_score
558.0,5.000000000000001
24.0,5.000000000000001
144.0,5.0
1012.0,5.0
1130.0,5.0
168.0,4.999999999999999
241.0,4.999999999999999
866.0,4.803733565068535
763.0,4.802993992371207
1041.0,4.802242871666108
