item_id,predicted_score
916.0,4.4011674310651685
781.0,4.400832467261905
997.0,4.400176558685222
598.0,4.4
906.0,4.4
1628.0,4.4
1674.0,4.4
272.0,4.399704256123414
603.0,4.399201115555319
196.0,4.399114232731607
