item_id,predicted_score
76.0,4.272225405559974
3.0,4.09060054437193
176.0,4.000251586029555
1293.0,4.0
1175.0,4.0
1432.0,4.0
1433.0,4.0
1613.0,4.0
1617.0,4.0
1624.0,4.0
