item_id,predicted_score
369.0,4.203878813228441
1028.0,4.004963613409051
815.0,4.004170116093265
476.0,4.003617084974897
829.0,4.003161815481608
622.0,4.001702660383174
1067.0,4.000584541816735
117.0,4.0004567251895615
437.0,4.0
791.0,4.0
