item_id,predicted_score
8.0,5.000000000000001
25.0,5.000000000000001
66.0,5.000000000000001
258.0,5.000000000000001
303.0,5.000000000000001
327.0,5.000000000000001
70.0,5.000000000000001
121.0,5.000000000000001
186.0,5.000000000000001
64.0,5.000000000000001
