item_id,predicted_score
55.0,5.000000000000001
425.0,5.0
467.0,5.0
307.0,5.0
657.0,5.0
681.0,5.0
888.0,5.0
65.0,4.999999999999999
1514.0,4.999999999999998
890.0,4.805019690296886
