item_id,predicted_score
879.0,4.801592605840579
475.0,4.800446926677303
329.0,4.8
600.0,4.8
858.0,4.8
1125.0,4.8
1216.0,4.8
1467.0,4.8
1532.0,4.8
1484.0,4.8
