item_id,predicted_score
659.0,4.816881892234975
494.0,4.816202507572853
1146.0,4.7272727272727275
1190.0,4.7272727272727275
70.0,4.725063716850454
551.0,4.639819954689389
185.0,4.6380847813474
592.0,4.636363636363637
1138.0,4.636363636363637
1408.0,4.636363636363637
