item_id,predicted_score
527.0,5.000000000000001
872.0,5.000000000000001
307.0,5.0
1026.0,5.0
1308.0,5.0
1523.0,5.0
1392.0,5.0
643.0,5.0
784.0,5.0
1104.0,5.0
