item_id,predicted_score
1455.0,4.5
1519.0,4.333333333333333
1619.0,4.25
1515.0,4.166666666666667
328.0,4.091994131433057
1556.0,4.076374434577954
1308.0,4.00600737299862
1212.0,4.000589450146474
332.0,4.000527840428291
1130.0,4.0
