item_id,predicted_score
1519.0,5.0
1526.0,5.0
981.0,4.8
1289.0,4.8
868.0,4.8
1419.0,4.798783434922341
590.0,4.798379600026143
1357.0,4.666666666666667
839.0,4.666666666666667
375.0,4.607508511212201
