item_id,predicted_score
210.0,4.40079287859824
222.0,4.400166689674211
891.0,4.4
1614.0,4.4
1142.0,4.398845697836742
176.0,4.398728651836101
181.0,4.203964885060457
187.0,4.202018795421366
228.0,4.201928246164624
313.0,4.200463800855313
