item_id,predicted_score
1653.0,4.666666666666667
23.0,4.4546995711980255
1508.0,4.454545454545454
1654.0,4.363636363636363
1381.0,4.2727272727272725
1504.0,4.2727272727272725
1525.0,4.2727272727272725
1609.0,4.2727272727272725
1500.0,4.2727272727272725
897.0,4.181818181818182
