item_id,predicted_score
1.0,4.54591362776136
174.0,4.54552790077268
12.0,4.545072715748968
181.0,4.545036228435131
28.0,4.454719884855006
1302.0,4.454545454545454
1212.0,4.454545454545454
1618.0,4.454545454545454
1654.0,4.454545454545454
1500.0,4.454545454545454
