item_id,predicted_score
1455.0,5.0
1308.0,4.755640383157577
643.0,4.666666666666667
784.0,4.666666666666667
1104.0,4.666666666666667
1306.0,4.666666666666667
1307.0,4.666666666666667
1334.0,4.666666666666667
1546.0,4.666666666666667
1548.0,4.666666666666667
