item_id,predicted_score
600.0,5.0
677.0,5.0
1122.0,5.0
1526.0,5.0
1342.0,5.0
1397.0,4.833333333333333
957.0,4.666666666666667
1398.0,4.666666666666667
427.0,4.636824625270854
1653.0,4.625
