item_id,predicted_score
1354.0,5.0
515.0,4.727612102092391
948.0,4.727392288921277
1175.0,4.666666666666667
1308.0,4.636363636363637
1399.0,4.636363636363637
1429.0,4.636363636363637
1502.0,4.636363636363637
784.0,4.636363636363637
1104.0,4.636363636363637
