item_id,predicted_score
871.0,5.0
1527.0,5.0
1292.0,5.0
831.0,4.801060858244661
689.0,4.8003017864642405
3.0,4.800255468788159
742.0,4.800042196335962
115.0,4.8
596.0,4.8
690.0,4.8
