item_id,predicted_score
882.0,5.000000000000001
1414.0,5.0
1519.0,5.0
268.0,4.909645072295315
437.0,4.909090909090909
1604.0,4.909090909090909
340.0,4.908805324753896
1446.0,4.818425515775108
1004.0,4.818424159614438
185.0,4.818204300615374
