item_id,predicted_score
1472.0,4.333333333333333
1162.0,3.8368043272032577
1599.0,3.7777777777777777
1280.0,3.7465994293905407
1177.0,3.7460515493591213
1488.0,3.743939740157776
446.0,3.743122435433579
1512.0,3.739083788336756
854.0,3.738209158987279
1154.0,3.7379726944292435
