item_id,predicted_score
960.0,4.732826745835918
806.0,4.7286624539195214
197.0,4.7275375715094
428.0,4.7267847599663035
86.0,4.726738245588689
25.0,4.726564294829785
782.0,4.7260741392822005
863.0,4.725220768887109
1653.0,4.666666666666667
1488.0,4.6533156060503895
