item_id,predicted_score
1130.0,5.0
1619.0,5.0
1682.0,5.0
701.0,4.6
1368.0,4.6
612.0,4.599144019858995
882.0,4.588874896398189
1332.0,4.5
306.0,4.405448087952992
105.0,4.4006099176318365
