item_id,predicted_score
1122.0,5.0
1398.0,4.666666666666667
1332.0,4.666666666666667
1472.0,4.598976678369581
1175.0,4.592014435024449
1354.0,4.5
1342.0,4.5
1653.0,4.5
1611.0,4.363054397653284
142.0,4.360069014227697
