item_id,predicted_score
1653.0,4.375
1342.0,4.333333333333333
1235.0,4.2
1150.0,4.181818181818182
1629.0,4.181818181818182
1673.0,4.181818181818182
1433.0,4.0909334405243145
1531.0,4.090909090909091
1654.0,4.090909090909091
1671.0,4.090909090909091
