item_id,predicted_score
1354.0,5.0
1332.0,5.0
1618.0,5.0
1429.0,4.666666666666667
1508.0,4.545454545454546
677.0,4.5
1122.0,4.5
1175.0,4.5
1371.0,4.5
1484.0,4.5
