item_id,predicted_score
1004.0,4.2
1234.0,4.2
1051.0,4.19442497672136
447.0,4.000217696455353
341.0,4.0
1024.0,4.0
1241.0,4.0
1431.0,4.0
1250.0,4.0
1369.0,4.0
