item_id,predicted_score
1342.0,5.0
1354.0,4.5
868.0,4.2774405218175895
1125.0,4.25
1212.0,4.229668484512165
1612.0,4.010385975548965
1530.0,4.001453850417018
957.0,4.0
858.0,4.0
1122.0,4.0
