item_id,predicted_score
1175.0,5.0
173.0,4.800117435503533
1327.0,4.8
1.0,4.600206561493146
1372.0,4.6
1409.0,4.6
1367.0,4.6
1455.0,4.6
1500.0,4.6
1342.0,4.5
