item_id,predicted_score
1653.0,4.6
1354.0,4.5
600.0,4.333333333333333
677.0,4.333333333333333
1332.0,4.333333333333333
319.0,4.1850281491625525
304.0,4.088174602996873
310.0,4.088053010940338
270.0,4.087755177183399
1398.0,4.0
