item_id,predicted_score
1653.0,4.5
868.0,4.4
197.0,4.201337702498273
473.0,4.200742560714299
238.0,4.200245332337468
248.0,4.200121013999368
359.0,4.2
490.0,4.2
592.0,4.2
758.0,4.2
