item_id,predicted_score
1414.0,5.0
1332.0,5.0
1614.0,5.0
1346.0,4.666666666666667
1360.0,4.666666666666667
1593.0,4.666666666666667
868.0,4.502525316941673
1656.0,4.5
957.0,4.4
1201.0,4.4
