item_id,predicted_score
666.0,4.545454545454546
1117.0,4.545454545454546
1290.0,4.545454545454546
1398.0,4.545454545454546
1642.0,4.545454545454546
429.0,4.454785084266081
360.0,4.454545454545454
889.0,4.454545454545454
1057.0,4.454545454545454
1132.0,4.454545454545454
