item_id,predicted_score
473.0,5.000000000000001
482.0,5.000000000000001
23.0,5.000000000000001
569.0,5.000000000000001
81.0,5.000000000000001
315.0,5.000000000000001
181.0,5.0
197.0,5.0
286.0,5.0
347.0,5.0
