item_id,predicted_score
1256.0,5.0
1328.0,5.0
1410.0,5.0
116.0,4.800576452316339
56.0,4.800302433365366
248.0,4.800111478390719
359.0,4.8
777.0,4.8
914.0,4.8
1075.0,4.8
