item_id,predicted_score
957.0,5.0
626.0,5.0
643.0,5.0
788.0,5.0
1463.0,5.0
186.0,4.602815761594764
470.0,4.6013099124846635
92.0,4.600889601676319
1.0,4.600713130320637
928.0,4.600209288450011
