item_id,predicted_score
1354.0,4.0
1510.0,4.0
1482.0,3.75
920.0,3.704815039935572
1083.0,3.6672958047766855
1526.0,3.6666666666666665
446.0,3.6448924033787313
37.0,3.615541289191879
1159.0,3.6035492911876554
437.0,3.602434329033257
