item_id,predicted_score
50.0,4.635981762100923
181.0,4.543574265516283
157.0,4.4511199086492566
751.0,4.364137112253948
127.0,4.364048234530879
1165.0,4.363636363636363
129.0,4.361129518437264
302.0,4.359501983235016
172.0,4.359214852211822
151.0,4.356682145384103
