item_id,predicted_score
879.0,5.0
975.0,5.0
458.0,5.0
898.0,5.0
1228.0,5.0
1076.0,5.0
734.0,5.0
470.0,4.802181159013874
1014.0,4.801618023832645
298.0,4.801505599444575
