item_id,predicted_score
1354.0,5.0
172.0,4.456669984572362
181.0,4.456528202438388
174.0,4.454261645150075
176.0,4.454236395509577
1327.0,4.363636363636363
732.0,4.363373735206246
99.0,4.275160525295596
193.0,4.273034511179882
1234.0,4.2727272727272725
