item_id,predicted_score
210.0,5.000000000000001
732.0,5.000000000000001
22.0,5.0
28.0,5.0
66.0,5.0
228.0,5.0
64.0,5.0
96.0,5.0
735.0,5.0
1120.0,5.0
