item_id,predicted_score
1526.0,4.5
92.0,4.001490735748275
285.0,4.000521500084514
1148.0,4.0
1354.0,4.0
1332.0,4.0
1361.0,4.0
1486.0,4.0
1491.0,4.0
1494.0,4.0
