item_id,predicted_score
174.0,4.726972762827444
313.0,4.726825685043157
1122.0,4.636363636363637
302.0,4.635883307213294
96.0,4.635780905480564
204.0,4.544461469690065
1142.0,4.54347984999333
1455.0,4.454545454545454
15.0,4.454361407758306
333.0,4.453846622170515
