item_id,predicted_score
1414.0,5.0
1354.0,4.25
1526.0,4.25
1500.0,4.25
1612.0,4.201324765155006
1467.0,4.090909090909091
1652.0,4.090909090909091
861.0,4.042699311509054
1027.0,4.038548215769386
39.0,4.002616513905242
