item_id,predicted_score
1130.0,4.333333333333333
1455.0,4.333333333333333
1201.0,4.0
1332.0,4.0
63.0,3.8176663274802225
434.0,3.8134608651391257
1614.0,3.75
401.0,3.738093869499665
356.0,3.730975682489917
77.0,3.7308575461177624
