item_id,predicted_score
1175.0,5.0
1653.0,5.0
655.0,4.80051183132648
433.0,4.800103348368659
632.0,4.7996461155833865
1332.0,4.666666666666667
1515.0,4.666666666666667
942.0,4.603330679472343
654.0,4.603260434477312
87.0,4.6021573483893965
