item_id,predicted_score
1342.0,5.0
1354.0,4.666666666666667
649.0,4.6370942749846
13.0,4.636918575708454
770.0,4.63635893222535
170.0,4.635590680939872
1332.0,4.571428571428571
572.0,4.546601660693659
1109.0,4.546203928014536
708.0,4.54595179820222
