item_id,predicted_score
856.0,4.400342549586285
1064.0,4.4
1467.0,4.333333333333333
1614.0,4.333333333333333
1342.0,4.333333333333333
1682.0,4.333333333333333
833.0,4.202099613501625
192.0,4.2016437673692915
327.0,4.2011618713207985
132.0,4.200009566704144
