item_id,predicted_score
285.0,4.725001493142027
269.0,4.636689286199125
302.0,4.635240182310182
515.0,4.6339210650022915
1308.0,4.6036044237991725
784.0,4.6
1104.0,4.6
1306.0,4.6
1307.0,4.6
1334.0,4.6
