item_id,predicted_score
292.0,4.802239260269412
597.0,4.802217351267393
223.0,4.802100757227622
382.0,4.801705583116803
1016.0,4.801316133053699
713.0,4.801278845413399
633.0,4.801029945087072
408.0,4.8007004344331055
154.0,4.800659252389962
430.0,4.800410188763624
