item_id,predicted_score
90.0,4.800711206126036
1234.0,4.8
1491.0,4.8
1513.0,4.8
1327.0,4.8
1654.0,4.8
1110.0,4.799724166844449
1519.0,4.666666666666667
141.0,4.602040338859122
251.0,4.602012039990255
