item_id,predicted_score
240.0,4.2610445088021605
140.0,4.1818675039668465
1531.0,4.180860527453512
1.0,4.180422035062277
613.0,4.179592611903829
630.0,4.179154155236109
1652.0,4.166666666666667
1616.0,4.125
1385.0,4.098591270112223
583.0,4.094950497364985
