item_id,predicted_score
187.0,4.599350390625957
651.0,4.598293220956627
302.0,4.401018422649083
1127.0,4.400276530380967
172.0,4.400192102953599
504.0,4.400151976188074
903.0,4.4
1176.0,4.4
1299.0,4.4
1396.0,4.4
