item_id,predicted_score
1278.0,4.8
480.0,4.798382697665514
488.0,4.600291102053136
634.0,4.6
991.0,4.6
1049.0,4.6
120.0,4.6
1247.0,4.6
1614.0,4.6
1652.0,4.6
