item_id,predicted_score
1389.0,4.636363636363637
318.0,4.544184402895823
1519.0,4.454545454545454
1618.0,4.454545454545454
1304.0,4.363636363636363
1162.0,4.363636363636363
1598.0,4.363636363636363
1622.0,4.363636363636363
1672.0,4.363636363636363
673.0,4.362925893985615
