item_id,predicted_score
1354.0,5.0
1357.0,5.0
1419.0,4.637097300667199
374.0,4.636363636363637
1175.0,4.592014435024449
430.0,4.546371168564573
976.0,4.545454545454546
1002.0,4.545454545454546
1337.0,4.545454545454546
1250.0,4.545454545454546
