item_id,predicted_score
416.0,5.000000000000002
432.0,5.000000000000002
749.0,5.000000000000002
800.0,5.000000000000002
1091.0,5.000000000000002
2.0,5.000000000000001
13.0,5.000000000000001
30.0,5.000000000000001
99.0,5.000000000000001
115.0,5.000000000000001
