item_id,predicted_score
1122.0,4.0
1125.0,4.0
1424.0,4.0
1357.0,4.0
1472.0,3.857142857142857
827.0,3.8241389166139346
153.0,3.8209410732082487
735.0,3.819942271942957
427.0,3.819902140551749
1101.0,3.8198877955240005
