item_id,predicted_score
98.0,4.400488000491497
95.0,4.399287246739458
318.0,4.201501406869105
202.0,4.200759737316058
65.0,4.2004747513520195
496.0,4.2003436206593925
438.0,4.2
1443.0,4.2
1527.0,4.2
1619.0,4.2
