item_id,predicted_score
250.0,4.801869784913551
236.0,4.800131712604781
146.0,4.8
870.0,4.8
1496.0,4.8
1012.0,4.79965189546934
249.0,4.797863356454039
114.0,4.600508501154887
721.0,4.600480251409013
127.0,4.600304286749201
