item_id,predicted_score
687.0,5.000000000000002
15.0,5.000000000000001
16.0,5.000000000000001
26.0,5.000000000000001
32.0,5.000000000000001
52.0,5.000000000000001
87.0,5.000000000000001
99.0,5.000000000000001
109.0,5.000000000000001
116.0,5.000000000000001
