item_id,predicted_score
1122.0,4.181818181818182
172.0,4.08628372291846
888.0,4.0
1212.0,4.0
50.0,3.998037251277615
1083.0,3.909090909090909
1398.0,3.909090909090909
1347.0,3.909090909090909
1614.0,3.909090909090909
1500.0,3.909090909090909
