item_id,predicted_score
351.0,4.410096546728437
1077.0,4.4065557823813375
1183.0,4.4056302145086805
921.0,4.4029585840090775
1289.0,4.401559603232921
318.0,4.4011316156162605
590.0,4.400944795085373
37.0,4.4
758.0,4.4
767.0,4.4
