item_id,predicted_score
901.0,4.636363636363637
1032.0,4.363636363636363
1114.0,4.363636363636363
894.0,4.363636363636363
1501.0,4.363636363636363
1.0,4.273205515044842
296.0,4.2727272727272725
870.0,4.2727272727272725
935.0,4.2727272727272725
1125.0,4.2727272727272725
