item_id,predicted_score
1342.0,5.0
1500.0,4.8
1399.0,4.6
839.0,4.6
1354.0,4.5
181.0,4.401797353431231
96.0,4.400855995243864
993.0,4.4005151373527065
1.0,4.400039058318807
360.0,4.4
