item_id,predicted_score
404.0,5.0
603.0,4.800605711238921
293.0,4.800496982782748
282.0,4.800362147990719
523.0,4.800349808740065
357.0,4.8002918672648764
82.0,4.800241055301651
79.0,4.800136373582837
173.0,4.8001248046709675
427.0,4.800079528100313
