item_id,predicted_score
1.0,5.000000000000001
8.0,5.000000000000001
16.0,5.000000000000001
165.0,5.000000000000001
166.0,5.000000000000001
257.0,5.000000000000001
271.0,5.000000000000001
174.0,5.000000000000001
512.0,5.000000000000001
536.0,5.000000000000001
