item_id,predicted_score
660.0,5.000000000000002
479.0,5.000000000000002
7.0,5.000000000000001
9.0,5.000000000000001
13.0,5.000000000000001
55.0,5.000000000000001
135.0,5.000000000000001
153.0,5.000000000000001
176.0,5.000000000000001
181.0,5.000000000000001
