item_id,predicted_score
1414.0,4.8
722.0,4.635743714278343
764.0,4.547673316220344
1521.0,4.545454545454546
416.0,4.544959376051979
1025.0,4.457148849029972
1010.0,4.455206031132664
435.0,4.454551751464956
706.0,4.454545454545454
1247.0,4.454545454545454
