item_id,predicted_score
153.0,4.600200688748019
1599.0,4.6
1459.0,4.6
1500.0,4.6
32.0,4.599476243619986
1228.0,4.403354198849197
124.0,4.401686607375712
537.0,4.4013427273655195
50.0,4.400741606605271
42.0,4.400638682433291
