item_id,predicted_score
1079.0,4.403917504263706
391.0,4.401100445873145
402.0,4.400388247603847
44.0,4.400324543136844
600.0,4.4
870.0,4.4
914.0,4.4
1275.0,4.4
1324.0,4.4
392.0,4.39988114392799
