item_id,predicted_score
187.0,4.5464202731554355
134.0,4.546085062520478
1385.0,4.545454545454546
437.0,4.454545454545454
1146.0,4.454545454545454
1403.0,4.454545454545454
1673.0,4.454545454545454
663.0,4.454306662307484
143.0,4.450618880462371
1414.0,4.4
