item_id,predicted_score
239.0,4.4010430123263236
572.0,4.400135721950814
511.0,4.40009954434244
1447.0,4.4
1450.0,4.4
1452.0,4.4
1453.0,4.4
1460.0,4.4
1461.0,4.4
1499.0,4.4
