item_id,predicted_score
1342.0,5.0
712.0,4.8010791763042855
558.0,4.799386956211311
812.0,4.6
724.0,4.599008325299166
1201.0,4.5
67.0,4.405257648508933
213.0,4.405128604481345
269.0,4.40441243058705
845.0,4.404383140018263
