item_id,predicted_score
1526.0,5.0
1455.0,5.0
288.0,4.797856160322579
258.0,4.600773012708027
333.0,4.600703915203202
666.0,4.6
998.0,4.6
1027.0,4.6
1146.0,4.6
1209.0,4.6
