item_id,predicted_score
1342.0,5.0
181.0,4.365392551576842
172.0,4.36428916858345
1374.0,4.363636363636363
1398.0,4.2727272727272725
1100.0,4.2727272727272725
1504.0,4.2727272727272725
1654.0,4.2727272727272725
95.0,4.272590517659049
50.0,4.1838456345746735
