item_id,predicted_score
108.0,4.728138610671824
188.0,4.727983301807616
135.0,4.727688999224327
483.0,4.727294162978296
798.0,4.7272727272727275
480.0,4.726726749747787
824.0,4.72617113089436
191.0,4.636770501331638
187.0,4.63663107510371
60.0,4.636573754359252
