item_id,predicted_score
1414.0,5.0
1354.0,5.0
1175.0,5.0
1332.0,5.0
1342.0,5.0
1614.0,4.777777777777778
1455.0,4.666666666666667
268.0,4.638043010649522
347.0,4.637808782567228
135.0,4.637686786123384
