item_id,predicted_score
1371.0,5.0
1614.0,5.0
1618.0,5.0
1673.0,5.0
1476.0,4.857142857142857
341.0,4.818181818181818
1260.0,4.818181818181818
1516.0,4.818181818181818
1573.0,4.818181818181818
1253.0,4.818133118951372
