item_id,predicted_score
600.0,5.0
677.0,5.0
1122.0,5.0
1599.0,5.0
1362.0,5.0
1374.0,4.333333333333333
1026.0,4.198762549124543
146.0,4.007700557721464
119.0,4.003199926691434
409.0,4.001230257918498
