item_id,predicted_score
778.0,4.182552372150062
1194.0,4.089701782277001
707.0,4.089566436956136
135.0,4.083672359349906
872.0,4.0
223.0,3.998372940782082
483.0,3.9981182836779943
519.0,3.997777652685982
487.0,3.9975000281739375
286.0,3.997052420908512
