item_id,predicted_score
1354.0,5.0
208.0,4.818911980467619
215.0,4.818585274614209
258.0,4.818337386351414
98.0,4.816179783531128
742.0,4.7278596193541205
317.0,4.727700443626789
1101.0,4.727639472495366
181.0,4.72741692753368
357.0,4.727334286142799
