item_id,predicted_score
132.0,4.201526347640834
202.0,4.200975847704905
396.0,4.200922662265035
228.0,4.200563860945597
283.0,4.200436552604053
954.0,4.2
1408.0,4.2
1606.0,4.2
1627.0,4.2
1497.0,4.2
