item_id,predicted_score
1175.0,5.0
1432.0,5.0
1433.0,5.0
1671.0,5.0
1035.0,4.727778880402498
1048.0,4.726568553710118
509.0,4.637533248712152
1044.0,4.63686060365291
200.0,4.636824899234741
751.0,4.636784933880188
