item_id,predicted_score
697.0,5.000000000000001
573.0,5.0
515.0,5.0
1424.0,5.0
1606.0,5.0
679.0,4.804437856884636
541.0,4.8032540093045135
1091.0,4.803052975492416
772.0,4.801919679654482
125.0,4.801736698284282
