item_id,predicted_score
1519.0,5.0
1619.0,5.0
1653.0,5.0
1673.0,5.0
245.0,4.910046748410988
181.0,4.9092854331853415
742.0,4.909264363510523
1603.0,4.909090909090909
1308.0,4.8323280346820345
300.0,4.819304690669747
