item_id,predicted_score
181.0,4.800713676379032
174.0,4.79927282016399
50.0,4.601188572777758
1191.0,4.6
1097.0,4.6
1234.0,4.6
1245.0,4.6
1282.0,4.6
1295.0,4.6
1385.0,4.6
