item_id,predicted_score
89.0,4.909463880004553
56.0,4.8195647186793265
92.0,4.819055619515232
942.0,4.817691321746523
986.0,4.815698691681438
135.0,4.815067702286692
1012.0,4.81455691206881
1526.0,4.777777777777778
1470.0,4.731388201825195
347.0,4.728872777864068
