item_id,predicted_score
174.0,5.0
1346.0,5.0
50.0,4.800816681043064
181.0,4.800766618428552
313.0,4.800759772521225
357.0,4.800323966323759
1484.0,4.8
1500.0,4.8
173.0,4.796469431390135
64.0,4.6015140820225655
