item_id,predicted_score
1196.0,4.6
1213.0,4.6
1532.0,4.6
831.0,4.403466481084584
738.0,4.402635330625179
1192.0,4.4021851506241605
1326.0,4.402171596204948
1612.0,4.401783725754949
933.0,4.400805659965224
916.0,4.4003925620112705
