item_id,predicted_score
239.0,5.0
550.0,4.8010945055281065
566.0,4.800435291426916
226.0,4.800434833242234
69.0,4.8004321125614515
28.0,4.800417861115763
431.0,4.8004154782546165
144.0,4.8001713551524325
82.0,4.8001026001333456
294.0,4.8000600999656395
