item_id,predicted_score
1519.0,5.0
221.0,4.637102011249738
1502.0,4.6
492.0,4.457655059087853
68.0,4.457286980767199
39.0,4.454420402964945
1011.0,4.4532406449432855
1010.0,4.44645569164155
1318.0,4.4
719.0,4.383071269836354
