item_id,predicted_score
1517.0,5.0
564.0,4.8
1140.0,4.8
1136.0,4.8
364.0,4.8
596.0,4.604512448426399
956.0,4.601006945320382
149.0,4.6
295.0,4.6
688.0,4.6
