item_id,predicted_score
4.0,5.0
181.0,4.80146866603699
691.0,4.8
1382.0,4.8
1399.0,4.8
1614.0,4.8
508.0,4.799296822223451
259.0,4.798339066085906
3.0,4.7982867857522
1342.0,4.666666666666667
