item_id,predicted_score
1519.0,4.666666666666667
1212.0,4.090909090909091
1142.0,4.089775699971655
268.0,4.0035939334139234
246.0,4.000258795592728
1530.0,4.0
526.0,3.907200069169633
1424.0,3.857142857142857
1342.0,3.8333333333333335
600.0,3.8181818181818183
