item_id,predicted_score
890.0,5.000000000000001
687.0,5.0
281.0,5.0
1071.0,5.0
783.0,5.0
532.0,4.999999999999999
1462.0,4.80397243588005
929.0,4.8014551354643515
594.0,4.8
394.0,4.8
