item_id,predicted_score
1619.0,4.0
12.0,3.996311915899669
135.0,3.991652936015658
1033.0,3.8
806.0,3.7999836805963643
310.0,3.7997928056635786
191.0,3.799027171770949
96.0,3.7987102684796246
42.0,3.797468958063213
332.0,3.7961645460724163
