item_id,predicted_score
1175.0,4.5
283.0,4.4554135741084515
213.0,4.4550925710259905
1639.0,4.454545454545454
585.0,4.364133130617747
809.0,4.363891819772288
854.0,4.363636363636363
1435.0,4.363636363636363
1190.0,4.363636363636363
1433.0,4.333333333333333
