item_id,predicted_score
393.0,4.7270377654195235
254.0,4.637521050831386
592.0,4.636363636363637
1003.0,4.636363636363637
1465.0,4.636363636363637
1487.0,4.636363636363637
1657.0,4.636363636363637
186.0,4.636184556092985
1133.0,4.635568385602912
82.0,4.634848003762609
