item_id,predicted_score
202.0,5.000000000000001
172.0,5.0
23.0,5.0
213.0,5.0
628.0,5.0
651.0,5.0
888.0,5.0
1354.0,5.0
839.0,5.0
228.0,4.801105649609422
