item_id,predicted_score
1414.0,4.666666666666667
647.0,4.635862770381135
277.0,4.546927794451987
188.0,4.546360722941739
1433.0,4.5
1671.0,4.5
100.0,4.458640472327343
1315.0,4.457215009799333
16.0,4.4572127277380345
23.0,4.456308893192968
