item_id,predicted_score
1342.0,4.666666666666667
7.0,4.6005756738073185
1661.0,4.6
98.0,4.400269765784354
257.0,4.400173145447302
957.0,4.4
1027.0,4.4
1380.0,4.4
1396.0,4.4
353.0,4.2
