item_id,predicted_score
50.0,3.817902050849699
172.0,3.72696342262462
894.0,3.6363636363636362
1186.0,3.5454545454545454
1614.0,3.5454545454545454
1497.0,3.5454545454545454
1659.0,3.5454545454545454
1660.0,3.5454545454545454
174.0,3.5454006388644843
70.0,3.545330496296207
