item_id,predicted_score
288.0,4.203680933423573
637.0,4.2
930.0,4.2
1028.0,4.2
1144.0,4.2
885.0,4.2
1423.0,4.2
1284.0,4.2
1344.0,4.2
234.0,4.198902336012354
