item_id,predicted_score
437.0,4.666666666666667
1528.0,4.538360058419277
1525.0,4.5
1598.0,4.474706076991258
914.0,4.408027599704328
260.0,4.405046583645001
569.0,4.404391070744653
1204.0,4.402406896719766
1007.0,4.402004565196797
691.0,4.401960784313726
