item_id,predicted_score
1354.0,5.0
1234.0,4.818181818181818
1321.0,4.818181818181818
314.0,4.818181818181818
839.0,4.818181818181818
1302.0,4.7272727272727275
1383.0,4.7272727272727275
1342.0,4.666666666666667
1610.0,4.644549390012709
998.0,4.636363636363637
