item_id,predicted_score
1619.0,4.0
1397.0,3.75
1371.0,3.75
1027.0,3.6962752690976743
1484.0,3.617741374714114
1408.0,3.6019520276318717
1485.0,3.574712643678161
117.0,3.5482457595983883
957.0,3.520891641027709
1502.0,3.520337185359179
