item_id,predicted_score
1673.0,5.0
332.0,4.803808754644858
680.0,4.803212469884219
179.0,4.8021132013079875
193.0,4.801845660882767
272.0,4.80182496366627
12.0,4.801777644127549
427.0,4.801714460089668
357.0,4.8010954606294325
603.0,4.800912238371985
