item_id,predicted_score
1467.0,5.0
702.0,4.80272482285833
340.0,4.802328635895491
306.0,4.8017479455815515
224.0,4.801410561931005
93.0,4.8003454229177525
1064.0,4.8
742.0,4.799825994277788
609.0,4.799622812606376
1209.0,4.799556054708926
