item_id,predicted_score
1432.0,4.225884003552665
1617.0,4.206951488309588
1433.0,4.200707340175769
1235.0,4.2
1624.0,4.2
1625.0,4.2
1671.0,4.2
1678.0,4.2
1679.0,4.2
1680.0,4.2
