item_id,predicted_score
1653.0,4.75
248.0,4.544887820197964
222.0,4.544780104209288
168.0,4.543969921500181
89.0,4.543521320217586
205.0,4.4555659871331015
713.0,4.455062421416355
317.0,4.455053902880861
25.0,4.454755452339936
4.0,4.454636926293147
