item_id,predicted_score
89.0,4.727775572318239
183.0,4.366103749005011
847.0,4.358181661294591
1009.0,4.278257257685254
180.0,4.273427204574873
1347.0,4.2727272727272725
223.0,4.268227358608194
919.0,4.184954917184142
154.0,4.184926196456632
169.0,4.184538271576038
