item_id,predicted_score
248.0,4.818791869730661
1500.0,4.7272727272727275
600.0,4.636363636363637
785.0,4.636363636363637
1066.0,4.636363636363637
1240.0,4.636363636363637
1674.0,4.636363636363637
313.0,4.546313953277381
70.0,4.5458443084625415
928.0,4.545563675594353
