item_id,predicted_score
1424.0,4.0
1599.0,4.0
1357.0,4.0
1342.0,4.0
1398.0,3.6666666666666665
1125.0,3.5
967.0,3.2730729395720317
659.0,3.269140762728488
1036.0,3.2659328628048483
1411.0,3.1969652826902353
