item_id,predicted_score
153.0,4.909612620840673
1142.0,4.7276974930594315
480.0,4.727269571057327
275.0,4.7272313048033485
187.0,4.727158693629037
52.0,4.727081681958254
603.0,4.726819583000382
50.0,4.637322565476173
479.0,4.637079561843924
89.0,4.636970625914315
