item_id,predicted_score
1342.0,4.333333333333333
357.0,4.272566287109433
1.0,4.181836251902352
335.0,4.181818181818182
1609.0,4.181818181818182
98.0,4.181757423028998
208.0,4.181492364741091
496.0,4.0910737044357335
168.0,4.091022845733962
1515.0,4.090909090909091
