item_id,predicted_score
1674.0,5.0
1653.0,4.666666666666667
1122.0,4.5
1342.0,4.5
1397.0,4.346253553852944
1308.0,4.259400638595961
957.0,4.25
784.0,4.25
1104.0,4.25
1306.0,4.25
