item_id,predicted_score
1122.0,5.0
1371.0,5.0
1599.0,5.0
1342.0,4.5
1125.0,4.492422502470642
957.0,4.333333333333333
1027.0,4.333333333333333
1308.0,4.333333333333333
1408.0,4.333333333333333
784.0,4.333333333333333
