item_id,predicted_score
1653.0,5.0
1414.0,4.666666666666667
191.0,4.54542421300793
106.0,4.543566055467544
86.0,4.543344940163709
898.0,4.542019636165279
603.0,4.455864830654946
515.0,4.4554840627416885
655.0,4.455264654781381
482.0,4.45515499100962
