item_id,predicted_score
603.0,4.363553586305106
135.0,4.363437751048945
200.0,4.3625408869354105
302.0,4.273517469045537
178.0,4.27268920255832
191.0,4.272640550824569
357.0,4.272551687975418
292.0,4.272449945841422
127.0,4.272366932730613
661.0,4.272293548956974
