item_id,predicted_score
151.0,5.000000000000001
188.0,5.000000000000001
21.0,5.0
37.0,5.0
111.0,5.0
144.0,5.0
565.0,5.0
850.0,5.0
930.0,5.0
967.0,5.0
