item_id,predicted_score
172.0,4.8013679339777635
50.0,4.800910086677408
1345.0,4.8
1496.0,4.8
181.0,4.603242265632888
341.0,4.6
981.0,4.6
986.0,4.6
1072.0,4.6
888.0,4.6
