item_id,predicted_score
1467.0,4.0
1614.0,4.0
1318.0,3.6666666666666665
1661.0,3.6363636363636362
1673.0,3.5714285714285716
313.0,3.5376571706538926
333.0,3.5357613495761924
1619.0,3.5
1681.0,3.4545454545454546
332.0,3.450350551613897
