item_id,predicted_score
246.0,4.800958551914585
919.0,4.80068920996915
35.0,4.8
138.0,4.8
883.0,4.8
986.0,4.8
998.0,4.8
1287.0,4.8
1358.0,4.8
1413.0,4.8
