item_id,predicted_score
1332.0,4.75
1455.0,4.5
1130.0,4.363636363636363
1526.0,4.3
1674.0,4.2727272727272725
1122.0,4.222222222222222
1125.0,4.181919333355528
1201.0,4.142857142857143
1500.0,4.125
1673.0,4.111111111111111
