item_id,predicted_score
435.0,4.455280593976618
193.0,4.364465137945774
660.0,4.271376258588614
432.0,4.184085263020369
88.0,4.183744372558986
196.0,4.1825645720179345
153.0,4.181729365740336
258.0,4.1817249905098866
709.0,4.181682912197651
216.0,4.181649875528065
