item_id,predicted_score
498.0,4.363238815334774
187.0,4.363180933233204
345.0,4.362076788802689
68.0,4.274186729409363
862.0,4.273301551102753
262.0,4.273193548477339
9.0,4.272886590146053
479.0,4.272814048421755
920.0,4.2727272727272725
1530.0,4.2727272727272725
