item_id,predicted_score
1414.0,5.0
223.0,4.800352839051585
4.0,4.603110281030613
172.0,4.601465784119817
64.0,4.6014028722188876
181.0,4.601065826169576
359.0,4.601040909982891
591.0,4.600707506635982
291.0,4.600574729879006
522.0,4.600542939285474
