item_id,predicted_score
737.0,5.0
1422.0,5.0
1591.0,5.0
1357.0,5.0
895.0,4.803345066547938
23.0,4.8009204348808865
171.0,4.800571910090849
316.0,4.800136215961691
335.0,4.8
1488.0,4.8
