item_id,predicted_score
1342.0,5.0
1653.0,5.0
550.0,4.72885367685313
174.0,4.727562519881242
894.0,4.636363636363637
1332.0,4.636363636363637
196.0,4.635714909349304
194.0,4.635592185776147
181.0,4.547423689708059
172.0,4.546943017425246
