item_id,predicted_score
146.0,4.8
291.0,4.601661288584555
628.0,4.601354552464591
1368.0,4.6
1470.0,4.6
912.0,4.6
1164.0,4.6
1618.0,4.6
1661.0,4.6
1674.0,4.6
