item_id,predicted_score
1201.0,5.0
1502.0,5.0
1619.0,5.0
851.0,4.659090909090909
1429.0,4.265686716863273
1470.0,4.25
822.0,4.151037062520422
439.0,4.118606442829027
777.0,4.088999246137027
294.0,4.082768027355596
