item_id,predicted_score
1342.0,4.4
1618.0,4.2727272727272725
1674.0,4.2727272727272725
50.0,4.272640307540373
1127.0,4.181818181818182
1332.0,4.181818181818182
7.0,4.181757869803497
1.0,4.181148848866001
528.0,4.178829370343813
195.0,4.091526073078088
