item_id,predicted_score
1358.0,4.2670054921130784
1372.0,4.25499565980552
1325.0,4.25
1329.0,4.25
1339.0,4.25
1340.0,4.25
1341.0,4.25
1349.0,4.25
1350.0,4.25
1352.0,4.25
