item_id,predicted_score
1048.0,5.000000000000001
529.0,4.800655739334313
1328.0,4.8
1504.0,4.8
17.0,4.799609401877946
622.0,4.799516237097013
469.0,4.798183375884399
135.0,4.795438951525529
643.0,4.720431509626852
784.0,4.666666666666667
