item_id,predicted_score
1122.0,4.636363636363637
1295.0,4.636363636363637
1599.0,4.636363636363637
1674.0,4.636363636363637
907.0,4.636363636363637
677.0,4.545454545454546
1308.0,4.545454545454546
1507.0,4.545454545454546
1495.0,4.545454545454546
643.0,4.545454545454546
