item_id,predicted_score
1414.0,4.666666666666667
1332.0,4.25
1556.0,4.000491160202986
643.0,4.0
784.0,4.0
1104.0,4.0
1306.0,4.0
1307.0,4.0
1334.0,4.0
1546.0,4.0
