item_id,predicted_score
938.0,4.7272727272727275
1472.0,4.545454545454546
1100.0,4.454545454545454
1125.0,4.363636363636363
1295.0,4.363636363636363
168.0,4.354621030401278
1466.0,4.2727272727272725
1526.0,4.2727272727272725
1597.0,4.2727272727272725
173.0,4.258777560803218
