item_id,predicted_score
1162.0,3.8181818181818183
1125.0,3.727272727272727
1347.0,3.727272727272727
1614.0,3.727272727272727
1234.0,3.6363636363636362
1431.0,3.6363636363636362
1370.0,3.6363636363636362
1654.0,3.6363636363636362
12.0,3.630603889660701
56.0,3.6266637335813217
