item_id,predicted_score
891.0,4.8
1338.0,4.8
1330.0,4.8
861.0,4.8
1547.0,4.8
1347.0,4.8
1459.0,4.8
1642.0,4.8
83.0,4.799011171478231
405.0,4.60136701820949
