item_id,predicted_score
1653.0,5.0
1414.0,4.666666666666667
644.0,4.60510153498859
509.0,4.604703690032906
1620.0,4.603862237750215
286.0,4.603091973942654
1063.0,4.602807544041285
43.0,4.602492921463395
9.0,4.602474087987606
936.0,4.6024272366658625
