item_id,predicted_score
146.0,4.454545454545454
1234.0,4.454545454545454
1332.0,4.454545454545454
1455.0,4.454545454545454
71.0,4.454411378101807
845.0,4.3640942624567165
1162.0,4.363636363636363
1510.0,4.363636363636363
1.0,4.36360677334195
215.0,4.363421129921336
