item_id,predicted_score
172.0,4.909130196495244
50.0,4.728263335407973
12.0,4.727737496501919
480.0,4.727033056579961
8.0,4.637890904973668
181.0,4.637815134916435
223.0,4.6370130222242745
174.0,4.636934372033136
195.0,4.636858318295086
168.0,4.636778954269757
