item_id,predicted_score
116.0,4.274465732463734
1332.0,4.181818181818182
387.0,4.181013317828316
651.0,4.179903065413108
443.0,4.092594863676315
180.0,4.0913925791286765
185.0,4.090916781858978
37.0,4.090909090909091
1000.0,4.090909090909091
1075.0,4.090909090909091
