item_id,predicted_score
19.0,5.000000000000001
93.0,5.000000000000001
100.0,5.000000000000001
408.0,5.000000000000001
47.0,5.000000000000001
509.0,5.000000000000001
688.0,5.000000000000001
694.0,5.000000000000001
697.0,5.000000000000001
316.0,5.000000000000001
