item_id,predicted_score
492.0,5.000000000000001
948.0,5.000000000000001
1337.0,5.000000000000001
1432.0,5.000000000000001
30.0,5.0
138.0,5.0
276.0,5.0
504.0,5.0
557.0,5.0
609.0,5.0
