item_id,predicted_score
1424.0,4.5
1130.0,4.333333333333333
817.0,4.256777171829278
850.0,4.25
1201.0,4.25
1601.0,4.25
1614.0,4.25
1308.0,4.213240384633719
270.0,4.202430423951604
144.0,4.202315621605022
