item_id,predicted_score
1653.0,5.0
366.0,4.999999999999999
364.0,4.909090909090909
376.0,4.818181818181818
1209.0,4.818181818181818
183.0,4.817990780462577
89.0,4.817286658713791
187.0,4.814788222483096
217.0,4.729196034119207
172.0,4.728432170381376
