item_id,predicted_score
174.0,5.000000000000001
64.0,5.000000000000001
8.0,5.0
98.0,5.0
313.0,5.0
1504.0,5.0
22.0,4.999999999999999
28.0,4.999999999999999
357.0,4.999999999999999
540.0,4.999999999999999
