item_id,predicted_score
899.0,4.909090909090909
1337.0,4.909090909090909
1621.0,4.909090909090909
1497.0,4.909090909090909
1659.0,4.909090909090909
1660.0,4.909090909090909
1500.0,4.909090909090909
754.0,4.818181818181818
893.0,4.818181818181818
876.0,4.818181818181818
