item_id,predicted_score
822.0,4.6
1024.0,4.6
273.0,4.599516409937837
335.0,4.59693232094476
1414.0,4.5
1025.0,4.405761320775173
573.0,4.404777496308369
249.0,4.402939277473435
590.0,4.40210547220264
150.0,4.402054015312637
