item_id,predicted_score
97.0,5.0
660.0,5.0
418.0,5.0
1235.0,5.0
1254.0,5.0
1175.0,5.0
1357.0,5.0
1652.0,5.0
627.0,4.999999999999999
402.0,4.909859567433762
