item_id,predicted_score
357.0,4.800549987135513
134.0,4.8002996230914174
1379.0,4.8
187.0,4.799831879263962
237.0,4.799017795856052
515.0,4.601424040727759
307.0,4.601183149781899
89.0,4.601119904873506
95.0,4.600604264572698
15.0,4.600178873551634
