item_id,predicted_score
1429.0,4.645410609866169
788.0,4.612942001776332
1308.0,4.6036044237991725
957.0,4.600176782941577
784.0,4.6
1104.0,4.6
1306.0,4.6
1307.0,4.6
1334.0,4.6
1546.0,4.6
