item_id,predicted_score
1414.0,5.0
1354.0,5.0
1484.0,4.0306743714145865
1308.0,4.00752051087677
957.0,4.0
1408.0,4.0
1526.0,4.0
1371.0,4.0
784.0,4.0
1104.0,4.0
