item_id,predicted_score
289.0,5.000000000000001
228.0,5.000000000000001
96.0,5.000000000000001
578.0,5.000000000000001
393.0,5.000000000000001
22.0,5.0
95.0,5.0
127.0,5.0
203.0,5.0
258.0,5.0
