item_id,predicted_score
1332.0,4.5
1618.0,4.2
692.0,4.182954895463889
670.0,4.094627136598779
181.0,4.093641671839681
148.0,4.092890846130786
284.0,4.091766436921338
28.0,4.091242241662435
1212.0,4.090909090909091
732.0,4.0894551705735305
