item_id,predicted_score
48.0,5.0
347.0,5.0
974.0,4.802941236877868
327.0,4.802222895093519
151.0,4.802138487788159
276.0,4.802100066817757
518.0,4.8018984153007604
116.0,4.801492416305925
401.0,4.801412672178606
558.0,4.801279993590942
