item_id,predicted_score
1063.0,5.0
1182.0,5.0
1368.0,5.0
1465.0,5.0
417.0,4.999999999999999
63.0,4.801479106358058
464.0,4.8
671.0,4.8
112.0,4.8
1032.0,4.8
