item_id,predicted_score
908.0,4.0
1127.0,4.0
1431.0,4.0
1601.0,4.0
1430.0,4.0
1259.0,4.0
1662.0,4.0
907.0,4.0
27.0,3.822071727526049
893.0,3.8181818181818183
