item_id,predicted_score
1510.0,4.363636363636363
1294.0,4.2727272727272725
1497.0,4.2727272727272725
1659.0,4.2727272727272725
1660.0,4.2727272727272725
273.0,4.270874633310939
1381.0,4.181818181818182
1386.0,4.181818181818182
1525.0,4.181818181818182
615.0,4.18180877473744
