item_id,predicted_score
1342.0,5.0
333.0,4.800588974297457
144.0,4.8004809060538
584.0,4.800353468523847
1201.0,4.8
1270.0,4.8
4.0,4.79994296134996
818.0,4.799644953853296
12.0,4.799585667032277
687.0,4.607290689473329
