item_id,predicted_score
283.0,4.727735730718014
681.0,4.7272727272727275
50.0,4.726285406263632
1175.0,4.655425999064786
983.0,4.636363636363637
1296.0,4.636363636363637
336.0,4.635488408634297
765.0,4.633760860914224
82.0,4.6335814377651205
58.0,4.633406714518786
