item_id,predicted_score
1433.0,4.4
1671.0,4.4
1175.0,4.333333333333333
1342.0,4.25
736.0,4.2002151455883485
1617.0,4.2
1624.0,4.2
1625.0,4.2
8.0,4.199819562549277
474.0,4.1991898315476535
