item_id,predicted_score
1653.0,5.0
1235.0,4.5
1186.0,4.4
1392.0,4.4
1671.0,4.333333333333333
1175.0,4.25
1433.0,4.215276011513955
666.0,4.2
1323.0,4.2
1429.0,4.2
