item_id,predicted_score
1342.0,4.666666666666667
1354.0,4.5
1201.0,4.4
1157.0,4.362595602727431
729.0,4.3604754579990965
160.0,4.358441205450009
1526.0,4.333333333333333
1674.0,4.333333333333333
1656.0,4.327289781721618
306.0,4.27530831228421
