item_id,predicted_score
735.0,5.000000000000001
957.0,5.0
1122.0,5.0
1130.0,5.0
1398.0,5.0
1599.0,5.0
1342.0,5.0
1472.0,4.813149434625496
509.0,4.801128763796116
23.0,4.800880587774466
