item_id,predicted_score
1424.0,4.5
1500.0,4.5
437.0,4.333333333333333
1234.0,4.333333333333333
1601.0,4.333333333333333
1654.0,4.333333333333333
1455.0,4.333333333333333
1673.0,4.333333333333333
702.0,4.2711365895754625
1218.0,4.190873102616268
