item_id,predicted_score
1354.0,5.0
361.0,4.818181818181818
1243.0,4.636024395382253
1237.0,4.545454545454546
1510.0,4.545454545454546
1616.0,4.545454545454546
1618.0,4.545454545454546
1342.0,4.5
1332.0,4.454545454545454
1606.0,4.454545454545454
