item_id,predicted_score
1342.0,5.0
496.0,4.818309268447708
99.0,4.818120833218627
23.0,4.818104487199321
654.0,4.8179335452496606
185.0,4.81787109994658
462.0,4.72844550370657
197.0,4.727930899049512
127.0,4.727699739211205
523.0,4.727685073143923
