item_id,predicted_score
1414.0,4.6
1500.0,4.2727272727272725
776.0,4.181818181818182
1032.0,4.090909090909091
1122.0,4.090909090909091
1459.0,4.090909090909091
1618.0,4.090909090909091
1362.0,4.090909090909091
1674.0,4.090909090909091
1485.0,4.0
