item_id,predicted_score
1371.0,5.0
868.0,4.8
591.0,4.601106686908887
326.0,4.600516900814483
862.0,4.6
957.0,4.6
1429.0,4.6
1481.0,4.6
1595.0,4.6
1596.0,4.6
