item_id,predicted_score
1342.0,5.0
226.0,4.800705101293379
937.0,4.8
1440.0,4.8
1489.0,4.8
550.0,4.797687913724206
199.0,4.7973575205557655
549.0,4.797264155489658
391.0,4.796369355950153
802.0,4.601208489947836
