item_id,predicted_score
1342.0,5.0
1354.0,4.5
514.0,4.403867135826658
920.0,4.4
483.0,4.3977366616091835
197.0,4.397061778602382
484.0,4.396530321125886
56.0,4.396451619294426
249.0,4.3962897130563325
507.0,4.396156679495
