item_id,predicted_score
1354.0,5.0
589.0,4.80146471700641
389.0,4.8013908535724745
692.0,4.800877982764744
47.0,4.800854565889815
179.0,4.8007576344648
527.0,4.80051427541374
317.0,4.80039657288902
384.0,4.800341158461302
35.0,4.8
