item_id,predicted_score
1594.0,5.0
94.0,4.999999999999999
1061.0,4.999999999999999
579.0,4.999999999999999
542.0,4.80172711059388
955.0,4.801496536280154
245.0,4.80115717090319
29.0,4.800954594361029
1073.0,4.800861154219948
1016.0,4.800660918967929
