item_id,predicted_score
1671.0,4.75
922.0,4.729711248110521
1512.0,4.636842934949372
957.0,4.636363636363637
1459.0,4.636363636363637
1416.0,4.636275300560582
263.0,4.6359991258200495
1201.0,4.625
1673.0,4.571428571428571
864.0,4.54896140363975
