item_id,predicted_score
1614.0,4.428571428571429
1455.0,4.428571428571429
887.0,4.264837513184008
1524.0,4.181818181818182
1674.0,4.181818181818182
1332.0,4.166666666666667
353.0,4.000341516819559
360.0,4.0
1368.0,4.0
1619.0,4.0
