item_id,predicted_score
1175.0,5.0
1500.0,5.0
1475.0,4.7272727272727275
1560.0,4.7272727272727275
201.0,4.725398113730275
327.0,4.639627535558662
574.0,4.636363636363637
987.0,4.636363636363637
1404.0,4.636363636363637
1490.0,4.636363636363637
