item_id,predicted_score
324.0,5.0
523.0,5.0
484.0,5.0
354.0,5.0
995.0,5.0
266.0,4.803889730317229
343.0,4.802798903087979
887.0,4.802592621517697
544.0,4.802094794947442
334.0,4.802037220339587
