item_id,predicted_score
185.0,5.000000000000002
30.0,5.000000000000001
57.0,5.000000000000001
142.0,5.000000000000001
404.0,5.000000000000001
529.0,5.000000000000001
91.0,5.000000000000001
417.0,5.000000000000001
613.0,5.000000000000001
715.0,5.000000000000001
