item_id,predicted_score
1290.0,4.7272727272727275
1332.0,4.666666666666667
1573.0,4.666666666666667
1614.0,4.666666666666667
1209.0,4.636867421515882
755.0,4.63684149547543
954.0,4.636363636363637
358.0,4.636193005916595
265.0,4.63602882184499
259.0,4.633694071571281
