item_id,predicted_score
195.0,5.0
888.0,5.0
1342.0,5.0
228.0,4.80020155021816
1304.0,4.8
910.0,4.8
1257.0,4.8
1538.0,4.8
1500.0,4.8
172.0,4.603507562518192
