item_id,predicted_score
1653.0,5.0
431.0,4.799751940456576
117.0,4.600971103066978
222.0,4.60092174343134
405.0,4.6006702702357956
310.0,4.60060717814194
245.0,4.600580168881079
258.0,4.600576536964251
591.0,4.600442492765948
173.0,4.600441116533772
