item_id,predicted_score
1653.0,4.333333333333333
1354.0,4.25
31.0,4.2009296107278695
645.0,4.200391722845069
419.0,4.200329970585116
175.0,4.200294766801752
463.0,4.200263043011479
773.0,4.2
1179.0,4.2
1199.0,4.2
