item_id,predicted_score
236.0,4.545055362880366
1414.0,4.5
939.0,4.456174616199358
1267.0,4.455923327608164
921.0,4.454371904385244
473.0,4.454174049146173
767.0,4.452451715283564
756.0,4.451760819631215
919.0,4.451372030342178
736.0,4.365086547549753
