item_id,predicted_score
882.0,4.40023578005859
187.0,4.40018777988667
329.0,4.4
862.0,4.4
335.0,4.4
1614.0,4.4
1292.0,4.4
317.0,4.399931968414425
1.0,4.396928304712935
185.0,4.201193907261273
