item_id,predicted_score
1235.0,5.0
1354.0,5.0
1175.0,5.0
1432.0,5.0
1433.0,5.0
1318.0,5.0
1617.0,5.0
1671.0,5.0
163.0,4.819599587260578
642.0,4.816584700144066
