item_id,predicted_score
1618.0,5.0
378.0,4.5915417577905195
787.0,4.4036327868207685
1180.0,4.4
1456.0,4.4
1605.0,4.4
533.0,4.397414883939343
1129.0,4.393689697734898
809.0,4.393550033190722
419.0,4.393230699239578
