item_id,predicted_score
1467.0,5.0
1507.0,5.0
1534.0,5.0
1627.0,5.0
1342.0,5.0
195.0,4.8009181430981585
47.0,4.800232915147723
244.0,4.8
439.0,4.8
838.0,4.8
