item_id,predicted_score
1455.0,5.0
1674.0,5.0
1130.0,4.75
1526.0,4.75
1122.0,4.666666666666667
655.0,4.637016117154532
651.0,4.6369978582012426
108.0,4.635540217517928
87.0,4.6351854359549804
1332.0,4.6
