item_id,predicted_score
1331.0,4.8
1148.0,4.6
1180.0,4.6
1205.0,4.6
1448.0,4.6
759.0,4.6
1490.0,4.6
1530.0,4.6
541.0,4.594463596100807
688.0,4.594022743707577
