item_id,predicted_score
1673.0,5.0
1175.0,4.75
1302.0,4.7272727272727275
1312.0,4.726764244719424
1661.0,4.666666666666667
247.0,4.636363636363637
1031.0,4.636363636363637
1389.0,4.636363636363637
1390.0,4.636363636363637
1417.0,4.636363636363637
