item_id,predicted_score
144.0,4.9088890096955815
50.0,4.8189911912492125
64.0,4.818867131962911
172.0,4.8186471288871315
195.0,4.818436314305971
957.0,4.818181818181818
1125.0,4.818181818181818
1420.0,4.818181818181818
1398.0,4.818181818181818
1594.0,4.818181818181818
