item_id,predicted_score
1414.0,4.666666666666667
1455.0,4.4
643.0,4.333333333333333
784.0,4.333333333333333
1104.0,4.333333333333333
1306.0,4.333333333333333
1307.0,4.333333333333333
1334.0,4.333333333333333
1546.0,4.333333333333333
1548.0,4.333333333333333
