item_id,predicted_score
888.0,4.7272727272727275
1308.0,4.7272727272727275
357.0,4.637788580619163
347.0,4.637587553262878
1434.0,4.636363636363637
331.0,4.5463833829197045
1614.0,4.545454545454546
1674.0,4.545454545454546
305.0,4.544803536085798
346.0,4.543618129677354
