item_id,predicted_score
1365.0,5.0
1408.0,5.0
1212.0,5.0
1189.0,5.0
1534.0,5.0
881.0,4.800912578018775
244.0,4.800400958108862
600.0,4.8
948.0,4.8
858.0,4.8
