item_id,predicted_score
1342.0,4.5
361.0,4.4014878773204815
1601.0,4.4
1500.0,4.363636363636363
1318.0,4.333333333333333
1654.0,4.333333333333333
1414.0,4.285714285714286
119.0,4.2727272727272725
1081.0,4.2727272727272725
1162.0,4.2727272727272725
