item_id,predicted_score
1175.0,5.0
12.0,4.545487406634575
360.0,4.545454545454546
1342.0,4.5
1653.0,4.5
1609.0,4.454545454545454
1430.0,4.454545454545454
1327.0,4.454545454545454
1500.0,4.454545454545454
95.0,4.454275674150245
