item_id,predicted_score
473.0,4.203585620493585
127.0,4.201473104288178
1332.0,4.2
135.0,4.001469334093347
124.0,4.0
480.0,4.0
1235.0,4.0
1282.0,4.0
1380.0,4.0
1342.0,4.0
