item_id,predicted_score
346.0,5.000000000000001
163.0,5.000000000000001
585.0,5.000000000000001
612.0,5.000000000000001
748.0,5.000000000000001
576.0,5.000000000000001
1046.0,5.000000000000001
1045.0,5.000000000000001
87.0,5.0
162.0,5.0
