item_id,predicted_score
91.0,4.402010918193724
172.0,4.4001203475824315
473.0,4.399976747903769
259.0,4.39956295599296
479.0,4.399141607688396
195.0,4.203835445541632
512.0,4.200975565278192
385.0,4.200879308048712
463.0,4.200251495183959
655.0,4.200084195740091
