item_id,predicted_score
1342.0,5.0
1618.0,4.666666666666667
1612.0,4.600106676170072
1345.0,4.6
1261.0,4.6
1347.0,4.6
195.0,4.5988575718289315
181.0,4.4023074605452885
50.0,4.401830878195718
418.0,4.401429987706241
