item_id,predicted_score
164.0,5.000000000000001
629.0,5.000000000000001
657.0,5.000000000000001
476.0,5.000000000000001
705.0,5.000000000000001
181.0,5.0
194.0,5.0
258.0,5.0
319.0,5.0
628.0,5.0
