item_id,predicted_score
174.0,4.542303022038565
173.0,4.363568994516082
1614.0,4.285714285714286
1398.0,4.2727272727272725
913.0,4.2727272727272725
1436.0,4.2727272727272725
1554.0,4.2727272727272725
1578.0,4.2727272727272725
1630.0,4.2727272727272725
1632.0,4.2727272727272725
