item_id,predicted_score
125.0,4.600543313322447
1327.0,4.6
546.0,4.599199701477705
21.0,4.4017696144933245
996.0,4.4
1326.0,4.4
1483.0,4.4
200.0,4.399876814850439
492.0,4.399837264629679
412.0,4.399487513508655
