item_id,predicted_score
429.0,4.800439312408727
1405.0,4.8
357.0,4.60034685168259
748.0,4.60005914790986
1434.0,4.6
1619.0,4.6
79.0,4.599947789768514
309.0,4.599623623725558
405.0,4.402254392550673
848.0,4.401751566236012
