item_id,predicted_score
1643.0,4.454545454545454
927.0,4.363636363636363
1144.0,4.363636363636363
1233.0,4.363636363636363
1283.0,4.363636363636363
918.0,4.363636363636363
1238.0,4.363636363636363
910.0,4.363636363636363
296.0,4.2727272727272725
1106.0,4.2727272727272725
