item_id,predicted_score
1354.0,5.0
1102.0,4.818181818181818
1609.0,4.818181818181818
28.0,4.727199617400183
181.0,4.727025490409257
186.0,4.726089665050591
432.0,4.725760888031315
135.0,4.63669738745587
111.0,4.636468562502054
777.0,4.636363636363637
