item_id,predicted_score
1299.0,4.7272727272727275
594.0,4.636363636363637
1227.0,4.636363636363637
1627.0,4.636363636363637
1673.0,4.636363636363637
186.0,4.633463550756491
568.0,4.545979544239182
1080.0,4.545454545454546
1144.0,4.545454545454546
1482.0,4.545454545454546
