item_id,predicted_score
151.0,5.336798468535498
69.0,5.141393759935653
313.0,5.120702075702075
169.0,5.058127888325637
777.0,5.035161958951711
50.0,5.033015825358442
854.0,5.032709060722989
124.0,4.9953130352818285
59.0,4.986177020138207
60.0,4.968697655048797
