item_id,predicted_score
151.0,5.437195293932324
69.0,5.2417905853324775
313.0,5.221098901098901
169.0,5.158524713722462
777.0,5.135558784348536
50.0,5.133412650755267
854.0,5.133105886119814
124.0,5.095709860678653
59.0,5.086573845535032
60.0,5.069094480445622
