item_id,predicted_score
341.0,4.729032258064516
777.0,4.350305328127338
169.0,4.31120658832937
50.0,4.277045396484173
151.0,4.267498503303093
913.0,4.2210030609842235
60.0,4.187936152946293
817.0,4.132516403573172
408.0,4.128573127893407
59.0,4.110249607996337
