item_id,predicted_score
341.0,5.305882352941177
777.0,4.927155423003999
169.0,4.888056683206031
50.0,4.853895491360833
151.0,4.844348598179754
913.0,4.797853155860885
60.0,4.764786247822953
817.0,4.709366498449833
408.0,4.705423222770069
59.0,4.687099702872998
