item_id,predicted_score
151.0,4.740954692428565
69.0,4.545549983828718
313.0,4.524858299595142
169.0,4.462284112218702
777.0,4.439318182844777
50.0,4.437172049251508
854.0,4.436865284616055
124.0,4.399469259174894
59.0,4.390333244031273
60.0,4.3728538789418625
