item_id,predicted_score
341.0,5.10561797752809
777.0,4.726891047590912
169.0,4.687792307792944
50.0,4.653631115947746
151.0,4.644084222766667
913.0,4.597588780447798
60.0,4.564521872409866
817.0,4.509102123036746
408.0,4.505158847356982
59.0,4.486835327459911
