item_id,predicted_score
151.0,5.054555149266863
69.0,4.859150440667017
313.0,4.83845875643344
169.0,4.775884569057001
777.0,4.752918639683076
50.0,4.750772506089806
854.0,4.750465741454353
124.0,4.713069716013193
59.0,4.703933700869571
60.0,4.686454335780161
