item_id,predicted_score
151.0,5.237195293932324
69.0,5.041790585332478
313.0,5.021098901098901
169.0,4.958524713722462
777.0,4.935558784348537
50.0,4.933412650755267
854.0,4.933105886119814
124.0,4.895709860678654
59.0,4.8865738455350325
60.0,4.869094480445622
