item_id,predicted_score
341.0,5.227906976744186
777.0,4.849180046807008
169.0,4.81008130700904
50.0,4.775920115163842
151.0,4.766373221982763
913.0,4.719877779663894
60.0,4.686810871625962
817.0,4.631391122252841
408.0,4.6274478465730775
59.0,4.609124326676007
