item_id,predicted_score
151.0,5.42290957964661
69.0,5.227504871046763
313.0,5.206813186813187
169.0,5.144238999436748
777.0,5.121273070062822
50.0,5.119126936469553
854.0,5.1188201718341
124.0,5.081424146392939
59.0,5.0722881312493175
60.0,5.0548087661599075
