item_id,predicted_score
341.0,5.4375
777.0,5.058773070062822
169.0,5.019674330264854
50.0,4.985513138419657
151.0,4.975966245238577
913.0,4.929470802919708
60.0,4.896403894881777
817.0,4.8409841455086555
408.0,4.837040869828892
59.0,4.818717349931822
