item_id,predicted_score
341.0,5.345098039215687
777.0,4.9663711092785086
169.0,4.927272369480541
50.0,4.893111177635343
151.0,4.8835642844542635
913.0,4.837068842135395
60.0,4.804001934097463
817.0,4.748582184724342
408.0,4.744638909044578
59.0,4.726315389147508
