item_id,predicted_score
151.0,5.06978457964661
69.0,4.874379871046764
313.0,4.853688186813186
169.0,4.791113999436748
777.0,4.768148070062822
50.0,4.766001936469553
854.0,4.7656951718341
124.0,4.7282991463929385
59.0,4.719163131249318
60.0,4.701683766159908
