item_id,predicted_score
151.0,5.4402649515474355
69.0,5.24486024294759
313.0,5.2241685587140125
169.0,5.161594371337574
777.0,5.1386284419636485
50.0,5.136482308370379
854.0,5.136175543734926
124.0,5.098779518293766
59.0,5.089643503150144
60.0,5.072164138060734
