item_id,predicted_score
341.0,5.138461538461538
777.0,4.759734608524361
169.0,4.720635868726393
50.0,4.686474676881195
151.0,4.6769277837001155
913.0,4.630432341381246
60.0,4.597365433343315
817.0,4.541945683970194
408.0,4.53800240829043
59.0,4.51967888839336
