item_id,predicted_score
341.0,4.854716981132075
777.0,4.475990051194898
169.0,4.43689131139693
50.0,4.402730119551732
151.0,4.3931832263706525
913.0,4.346687784051783
60.0,4.313620876013852
817.0,4.258201126640731
408.0,4.2542578509609665
59.0,4.235934331063897
