item_id,predicted_score
151.0,5.26759043071044
69.0,5.072185722110594
313.0,5.051494037877016
169.0,4.988919850500578
777.0,4.965953921126652
50.0,4.963807787533383
854.0,4.96350102289793
124.0,4.926104997456768
59.0,4.916968982313148
60.0,4.899489617223738
