item_id,predicted_score
341.0,5.865306122448979
777.0,5.486579192511802
169.0,5.447480452713834
50.0,5.4133192608686365
151.0,5.403772367687557
913.0,5.357276925368687
60.0,5.324210017330756
817.0,5.268790267957636
408.0,5.264846992277871
59.0,5.246523472380801
