item_id,predicted_score
151.0,5.3829095796466095
69.0,5.187504871046763
313.0,5.166813186813187
169.0,5.104238999436747
777.0,5.081273070062822
50.0,5.079126936469553
854.0,5.0788201718341
124.0,5.041424146392939
59.0,5.0322881312493175
60.0,5.0148087661599074
