item_id,predicted_score
151.0,4.389576246313276
69.0,4.19417153771343
313.0,4.173479853479853
169.0,4.110905666103415
777.0,4.0879397367294885
50.0,4.08579360313622
854.0,4.085486838500767
124.0,4.048090813059606
59.0,4.038954797915984
60.0,4.021475432826574
