item_id,predicted_score
341.0,4.638461538461538
777.0,4.259734608524361
169.0,4.220635868726393
50.0,4.186474676881195
151.0,4.1769277837001155
913.0,4.130432341381246
60.0,4.097365433343315
817.0,4.041945683970194
408.0,4.03800240829043
59.0,4.01967888839336
