item_id,predicted_score
341.0,5.127272727272727
777.0,4.74854579733555
169.0,4.709447057537582
50.0,4.675285865692384
151.0,4.6657389725113045
913.0,4.619243530192435
60.0,4.586176622154504
817.0,4.530756872781383
408.0,4.526813597101619
59.0,4.508490077204549
