item_id,predicted_score
151.0,5.280804316488715
69.0,5.085399607888869
313.0,5.064707923655292
169.0,5.002133736278854
777.0,4.979167806904927
50.0,4.977021673311659
854.0,4.976714908676206
124.0,4.939318883235044
59.0,4.930182868091423
60.0,4.912703503002013
