item_id,predicted_score
151.0,4.812383263857136
69.0,4.6169785552572895
313.0,4.596286871023713
169.0,4.533712683647273
777.0,4.510746754273348
50.0,4.508600620680079
854.0,4.508293856044626
124.0,4.470897830603465
59.0,4.461761815459844
60.0,4.444282450370434
