item_id,predicted_score
341.0,5.8916666666666675
777.0,5.512939736729489
169.0,5.473840996931521
50.0,5.439679805086324
151.0,5.430132911905244
913.0,5.383637469586375
60.0,5.350570561548444
817.0,5.295150812175323
408.0,5.291207536495559
59.0,5.272884016598488
