item_id,predicted_score
151.0,5.8029095796466095
69.0,5.607504871046764
313.0,5.5868131868131865
169.0,5.524238999436748
777.0,5.5012730700628225
50.0,5.499126936469553
854.0,5.4988201718341
124.0,5.46142414639294
59.0,5.452288131249318
60.0,5.434808766159908
