item_id,predicted_score
341.0,5.252173913043478
777.0,4.8734469831063
169.0,4.834348243308332
50.0,4.800187051463135
151.0,4.790640158282055
913.0,4.744144715963186
60.0,4.711077807925255
817.0,4.655658058552134
408.0,4.65171478287237
59.0,4.6333912629753
