item_id,predicted_score
341.0,4.896296296296296
777.0,4.517569366359118
169.0,4.47847062656115
50.0,4.444309434715953
151.0,4.434762541534873
913.0,4.388267099216004
60.0,4.3552001911780724
817.0,4.299780441804952
408.0,4.295837166125188
59.0,4.277513646228117
