item_id,predicted_score
151.0,4.618147674884705
69.0,4.422742966284859
313.0,4.402051282051282
169.0,4.339477094674843
777.0,4.316511165300917
50.0,4.3143650317076485
854.0,4.314058267072196
124.0,4.276662241631034
59.0,4.267526226487413
60.0,4.250046861398003
