item_id,predicted_score
151.0,5.055904503504477
69.0,4.860499794904632
313.0,4.839808110671054
169.0,4.777233923294616
777.0,4.75426799392069
50.0,4.752121860327421
854.0,4.751815095691968
124.0,4.714419070250807
59.0,4.705283055107186
60.0,4.687803690017776
