item_id,predicted_score
151.0,5.104727761464792
69.0,4.909323052864946
313.0,4.888631368631368
169.0,4.82605718125493
777.0,4.803091251881004
50.0,4.800945118287735
854.0,4.800638353652282
124.0,4.7632423282111205
59.0,4.7541063130675
60.0,4.73662694797809
