item_id,predicted_score
341.0,5.142857142857142
777.0,4.764130212919965
169.0,4.725031473121997
50.0,4.6908702812767995
151.0,4.68132338809572
913.0,4.63482794577685
60.0,4.601761037738919
817.0,4.546341288365799
408.0,4.542398012686034
59.0,4.524074492788964
