item_id,predicted_score
151.0,5.875850756117197
69.0,5.680446047517352
313.0,5.659754363283774
169.0,5.597180175907336
777.0,5.57421424653341
50.0,5.572068112940141
854.0,5.571761348304688
124.0,5.534365322863527
59.0,5.525229307719906
60.0,5.507749942630496
