item_id,predicted_score
341.0,5.382945736434109
777.0,5.00421880649693
169.0,4.9651200666989626
50.0,4.930958874853765
151.0,4.921411981672685
913.0,4.8749165393538165
60.0,4.841849631315885
817.0,4.786429881942764
408.0,4.782486606263
59.0,4.7641630863659294
