item_id,predicted_score
151.0,5.758203697293668
69.0,5.562798988693823
313.0,5.542107304460245
169.0,5.479533117083807
777.0,5.456567187709881
50.0,5.454421054116612
854.0,5.454114289481159
124.0,5.416718264039998
59.0,5.407582248896377
60.0,5.390102883806967
