item_id,predicted_score
341.0,5.346268656716418
777.0,4.96754172677924
169.0,4.928442986981272
50.0,4.894281795136075
151.0,4.884734901954995
913.0,4.838239459636126
60.0,4.8051725515981945
817.0,4.749752802225074
408.0,4.74580952654531
59.0,4.727486006648239
