item_id,predicted_score
341.0,5.2450216450216445
777.0,4.866294715084467
169.0,4.827195975286499
50.0,4.793034783441302
151.0,4.783487890260222
913.0,4.736992447941352
60.0,4.703925539903421
817.0,4.648505790530301
408.0,4.644562514850536
59.0,4.626238994953466
