item_id,predicted_score
151.0,5.206242912979943
69.0,5.0108382043800965
313.0,4.99014652014652
169.0,4.927572332770081
777.0,4.904606403396155
50.0,4.902460269802886
854.0,4.902153505167433
124.0,4.864757479726272
59.0,4.855621464582651
60.0,4.838142099493241
