item_id,predicted_score
341.0,5.2153846153846155
777.0,4.836657685447437
169.0,4.797558945649469
50.0,4.763397753804272
151.0,4.753850860623192
913.0,4.707355418304323
60.0,4.674288510266392
817.0,4.618868760893271
408.0,4.614925485213507
59.0,4.596601965316436
