item_id,predicted_score
151.0,5.45394406240523
69.0,5.258539353805384
313.0,5.237847669571807
169.0,5.175273482195369
777.0,5.152307552821442
50.0,5.150161419228174
854.0,5.149854654592721
124.0,5.1124586291515595
59.0,5.103322614007938
60.0,5.085843248918528
