item_id,predicted_score
151.0,5.197756205413481
69.0,5.002351496813635
313.0,4.981659812580058
169.0,4.9190856252036195
777.0,4.896119695829693
50.0,4.893973562236424
854.0,4.893666797600972
124.0,4.85627077215981
59.0,4.847134757016189
60.0,4.829655391926779
