item_id,predicted_score
341.0,5.053531598513011
777.0,4.674804668575833
169.0,4.635705928777865
50.0,4.601544736932668
151.0,4.591997843751588
913.0,4.545502401432719
60.0,4.512435493394788
817.0,4.457015744021667
408.0,4.453072468341903
59.0,4.434748948444833
