item_id,predicted_score
341.0,5.0840764331210195
777.0,4.705349503183841
169.0,4.666250763385873
50.0,4.632089571540676
151.0,4.622542678359596
913.0,4.576047236040727
60.0,4.542980328002796
817.0,4.487560578629675
408.0,4.483617302949911
59.0,4.46529378305284
