item_id,predicted_score
151.0,4.791428098165128
69.0,4.596023389565282
313.0,4.575331705331705
169.0,4.512757517955267
777.0,4.48979158858134
50.0,4.487645454988072
854.0,4.487338690352619
124.0,4.4499426649114575
59.0,4.440806649767836
60.0,4.423327284678426
