item_id,predicted_score
151.0,4.802412685236671
69.0,4.607007976636826
313.0,4.586316292403248
169.0,4.52374210502681
777.0,4.500776175652884
50.0,4.498630042059615
854.0,4.498323277424162
124.0,4.460927251983001
59.0,4.45179123683938
60.0,4.43431187174997
