item_id,predicted_score
341.0,4.2153846153846155
777.0,3.8366576854474372
169.0,3.7975589456494694
50.0,3.763397753804272
151.0,3.753850860623192
913.0,3.7073554183043234
60.0,3.674288510266392
817.0,3.618868760893271
408.0,3.614925485213507
59.0,3.5966019653164367
