item_id,predicted_score
341.0,4.3887931034482754
777.0,4.010066173511098
169.0,3.97096743371313
50.0,3.9368062418679326
151.0,3.927259348686853
913.0,3.8807639063679837
60.0,3.8476969983300524
817.0,3.792277248956932
408.0,3.7883339732771675
59.0,3.770010453380097
