item_id,predicted_score
341.0,4.973493975903615
777.0,4.594767045966437
169.0,4.555668306168469
50.0,4.5215071143232715
151.0,4.511960221142192
913.0,4.465464778823323
60.0,4.432397870785391
817.0,4.376978121412271
408.0,4.373034845732507
59.0,4.354711325835436
