item_id,predicted_score
341.0,4.246739130434783
777.0,3.8680122004976045
169.0,3.8289134606996367
50.0,3.7947522688544395
151.0,3.7852053756733595
913.0,3.7387099333544906
60.0,3.7056430253165593
817.0,3.6502232759434383
408.0,3.6462800002636744
59.0,3.627956480366604
