item_id,predicted_score
341.0,5.238297872340425
777.0,4.859570942403248
169.0,4.82047220260528
50.0,4.786311010760082
151.0,4.7767641175790025
913.0,4.730268675260133
60.0,4.697201767222202
817.0,4.641782017849081
408.0,4.637838742169317
59.0,4.619515222272247
