item_id,predicted_score
341.0,4.708108108108108
777.0,4.32938117817093
169.0,4.290282438372962
50.0,4.256121246527765
151.0,4.246574353346685
913.0,4.200078911027816
60.0,4.1670120029898845
817.0,4.111592253616764
408.0,4.107648977937
59.0,4.089325458039929
