item_id,predicted_score
151.0,4.759751684909768
69.0,4.564346976309921
313.0,4.543655292076345
169.0,4.481081104699905
777.0,4.45811517532598
50.0,4.455969041732711
854.0,4.455662277097258
124.0,4.418266251656097
59.0,4.409130236512476
60.0,4.3916508714230655
