item_id,predicted_score
151.0,4.9282126099496395
69.0,4.732807901349794
313.0,4.7121162171162165
169.0,4.649542029739778
777.0,4.6265761003658525
50.0,4.624429966772583
854.0,4.62412320213713
124.0,4.58672717669597
59.0,4.577591161552348
60.0,4.560111796462938
