item_id,predicted_score
151.0,4.489576246313277
69.0,4.294171537713431
313.0,4.273479853479853
169.0,4.2109056661034145
777.0,4.187939736729489
50.0,4.1857936031362195
854.0,4.185486838500767
124.0,4.148090813059605
59.0,4.138954797915985
60.0,4.121475432826575
