item_id,predicted_score
151.0,4.815727259204621
69.0,4.620322550604775
313.0,4.599630866371197
169.0,4.537056678994759
777.0,4.514090749620833
50.0,4.511944616027564
854.0,4.511637851392111
124.0,4.4742418259509495
59.0,4.465105810807329
60.0,4.447626445717919
