item_id,predicted_score
341.0,5.566804979253112
777.0,5.188078049315934
169.0,5.148979309517967
50.0,5.114818117672769
151.0,5.105271224491689
913.0,5.05877578217282
60.0,5.025708874134889
817.0,4.970289124761768
408.0,4.966345849082003
59.0,4.9480223291849335
