item_id,predicted_score
341.0,4.6869565217391305
777.0,4.308229591801952
169.0,4.269130852003984
50.0,4.234969660158788
151.0,4.225422766977707
913.0,4.178927324658838
60.0,4.145860416620907
817.0,4.090440667247786
408.0,4.086497391568022
59.0,4.068173871670952
