item_id,predicted_score
151.0,5.609866101385741
69.0,5.414461392785895
313.0,5.393769708552317
169.0,5.331195521175879
777.0,5.308229591801953
50.0,5.3060834582086835
854.0,5.305776693573231
124.0,5.268380668132069
59.0,5.259244652988449
60.0,5.241765287899039
