item_id,predicted_score
341.0,4.559459459459459
777.0,4.180732529522282
169.0,4.141633789724314
50.0,4.1074725978791164
151.0,4.097925704698037
913.0,4.051430262379167
60.0,4.018363354341236
817.0,3.9629436049681157
408.0,3.9590003292883513
59.0,3.940676809391281
