item_id,predicted_score
341.0,5.56969696969697
777.0,5.190970039759792
169.0,5.151871299961824
50.0,5.1177101081166265
151.0,5.108163214935547
913.0,5.061667772616678
60.0,5.028600864578746
817.0,4.973181115205626
408.0,4.969237839525862
59.0,4.950914319628791
