item_id,predicted_score
341.0,5.343169398907104
777.0,4.964442468969926
169.0,4.925343729171958
50.0,4.891182537326761
151.0,4.881635644145681
913.0,4.835140201826812
60.0,4.80207329378888
817.0,4.74665354441576
408.0,4.742710268735996
59.0,4.724386748838925
