item_id,predicted_score
151.0,4.720826246313276
69.0,4.52542153771343
313.0,4.504729853479853
169.0,4.442155666103414
777.0,4.419189736729488
50.0,4.41704360313622
854.0,4.416736838500767
124.0,4.379340813059605
59.0,4.370204797915984
60.0,4.352725432826574
