item_id,predicted_score
341.0,4.705263157894737
777.0,4.3265362279575585
169.0,4.287437488159591
50.0,4.253276296314393
151.0,4.2437294031333135
913.0,4.197233960814445
60.0,4.164167052776513
817.0,4.108747303403392
408.0,4.104804027723628
59.0,4.086480507826558
