item_id,predicted_score
341.0,5.475
777.0,5.096273070062822
169.0,5.057174330264854
50.0,5.023013138419657
151.0,5.013466245238577
913.0,4.9669708029197075
60.0,4.933903894881777
817.0,4.878484145508656
408.0,4.874540869828891
59.0,4.856217349931821
