item_id,predicted_score
341.0,5.727659574468085
777.0,5.348932644530907
169.0,5.3098339047329395
50.0,5.275672712887742
151.0,5.266125819706662
913.0,5.219630377387793
60.0,5.186563469349862
817.0,5.131143719976741
408.0,5.127200444296976
59.0,5.108876924399906
