item_id,predicted_score
341.0,5.171428571428572
777.0,4.792701641491393
169.0,4.753602901693426
50.0,4.719441709848228
151.0,4.709894816667148
913.0,4.66339937434828
60.0,4.630332466310348
817.0,4.574912716937227
408.0,4.570969441257463
59.0,4.5526459213603925
