item_id,predicted_score
341.0,5.960000000000001
777.0,5.581273070062823
169.0,5.542174330264855
50.0,5.508013138419657
151.0,5.4984662452385775
913.0,5.451970802919709
60.0,5.418903894881777
817.0,5.363484145508656
408.0,5.359540869828892
59.0,5.341217349931822
