item_id,predicted_score
341.0,5.541176470588235
777.0,5.162449540651058
169.0,5.12335080085309
50.0,5.089189609007892
151.0,5.079642715826813
913.0,5.033147273507943
60.0,5.000080365470012
817.0,4.944660616096892
408.0,4.940717340417127
59.0,4.922393820520057
