item_id,predicted_score
151.0,5.008623865360896
69.0,4.81321915676105
313.0,4.792527472527472
169.0,4.7299532851510335
777.0,4.706987355777108
50.0,4.7048412221838385
854.0,4.704534457548386
124.0,4.667138432107224
59.0,4.658002416963604
60.0,4.640523051874194
