item_id,predicted_score
151.0,6.094338151075181
69.0,5.898933442475335
313.0,5.878241758241757
169.0,5.815667570865319
777.0,5.792701641491393
50.0,5.790555507898124
854.0,5.790248743262671
124.0,5.75285271782151
59.0,5.743716702677889
60.0,5.726237337588479
