item_id,predicted_score
341.0,5.748648648648649
777.0,5.3699217187114705
169.0,5.330822978913503
50.0,5.296661787068305
151.0,5.287114893887225
913.0,5.240619451568357
60.0,5.207552543530425
817.0,5.152132794157304
408.0,5.14818951847754
59.0,5.1298659985804695
