item_id,predicted_score
341.0,5.3446808510638295
777.0,4.965953921126652
169.0,4.926855181328684
50.0,4.892693989483487
151.0,4.883147096302407
913.0,4.836651653983537
60.0,4.8035847459456065
817.0,4.748164996572486
408.0,4.744221720892721
59.0,4.725898200995651
