item_id,predicted_score
341.0,5.488475836431227
777.0,5.1097489064940484
169.0,5.070650166696081
50.0,5.036488974850883
151.0,5.026942081669803
913.0,4.980446639350935
60.0,4.947379731313003
817.0,4.891959981939882
408.0,4.888016706260118
59.0,4.8696931863630475
