item_id,predicted_score
341.0,5.952941176470588
777.0,5.57421424653341
169.0,5.535115506735442
50.0,5.500954314890245
151.0,5.491407421709165
913.0,5.444911979390296
60.0,5.4118450713523645
817.0,5.356425321979244
408.0,5.35248204629948
59.0,5.334158526402409
