item_id,predicted_score
151.0,5.2680076188622955
69.0,5.07260291026245
313.0,5.0519112260288725
169.0,4.989337038652434
777.0,4.9663711092785086
50.0,4.964224975685239
854.0,4.963918211049786
124.0,4.926522185608626
59.0,4.917386170465004
60.0,4.899906805375594
