item_id,predicted_score
341.0,5.61923076923077
777.0,5.240503839293591
169.0,5.201405099495624
50.0,5.167243907650426
151.0,5.157697014469346
913.0,5.1112015721504775
60.0,5.078134664112546
817.0,5.022714914739425
408.0,5.018771639059661
59.0,5.0004481191625905
