item_id,predicted_score
341.0,6.057142857142857
777.0,5.67841592720568
169.0,5.639317187407712
50.0,5.605155995562514
151.0,5.5956091023814345
913.0,5.549113660062565
60.0,5.516046752024634
817.0,5.460627002651513
408.0,5.4566837269717485
59.0,5.438360207074679
