item_id,predicted_score
341.0,6.050000000000001
777.0,5.671273070062822
169.0,5.632174330264855
50.0,5.598013138419657
151.0,5.588466245238577
913.0,5.541970802919709
60.0,5.508903894881777
817.0,5.453484145508656
408.0,5.449540869828892
59.0,5.4312173499318215
