item_id,predicted_score
341.0,5.41388888888889
777.0,5.035161958951711
169.0,4.9960632191537435
50.0,4.961902027308546
151.0,4.952355134127466
913.0,4.9058596918085975
60.0,4.872792783770666
817.0,4.817373034397545
408.0,4.813429758717781
59.0,4.79510623882071
