item_id,predicted_score
341.0,5.921428571428571
777.0,5.542701641491393
169.0,5.503602901693426
50.0,5.469441709848228
151.0,5.459894816667148
913.0,5.413399374348279
60.0,5.380332466310348
817.0,5.324912716937227
408.0,5.320969441257462
59.0,5.3026459213603925
