item_id,predicted_score
341.0,5.466666666666667
777.0,5.0879397367294885
169.0,5.048840996931521
50.0,5.014679805086324
151.0,5.0051329119052435
913.0,4.958637469586375
60.0,4.925570561548444
817.0,4.870150812175322
408.0,4.866207536495558
59.0,4.847884016598488
