item_id,predicted_score
151.0,5.269388452886046
69.0,5.0739837442862
313.0,5.053292060052623
169.0,4.990717872676184
777.0,4.967751943302258
50.0,4.96560580970899
854.0,4.965299045073537
124.0,4.927903019632375
59.0,4.918767004488754
60.0,4.901287639399344
