item_id,predicted_score
341.0,5.9387096774193555
777.0,5.559982747482177
169.0,5.520884007684209
50.0,5.486722815839012
151.0,5.477175922657932
913.0,5.430680480339063
60.0,5.397613572301132
817.0,5.342193822928011
408.0,5.338250547248247
59.0,5.319927027351176
