item_id,predicted_score
341.0,5.7142857142857135
777.0,5.335558784348536
169.0,5.296460044550568
50.0,5.262298852705371
151.0,5.252751959524291
913.0,5.206256517205421
60.0,5.1731896091674905
817.0,5.11776985979437
408.0,5.113826584114605
59.0,5.095503064217535
