item_id,predicted_score
341.0,5.570588235294117
777.0,5.19186130535694
169.0,5.152762565558972
50.0,5.1186013737137745
151.0,5.109054480532695
913.0,5.062559038213825
60.0,5.029492130175894
817.0,4.974072380802774
408.0,4.970129105123009
59.0,4.951805585225939
