item_id,predicted_score
341.0,4.868518518518519
777.0,4.48979158858134
169.0,4.450692848783373
50.0,4.416531656938176
151.0,4.406984763757095
913.0,4.3604893214382265
60.0,4.327422413400296
817.0,4.272002664027174
408.0,4.26805938834741
59.0,4.24973586845034
