item_id,predicted_score
341.0,5.469565217391304
777.0,5.090838287454126
169.0,5.051739547656158
50.0,5.0175783558109615
151.0,5.008031462629881
913.0,4.961536020311012
60.0,4.928469112273081
817.0,4.87304936289996
408.0,4.869106087220196
59.0,4.850782567323126
