item_id,predicted_score
151.0,5.14790957964661
69.0,4.952504871046764
313.0,4.931813186813186
169.0,4.869238999436748
777.0,4.846273070062822
50.0,4.844126936469553
854.0,4.8438201718341
124.0,4.8064241463929385
59.0,4.797288131249318
60.0,4.779808766159908
