item_id,predicted_score
151.0,4.972909579646609
69.0,4.777504871046764
313.0,4.756813186813186
169.0,4.694238999436748
777.0,4.671273070062822
50.0,4.669126936469553
854.0,4.6688201718341
124.0,4.6314241463929395
59.0,4.622288131249318
60.0,4.604808766159908
