item_id,predicted_score
341.0,4.554954954954955
777.0,4.176228025017777
169.0,4.137129285219809
50.0,4.102968093374612
151.0,4.093421200193532
913.0,4.0469257578746625
60.0,4.013858849836732
817.0,3.958439100463611
408.0,3.9544958247838466
59.0,3.9361723048867763
