item_id,predicted_score
151.0,3.8666595796466097
69.0,3.671254871046764
313.0,3.6505631868131863
169.0,3.5879889994367478
777.0,3.5650230700628223
50.0,3.5628769364695527
854.0,3.5625701718341
124.0,3.525174146392939
59.0,3.516038131249318
60.0,3.498558766159908
