item_id,predicted_score
341.0,5.635714285714286
777.0,5.256987355777108
169.0,5.21788861597914
50.0,5.183727424133942
151.0,5.174180530952863
913.0,5.127685088633994
60.0,5.094618180596062
817.0,5.039198431222942
408.0,5.035255155543178
59.0,5.016931635646107
