item_id,predicted_score
341.0,5.270967741935484
777.0,4.892240811998306
169.0,4.853142072200338
50.0,4.818980880355141
151.0,4.809433987174061
913.0,4.762938544855192
60.0,4.72987163681726
817.0,4.67445188744414
408.0,4.670508611764376
59.0,4.652185091867305
