item_id,predicted_score
341.0,5.021052631578947
777.0,4.642325701641769
169.0,4.603226961843801
50.0,4.569065769998604
151.0,4.559518876817524
913.0,4.513023434498655
60.0,4.4799565264607235
817.0,4.424536777087603
408.0,4.420593501407839
59.0,4.402269981510768
