item_id,predicted_score
341.0,4.736729222520108
777.0,4.358002292582929
169.0,4.3189035527849615
50.0,4.284742360939764
151.0,4.275195467758684
913.0,4.2287000254398155
60.0,4.195633117401884
817.0,4.140213368028763
408.0,4.136270092348999
59.0,4.117946572451928
