item_id,predicted_score
151.0,5.259751684909768
69.0,5.064346976309921
313.0,5.043655292076345
169.0,4.981081104699905
777.0,4.95811517532598
50.0,4.955969041732711
854.0,4.955662277097258
124.0,4.918266251656097
59.0,4.909130236512476
60.0,4.8916508714230655
