item_id,predicted_score
341.0,5.752866242038216
777.0,5.374139312101039
169.0,5.335040572303071
50.0,5.300879380457873
151.0,5.291332487276794
913.0,5.244837044957924
60.0,5.211770136919993
817.0,5.156350387546873
408.0,5.152407111867108
59.0,5.134083591970038
