item_id,predicted_score
151.0,5.500687357424388
69.0,5.305282648824542
313.0,5.284590964590964
169.0,5.222016777214526
777.0,5.1990508478406
50.0,5.196904714247331
854.0,5.196597949611878
124.0,5.159201924170716
59.0,5.150065909027096
60.0,5.132586543937686
