item_id,predicted_score
151.0,5.230830371725817
69.0,5.035425663125972
313.0,5.014733978892394
169.0,4.952159791515956
777.0,4.92919386214203
50.0,4.927047728548761
854.0,4.926740963913308
124.0,4.8893449384721475
59.0,4.880208923328526
60.0,4.862729558239116
