item_id,predicted_score
341.0,4.86865671641791
777.0,4.489929786480732
169.0,4.450831046682764
50.0,4.416669854837567
151.0,4.407122961656487
913.0,4.360627519337618
60.0,4.3275606112996865
817.0,4.272140861926566
408.0,4.268197586246802
59.0,4.249874066349731
