item_id,predicted_score
341.0,6.433333333333334
777.0,6.054606403396155
169.0,6.0155076635981874
50.0,5.98134647175299
151.0,5.97179957857191
913.0,5.925304136253041
60.0,5.89223722821511
817.0,5.836817478841989
408.0,5.832874203162225
59.0,5.814550683265154
