item_id,predicted_score
341.0,5.666666666666666
777.0,5.287939736729489
169.0,5.248840996931521
50.0,5.214679805086323
151.0,5.205132911905244
913.0,5.158637469586374
60.0,5.125570561548443
817.0,5.0701508121753225
408.0,5.066207536495558
59.0,5.047884016598488
