item_id,predicted_score
341.0,4.864705882352942
777.0,4.485978952415763
169.0,4.4468802126177955
50.0,4.412719020772598
151.0,4.403172127591518
913.0,4.3566766852726495
60.0,4.323609777234718
817.0,4.268190027861597
408.0,4.264246752181833
59.0,4.245923232284762
