item_id,predicted_score
151.0,4.474832656569687
69.0,4.2794279479698405
313.0,4.258736263736264
169.0,4.196162076359824
777.0,4.173196146985899
50.0,4.17105001339263
854.0,4.170743248757177
124.0,4.133347223316016
59.0,4.124211208172395
60.0,4.106731843082985
