item_id,predicted_score
341.0,4.450299401197604
777.0,4.071572471260427
169.0,4.032473731462459
50.0,3.9983125396172614
151.0,3.988765646436182
913.0,3.9422702041173125
60.0,3.909203296079381
817.0,3.8537835467062607
408.0,3.8498402710264963
59.0,3.831516751129426
