item_id,predicted_score
151.0,5.750182306919337
69.0,5.554777598319491
313.0,5.534085914085914
169.0,5.471511726709475
777.0,5.44854579733555
50.0,5.44639966374228
854.0,5.446092899106827
124.0,5.408696873665667
59.0,5.399560858522046
60.0,5.3820814934326355
