item_id,predicted_score
151.0,5.322909579646609
69.0,5.127504871046764
313.0,5.106813186813186
169.0,5.044238999436748
777.0,5.021273070062822
50.0,5.0191269364695525
854.0,5.0188201718341
124.0,4.981424146392939
59.0,4.972288131249318
60.0,4.954808766159908
