item_id,predicted_score
341.0,3.887878787878788
777.0,3.5091518579416103
169.0,3.4700531181436425
50.0,3.435891926298445
151.0,3.4263450331173653
913.0,3.379849590798496
60.0,3.3467826827605647
817.0,3.291362933387444
408.0,3.2874196577076797
59.0,3.2690961378106094
