item_id,predicted_score
341.0,4.508029197080292
777.0,4.129302267143114
169.0,4.090203527345146
50.0,4.056042335499949
151.0,4.046495442318869
913.0,4.0
60.0,3.9669330919620687
817.0,3.9115133425889477
408.0,3.9075700669091837
59.0,3.8892465470121134
