item_id,predicted_score
151.0,4.907524964261994
69.0,4.712120255662148
313.0,4.691428571428571
169.0,4.628854384052133
777.0,4.605888454678206
50.0,4.603742321084938
854.0,4.603435556449485
124.0,4.5660395310083235
59.0,4.556903515864702
60.0,4.539424150775292
