item_id,predicted_score
151.0,5.445986502723533
69.0,5.250581794123686
313.0,5.22989010989011
169.0,5.167315922513671
777.0,5.144349993139745
50.0,5.142203859546476
854.0,5.141897094911023
124.0,5.104501069469862
59.0,5.0953650543262405
60.0,5.0778856892368305
