item_id,predicted_score
151.0,5.239890711722081
69.0,5.044486003122235
313.0,5.023794318888658
169.0,4.961220131512219
777.0,4.938254202138293
50.0,4.936108068545025
854.0,4.935801303909572
124.0,4.8984052784684105
59.0,4.889269263324789
60.0,4.871789898235379
