item_id,predicted_score
341.0,5.907692307692308
777.0,5.52896537775513
169.0,5.489866637957162
50.0,5.455705446111964
151.0,5.446158552930885
913.0,5.399663110612016
60.0,5.366596202574084
817.0,5.3111764532009635
408.0,5.3072331775212
59.0,5.288909657624129
