item_id,predicted_score
151.0,5.184199902227254
69.0,4.988795193627409
313.0,4.968103509393831
169.0,4.905529322017393
777.0,4.882563392643467
50.0,4.880417259050198
854.0,4.880110494414745
124.0,4.842714468973584
59.0,4.833578453829963
60.0,4.816099088740553
