item_id,predicted_score
151.0,5.08540957964661
69.0,4.890004871046764
313.0,4.869313186813186
169.0,4.806738999436748
777.0,4.783773070062822
50.0,4.781626936469553
854.0,4.7813201718341
124.0,4.7439241463929385
59.0,4.734788131249318
60.0,4.717308766159908
