item_id,predicted_score
151.0,5.278465135202165
69.0,5.083060426602319
313.0,5.062368742368742
169.0,4.999794554992303
777.0,4.976828625618378
50.0,4.974682492025108
854.0,4.974375727389655
124.0,4.936979701948495
59.0,4.927843686804874
60.0,4.9103643217154636
