item_id,predicted_score
151.0,4.971889171483344
69.0,4.776484462883499
313.0,4.755792778649921
169.0,4.6932185912734825
777.0,4.670252661899557
50.0,4.6681065283062875
854.0,4.667799763670835
124.0,4.630403738229674
59.0,4.621267723086053
60.0,4.603788357996643
