item_id,predicted_score
151.0,4.356242912979943
69.0,4.160838204380097
313.0,4.14014652014652
169.0,4.077572332770082
777.0,4.054606403396155
50.0,4.052460269802887
854.0,4.052153505167434
124.0,4.014757479726272
59.0,4.005621464582651
60.0,3.988142099493241
