item_id,predicted_score
341.0,4.875
777.0,4.496273070062822
169.0,4.457174330264854
50.0,4.423013138419657
151.0,4.413466245238577
913.0,4.366970802919708
60.0,4.333903894881777
817.0,4.2784841455086555
408.0,4.274540869828892
59.0,4.256217349931822
