item_id,predicted_score
341.0,5.247058823529412
777.0,4.8683318935922335
169.0,4.829233153794266
50.0,4.795071961949068
151.0,4.785525068767988
913.0,4.73902962644912
60.0,4.705962718411188
817.0,4.650542969038067
408.0,4.646599693358303
59.0,4.6282761734612325
