item_id,predicted_score
151.0,5.175083492690088
69.0,4.9796787840902415
313.0,4.958987099856665
169.0,4.896412912480226
777.0,4.8734469831063
50.0,4.871300849513031
854.0,4.870994084877578
124.0,4.833598059436417
59.0,4.824462044292796
60.0,4.806982679203386
