item_id,predicted_score
151.0,4.749576246313277
69.0,4.55417153771343
313.0,4.533479853479853
169.0,4.470905666103414
777.0,4.447939736729489
50.0,4.445793603136219
854.0,4.445486838500766
124.0,4.408090813059605
59.0,4.398954797915985
60.0,4.381475432826575
