item_id,predicted_score
341.0,4.1848214285714285
777.0,3.80609449863425
169.0,3.7669957588362823
50.0,3.732834566991085
151.0,3.723287673810005
913.0,3.6767922314911363
60.0,3.643725323453205
817.0,3.588305574080084
408.0,3.58436229840032
59.0,3.5660387785032497
