item_id,predicted_score
151.0,5.137367410971911
69.0,4.941962702372065
313.0,4.921271018138488
169.0,4.8586968307620495
777.0,4.835730901388123
50.0,4.8335847677948545
854.0,4.833278003159402
124.0,4.79588197771824
59.0,4.786745962574619
60.0,4.769266597485209
