item_id,predicted_score
341.0,5.367123287671233
777.0,4.988396357734055
169.0,4.949297617936087
50.0,4.915136426090889
151.0,4.90558953290981
913.0,4.859094090590941
60.0,4.826027182553009
817.0,4.7706074331798884
408.0,4.7666641575001245
59.0,4.748340637603054
