item_id,predicted_score
341.0,5.472727272727273
777.0,5.094000342790094
169.0,5.0549016029921265
50.0,5.02074041114693
151.0,5.011193517965849
913.0,4.9646980756469805
60.0,4.93163116760905
817.0,4.876211418235928
408.0,4.872268142556164
59.0,4.853944622659094
