item_id,predicted_score
341.0,5.654607508532424
777.0,5.275880578595245
169.0,5.2367818387972775
50.0,5.20262064695208
151.0,5.193073753771
913.0,5.1465783114521315
60.0,5.1135114034142
817.0,5.058091654041079
408.0,5.054148378361315
59.0,5.035824858464244
