item_id,predicted_score
341.0,4.472340425531915
777.0,4.093613495594737
169.0,4.054514755796769
50.0,4.020353563951572
151.0,4.010806670770492
913.0,3.964311228451623
60.0,3.9312443204136915
817.0,3.875824571040571
408.0,3.8718812953608066
59.0,3.8535577754637362
