item_id,predicted_score
151.0,5.256242912979943
69.0,5.060838204380097
313.0,5.04014652014652
169.0,4.977572332770081
777.0,4.954606403396156
50.0,4.952460269802886
854.0,4.952153505167433
124.0,4.914757479726273
59.0,4.9056214645826515
60.0,4.888142099493241
