item_id,predicted_score
341.0,5.559016393442623
777.0,5.180289463505445
169.0,5.141190723707477
50.0,5.107029531862279
151.0,5.0974826386812
913.0,5.050987196362331
60.0,5.017920288324399
817.0,4.962500538951279
408.0,4.958557263271515
59.0,4.940233743374444
