item_id,predicted_score
341.0,4.747826086956522
777.0,4.369099157019344
169.0,4.330000417221376
50.0,4.295839225376179
151.0,4.2862923321950985
913.0,4.23979688987623
60.0,4.206729981838299
817.0,4.151310232465177
408.0,4.1473669567854134
59.0,4.1290434368883435
