item_id,predicted_score
341.0,5.038775510204082
777.0,4.660048580266904
169.0,4.620949840468936
50.0,4.586788648623738
151.0,4.5772417554426585
913.0,4.53074631312379
60.0,4.497679405085858
817.0,4.442259655712737
408.0,4.4383163800329735
59.0,4.419992860135903
