item_id,predicted_score
151.0,5.580601887338917
69.0,5.385197178739071
313.0,5.364505494505494
169.0,5.301931307129055
777.0,5.27896537775513
50.0,5.27681924416186
854.0,5.276512479526407
124.0,5.239116454085247
59.0,5.229980438941626
60.0,5.2125010738522155
