item_id,predicted_score
151.0,4.864275041493999
69.0,4.668870332894153
313.0,4.648178648660576
169.0,4.585604461284137
777.0,4.562638531910212
50.0,4.560492398316942
854.0,4.560185633681489
124.0,4.522789608240329
59.0,4.513653593096707
60.0,4.496174228007297
