item_id,predicted_score
341.0,5.109090909090909
777.0,4.730363979153731
169.0,4.691265239355763
50.0,4.6571040475105665
151.0,4.647557154329486
913.0,4.601061712010617
60.0,4.567994803972686
817.0,4.512575054599565
408.0,4.508631778919801
59.0,4.490308259022731
