item_id,predicted_score
341.0,4.737844611528822
777.0,4.359117681591644
169.0,4.320018941793676
50.0,4.2858577499484785
151.0,4.276310856767399
913.0,4.22981541444853
60.0,4.196748506410598
817.0,4.141328757037478
408.0,4.137385481357714
59.0,4.119061961460643
