item_id,predicted_score
341.0,5.471794871794872
777.0,5.093067941857694
169.0,5.053969202059726
50.0,5.019808010214529
151.0,5.010261117033449
913.0,4.96376567471458
60.0,4.930698766676649
817.0,4.875279017303527
408.0,4.8713357416237635
59.0,4.8530122217266936
