item_id,predicted_score
341.0,4.8212389380530976
777.0,4.442512008115919
169.0,4.403413268317951
50.0,4.369252076472755
151.0,4.359705183291674
913.0,4.313209740972805
60.0,4.2801428329348745
817.0,4.224723083561753
408.0,4.220779807881989
59.0,4.202456287984919
