item_id,predicted_score
151.0,4.677250415659471
69.0,4.481845707059625
313.0,4.461154022826048
169.0,4.39857983544961
777.0,4.375613906075683
50.0,4.373467772482415
854.0,4.373161007846962
124.0,4.3357649824058
59.0,4.326628967262179
60.0,4.309149602172769
