item_id,predicted_score
151.0,5.814576246313276
69.0,5.619171537713431
313.0,5.598479853479853
169.0,5.535905666103415
777.0,5.512939736729489
50.0,5.51079360313622
854.0,5.510486838500767
124.0,5.473090813059606
59.0,5.463954797915985
60.0,5.446475432826575
