item_id,predicted_score
341.0,5.4399999999999995
777.0,5.061273070062822
169.0,5.022174330264854
50.0,4.988013138419657
151.0,4.978466245238577
913.0,4.931970802919707
60.0,4.8989038948817765
817.0,4.843484145508656
408.0,4.839540869828891
59.0,4.821217349931821
