item_id,predicted_score
151.0,5.47774828932403
69.0,5.282343580724183
313.0,5.261651896490606
169.0,5.199077709114167
777.0,5.176111779740242
50.0,5.173965646146972
854.0,5.173658881511519
124.0,5.136262856070358
59.0,5.127126840926738
60.0,5.109647475837328
