item_id,predicted_score
151.0,5.301670641593512
69.0,5.106265932993666
313.0,5.085574248760089
169.0,5.02300006138365
777.0,5.000034132009724
50.0,4.997887998416456
854.0,4.997581233781003
124.0,4.9601852083398414
59.0,4.95104919319622
60.0,4.93356982810681
