item_id,predicted_score
151.0,5.065766722503753
69.0,4.8703620139039066
313.0,4.849670329670329
169.0,4.7870961422938905
777.0,4.764130212919965
50.0,4.761984079326695
854.0,4.761677314691243
124.0,4.724281289250081
59.0,4.715145274106461
60.0,4.697665909017051
