item_id,predicted_score
341.0,5.819512195121952
777.0,5.440785265184774
169.0,5.401686525386806
50.0,5.367525333541608
151.0,5.357978440360529
913.0,5.31148299804166
60.0,5.278416090003728
817.0,5.2229963406306075
408.0,5.2190530649508435
59.0,5.200729545053773
