item_id,predicted_score
341.0,4.727906976744186
777.0,4.349180046807008
169.0,4.31008130700904
50.0,4.275920115163842
151.0,4.266373221982763
913.0,4.219877779663894
60.0,4.186810871625962
817.0,4.131391122252841
408.0,4.1274478465730775
59.0,4.109124326676007
