item_id,predicted_score
341.0,5.419444444444444
777.0,5.040717514507267
169.0,5.001618774709299
50.0,4.967457582864101
151.0,4.957910689683022
913.0,4.911415247364152
60.0,4.878348339326221
817.0,4.822928589953101
408.0,4.818985314273336
59.0,4.800661794376266
