item_id,predicted_score
341.0,5.316981132075472
777.0,4.938254202138293
169.0,4.8991554623403255
50.0,4.864994270495128
151.0,4.855447377314048
913.0,4.8089519349951795
60.0,4.775885026957248
817.0,4.720465277584127
408.0,4.716522001904363
59.0,4.698198482007292
