item_id,predicted_score
151.0,5.044648710081392
69.0,4.849244001481546
313.0,4.828552317247969
169.0,4.765978129871531
777.0,4.7430122004976045
50.0,4.740866066904336
854.0,4.740559302268883
124.0,4.703163276827722
59.0,4.6940272616841
60.0,4.67654789659469
