item_id,predicted_score
341.0,4.543820224719101
777.0,4.165093294781923
169.0,4.125994554983955
50.0,4.091833363138758
151.0,4.082286469957678
913.0,4.035791027638809
60.0,4.002724119600877
817.0,3.947304370227757
408.0,3.943361094547993
59.0,3.9250375746509225
