item_id,predicted_score
151.0,5.886545943282973
69.0,5.691141234683127
313.0,5.67044955044955
169.0,5.607875363073111
777.0,5.584909433699186
50.0,5.582763300105916
854.0,5.582456535470463
124.0,5.545060510029302
59.0,5.535924494885681
60.0,5.518445129796271
