item_id,predicted_score
151.0,5.485071741808772
69.0,5.289667033208926
313.0,5.268975348975348
169.0,5.20640116159891
777.0,5.183435232224984
50.0,5.181289098631715
854.0,5.180982333996262
124.0,5.143586308555101
59.0,5.13445029341148
60.0,5.11697092832207
