item_id,predicted_score
151.0,4.903861960598991
69.0,4.708457251999144
313.0,4.687765567765568
169.0,4.625191380389129
777.0,4.602225451015203
50.0,4.600079317421934
854.0,4.599772552786481
124.0,4.56237652734532
59.0,4.553240512201699
60.0,4.5357611471122885
