item_id,predicted_score
151.0,4.659273216010246
69.0,4.4638685074104
313.0,4.443176823176823
169.0,4.3806026358003844
777.0,4.357636706426458
50.0,4.355490572833189
854.0,4.3551838081977365
124.0,4.317787782756575
59.0,4.308651767612954
60.0,4.291172402523544
