item_id,predicted_score
341.0,5.24179104477612
777.0,4.8630641148389415
169.0,4.823965375040974
50.0,4.789804183195776
151.0,4.7802572900146965
913.0,4.733761847695828
60.0,4.700694939657896
817.0,4.645275190284775
408.0,4.641331914605011
59.0,4.623008394707941
