item_id,predicted_score
151.0,5.215217271954302
69.0,5.019812563354456
313.0,4.999120879120879
169.0,4.93654669174444
777.0,4.913580762370515
50.0,4.911434628777245
854.0,4.911127864141792
124.0,4.873731838700632
59.0,4.864595823557011
60.0,4.8471164584676005
