item_id,predicted_score
341.0,5.553051643192489
777.0,5.17432471325531
169.0,5.135225973457342
50.0,5.101064781612145
151.0,5.091517888431065
913.0,5.045022446112196
60.0,5.011955538074265
817.0,4.956535788701144
408.0,4.95259251302138
59.0,4.934268993124309
