item_id,predicted_score
151.0,5.209984409578583
69.0,5.014579700978737
313.0,4.993888016745159
169.0,4.931313829368721
777.0,4.908347899994795
50.0,4.906201766401526
854.0,4.905895001766073
124.0,4.868498976324911
59.0,4.859362961181291
60.0,4.841883596091881
