item_id,predicted_score
341.0,5.411320754716981
777.0,5.032593824779803
169.0,4.993495084981835
50.0,4.9593338931366375
151.0,4.949786999955558
913.0,4.903291557636689
60.0,4.870224649598757
817.0,4.814804900225637
408.0,4.810861624545873
59.0,4.792538104648802
