item_id,predicted_score
341.0,6.044444444444444
777.0,5.665717514507267
169.0,5.626618774709299
50.0,5.592457582864101
151.0,5.582910689683022
913.0,5.536415247364152
60.0,5.503348339326221
817.0,5.447928589953101
408.0,5.443985314273336
59.0,5.425661794376266
