item_id,predicted_score
341.0,5.225
777.0,4.846273070062822
169.0,4.807174330264854
50.0,4.773013138419657
151.0,4.763466245238577
913.0,4.7169708029197075
60.0,4.683903894881777
817.0,4.628484145508656
408.0,4.624540869828891
59.0,4.606217349931821
