item_id,predicted_score
341.0,4.833333333333334
777.0,4.454606403396156
169.0,4.415507663598188
50.0,4.38134647175299
151.0,4.371799578571911
913.0,4.325304136253042
60.0,4.29223722821511
817.0,4.2368174788419894
408.0,4.2328742031622255
59.0,4.214550683265155
