item_id,predicted_score
341.0,5.034782608695652
777.0,4.656055678758475
169.0,4.616956938960507
50.0,4.582795747115309
151.0,4.5732488539342295
913.0,4.52675341161536
60.0,4.493686503577429
817.0,4.438266754204308
408.0,4.434323478524544
59.0,4.415999958627474
