item_id,predicted_score
151.0,4.829840272715916
69.0,4.63443556411607
313.0,4.6137438798824935
169.0,4.551169692506054
777.0,4.528203763132129
50.0,4.52605762953886
854.0,4.525750864903407
124.0,4.488354839462246
59.0,4.479218824318624
60.0,4.461739459229214
