item_id,predicted_score
341.0,5.076190476190476
777.0,4.6974635462532985
169.0,4.658364806455331
50.0,4.624203614610133
151.0,4.6146567214290535
913.0,4.568161279110184
60.0,4.535094371072253
817.0,4.479674621699132
408.0,4.4757313460193675
59.0,4.457407826122298
