item_id,predicted_score
151.0,5.385654677685825
69.0,5.190249969085979
313.0,5.169558284852402
169.0,5.106984097475964
777.0,5.0840181681020375
50.0,5.081872034508769
854.0,5.081565269873316
124.0,5.044169244432155
59.0,5.035033229288533
60.0,5.017553864199123
