item_id,predicted_score
341.0,5.5574468085106385
777.0,5.17871987857346
169.0,5.139621138775492
50.0,5.105459946930296
151.0,5.095913053749215
913.0,5.049417611430346
60.0,5.0163507033924155
817.0,4.960930954019294
408.0,4.95698767833953
59.0,4.93866415844246
