item_id,predicted_score
151.0,4.715892035786961
69.0,4.520487327187115
313.0,4.499795642953537
169.0,4.437221455577099
777.0,4.414255526203173
50.0,4.412109392609904
854.0,4.411802627974451
124.0,4.3744066025332895
59.0,4.365270587389669
60.0,4.347791222300259
