item_id,predicted_score
341.0,5.2870748299319725
777.0,4.908347899994795
169.0,4.869249160196827
50.0,4.83508796835163
151.0,4.82554107517055
913.0,4.77904563285168
60.0,4.7459787248137495
817.0,4.690558975440629
408.0,4.686615699760864
59.0,4.668292179863794
