item_id,predicted_score
341.0,5.330158730158731
777.0,4.9514318002215525
169.0,4.912333060423585
50.0,4.878171868578387
151.0,4.868624975397307
913.0,4.822129533078439
60.0,4.789062625040507
817.0,4.733642875667386
408.0,4.729699599987622
59.0,4.7113760800905515
