item_id,predicted_score
151.0,4.888981008218038
69.0,4.693576299618192
313.0,4.672884615384615
169.0,4.610310428008177
777.0,4.58734449863425
50.0,4.5851983650409815
854.0,4.584891600405529
124.0,4.547495574964367
59.0,4.538359559820746
60.0,4.520880194731336
