item_id,predicted_score
341.0,4.792660550458716
777.0,4.413933620521537
169.0,4.3748348807235695
50.0,4.340673688878372
151.0,4.331126795697292
913.0,4.2846313533784235
60.0,4.251564445340492
817.0,4.196144695967371
408.0,4.192201420287607
59.0,4.173877900390536
