item_id,predicted_score
341.0,4.389473684210526
777.0,4.010746754273348
169.0,3.97164801447538
50.0,3.937486822630183
151.0,3.927939929449103
913.0,3.881444487130234
60.0,3.8483775790923027
817.0,3.7929578297191817
408.0,3.789014554039418
59.0,3.7706910341423474
