item_id,predicted_score
151.0,5.00290957964661
69.0,4.807504871046763
313.0,4.786813186813187
169.0,4.724238999436748
777.0,4.701273070062822
50.0,4.699126936469553
854.0,4.6988201718341
124.0,4.661424146392939
59.0,4.652288131249318
60.0,4.634808766159908
