item_id,predicted_score
151.0,4.984448041185072
69.0,4.7890433325852255
313.0,4.768351648351648
169.0,4.705777460975209
777.0,4.682811531601284
50.0,4.680665398008014
854.0,4.6803586333725615
124.0,4.6429626079314
59.0,4.63382659278778
60.0,4.61634722769837
