item_id,predicted_score
151.0,5.542140348877378
69.0,5.346735640277533
313.0,5.326043956043955
169.0,5.263469768667517
777.0,5.240503839293591
50.0,5.238357705700322
854.0,5.238050941064869
124.0,5.2006549156237085
59.0,5.191518900480087
60.0,5.174039535390677
