item_id,predicted_score
341.0,4.051612903225807
777.0,3.6728859732886283
169.0,3.6337872334906605
50.0,3.5996260416454633
151.0,3.5900791484643833
913.0,3.5435837061455144
60.0,3.510516798107583
817.0,3.455097048734462
408.0,3.451153773054698
59.0,3.432830253157628
