item_id,predicted_score
151.0,4.841828498565528
69.0,4.646423789965683
313.0,4.625732105732105
169.0,4.5631579183556665
777.0,4.540191988981741
50.0,4.5380458553884715
854.0,4.537739090753019
124.0,4.500343065311858
59.0,4.491207050168237
60.0,4.473727685078827
