item_id,predicted_score
341.0,4.800000000000001
777.0,4.421273070062822
169.0,4.382174330264855
50.0,4.348013138419657
151.0,4.338466245238577
913.0,4.291970802919709
60.0,4.258903894881777
817.0,4.203484145508656
408.0,4.199540869828892
59.0,4.1812173499318215
