item_id,predicted_score
341.0,5.566101694915254
777.0,5.187374764978077
169.0,5.148276025180109
50.0,5.114114833334911
151.0,5.1045679401538315
913.0,5.058072497834962
60.0,5.025005589797031
817.0,4.96958584042391
408.0,4.965642564744146
59.0,4.947319044847076
