item_id,predicted_score
341.0,4.36923076923077
777.0,3.9905038392935914
169.0,3.9514050994956236
50.0,3.917243907650426
151.0,3.9076970144693464
913.0,3.861201572150477
60.0,3.8281346641125458
817.0,3.772714914739425
408.0,3.768771639059661
59.0,3.7504481191625905
