item_id,predicted_score
341.0,4.897297297297298
777.0,4.51857036736012
169.0,4.479471627562152
50.0,4.445310435716954
151.0,4.435763542535875
913.0,4.389268100217006
60.0,4.356201192179074
817.0,4.300781442805953
408.0,4.2968381671261895
59.0,4.278514647229119
