item_id,predicted_score
341.0,4.266666666666667
777.0,3.8879397367294883
169.0,3.8488409969315205
50.0,3.8146798050863233
151.0,3.8051329119052433
913.0,3.7586374695863745
60.0,3.725570561548443
817.0,3.670150812175322
408.0,3.666207536495558
59.0,3.647884016598488
