item_id,predicted_score
151.0,4.894338151075181
69.0,4.698933442475335
313.0,4.678241758241758
169.0,4.61566757086532
777.0,4.592701641491393
50.0,4.590555507898125
854.0,4.590248743262672
124.0,4.55285271782151
59.0,4.543716702677889
60.0,4.526237337588479
