item_id,predicted_score
341.0,3.94375
777.0,3.5650230700628223
169.0,3.5259243302648544
50.0,3.491763138419657
151.0,3.482216245238577
913.0,3.435720802919708
60.0,3.4026538948817766
817.0,3.347234145508656
408.0,3.3432908698288917
59.0,3.3249673499318213
