item_id,predicted_score
151.0,5.481925973089233
69.0,5.286521264489386
313.0,5.26582958025581
169.0,5.20325539287937
777.0,5.180289463505445
50.0,5.178143329912176
854.0,5.177836565276723
124.0,5.140440539835562
59.0,5.131304524691941
60.0,5.113825159602531
