item_id,predicted_score
341.0,5.523976608187135
777.0,5.145249678249956
169.0,5.1061509384519885
50.0,5.071989746606791
151.0,5.062442853425711
913.0,5.0159474111068425
60.0,4.982880503068911
817.0,4.92746075369579
408.0,4.923517478016026
59.0,4.905193958118955
