item_id,predicted_score
341.0,5.273553719008264
777.0,4.894826789071087
169.0,4.855728049273119
50.0,4.821566857427921
151.0,4.812019964246842
913.0,4.765524521927972
60.0,4.732457613890041
817.0,4.677037864516921
408.0,4.673094588837156
59.0,4.654771068940086
