item_id,predicted_score
341.0,5.587261146496815
777.0,5.208534216559637
169.0,5.169435476761669
50.0,5.135274284916472
151.0,5.125727391735392
913.0,5.079231949416523
60.0,5.0461650413785915
817.0,4.990745292005471
408.0,4.986802016325707
59.0,4.968478496428636
