item_id,predicted_score
151.0,4.777626560778685
69.0,4.582221852178839
313.0,4.561530167945262
169.0,4.498955980568823
777.0,4.475990051194898
50.0,4.473843917601628
854.0,4.473537152966175
124.0,4.436141127525014
59.0,4.427005112381393
60.0,4.409525747291983
