item_id,predicted_score
341.0,5.200558659217878
777.0,4.821831729280699
169.0,4.7827329894827315
50.0,4.748571797637534
151.0,4.739024904456454
913.0,4.6925294621375855
60.0,4.659462554099654
817.0,4.604042804726533
408.0,4.600099529046769
59.0,4.581776009149698
