item_id,predicted_score
151.0,5.095373347762552
69.0,4.899968639162705
313.0,4.879276954929129
169.0,4.816702767552689
777.0,4.793736838178764
50.0,4.791590704585495
854.0,4.791283939950042
124.0,4.753887914508881
59.0,4.7447518993652595
60.0,4.7272725342758495
