item_id,predicted_score
341.0,4.830769230769231
777.0,4.452042300832053
169.0,4.412943561034085
50.0,4.378782369188888
151.0,4.369235476007808
913.0,4.322740033688939
60.0,4.2896731256510074
817.0,4.234253376277887
408.0,4.230310100598123
59.0,4.211986580701052
