item_id,predicted_score
151.0,3.531106300958085
69.0,3.335701592358239
313.0,3.3150099081246616
169.0,3.252435720748223
777.0,3.2294697913742976
50.0,3.227323657781028
854.0,3.227016893145575
124.0,3.189620867704414
59.0,3.1804848525607934
60.0,3.1630054874713833
