item_id,predicted_score
151.0,5.435953057907479
69.0,5.240548349307633
313.0,5.219856665074056
169.0,5.157282477697617
777.0,5.134316548323691
50.0,5.132170414730423
854.0,5.13186365009497
124.0,5.0944676246538085
59.0,5.085331609510187
60.0,5.067852244420777
