item_id,predicted_score
151.0,5.032000488737519
69.0,4.836595780137673
313.0,4.815904095904096
169.0,4.7533299085276575
777.0,4.730363979153731
50.0,4.728217845560462
854.0,4.72791108092501
124.0,4.690515055483848
59.0,4.681379040340227
60.0,4.663899675250817
