item_id,predicted_score
151.0,5.618147674884705
69.0,5.422742966284859
313.0,5.402051282051281
169.0,5.339477094674843
777.0,5.316511165300917
50.0,5.314365031707648
854.0,5.314058267072195
124.0,5.276662241631033
59.0,5.267526226487413
60.0,5.250046861398003
