item_id,predicted_score
151.0,4.322909579646609
69.0,4.127504871046764
313.0,4.106813186813186
169.0,4.044238999436748
777.0,4.021273070062822
50.0,4.0191269364695525
854.0,4.0188201718341
124.0,3.9814241463929387
59.0,3.972288131249318
60.0,3.954808766159908
