item_id,predicted_score
341.0,5.176923076923077
777.0,4.798196146985899
169.0,4.759097407187931
50.0,4.7249362153427334
151.0,4.715389322161654
913.0,4.668893879842785
60.0,4.635826971804853
817.0,4.580407222431733
408.0,4.576463946751969
59.0,4.558140426854898
