item_id,predicted_score
151.0,4.8312669283497796
69.0,4.635862219749933
313.0,4.615170535516357
169.0,4.552596348139918
777.0,4.529630418765992
50.0,4.527484285172723
854.0,4.52717752053727
124.0,4.489781495096109
59.0,4.4806454799524875
60.0,4.4631661148630775
