item_id,predicted_score
151.0,3.580945293932324
69.0,3.3855405853324783
313.0,3.3648489010989007
169.0,3.302274713722462
777.0,3.2793087843485367
50.0,3.277162650755267
854.0,3.2768558861198143
124.0,3.2394598606786533
59.0,3.2303238455350325
60.0,3.2128444804456224
