item_id,predicted_score
151.0,5.1647006244227285
69.0,4.969295915822883
313.0,4.9486042315893055
169.0,4.886030044212867
777.0,4.8630641148389415
50.0,4.860917981245672
854.0,4.860611216610219
124.0,4.823215191169059
59.0,4.814079176025437
60.0,4.796599810936027
