item_id,predicted_score
341.0,5.281481481481482
777.0,4.902754551544303
169.0,4.8636558117463355
50.0,4.829494619901139
151.0,4.819947726720058
913.0,4.7734522844011895
60.0,4.740385376363259
817.0,4.684965626990137
408.0,4.681022351310373
59.0,4.662698831413303
