item_id,predicted_score
151.0,5.263650320387351
69.0,5.068245611787504
313.0,5.047553927553928
169.0,4.984979740177488
777.0,4.962013810803563
50.0,4.959867677210294
854.0,4.959560912574841
124.0,4.92216488713368
59.0,4.9130288719900586
60.0,4.8955495069006485
