item_id,predicted_score
151.0,5.220583998251261
69.0,5.0251792896514145
313.0,5.004487605417838
169.0,4.941913418041398
777.0,4.918947488667473
50.0,4.916801355074204
854.0,4.916494590438751
124.0,4.87909856499759
59.0,4.869962549853969
60.0,4.852483184764559
