item_id,predicted_score
151.0,5.571690067451488
69.0,5.376285358851642
313.0,5.355593674618064
169.0,5.293019487241626
777.0,5.2700535578677
50.0,5.267907424274431
854.0,5.267600659638978
124.0,5.230204634197817
59.0,5.221068619054196
60.0,5.203589253964786
