item_id,predicted_score
151.0,5.421214664392372
69.0,5.225809955792526
313.0,5.205118271558949
169.0,5.142544084182511
777.0,5.119578154808584
50.0,5.117432021215316
854.0,5.117125256579863
124.0,5.0797292311387015
59.0,5.07059321599508
60.0,5.05311385090567
