item_id,predicted_score
151.0,5.71040957964661
69.0,5.515004871046764
313.0,5.494313186813186
169.0,5.431738999436748
777.0,5.408773070062822
50.0,5.406626936469553
854.0,5.4063201718341
124.0,5.3689241463929385
59.0,5.359788131249318
60.0,5.342308766159908
