item_id,predicted_score
341.0,4.781818181818181
777.0,4.403091251881004
169.0,4.363992512083036
50.0,4.3298313202378385
151.0,4.320284427056759
913.0,4.273788984737889
60.0,4.240722076699958
817.0,4.185302327326838
408.0,4.181359051647073
59.0,4.163035531750003
