item_id,predicted_score
151.0,5.0501823069193374
69.0,4.854777598319491
313.0,4.834085914085914
169.0,4.771511726709475
777.0,4.74854579733555
50.0,4.74639966374228
854.0,4.746092899106827
124.0,4.708696873665666
59.0,4.699560858522045
60.0,4.682081493432635
