item_id,predicted_score
341.0,5.22406015037594
777.0,4.845333220438762
169.0,4.806234480640794
50.0,4.772073288795596
151.0,4.7625263956145165
913.0,4.716030953295648
60.0,4.682964045257716
817.0,4.627544295884595
408.0,4.623601020204831
59.0,4.605277500307761
