item_id,predicted_score
151.0,5.316013027922471
69.0,5.120608319322626
313.0,5.099916635089048
169.0,5.03734244771261
777.0,5.014376518338684
50.0,5.012230384745415
854.0,5.011923620109962
124.0,4.9745275946688015
59.0,4.96539157952518
60.0,4.94791221443577
