item_id,predicted_score
341.0,6.134883720930233
777.0,5.756156790993055
169.0,5.717058051195087
50.0,5.682896859349889
151.0,5.67334996616881
913.0,5.626854523849941
60.0,5.593787615812009
817.0,5.538367866438889
408.0,5.534424590759125
59.0,5.516101070862054
