item_id,predicted_score
341.0,5.153191489361703
777.0,4.7744645594245245
169.0,4.735365819626557
50.0,4.701204627781359
151.0,4.6916577346002795
913.0,4.645162292281411
60.0,4.612095384243479
817.0,4.556675634870358
408.0,4.552732359190594
59.0,4.534408839293524
