item_id,predicted_score
151.0,4.999100055837086
69.0,4.80369534723724
313.0,4.7830036630036625
169.0,4.720429475627224
777.0,4.6974635462532985
50.0,4.695317412660029
854.0,4.695010648024576
124.0,4.657614622583415
59.0,4.648478607439794
60.0,4.630999242350384
