item_id,predicted_score
151.0,4.013294195031225
69.0,3.817889486431379
313.0,3.797197802197802
169.0,3.734623614821363
777.0,3.7116576854474372
50.0,3.7095115518541686
854.0,3.7092047872187157
124.0,3.6718087617775543
59.0,3.662672746633933
60.0,3.645193381544523
