item_id,predicted_score
151.0,5.475961222839098
69.0,5.280556514239252
313.0,5.259864830005675
169.0,5.197290642629236
777.0,5.17432471325531
50.0,5.172178579662042
854.0,5.171871815026589
124.0,5.134475789585427
59.0,5.125339774441806
60.0,5.107860409352396
