item_id,predicted_score
151.0,5.727455034192063
69.0,5.532050325592218
313.0,5.51135864135864
169.0,5.448784453982202
777.0,5.425818524608276
50.0,5.423672391015007
854.0,5.423365626379554
124.0,5.3859696009383935
59.0,5.376833585794772
60.0,5.359354220705362
