item_id,predicted_score
341.0,4.713636363636364
777.0,4.334909433699186
169.0,4.295810693901218
50.0,4.26164950205602
151.0,4.2521026088749405
913.0,4.205607166556072
60.0,4.17254025851814
817.0,4.117120509145019
408.0,4.113177233465255
59.0,4.094853713568185
