item_id,predicted_score
151.0,5.752267377811748
69.0,5.556862669211902
313.0,5.536170984978324
169.0,5.4735967976018856
777.0,5.45063086822796
50.0,5.4484847346346905
854.0,5.448177969999238
124.0,5.410781944558076
59.0,5.401645929414456
60.0,5.384166564325046
