item_id,predicted_score
151.0,4.957692188342262
69.0,4.762287479742416
313.0,4.741595795508839
169.0,4.6790216081324
777.0,4.656055678758475
50.0,4.653909545165205
854.0,4.653602780529752
124.0,4.616206755088591
59.0,4.60707073994497
60.0,4.58959137485556
