item_id,predicted_score
341.0,5.356756756756757
777.0,4.978029826819578
169.0,4.9389310870216105
50.0,4.904769895176413
151.0,4.895223001995333
913.0,4.8487275596764645
60.0,4.815660651638533
817.0,4.760240902265412
408.0,4.756297626585648
59.0,4.737974106688577
