item_id,predicted_score
341.0,5.498305084745763
777.0,5.119578154808584
169.0,5.0804794150106165
50.0,5.04631822316542
151.0,5.036771329984339
913.0,4.9902758876654705
60.0,4.95720897962754
817.0,4.901789230254418
408.0,4.897845954574654
59.0,4.879522434677584
