item_id,predicted_score
341.0,4.93968253968254
777.0,4.560955609745362
169.0,4.521856869947394
50.0,4.487695678102197
151.0,4.478148784921117
913.0,4.431653342602248
60.0,4.398586434564317
817.0,4.343166685191195
408.0,4.3392234095114315
59.0,4.3208998896143616
