item_id,predicted_score
151.0,5.260409579646609
69.0,5.065004871046764
313.0,5.044313186813186
169.0,4.981738999436748
777.0,4.958773070062822
50.0,4.9566269364695525
854.0,4.9563201718341
124.0,4.918924146392939
59.0,4.909788131249318
60.0,4.892308766159908
