item_id,predicted_score
341.0,4.975
777.0,4.596273070062822
169.0,4.557174330264854
50.0,4.523013138419657
151.0,4.513466245238577
913.0,4.4669708029197075
60.0,4.433903894881777
817.0,4.378484145508656
408.0,4.374540869828891
59.0,4.356217349931821
