item_id,predicted_score
341.0,5.790476190476191
777.0,5.411749260539013
169.0,5.372650520741045
50.0,5.3384893288958475
151.0,5.328942435714768
913.0,5.282446993395899
60.0,5.249380085357967
817.0,5.193960335984847
408.0,5.190017060305083
59.0,5.171693540408012
