item_id,predicted_score
341.0,4.827272727272727
777.0,4.448545797335549
169.0,4.409447057537581
50.0,4.375285865692383
151.0,4.365738972511304
913.0,4.319243530192435
60.0,4.286176622154503
817.0,4.230756872781383
408.0,4.226813597101619
59.0,4.208490077204548
