item_id,predicted_score
341.0,5.804545454545455
777.0,5.425818524608276
169.0,5.3867197848103086
50.0,5.352558592965111
151.0,5.343011699784031
913.0,5.2965162574651625
60.0,5.263449349427231
817.0,5.20802960005411
408.0,5.204086324374346
59.0,5.1857628044772754
