item_id,predicted_score
341.0,5.183333333333334
777.0,4.804606403396155
169.0,4.7655076635981874
50.0,4.731346471752991
151.0,4.72179957857191
913.0,4.675304136253041
60.0,4.6422372282151105
817.0,4.586817478841989
408.0,4.582874203162225
59.0,4.564550683265155
