item_id,predicted_score
151.0,5.2071201059623995
69.0,5.011715397362553
313.0,4.991023713128976
169.0,4.928449525752537
777.0,4.905483596378612
50.0,4.903337462785342
854.0,4.903030698149889
124.0,4.865634672708728
59.0,4.8564986575651075
60.0,4.839019292475697
