item_id,predicted_score
151.0,4.71040957964661
69.0,4.515004871046764
313.0,4.494313186813186
169.0,4.431738999436748
777.0,4.408773070062822
50.0,4.406626936469553
854.0,4.4063201718341
124.0,4.3689241463929385
59.0,4.359788131249318
60.0,4.342308766159908
