item_id,predicted_score
341.0,4.728205128205128
777.0,4.34947819826795
169.0,4.310379458469982
50.0,4.2762182666247845
151.0,4.266671373443705
913.0,4.220175931124836
60.0,4.187109023086904
817.0,4.131689273713784
408.0,4.12774599803402
59.0,4.109422478136949
