item_id,predicted_score
151.0,5.819205875942906
69.0,5.623801167343061
313.0,5.603109483109483
169.0,5.5405352957330445
777.0,5.517569366359119
50.0,5.5154232327658494
854.0,5.515116468130397
124.0,5.477720442689236
59.0,5.468584427545615
60.0,5.451105062456205
