item_id,predicted_score
151.0,5.011798468535499
69.0,4.816393759935653
313.0,4.795702075702075
169.0,4.733127888325637
777.0,4.710161958951711
50.0,4.708015825358442
854.0,4.707709060722989
124.0,4.670313035281827
59.0,4.661177020138207
60.0,4.643697655048797
