item_id,predicted_score
151.0,4.494338151075182
69.0,4.298933442475335
313.0,4.278241758241758
169.0,4.215667570865319
777.0,4.192701641491394
50.0,4.190555507898124
854.0,4.190248743262671
124.0,4.15285271782151
59.0,4.14371670267789
60.0,4.1262373375884795
