item_id,predicted_score
341.0,5.005797101449275
777.0,4.627070171512098
169.0,4.58797143171413
50.0,4.553810239868932
151.0,4.544263346687853
913.0,4.497767904368983
60.0,4.464700996331052
817.0,4.409281246957931
408.0,4.405337971278167
59.0,4.387014451381097
