item_id,predicted_score
151.0,4.8436642966277415
69.0,4.648259588027896
313.0,4.6275679037943185
169.0,4.56499371641788
777.0,4.5420277870439545
50.0,4.539881653450685
854.0,4.539574888815232
124.0,4.502178863374072
59.0,4.49304284823045
60.0,4.47556348314104
