item_id,predicted_score
151.0,5.35007007347377
69.0,5.1546653648739245
313.0,5.133973680640347
169.0,5.071399493263908
777.0,5.048433563889983
50.0,5.046287430296713
854.0,5.0459806656612605
124.0,5.0085846402201
59.0,4.999448625076479
60.0,4.981969259987069
