item_id,predicted_score
341.0,4.720000000000001
777.0,4.341273070062822
169.0,4.3021743302648545
50.0,4.268013138419657
151.0,4.258466245238577
913.0,4.2119708029197085
60.0,4.178903894881777
817.0,4.123484145508656
408.0,4.119540869828892
59.0,4.101217349931821
