item_id,predicted_score
151.0,4.94690957964661
69.0,4.751504871046763
313.0,4.730813186813187
169.0,4.668238999436747
777.0,4.645273070062822
50.0,4.643126936469553
854.0,4.6428201718341
124.0,4.605424146392939
59.0,4.596288131249318
60.0,4.5788087661599075
