item_id,predicted_score
341.0,4.928358208955224
777.0,4.549631279018046
169.0,4.510532539220078
50.0,4.476371347374881
151.0,4.466824454193801
913.0,4.420329011874932
60.0,4.387262103837001
817.0,4.3318423544638796
408.0,4.327899078784116
59.0,4.309575558887046
