item_id,predicted_score
341.0,5.5285714285714285
777.0,5.14984449863425
169.0,5.110745758836282
50.0,5.076584566991086
151.0,5.067037673810005
913.0,5.020542231491136
60.0,4.987475323453205
817.0,4.932055574080084
408.0,4.92811229840032
59.0,4.90978877850325
