item_id,predicted_score
341.0,4.155555555555555
777.0,3.7768286256183776
169.0,3.7377298858204098
50.0,3.703568693975212
151.0,3.6940218007941326
913.0,3.6475263584752633
60.0,3.614459450437332
817.0,3.5590397010642114
408.0,3.555096425384447
59.0,3.5367729054873767
