item_id,predicted_score
341.0,5.42312925170068
777.0,5.044402321763502
169.0,5.005303581965534
50.0,4.971142390120336
151.0,4.961595496939257
913.0,4.915100054620388
60.0,4.882033146582456
817.0,4.826613397209336
408.0,4.822670121529572
59.0,4.804346601632501
