item_id,predicted_score
341.0,5.533333333333333
777.0,5.154606403396155
169.0,5.115507663598187
50.0,5.08134647175299
151.0,5.07179957857191
913.0,5.025304136253041
60.0,4.99223722821511
817.0,4.936817478841989
408.0,4.932874203162225
59.0,4.914550683265155
