item_id,predicted_score
151.0,4.77290957964661
69.0,4.577504871046764
313.0,4.556813186813186
169.0,4.494238999436748
777.0,4.471273070062822
50.0,4.469126936469553
854.0,4.4688201718341
124.0,4.4314241463929385
59.0,4.422288131249318
60.0,4.404808766159908
