item_id,predicted_score
151.0,5.346438991411316
69.0,5.1510342828114695
313.0,5.130342598577893
169.0,5.067768411201454
777.0,5.044802481827528
50.0,5.042656348234259
854.0,5.042349583598806
124.0,5.004953558157645
59.0,4.995817543014024
60.0,4.978338177924614
