item_id,predicted_score
341.0,6.2875
777.0,5.908773070062822
169.0,5.869674330264854
50.0,5.835513138419657
151.0,5.825966245238577
913.0,5.7794708029197075
60.0,5.746403894881777
817.0,5.690984145508656
408.0,5.687040869828891
59.0,5.668717349931821
