item_id,predicted_score
151.0,4.722909579646609
69.0,4.527504871046764
313.0,4.506813186813186
169.0,4.444238999436748
777.0,4.421273070062822
50.0,4.419126936469553
854.0,4.4188201718341
124.0,4.3814241463929395
59.0,4.372288131249318
60.0,4.354808766159908
