item_id,predicted_score
151.0,5.62290957964661
69.0,5.4275048710467635
313.0,5.406813186813186
169.0,5.344238999436747
777.0,5.321273070062822
50.0,5.319126936469552
854.0,5.3188201718340995
124.0,5.281424146392938
59.0,5.272288131249318
60.0,5.254808766159908
