item_id,predicted_score
341.0,5.365432098765432
777.0,4.986705168828254
169.0,4.947606429030286
50.0,4.913445237185089
151.0,4.903898344004009
913.0,4.857402901685139
60.0,4.8243359936472086
817.0,4.768916244274088
408.0,4.764972968594323
59.0,4.746649448697253
