item_id,predicted_score
341.0,5.3872340425531915
777.0,5.008507112616013
169.0,4.969408372818045
50.0,4.935247180972848
151.0,4.925700287791768
913.0,4.879204845472899
60.0,4.846137937434968
817.0,4.790718188061847
408.0,4.786774912382083
59.0,4.768451392485012
