item_id,predicted_score
151.0,4.371394428131458
69.0,4.1759897195316125
313.0,4.155298035298035
169.0,4.092723847921596
777.0,4.069757918547671
50.0,4.067611784954401
854.0,4.0673050203189485
124.0,4.029908994877788
59.0,4.020772979734167
60.0,4.003293614644757
