item_id,predicted_score
341.0,6.032432432432433
777.0,5.653705502495255
169.0,5.614606762697287
50.0,5.580445570852089
151.0,5.57089867767101
913.0,5.524403235352141
60.0,5.491336327314209
817.0,5.4359165779410885
408.0,5.431973302261325
59.0,5.413649782364254
