item_id,predicted_score
341.0,5.645454545454546
777.0,5.266727615517368
169.0,5.2276288757194
50.0,5.193467683874203
151.0,5.183920790693123
913.0,5.137425348374254
60.0,5.1043584403363225
817.0,5.048938690963202
408.0,5.044995415283438
59.0,5.026671895386367
