item_id,predicted_score
151.0,4.79790957964661
69.0,4.602504871046763
313.0,4.581813186813187
169.0,4.519238999436748
777.0,4.496273070062822
50.0,4.494126936469553
854.0,4.4938201718341
124.0,4.456424146392939
59.0,4.4472881312493175
60.0,4.4298087661599075
