item_id,predicted_score
341.0,3.6081967213114754
777.0,3.2294697913742976
169.0,3.1903710515763297
50.0,3.156209859731132
151.0,3.1466629665500525
913.0,3.1001675242311832
60.0,3.067100616193252
817.0,3.0116808668201314
408.0,3.007737591140367
59.0,2.9894140712432966
