item_id,predicted_score
151.0,5.006986012767628
69.0,4.811581304167783
313.0,4.790889619934205
169.0,4.728315432557767
777.0,4.705349503183841
50.0,4.703203369590572
854.0,4.702896604955119
124.0,4.665500579513958
59.0,4.656364564370337
60.0,4.638885199280927
