item_id,predicted_score
341.0,5.327272727272727
777.0,4.948545797335549
169.0,4.909447057537581
50.0,4.875285865692383
151.0,4.865738972511304
913.0,4.819243530192435
60.0,4.786176622154503
817.0,4.730756872781383
408.0,4.726813597101619
59.0,4.708490077204548
