item_id,predicted_score
341.0,5.448484848484849
777.0,5.069757918547671
169.0,5.030659178749703
50.0,4.996497986904505
151.0,4.986951093723426
913.0,4.940455651404557
60.0,4.907388743366625
817.0,4.851968993993505
408.0,4.848025718313741
59.0,4.82970219841667
