item_id,predicted_score
151.0,4.638294195031225
69.0,4.442889486431379
313.0,4.422197802197802
169.0,4.359623614821363
777.0,4.336657685447437
50.0,4.334511551854169
854.0,4.334204787218716
124.0,4.296808761777554
59.0,4.287672746633933
60.0,4.270193381544523
