item_id,predicted_score
341.0,5.234146341463415
777.0,4.855419411526237
169.0,4.816320671728269
50.0,4.782159479883072
151.0,4.7726125867019915
913.0,4.726117144383123
60.0,4.693050236345192
817.0,4.63763048697207
408.0,4.633687211292306
59.0,4.6153636913952365
