item_id,predicted_score
341.0,5.432116788321168
777.0,5.05338985838399
169.0,5.014291118586022
50.0,4.980129926740824
151.0,4.970583033559745
913.0,4.924087591240876
60.0,4.891020683202944
817.0,4.835600933829824
408.0,4.83165765815006
59.0,4.813334138252989
