item_id,predicted_score
341.0,5.427272727272728
777.0,5.048545797335549
169.0,5.009447057537582
50.0,4.975285865692384
151.0,4.965738972511304
913.0,4.9192435301924355
60.0,4.886176622154504
817.0,4.830756872781383
408.0,4.826813597101619
59.0,4.8084900772045485
