item_id,predicted_score
341.0,5.310526315789474
777.0,4.931799385852296
169.0,4.892700646054328
50.0,4.858539454209131
151.0,4.848992561028051
913.0,4.802497118709182
60.0,4.769430210671251
817.0,4.7140104612981295
408.0,4.710067185618366
59.0,4.691743665721296
