item_id,predicted_score
341.0,4.985542168674699
777.0,4.6068152387375205
169.0,4.567716498939553
50.0,4.533555307094355
151.0,4.5240084139132755
913.0,4.477512971594407
60.0,4.444446063556475
817.0,4.389026314183354
408.0,4.38508303850359
59.0,4.36675951860652
