item_id,predicted_score
151.0,3.0412582034998206
69.0,2.8458534948999743
313.0,2.8251618106663976
169.0,2.7625876232899587
777.0,2.7396216939160327
50.0,2.737475560322764
854.0,2.737168795687311
124.0,2.69977277024615
59.0,2.6906367551025285
60.0,2.6731573900131185
