item_id,predicted_score
341.0,4.906930693069307
777.0,4.528203763132129
169.0,4.489105023334161
50.0,4.454943831488963
151.0,4.4453969383078835
913.0,4.398901495989015
60.0,4.365834587951083
817.0,4.310414838577962
408.0,4.306471562898198
59.0,4.288148043001128
