item_id,predicted_score
151.0,4.7642888899914375
69.0,4.568884181391591
313.0,4.548192497158014
169.0,4.485618309781575
777.0,4.46265238040765
50.0,4.46050624681438
854.0,4.460199482178927
124.0,4.422803456737766
59.0,4.4136674415941455
60.0,4.396188076504735
