item_id,predicted_score
341.0,5.391666666666667
777.0,5.012939736729488
169.0,4.9738409969315205
50.0,4.939679805086323
151.0,4.930132911905243
913.0,4.8836374695863745
60.0,4.850570561548443
817.0,4.795150812175322
408.0,4.791207536495558
59.0,4.772884016598487
