item_id,predicted_score
151.0,5.439576246313276
69.0,5.24417153771343
313.0,5.223479853479853
169.0,5.160905666103414
777.0,5.137939736729488
50.0,5.13579360313622
854.0,5.135486838500767
124.0,5.098090813059605
59.0,5.088954797915984
60.0,5.071475432826574
