item_id,predicted_score
151.0,4.87290957964661
69.0,4.6775048710467635
313.0,4.656813186813187
169.0,4.594238999436747
777.0,4.571273070062822
50.0,4.569126936469553
854.0,4.5688201718341
124.0,4.531424146392939
59.0,4.522288131249318
60.0,4.504808766159908
