item_id,predicted_score
151.0,5.297103128033706
69.0,5.101698419433861
313.0,5.081006735200283
169.0,5.018432547823845
777.0,4.995466618449919
50.0,4.99332048485665
854.0,4.993013720221197
124.0,4.955617694780036
59.0,4.946481679636415
60.0,4.929002314547005
