item_id,predicted_score
341.0,4.918918918918919
777.0,4.540191988981741
169.0,4.501093249183773
50.0,4.466932057338576
151.0,4.457385164157496
913.0,4.410889721838627
60.0,4.377822813800695
817.0,4.322403064427575
408.0,4.318459788747811
59.0,4.30013626885074
