item_id,predicted_score
151.0,5.448835505572536
69.0,5.253430796972689
313.0,5.232739112739113
169.0,5.170164925362673
777.0,5.147198995988748
50.0,5.145052862395479
854.0,5.144746097760026
124.0,5.107350072318865
59.0,5.098214057175244
60.0,5.080734692085834
