item_id,predicted_score
341.0,5.593006993006993
777.0,5.214280063069815
169.0,5.175181323271847
50.0,5.14102013142665
151.0,5.13147323824557
913.0,5.084977795926701
60.0,5.05191088788877
817.0,4.9964911385156485
408.0,4.992547862835885
59.0,4.974224342938815
