item_id,predicted_score
341.0,5.65
777.0,5.271273070062822
169.0,5.232174330264854
50.0,5.198013138419657
151.0,5.188466245238577
913.0,5.141970802919708
60.0,5.108903894881776
817.0,5.053484145508656
408.0,5.049540869828892
59.0,5.031217349931821
