item_id,predicted_score
341.0,5.6625
777.0,5.283773070062822
169.0,5.244674330264854
50.0,5.210513138419657
151.0,5.200966245238577
913.0,5.1544708029197075
60.0,5.121403894881777
817.0,5.065984145508656
408.0,5.062040869828891
59.0,5.043717349931821
