item_id,predicted_score
151.0,3.974522482872416
69.0,3.77911777427257
313.0,3.758426090038993
169.0,3.6958519026625543
777.0,3.6728859732886283
50.0,3.6707398396953597
854.0,3.670433075059907
124.0,3.6330370496187454
59.0,3.623901034475124
60.0,3.606421669385714
