item_id,predicted_score
341.0,5.07887323943662
777.0,4.700146309499441
169.0,4.6610475697014735
50.0,4.626886377856277
151.0,4.617339484675196
913.0,4.5708440423563275
60.0,4.537777134318397
817.0,4.482357384945275
408.0,4.478414109265511
59.0,4.460090589368441
