item_id,predicted_score
151.0,5.17290957964661
69.0,4.977504871046763
313.0,4.956813186813187
169.0,4.894238999436748
777.0,4.871273070062822
50.0,4.869126936469553
854.0,4.8688201718341
124.0,4.831424146392939
59.0,4.8222881312493175
60.0,4.8048087661599075
