item_id,predicted_score
341.0,5.651094890510949
777.0,5.272367960573771
169.0,5.233269220775803
50.0,5.199108028930605
151.0,5.189561135749526
913.0,5.143065693430657
60.0,5.109998785392725
817.0,5.054579036019605
408.0,5.050635760339841
59.0,5.03231224044277
