item_id,predicted_score
341.0,4.2
777.0,3.821273070062822
169.0,3.782174330264854
50.0,3.748013138419657
151.0,3.738466245238577
913.0,3.691970802919708
60.0,3.6589038948817767
817.0,3.6034841455086557
408.0,3.5995408698288918
59.0,3.5812173499318214
