item_id,predicted_score
341.0,5.4402061855670105
777.0,5.061479255629832
169.0,5.022380515831864
50.0,4.988219323986668
151.0,4.978672430805587
913.0,4.932176988486718
60.0,4.8991100804487875
817.0,4.843690331075666
408.0,4.839747055395902
59.0,4.821423535498832
