item_id,predicted_score
341.0,5.356097560975609
777.0,4.977370631038432
169.0,4.938271891240464
50.0,4.904110699395266
151.0,4.894563806214187
913.0,4.848068363895317
60.0,4.815001455857386
817.0,4.759581706484266
408.0,4.755638430804501
59.0,4.737314910907431
