item_id,predicted_score
341.0,4.965930599369085
777.0,4.587203669431907
169.0,4.548104929633939
50.0,4.5139437377887415
151.0,4.504396844607662
913.0,4.457901402288793
60.0,4.424834494250861
817.0,4.369414744877741
408.0,4.365471469197977
59.0,4.347147949300906
