item_id,predicted_score
151.0,4.650569154114695
69.0,4.455164445514849
313.0,4.434472761281271
169.0,4.371898573904833
777.0,4.348932644530907
50.0,4.346786510937638
854.0,4.346479746302185
124.0,4.3090837208610235
59.0,4.299947705717403
60.0,4.282468340627993
