item_id,predicted_score
151.0,4.676755733492763
69.0,4.481351024892917
313.0,4.46065934065934
169.0,4.398085153282901
777.0,4.375119223908976
50.0,4.372973090315707
854.0,4.372666325680254
124.0,4.335270300239093
59.0,4.326134285095471
60.0,4.308654920006061
