item_id,predicted_score
151.0,5.1814461650124635
69.0,4.986041456412617
313.0,4.9653497721790405
169.0,4.902775584802601
777.0,4.879809655428676
50.0,4.877663521835407
854.0,4.877356757199954
124.0,4.839960731758793
59.0,4.830824716615171
60.0,4.813345351525761
