item_id,predicted_score
151.0,5.489011274561864
69.0,5.293606565962018
313.0,5.272914881728441
169.0,5.210340694352002
777.0,5.187374764978077
50.0,5.185228631384807
854.0,5.184921866749354
124.0,5.147525841308193
59.0,5.138389826164572
60.0,5.120910461075162
