item_id,predicted_score
341.0,5.514285714285714
777.0,5.135558784348536
169.0,5.096460044550568
50.0,5.062298852705371
151.0,5.052751959524291
913.0,5.006256517205422
60.0,4.973189609167491
817.0,4.91776985979437
408.0,4.913826584114606
59.0,4.895503064217536
