item_id,predicted_score
151.0,5.2698975314538385
69.0,5.074492822853992
313.0,5.053801138620416
169.0,4.991226951243977
777.0,4.968261021870051
50.0,4.966114888276782
854.0,4.965808123641329
124.0,4.928412098200168
59.0,4.9192760830565465
60.0,4.9017967179671365
