item_id,predicted_score
341.0,5.05933014354067
777.0,4.680603213603492
169.0,4.641504473805524
50.0,4.607343281960327
151.0,4.597796388779247
913.0,4.551300946460378
60.0,4.518234038422447
817.0,4.462814289049326
408.0,4.458871013369562
59.0,4.440547493472492
