item_id,predicted_score
341.0,5.828136882129277
777.0,5.4494099521921
169.0,5.410311212394132
50.0,5.376150020548934
151.0,5.3666031273678545
913.0,5.320107685048985
60.0,5.287040777011054
817.0,5.231621027637933
408.0,5.2276777519581685
59.0,5.209354232061099
