item_id,predicted_score
151.0,5.13228457964661
69.0,4.936879871046764
313.0,4.916188186813186
169.0,4.853613999436748
777.0,4.830648070062822
50.0,4.828501936469553
854.0,4.8281951718341
124.0,4.7907991463929385
59.0,4.781663131249318
60.0,4.764183766159908
