item_id,predicted_score
341.0,4.656818181818181
777.0,4.278091251881004
169.0,4.238992512083036
50.0,4.2048313202378385
151.0,4.195284427056759
913.0,4.148788984737889
60.0,4.115722076699958
817.0,4.060302327326838
408.0,4.056359051647073
59.0,4.038035531750003
