item_id,predicted_score
151.0,5.5461653936000985
69.0,5.350760685000252
313.0,5.330069000766675
169.0,5.267494813390236
777.0,5.244528884016311
50.0,5.242382750423041
854.0,5.242075985787588
124.0,5.204679960346427
59.0,5.1955439452028065
60.0,5.178064580113396
