item_id,predicted_score
341.0,4.69375
777.0,4.315023070062822
169.0,4.275924330264854
50.0,4.241763138419657
151.0,4.232216245238577
913.0,4.1857208029197075
60.0,4.152653894881777
817.0,4.097234145508656
408.0,4.093290869828891
59.0,4.074967349931821
