item_id,predicted_score
151.0,4.476755733492764
69.0,4.281351024892918
313.0,4.26065934065934
169.0,4.198085153282902
777.0,4.175119223908976
50.0,4.172973090315707
854.0,4.172666325680254
124.0,4.1352703002390925
59.0,4.126134285095472
60.0,4.108654920006062
