item_id,predicted_score
151.0,4.9346742855289625
69.0,4.739269576929116
313.0,4.7185778926955395
169.0,4.656003705319101
777.0,4.633037775945175
50.0,4.630891642351906
854.0,4.630584877716453
124.0,4.593188852275292
59.0,4.58405283713167
60.0,4.56657347204226
