item_id,predicted_score
341.0,5.6408163265306115
777.0,5.262089396593434
169.0,5.222990656795466
50.0,5.188829464950269
151.0,5.179282571769189
913.0,5.132787129450319
60.0,5.0997202214123885
817.0,5.044300472039268
408.0,5.040357196359503
59.0,5.022033676462433
