item_id,predicted_score
341.0,4.695238095238095
777.0,4.316511165300917
169.0,4.277412425502949
50.0,4.243251233657752
151.0,4.233704340476672
913.0,4.187208898157803
60.0,4.1541419901198715
817.0,4.098722240746751
408.0,4.094778965066987
59.0,4.076455445169916
