item_id,predicted_score
151.0,4.599832656569687
69.0,4.4044279479698405
313.0,4.383736263736264
169.0,4.321162076359824
777.0,4.298196146985899
50.0,4.29605001339263
854.0,4.295743248757177
124.0,4.258347223316016
59.0,4.249211208172395
60.0,4.231731843082985
