item_id,predicted_score
341.0,4.656179775280899
777.0,4.277452845343721
169.0,4.238354105545753
50.0,4.204192913700556
151.0,4.1946460205194755
913.0,4.148150578200607
60.0,4.115083670162676
817.0,4.059663920789554
408.0,4.0557206451097905
59.0,4.0373971252127205
