item_id,predicted_score
341.0,5.26566265060241
777.0,4.886935720665232
169.0,4.847836980867264
50.0,4.813675789022066
151.0,4.804128895840987
913.0,4.757633453522118
60.0,4.724566545484186
817.0,4.6691467961110655
408.0,4.665203520431302
59.0,4.646880000534231
