item_id,predicted_score
341.0,4.836842105263158
777.0,4.45811517532598
169.0,4.419016435528012
50.0,4.384855243682814
151.0,4.375308350501735
913.0,4.328812908182866
60.0,4.295746000144934
817.0,4.240326250771814
408.0,4.23638297509205
59.0,4.218059455194979
