item_id,predicted_score
341.0,5.178947368421053
777.0,4.8002204384838745
169.0,4.761121698685907
50.0,4.72696050684071
151.0,4.717413613659629
913.0,4.670918171340761
60.0,4.63785126330283
817.0,4.582431513929708
408.0,4.578488238249944
59.0,4.560164718352874
