item_id,predicted_score
151.0,4.896403555550224
69.0,4.7009988469503785
313.0,4.680307162716801
169.0,4.617732975340362
777.0,4.594767045966437
50.0,4.592620912373167
854.0,4.5923141477377145
124.0,4.554918122296554
59.0,4.545782107152933
60.0,4.528302742063523
