item_id,predicted_score
151.0,4.989576246313277
69.0,4.794171537713431
313.0,4.773479853479853
169.0,4.7109056661034145
777.0,4.687939736729489
50.0,4.6857936031362195
854.0,4.685486838500767
124.0,4.648090813059605
59.0,4.638954797915985
60.0,4.621475432826575
