item_id,predicted_score
341.0,5.8567567567567576
777.0,5.478029826819579
169.0,5.438931087021611
50.0,5.404769895176414
151.0,5.395223001995334
913.0,5.348727559676465
60.0,5.315660651638534
817.0,5.260240902265413
408.0,5.256297626585649
59.0,5.237974106688578
