item_id,predicted_score
151.0,4.8651318018688325
69.0,4.669727093268986
313.0,4.649035409035409
169.0,4.58646122165897
777.0,4.563495292285045
50.0,4.561349158691775
854.0,4.561042394056322
124.0,4.523646368615161
59.0,4.5145103534715405
60.0,4.4970309883821304
