item_id,predicted_score
341.0,5.0375
777.0,4.658773070062822
169.0,4.619674330264854
50.0,4.585513138419657
151.0,4.575966245238577
913.0,4.5294708029197075
60.0,4.496403894881777
817.0,4.440984145508656
408.0,4.437040869828891
59.0,4.418717349931821
