item_id,predicted_score
341.0,5.56875
777.0,5.190023070062822
169.0,5.150924330264854
50.0,5.116763138419657
151.0,5.107216245238577
913.0,5.0607208029197075
60.0,5.027653894881777
817.0,4.972234145508656
408.0,4.968290869828891
59.0,4.949967349931821
