item_id,predicted_score
341.0,4.984615384615385
777.0,4.605888454678206
169.0,4.5667897148802385
50.0,4.532628523035042
151.0,4.523081629853961
913.0,4.4765861875350925
60.0,4.443519279497162
817.0,4.38809953012404
408.0,4.384156254444276
59.0,4.365832734547206
