item_id,predicted_score
341.0,5.346031746031747
777.0,4.967304816094568
169.0,4.9282060762966005
50.0,4.894044884451403
151.0,4.884497991270323
913.0,4.838002548951454
60.0,4.804935640913523
817.0,4.749515891540402
408.0,4.745572615860638
59.0,4.727249095963567
