item_id,predicted_score
341.0,5.546428571428572
777.0,5.167701641491393
169.0,5.128602901693426
50.0,5.094441709848228
151.0,5.084894816667148
913.0,5.03839937434828
60.0,5.005332466310348
817.0,4.949912716937227
408.0,4.945969441257463
59.0,4.9276459213603925
