item_id,predicted_score
341.0,5.406122448979592
777.0,5.027395519042414
169.0,4.988296779244446
50.0,4.954135587399248
151.0,4.944588694218169
913.0,4.8980932518993
60.0,4.865026343861368
817.0,4.809606594488248
408.0,4.805663318808484
59.0,4.787339798911413
