item_id,predicted_score
151.0,4.75367881041584
69.0,4.558274101815995
313.0,4.537582417582417
169.0,4.475008230205979
777.0,4.452042300832053
50.0,4.449896167238784
854.0,4.449589402603331
124.0,4.41219337716217
59.0,4.403057362018549
60.0,4.385577996929139
