item_id,predicted_score
341.0,5.45483870967742
777.0,5.076111779740241
169.0,5.0370130399422735
50.0,5.002851848097077
151.0,4.993304954915996
913.0,4.946809512597127
60.0,4.9137426045591965
817.0,4.858322855186075
408.0,4.854379579506311
59.0,4.836056059609241
