item_id,predicted_score
151.0,5.0290824191527825
69.0,4.833677710552936
313.0,4.81298602631936
169.0,4.75041183894292
777.0,4.727445909568995
50.0,4.725299775975726
854.0,4.724993011340273
124.0,4.687596985899112
59.0,4.6784609707554905
60.0,4.66098160566608
