item_id,predicted_score
151.0,5.15253920927624
69.0,4.957134500676394
313.0,4.936442816442816
169.0,4.8738686290663775
777.0,4.850902699692452
50.0,4.8487565660991825
854.0,4.84844980146373
124.0,4.811053776022568
59.0,4.801917760878948
60.0,4.784438395789538
