item_id,predicted_score
341.0,4.5473684210526315
777.0,4.168641491115453
169.0,4.129542751317485
50.0,4.095381559472289
151.0,4.085834666291208
913.0,4.039339223972339
60.0,4.0062723159344085
817.0,3.950852566561287
408.0,3.946909290881523
59.0,3.9285857709844527
