item_id,predicted_score
151.0,6.106242912979942
69.0,5.910838204380097
313.0,5.890146520146519
169.0,5.827572332770081
777.0,5.804606403396155
50.0,5.802460269802886
854.0,5.802153505167433
124.0,5.764757479726272
59.0,5.755621464582651
60.0,5.738142099493241
