item_id,predicted_score
151.0,4.888851608632117
69.0,4.693446900032271
313.0,4.672755215798694
169.0,4.6101810284222555
777.0,4.587215099048329
50.0,4.5850689654550605
854.0,4.584762200819608
124.0,4.547366175378446
59.0,4.538230160234825
60.0,4.520750795145415
