item_id,predicted_score
341.0,5.065346534653465
777.0,4.686619604716287
169.0,4.647520864918319
50.0,4.613359673073122
151.0,4.603812779892042
913.0,4.557317337573173
60.0,4.5242504295352415
817.0,4.468830680162121
408.0,4.464887404482357
59.0,4.446563884585286
