item_id,predicted_score
151.0,5.809576246313277
69.0,5.614171537713431
313.0,5.593479853479853
169.0,5.530905666103415
777.0,5.507939736729489
50.0,5.50579360313622
854.0,5.505486838500767
124.0,5.4680908130596055
59.0,5.458954797915985
60.0,5.441475432826575
