item_id,predicted_score
341.0,4.830392156862745
777.0,4.451665226925567
169.0,4.4125664871276
50.0,4.378405295282402
151.0,4.368858402101322
913.0,4.322362959782453
60.0,4.289296051744522
817.0,4.233876302371401
408.0,4.229933026691636
59.0,4.2116095067945665
