item_id,predicted_score
341.0,5.427160493827161
777.0,5.048433563889983
169.0,5.009334824092015
50.0,4.975173632246817
151.0,4.965626739065738
913.0,4.919131296746869
60.0,4.886064388708937
817.0,4.830644639335817
408.0,4.826701363656053
59.0,4.808377843758982
