item_id,predicted_score
341.0,4.393103448275863
777.0,4.014376518338684
169.0,3.9752777785407165
50.0,3.941116586695519
151.0,3.9315696935144393
913.0,3.88507425119557
60.0,3.8520073431576387
817.0,3.796587593784518
408.0,3.7926443181047538
59.0,3.7743207982076834
