item_id,predicted_score
341.0,4.8054794520547945
777.0,4.426752522117616
169.0,4.387653782319648
50.0,4.353492590474451
151.0,4.343945697293371
913.0,4.297450254974502
60.0,4.264383346936571
817.0,4.20896359756345
408.0,4.205020321883686
59.0,4.186696801986615
