item_id,predicted_score
341.0,5.015929203539823
777.0,4.637202273602645
169.0,4.598103533804677
50.0,4.56394234195948
151.0,4.5543954487784
913.0,4.507900006459531
60.0,4.4748330984216
817.0,4.419413349048479
408.0,4.415470073368715
59.0,4.397146553471645
