item_id,predicted_score
341.0,4.566666666666666
777.0,4.187939736729489
169.0,4.148840996931521
50.0,4.114679805086324
151.0,4.105132911905244
913.0,4.058637469586374
60.0,4.025570561548443
817.0,3.970150812175323
408.0,3.9662075364955585
59.0,3.947884016598488
