item_id,predicted_score
151.0,5.370735666603132
69.0,5.175330958003285
313.0,5.154639273769709
169.0,5.092065086393269
777.0,5.069099157019344
50.0,5.066953023426075
854.0,5.066646258790622
124.0,5.029250233349461
59.0,5.02011421820584
60.0,5.0026348531164295
