item_id,predicted_score
151.0,5.33090957964661
69.0,5.135504871046764
313.0,5.114813186813186
169.0,5.052238999436748
777.0,5.029273070062822
50.0,5.0271269364695526
854.0,5.0268201718341
124.0,4.989424146392938
59.0,4.980288131249318
60.0,4.962808766159908
