item_id,predicted_score
151.0,5.19682262312487
69.0,5.001417914525025
313.0,4.980726230291447
169.0,4.9181520429150085
777.0,4.895186113541083
50.0,4.8930399799478135
854.0,4.892733215312361
124.0,4.8553371898712
59.0,4.846201174727579
60.0,4.828721809638169
