item_id,predicted_score
151.0,4.107731008218038
69.0,3.912326299618192
313.0,3.891634615384615
169.0,3.829060428008176
777.0,3.80609449863425
50.0,3.8039483650409815
854.0,3.8036416004055287
124.0,3.7662455749643673
59.0,3.757109559820746
60.0,3.739630194731336
