item_id,predicted_score
341.0,5.219047619047619
777.0,4.840320689110441
169.0,4.801221949312473
50.0,4.767060757467275
151.0,4.757513864286196
913.0,4.711018421967327
60.0,4.677951513929395
817.0,4.622531764556275
408.0,4.618588488876511
59.0,4.60026496897944
