item_id,predicted_score
341.0,4.865625
777.0,4.486898070062822
169.0,4.447799330264854
50.0,4.413638138419657
151.0,4.404091245238577
913.0,4.3575958029197075
60.0,4.324528894881777
817.0,4.269109145508656
408.0,4.265165869828891
59.0,4.246842349931821
