item_id,predicted_score
151.0,5.339001533669598
69.0,5.143596825069752
313.0,5.122905140836175
169.0,5.0603309534597365
777.0,5.03736502408581
50.0,5.0352188904925415
854.0,5.034912125857089
124.0,4.997516100415927
59.0,4.988380085272306
60.0,4.970900720182896
