item_id,predicted_score
341.0,5.291666666666667
777.0,4.912939736729489
169.0,4.873840996931521
50.0,4.839679805086323
151.0,4.830132911905244
913.0,4.783637469586375
60.0,4.750570561548443
817.0,4.6951508121753225
408.0,4.6912075364955585
59.0,4.672884016598488
