item_id,predicted_score
151.0,4.99947207964661
69.0,4.804067371046764
313.0,4.783375686813186
169.0,4.720801499436748
777.0,4.697835570062822
50.0,4.695689436469553
854.0,4.6953826718341
124.0,4.6579866463929385
59.0,4.648850631249318
60.0,4.631371266159908
