item_id,predicted_score
151.0,4.903191269787454
69.0,4.707786561187609
313.0,4.687094876954031
169.0,4.624520689577593
777.0,4.601554760203667
50.0,4.599408626610398
854.0,4.599101861974945
124.0,4.561705836533784
59.0,4.552569821390163
60.0,4.535090456300753
