item_id,predicted_score
341.0,4.617316017316018
777.0,4.238589087378839
169.0,4.199490347580872
50.0,4.165329155735674
151.0,4.155782262554594
913.0,4.109286820235726
60.0,4.076219912197794
817.0,4.020800162824673
408.0,4.016856887144909
59.0,3.9985333672478385
