item_id,predicted_score
151.0,4.651114707851738
69.0,4.455709999251892
313.0,4.435018315018315
169.0,4.3724441276418755
777.0,4.34947819826795
50.0,4.347332064674681
854.0,4.3470253000392285
124.0,4.309629274598067
59.0,4.300493259454446
60.0,4.283013894365036
