item_id,predicted_score
341.0,5.2215139442231076
777.0,4.842787014285929
169.0,4.803688274487961
50.0,4.769527082642764
151.0,4.759980189461684
913.0,4.713484747142815
60.0,4.680417839104884
817.0,4.624998089731763
408.0,4.621054814051999
59.0,4.602731294154928
