item_id,predicted_score
151.0,4.36542926468598
69.0,4.170024556086133
313.0,4.149332871852557
169.0,4.086758684476118
777.0,4.063792755102192
50.0,4.061646621508923
854.0,4.06133985687347
124.0,4.023943831432309
59.0,4.0148078162886875
60.0,3.9973284511992775
