item_id,predicted_score
341.0,5.283333333333333
777.0,4.904606403396155
169.0,4.865507663598187
50.0,4.83134647175299
151.0,4.82179957857191
913.0,4.775304136253041
60.0,4.74223722821511
817.0,4.686817478841989
408.0,4.682874203162225
59.0,4.664550683265155
