item_id,predicted_score
151.0,5.856242912979942
69.0,5.660838204380097
313.0,5.640146520146519
169.0,5.577572332770081
777.0,5.554606403396155
50.0,5.552460269802886
854.0,5.552153505167433
124.0,5.514757479726272
59.0,5.505621464582651
60.0,5.488142099493241
