item_id,predicted_score
151.0,4.5790893549275085
69.0,4.383684646327662
313.0,4.3629929620940855
169.0,4.300418774717647
777.0,4.277452845343721
50.0,4.275306711750452
854.0,4.274999947114999
124.0,4.237603921673838
59.0,4.228467906530216
60.0,4.210988541440806
