item_id,predicted_score
341.0,4.838095238095239
777.0,4.45936830815806
169.0,4.4202695683600925
50.0,4.386108376514895
151.0,4.376561483333815
913.0,4.3300660410149465
60.0,4.296999132977015
817.0,4.241579383603894
408.0,4.23763610792413
59.0,4.219312588027059
