item_id,predicted_score
341.0,5.525925925925926
777.0,5.147198995988748
169.0,5.10810025619078
50.0,5.073939064345582
151.0,5.064392171164503
913.0,5.017896728845634
60.0,4.984829820807702
817.0,4.929410071434582
408.0,4.925466795754818
59.0,4.907143275857747
