item_id,predicted_score
341.0,5.35
777.0,4.971273070062822
169.0,4.932174330264854
50.0,4.898013138419657
151.0,4.888466245238577
913.0,4.8419708029197075
60.0,4.808903894881777
817.0,4.753484145508656
408.0,4.749540869828891
59.0,4.731217349931821
