item_id,predicted_score
341.0,5.03558282208589
777.0,4.6568558921487115
169.0,4.617757152350744
50.0,4.583595960505546
151.0,4.5740490673244665
913.0,4.527553625005598
60.0,4.494486716967666
817.0,4.439066967594545
408.0,4.435123691914781
59.0,4.416800172017711
