item_id,predicted_score
341.0,5.4597285067873305
777.0,5.081001576850152
169.0,5.041902837052184
50.0,5.007741645206988
151.0,4.998194752025907
913.0,4.951699309707038
60.0,4.918632401669107
817.0,4.863212652295986
408.0,4.859269376616222
59.0,4.840945856719152
