item_id,predicted_score
151.0,5.634020690757721
69.0,5.438615982157875
313.0,5.417924297924297
169.0,5.3553501105478585
777.0,5.332384181173933
50.0,5.330238047580663
854.0,5.329931282945211
124.0,5.292535257504049
59.0,5.283399242360429
60.0,5.265919877271019
