item_id,predicted_score
151.0,5.064576246313276
69.0,4.86917153771343
313.0,4.848479853479853
169.0,4.785905666103414
777.0,4.762939736729488
50.0,4.76079360313622
854.0,4.760486838500767
124.0,4.723090813059605
59.0,4.713954797915984
60.0,4.696475432826574
