item_id,predicted_score
341.0,4.7153846153846155
777.0,4.336657685447437
169.0,4.297558945649469
50.0,4.263397753804272
151.0,4.253850860623192
913.0,4.207355418304323
60.0,4.174288510266392
817.0,4.118868760893271
408.0,4.114925485213507
59.0,4.096601965316436
