item_id,predicted_score
151.0,5.577517088179032
69.0,5.382112379579187
313.0,5.361420695345609
169.0,5.298846507969171
777.0,5.275880578595245
50.0,5.273734445001976
854.0,5.273427680366523
124.0,5.2360316549253625
59.0,5.226895639781741
60.0,5.209416274692331
