item_id,predicted_score
341.0,5.122727272727273
777.0,4.744000342790095
169.0,4.704901602992127
50.0,4.67074041114693
151.0,4.66119351796585
913.0,4.614698075646981
60.0,4.58163116760905
817.0,4.5262114182359285
408.0,4.522268142556165
59.0,4.503944622659095
