item_id,predicted_score
341.0,4.643478260869566
777.0,4.264751330932388
169.0,4.22565259113442
50.0,4.191491399289222
151.0,4.181944506108143
913.0,4.135449063789274
60.0,4.102382155751342
817.0,4.0469624063782215
408.0,4.0430191306984575
59.0,4.024695610801387
