item_id,predicted_score
341.0,4.52
777.0,4.141273070062822
169.0,4.102174330264854
50.0,4.068013138419657
151.0,4.058466245238577
913.0,4.011970802919707
60.0,3.9789038948817765
817.0,3.923484145508656
408.0,3.9195408698288916
59.0,3.9012173499318212
