item_id,predicted_score
341.0,5.132110091743119
777.0,4.7533831618059414
169.0,4.714284422007974
50.0,4.680123230162776
151.0,4.670576336981696
913.0,4.624080894662827
60.0,4.591013986624896
817.0,4.535594237251775
408.0,4.53165096157201
59.0,4.5133274416749405
