item_id,predicted_score
151.0,5.812909579646609
69.0,5.617504871046764
313.0,5.596813186813186
169.0,5.534238999436748
777.0,5.511273070062822
50.0,5.509126936469553
854.0,5.5088201718341
124.0,5.471424146392939
59.0,5.462288131249318
60.0,5.444808766159908
