item_id,predicted_score
341.0,5.3977528089887645
777.0,5.019025879051586
169.0,4.979927139253618
50.0,4.945765947408421
151.0,4.936219054227341
913.0,4.889723611908472
60.0,4.856656703870541
817.0,4.80123695449742
408.0,4.797293678817656
59.0,4.778970158920585
