item_id,predicted_score
151.0,5.244221055056446
69.0,5.0488163464566
313.0,5.028124662223022
169.0,4.965550474846584
777.0,4.942584545472658
50.0,4.940438411879389
854.0,4.940131647243936
124.0,4.9027356218027744
59.0,4.893599606659154
60.0,4.876120241569744
