item_id,predicted_score
151.0,4.836635069842688
69.0,4.641230361242842
313.0,4.620538677009265
169.0,4.557964489632827
777.0,4.5349985602589005
50.0,4.532852426665632
854.0,4.532545662030179
124.0,4.495149636589018
59.0,4.486013621445396
60.0,4.468534256355986
