item_id,predicted_score
341.0,5.155555555555555
777.0,4.776828625618378
169.0,4.73772988582041
50.0,4.703568693975212
151.0,4.694021800794133
913.0,4.647526358475263
60.0,4.614459450437332
817.0,4.559039701064211
408.0,4.555096425384447
59.0,4.536772905487377
