item_id,predicted_score
151.0,5.183926528799152
69.0,4.988521820199306
313.0,4.967830135965729
169.0,4.90525594858929
777.0,4.882290019215365
50.0,4.880143885622095
854.0,4.879837120986642
124.0,4.842441095545482
59.0,4.8333050804018605
60.0,4.81582571531245
