item_id,predicted_score
151.0,4.9690634258004565
69.0,4.77365871720061
313.0,4.752967032967033
169.0,4.690392845590594
777.0,4.667426916216669
50.0,4.665280782623399
854.0,4.664974017987946
124.0,4.627577992546785
59.0,4.618441977403164
60.0,4.600962612313754
