item_id,predicted_score
341.0,5.562962962962963
777.0,5.184236033025785
169.0,5.145137293227817
50.0,5.11097610138262
151.0,5.10142920820154
913.0,5.054933765882671
60.0,5.021866857844739
817.0,4.966447108471619
408.0,4.962503832791855
59.0,4.944180312894784
