item_id,predicted_score
341.0,5.737931034482759
777.0,5.359204104545581
169.0,5.320105364747613
50.0,5.285944172902416
151.0,5.276397279721336
913.0,5.229901837402467
60.0,5.1968349293645355
817.0,5.141415179991415
408.0,5.137471904311651
59.0,5.11914838441458
