item_id,predicted_score
151.0,5.106242912979943
69.0,4.910838204380097
313.0,4.89014652014652
169.0,4.827572332770082
777.0,4.804606403396155
50.0,4.802460269802887
854.0,4.802153505167434
124.0,4.764757479726272
59.0,4.755621464582651
60.0,4.738142099493241
