item_id,predicted_score
151.0,4.6808043164887145
69.0,4.485399607888869
313.0,4.464707923655292
169.0,4.402133736278853
777.0,4.379167806904928
50.0,4.377021673311658
854.0,4.376714908676205
124.0,4.339318883235045
59.0,4.330182868091423
60.0,4.312703503002013
