item_id,predicted_score
341.0,5.093464052287581
777.0,4.714737122350404
169.0,4.675638382552436
50.0,4.6414771907072385
151.0,4.631930297526159
913.0,4.585434855207289
60.0,4.552367947169358
817.0,4.496948197796238
408.0,4.493004922116473
59.0,4.474681402219403
