item_id,predicted_score
341.0,5.342222222222222
777.0,4.963495292285044
169.0,4.924396552487076
50.0,4.89023536064188
151.0,4.880688467460799
913.0,4.83419302514193
60.0,4.801126117103999
817.0,4.745706367730878
408.0,4.741763092051114
59.0,4.723439572154044
