item_id,predicted_score
151.0,4.64790957964661
69.0,4.452504871046764
313.0,4.431813186813186
169.0,4.369238999436748
777.0,4.346273070062822
50.0,4.344126936469553
854.0,4.3438201718341
124.0,4.3064241463929385
59.0,4.297288131249318
60.0,4.279808766159908
