item_id,predicted_score
151.0,5.880052436789466
69.0,5.684647728189621
313.0,5.663956043956043
169.0,5.6013818565796045
777.0,5.578415927205679
50.0,5.5762697936124095
854.0,5.575963028976957
124.0,5.538567003535796
59.0,5.529430988392175
60.0,5.511951623302765
