item_id,predicted_score
341.0,5.566666666666666
777.0,5.187939736729489
169.0,5.148840996931521
50.0,5.114679805086324
151.0,5.105132911905244
913.0,5.058637469586374
60.0,5.025570561548443
817.0,4.970150812175323
408.0,4.966207536495558
59.0,4.947884016598488
