item_id,predicted_score
151.0,5.001632983901929
69.0,4.806228275302082
313.0,4.785536591068506
169.0,4.722962403692067
777.0,4.699996474318141
50.0,4.697850340724872
854.0,4.697543576089419
124.0,4.660147550648258
59.0,4.651011535504637
60.0,4.633532170415227
