item_id,predicted_score
341.0,5.275675675675676
777.0,4.896948745738498
169.0,4.85785000594053
50.0,4.823688814095332
151.0,4.814141920914253
913.0,4.767646478595384
60.0,4.734579570557452
817.0,4.6791598211843315
408.0,4.6752165455045676
59.0,4.656893025607497
