item_id,predicted_score
151.0,4.885409579646609
69.0,4.690004871046764
313.0,4.669313186813186
169.0,4.606738999436748
777.0,4.583773070062822
50.0,4.5816269364695525
854.0,4.5813201718341
124.0,4.543924146392939
59.0,4.534788131249318
60.0,4.517308766159908
