item_id,predicted_score
151.0,5.277626560778685
69.0,5.082221852178839
313.0,5.061530167945262
169.0,4.998955980568823
777.0,4.975990051194898
50.0,4.973843917601628
854.0,4.973537152966175
124.0,4.936141127525014
59.0,4.927005112381393
60.0,4.909525747291983
