item_id,predicted_score
341.0,5.048979591836735
777.0,4.670252661899557
169.0,4.631153922101589
50.0,4.5969927302563915
151.0,4.587445837075312
913.0,4.540950394756443
60.0,4.507883486718511
817.0,4.452463737345391
408.0,4.448520461665627
59.0,4.430196941768556
