item_id,predicted_score
151.0,5.528314985052015
69.0,5.33291027645217
313.0,5.312218592218592
169.0,5.2496444048421536
777.0,5.226678475468228
50.0,5.2245323418749585
854.0,5.224225577239506
124.0,5.186829551798345
59.0,5.177693536654724
60.0,5.160214171565314
