item_id,predicted_score
151.0,5.448282713974968
69.0,5.252878005375122
313.0,5.232186321141545
169.0,5.169612133765106
777.0,5.14664620439118
50.0,5.144500070797911
854.0,5.1441933061624585
124.0,5.106797280721297
59.0,5.097661265577676
60.0,5.080181900488266
