item_id,predicted_score
151.0,5.515916572653603
69.0,5.320511864053756
313.0,5.29982017982018
169.0,5.237245992443741
777.0,5.214280063069815
50.0,5.212133929476546
854.0,5.211827164841093
124.0,5.174431139399932
59.0,5.1652951242563105
60.0,5.1478157591669005
