item_id,predicted_score
151.0,4.910006353840158
69.0,4.714601645240312
313.0,4.693909961006735
169.0,4.631335773630296
777.0,4.60836984425637
50.0,4.606223710663102
854.0,4.605916946027649
124.0,4.568520920586487
59.0,4.559384905442866
60.0,4.541905540353456
