item_id,predicted_score
341.0,5.865822784810126
777.0,5.4870958548729485
169.0,5.447997115074981
50.0,5.413835923229783
151.0,5.404289030048703
913.0,5.357793587729834
60.0,5.324726679691903
817.0,5.269306930318782
408.0,5.2653636546390175
59.0,5.2470401347419475
