item_id,predicted_score
151.0,4.795636852373883
69.0,4.600232143774036
313.0,4.57954045954046
169.0,4.516966272164021
777.0,4.494000342790095
50.0,4.491854209196826
854.0,4.491547444561373
124.0,4.454151419120212
59.0,4.445015403976591
60.0,4.4275360388871805
