item_id,predicted_score
341.0,5.066666666666666
777.0,4.687939736729489
169.0,4.648840996931521
50.0,4.614679805086324
151.0,4.605132911905244
913.0,4.558637469586374
60.0,4.525570561548443
817.0,4.470150812175323
408.0,4.466207536495558
59.0,4.447884016598488
