item_id,predicted_score
341.0,5.722448979591837
777.0,5.343722049654659
169.0,5.304623309856691
50.0,5.270462118011493
151.0,5.260915224830414
913.0,5.214419782511545
60.0,5.181352874473613
817.0,5.1259331251004925
408.0,5.1219898494207285
59.0,5.103666329523658
