item_id,predicted_score
341.0,4.888590604026845
777.0,4.509863674089668
169.0,4.4707649342917
50.0,4.436603742446502
151.0,4.427056849265423
913.0,4.380561406946553
60.0,4.347494498908622
817.0,4.292074749535502
408.0,4.288131473855737
59.0,4.269807953958667
