item_id,predicted_score
151.0,5.1835430638095055
69.0,4.988138355209659
313.0,4.9674466709760825
169.0,4.904872483599643
777.0,4.881906554225718
50.0,4.879760420632449
854.0,4.879453655996996
124.0,4.842057630555835
59.0,4.832921615412213
60.0,4.815442250322803
