item_id,predicted_score
151.0,5.310143622199801
69.0,5.114738913599955
313.0,5.094047229366378
169.0,5.031473041989939
777.0,5.008507112616013
50.0,5.006360979022745
854.0,5.006054214387292
124.0,4.96865818894613
59.0,4.959522173802509
60.0,4.942042808713099
