item_id,predicted_score
151.0,5.77290957964661
69.0,5.577504871046764
313.0,5.556813186813186
169.0,5.494238999436748
777.0,5.471273070062822
50.0,5.469126936469553
854.0,5.4688201718341
124.0,5.4314241463929385
59.0,5.422288131249318
60.0,5.404808766159908
