item_id,predicted_score
151.0,4.138294195031225
69.0,3.942889486431379
313.0,3.922197802197802
169.0,3.859623614821363
777.0,3.8366576854474372
50.0,3.8345115518541686
854.0,3.8342047872187157
124.0,3.7968087617775543
59.0,3.787672746633933
60.0,3.770193381544523
