item_id,predicted_score
341.0,5.069483568075118
777.0,4.690756638137939
169.0,4.6516578983399715
50.0,4.617496706494775
151.0,4.607949813313694
913.0,4.561454370994825
60.0,4.5283874629568945
817.0,4.472967713583773
408.0,4.469024437904009
59.0,4.450700918006939
