item_id,predicted_score
151.0,4.696463298654875
69.0,4.501058590055028
313.0,4.480366905821451
169.0,4.417792718445012
777.0,4.394826789071087
50.0,4.392680655477817
854.0,4.392373890842364
124.0,4.354977865401203
59.0,4.345841850257583
60.0,4.328362485168173
