item_id,predicted_score
151.0,4.940820027407804
69.0,4.745415318807957
313.0,4.724723634574381
169.0,4.662149447197942
777.0,4.639183517824016
50.0,4.637037384230747
854.0,4.636730619595294
124.0,4.599334594154133
59.0,4.5901985790105115
60.0,4.5727192139211015
