item_id,predicted_score
151.0,5.27900714062222
69.0,5.083602432022373
313.0,5.062910747788796
169.0,5.000336560412357
777.0,4.977370631038432
50.0,4.975224497445162
854.0,4.974917732809709
124.0,4.937521707368548
59.0,4.928385692224928
60.0,4.910906327135518
