item_id,predicted_score
341.0,5.354716981132075
777.0,4.975990051194898
169.0,4.93689131139693
50.0,4.902730119551732
151.0,4.8931832263706525
913.0,4.846687784051783
60.0,4.813620876013852
817.0,4.758201126640731
408.0,4.7542578509609665
59.0,4.735934331063897
