item_id,predicted_score
341.0,4.835294117647059
777.0,4.456567187709881
169.0,4.417468447911913
50.0,4.383307256066716
151.0,4.373760362885636
913.0,4.327264920566767
60.0,4.2941980125288355
817.0,4.238778263155715
408.0,4.234834987475951
59.0,4.21651146757888
