item_id,predicted_score
341.0,4.91958762886598
777.0,4.540860698928801
169.0,4.5017619591308335
50.0,4.467600767285637
151.0,4.458053874104556
913.0,4.4115584317856875
60.0,4.378491523747757
817.0,4.323071774374635
408.0,4.319128498694871
59.0,4.300804978797801
