item_id,predicted_score
341.0,5.5777777777777775
777.0,5.1990508478406
169.0,5.159952108042632
50.0,5.125790916197435
151.0,5.116244023016355
913.0,5.069748580697485
60.0,5.0366816726595545
817.0,4.981261923286434
408.0,4.977318647606669
59.0,4.958995127709599
