item_id,predicted_score
151.0,5.222909579646609
69.0,5.027504871046764
313.0,5.006813186813186
169.0,4.944238999436748
777.0,4.921273070062822
50.0,4.919126936469553
854.0,4.9188201718341
124.0,4.8814241463929395
59.0,4.872288131249318
60.0,4.854808766159908
