item_id,predicted_score
341.0,3.478787878787879
777.0,3.100060948850701
169.0,3.0609622090527333
50.0,3.0268010172075357
151.0,3.017254124026456
913.0,2.970758681707587
60.0,2.9376917736696555
817.0,2.882272024296535
408.0,2.8783287486167706
59.0,2.8600052287197
