item_id,predicted_score
341.0,5.963636363636363
777.0,5.584909433699186
169.0,5.545810693901218
50.0,5.51164950205602
151.0,5.5021026088749405
913.0,5.455607166556071
60.0,5.42254025851814
817.0,5.367120509145019
408.0,5.3631772334652545
59.0,5.344853713568185
