item_id,predicted_score
341.0,5.042953020134228
777.0,4.66422609019705
169.0,4.625127350399082
50.0,4.590966158553885
151.0,4.581419265372805
913.0,4.534923823053936
60.0,4.501856915016004
817.0,4.446437165642884
408.0,4.44249388996312
59.0,4.424170370066049
