item_id,predicted_score
151.0,4.79156629606452
69.0,4.596161587464674
313.0,4.575469903231097
169.0,4.512895715854658
777.0,4.489929786480732
50.0,4.4877836528874635
854.0,4.487476888252011
124.0,4.450080862810849
59.0,4.440944847667228
60.0,4.423465482577818
