item_id,predicted_score
151.0,4.186067474383451
69.0,3.990662765783606
313.0,3.969971081550028
169.0,3.9073968941735897
777.0,3.884430964799664
50.0,3.8822848312063947
854.0,3.881978066570942
124.0,3.844582041129781
59.0,3.83544602598616
60.0,3.81796666089675
