item_id,predicted_score
341.0,5.0418604651162795
777.0,4.663133535179101
169.0,4.624034795381133
50.0,4.589873603535936
151.0,4.580326710354856
913.0,4.533831268035987
60.0,4.500764359998056
817.0,4.445344610624935
408.0,4.441401334945171
59.0,4.4230778150481
