item_id,predicted_score
341.0,5.812765957446809
777.0,5.43403902750963
169.0,5.394940287711663
50.0,5.360779095866465
151.0,5.351232202685385
913.0,5.3047367603665165
60.0,5.271669852328585
817.0,5.216250102955464
408.0,5.2123068272757
59.0,5.1939833073786295
