item_id,predicted_score
341.0,5.223076923076923
777.0,4.844349993139745
169.0,4.805251253341777
50.0,4.771090061496579
151.0,4.7615431683155
913.0,4.715047725996631
60.0,4.681980817958699
817.0,4.626561068585579
408.0,4.622617792905815
59.0,4.604294273008744
