item_id,predicted_score
341.0,4.0903846153846155
777.0,3.7116576854474372
169.0,3.6725589456494694
50.0,3.638397753804272
151.0,3.628850860623192
913.0,3.5823554183043234
60.0,3.549288510266392
817.0,3.493868760893271
408.0,3.489925485213507
59.0,3.4716019653164367
