item_id,predicted_score
151.0,5.163935220672251
69.0,4.968530512072404
313.0,4.947838827838828
169.0,4.885264640462388
777.0,4.862298711088463
50.0,4.860152577495194
854.0,4.859845812859741
124.0,4.82244978741858
59.0,4.813313772274959
60.0,4.7958344071855485
