item_id,predicted_score
151.0,5.657363361159215
69.0,5.461958652559369
313.0,5.441266968325792
169.0,5.378692780949353
777.0,5.355726851575428
50.0,5.353580717982158
854.0,5.353273953346705
124.0,5.315877927905545
59.0,5.3067419127619235
60.0,5.2892625476725135
