item_id,predicted_score
151.0,4.96040957964661
69.0,4.765004871046764
313.0,4.744313186813186
169.0,4.681738999436748
777.0,4.658773070062822
50.0,4.656626936469553
854.0,4.6563201718341
124.0,4.6189241463929385
59.0,4.609788131249318
60.0,4.592308766159908
