item_id,predicted_score
151.0,3.3717068305057163
69.0,3.17630212190587
313.0,3.1556104376722933
169.0,3.0930362502958544
777.0,3.0700703209219284
50.0,3.06792418732866
854.0,3.067617422693207
124.0,3.0302213972520455
59.0,3.0210853821084243
60.0,3.003606017019014
