item_id,predicted_score
151.0,4.780052436789466
69.0,4.584647728189621
313.0,4.563956043956043
169.0,4.501381856579605
777.0,4.478415927205679
50.0,4.47626979361241
854.0,4.475963028976957
124.0,4.4385670035357965
59.0,4.429430988392175
60.0,4.411951623302765
