item_id,predicted_score
151.0,4.636545943282973
69.0,4.441141234683127
313.0,4.4204495504495505
169.0,4.357875363073111
777.0,4.334909433699186
50.0,4.332763300105917
854.0,4.332456535470464
124.0,4.295060510029303
59.0,4.285924494885681
60.0,4.268445129796271
