item_id,predicted_score
151.0,4.958492401732499
69.0,4.763087693132653
313.0,4.742396008899076
169.0,4.679821821522637
777.0,4.6568558921487115
50.0,4.654709758555443
854.0,4.65440299391999
124.0,4.617006968478829
59.0,4.607870953335207
60.0,4.590391588245797
