item_id,predicted_score
151.0,5.395925452662483
69.0,5.200520744062636
313.0,5.17982905982906
169.0,5.117254872452621
777.0,5.094288943078695
50.0,5.092142809485426
854.0,5.091836044849973
124.0,5.054440019408812
59.0,5.045304004265191
60.0,5.027824639175781
