item_id,predicted_score
341.0,5.131645569620254
777.0,4.752918639683076
169.0,4.713819899885108
50.0,4.67965870803991
151.0,4.6701118148588305
913.0,4.623616372539962
60.0,4.59054946450203
817.0,4.535129715128909
408.0,4.5311864394491455
59.0,4.512862919552075
