item_id,predicted_score
341.0,4.987096774193549
777.0,4.60836984425637
169.0,4.5692711044584025
50.0,4.535109912613205
151.0,4.525563019432125
913.0,4.479067577113256
60.0,4.446000669075325
817.0,4.390580919702204
408.0,4.38663764402244
59.0,4.368314124125369
