item_id,predicted_score
151.0,5.586200718887117
69.0,5.3907960102872705
313.0,5.370104326053693
169.0,5.307530138677254
777.0,5.284564209303329
50.0,5.282418075710059
854.0,5.2821113110746065
124.0,5.244715285633445
59.0,5.235579270489825
60.0,5.218099905400415
