item_id,predicted_score
341.0,5.886666666666667
777.0,5.507939736729489
169.0,5.4688409969315215
50.0,5.434679805086324
151.0,5.425132911905244
913.0,5.378637469586375
60.0,5.345570561548444
817.0,5.290150812175323
408.0,5.286207536495558
59.0,5.267884016598488
