item_id,predicted_score
341.0,5.070046082949309
777.0,4.691319153012131
169.0,4.652220413214163
50.0,4.6180592213689655
151.0,4.608512328187886
913.0,4.562016885869017
60.0,4.528949977831085
817.0,4.473530228457965
408.0,4.469586952778201
59.0,4.45126343288113
