item_id,predicted_score
341.0,4.887037037037038
777.0,4.5083101070998595
169.0,4.469211367301892
50.0,4.435050175456694
151.0,4.425503282275614
913.0,4.379007839956746
60.0,4.345940931918814
817.0,4.290521182545693
408.0,4.286577906865929
59.0,4.2682543869688585
