item_id,predicted_score
341.0,6.0
777.0,5.621273070062823
169.0,5.582174330264855
50.0,5.548013138419657
151.0,5.538466245238578
913.0,5.491970802919708
60.0,5.458903894881777
817.0,5.403484145508656
408.0,5.399540869828892
59.0,5.381217349931822
