item_id,predicted_score
151.0,5.392474797037914
69.0,5.197070088438068
313.0,5.176378404204491
169.0,5.113804216828052
777.0,5.090838287454126
50.0,5.088692153860857
854.0,5.0883853892254045
124.0,5.050989363784243
59.0,5.041853348640622
60.0,5.024373983551212
