item_id,predicted_score
341.0,5.492156862745098
777.0,5.11342993280792
169.0,5.074331193009952
50.0,5.040170001164755
151.0,5.030623107983675
913.0,4.984127665664806
60.0,4.951060757626875
817.0,4.895641008253754
408.0,4.89169773257399
59.0,4.87337421267692
