item_id,predicted_score
151.0,5.645358559238446
69.0,5.4499538506386
313.0,5.429262166405023
169.0,5.366687979028584
777.0,5.343722049654659
50.0,5.341575916061389
854.0,5.341269151425936
124.0,5.303873125984776
59.0,5.2947371108411545
60.0,5.2772577457517444
