item_id,predicted_score
151.0,4.455870473501358
69.0,4.260465764901512
313.0,4.239774080667935
169.0,4.177199893291496
777.0,4.15423396391757
50.0,4.152087830324302
854.0,4.151781065688849
124.0,4.114385040247687
59.0,4.105249025104066
60.0,4.087769660014656
