item_id,predicted_score
341.0,4.859259259259259
777.0,4.480532329322081
169.0,4.441433589524113
50.0,4.407272397678916
151.0,4.397725504497836
913.0,4.351230062178967
60.0,4.318163154141036
817.0,4.262743404767915
408.0,4.258800129088151
59.0,4.240476609191081
