item_id,predicted_score
341.0,5.261016949152543
777.0,4.882290019215365
169.0,4.843191279417397
50.0,4.809030087572199
151.0,4.79948319439112
913.0,4.752987752072251
60.0,4.719920844034319
817.0,4.664501094661198
408.0,4.6605578189814345
59.0,4.642234299084364
