item_id,predicted_score
151.0,4.6272261264092
69.0,4.431821417809354
313.0,4.411129733575776
169.0,4.3485555461993375
777.0,4.325589616825412
50.0,4.3234434832321424
854.0,4.32313671859669
124.0,4.285740693155528
59.0,4.276604678011908
60.0,4.259125312922498
