item_id,predicted_score
341.0,5.121739130434783
777.0,4.7430122004976045
169.0,4.703913460699637
50.0,4.66975226885444
151.0,4.6602053756733595
913.0,4.613709933354491
60.0,4.58064302531656
817.0,4.525223275943438
408.0,4.521280000263674
59.0,4.5029564803666045
