item_id,predicted_score
151.0,5.704727761464792
69.0,5.5093230528649455
313.0,5.488631368631368
169.0,5.426057181254929
777.0,5.403091251881004
50.0,5.400945118287734
854.0,5.4006383536522815
124.0,5.36324232821112
59.0,5.3541063130675
60.0,5.33662694797809
