item_id,predicted_score
151.0,5.194338151075181
69.0,4.998933442475335
313.0,4.978241758241758
169.0,4.915667570865319
777.0,4.892701641491393
50.0,4.890555507898124
854.0,4.890248743262672
124.0,4.85285271782151
59.0,4.843716702677889
60.0,4.826237337588479
