item_id,predicted_score
151.0,4.946638393205932
69.0,4.751233684606086
313.0,4.730542000372509
169.0,4.6679678129960696
777.0,4.645001883622144
50.0,4.642855750028875
854.0,4.6425489853934225
124.0,4.605152959952261
59.0,4.59601694480864
60.0,4.57853757971923
