item_id,predicted_score
151.0,5.6729095796466105
69.0,5.477504871046764
313.0,5.456813186813187
169.0,5.394238999436748
777.0,5.371273070062823
50.0,5.369126936469553
854.0,5.3688201718341
124.0,5.331424146392939
59.0,5.322288131249318
60.0,5.304808766159908
