item_id,predicted_score
151.0,5.44290957964661
69.0,5.247504871046764
313.0,5.226813186813186
169.0,5.164238999436748
777.0,5.141273070062822
50.0,5.139126936469553
854.0,5.1388201718341
124.0,5.101424146392938
59.0,5.092288131249318
60.0,5.074808766159908
