item_id,predicted_score
341.0,5.191836734693878
777.0,4.813109804756699
169.0,4.7740110649587315
50.0,4.739849873113535
151.0,4.730302979932454
913.0,4.6838075376135855
60.0,4.650740629575655
817.0,4.595320880202533
408.0,4.591377604522769
59.0,4.573054084625699
