item_id,predicted_score
151.0,4.809946616683646
69.0,4.614541908083801
313.0,4.5938502238502235
169.0,4.531276036473785
777.0,4.5083101070998595
50.0,4.50616397350659
854.0,4.505857208871137
124.0,4.468461183429977
59.0,4.459325168286355
60.0,4.441845803196945
