item_id,predicted_score
341.0,5.172463768115942
777.0,4.793736838178764
169.0,4.754638098380796
50.0,4.720476906535598
151.0,4.710930013354519
913.0,4.66443457103565
60.0,4.631367662997718
817.0,4.5759479136245975
408.0,4.572004637944834
59.0,4.553681118047763
