item_id,predicted_score
151.0,5.502076246313276
69.0,5.30667153771343
313.0,5.285979853479853
169.0,5.223405666103414
777.0,5.200439736729488
50.0,5.19829360313622
854.0,5.197986838500767
124.0,5.160590813059605
59.0,5.151454797915984
60.0,5.133975432826574
