item_id,predicted_score
151.0,4.316013027922471
69.0,4.120608319322626
313.0,4.099916635089048
169.0,4.03734244771261
777.0,4.014376518338684
50.0,4.012230384745415
854.0,4.011923620109962
124.0,3.974527594668801
59.0,3.96539157952518
60.0,3.94791221443577
