item_id,predicted_score
151.0,5.36311576521362
69.0,5.167711056613774
313.0,5.147019372380197
169.0,5.084445185003759
777.0,5.061479255629832
50.0,5.059333122036564
854.0,5.059026357401111
124.0,5.021630331959949
59.0,5.012494316816328
60.0,4.995014951726918
