item_id,predicted_score
151.0,5.054824473263631
69.0,4.859419764663785
313.0,4.838728080430208
169.0,4.776153893053769
777.0,4.753187963679843
50.0,4.751041830086574
854.0,4.750735065451122
124.0,4.71333904000996
59.0,4.704203024866339
60.0,4.686723659776929
