item_id,predicted_score
341.0,4.300000000000001
777.0,3.9212730700628224
169.0,3.8821743302648546
50.0,3.848013138419657
151.0,3.8384662452385774
913.0,3.791970802919708
60.0,3.758903894881777
817.0,3.7034841455086562
408.0,3.699540869828892
59.0,3.6812173499318215
