item_id,predicted_score
341.0,4.9802816901408455
777.0,4.601554760203667
169.0,4.562456020405699
50.0,4.528294828560502
151.0,4.518747935379422
913.0,4.472252493060553
60.0,4.439185585022622
817.0,4.383765835649501
408.0,4.379822559969737
59.0,4.361499040072666
