item_id,predicted_score
341.0,5.451851851851852
777.0,5.0731249219146735
169.0,5.034026182116706
50.0,4.999864990271508
151.0,4.990318097090428
913.0,4.94382265477156
60.0,4.910755746733628
817.0,4.855335997360507
408.0,4.851392721680743
59.0,4.8330692017836725
