item_id,predicted_score
151.0,5.350182306919336
69.0,5.154777598319491
313.0,5.134085914085913
169.0,5.071511726709475
777.0,5.048545797335549
50.0,5.04639966374228
854.0,5.046092899106827
124.0,5.0086968736656665
59.0,4.999560858522045
60.0,4.982081493432635
