item_id,predicted_score
151.0,5.548931884479323
69.0,5.353527175879478
313.0,5.3328354916459
169.0,5.270261304269462
777.0,5.247295374895536
50.0,5.245149241302267
854.0,5.244842476666814
124.0,5.207446451225653
59.0,5.198310436082032
60.0,5.180831070992622
