item_id,predicted_score
151.0,4.8903794591646825
69.0,4.694974750564836
313.0,4.674283066331259
169.0,4.61170887895482
777.0,4.588742949580895
50.0,4.586596815987625
854.0,4.586290051352172
124.0,4.548894025911011
59.0,4.5397580107673905
60.0,4.52227864567798
