item_id,predicted_score
151.0,5.112313553156543
69.0,4.916908844556698
313.0,4.89621716032312
169.0,4.833642972946682
777.0,4.810677043572756
50.0,4.808530909979487
854.0,4.808224145344034
124.0,4.770828119902873
59.0,4.761692104759252
60.0,4.744212739669842
