item_id,predicted_score
341.0,5.800000000000001
777.0,5.421273070062822
169.0,5.382174330264855
50.0,5.348013138419657
151.0,5.338466245238577
913.0,5.291970802919709
60.0,5.258903894881777
817.0,5.203484145508656
408.0,5.199540869828892
59.0,5.1812173499318215
