item_id,predicted_score
341.0,5.166666666666667
777.0,4.787939736729489
169.0,4.748840996931521
50.0,4.714679805086323
151.0,4.705132911905244
913.0,4.658637469586375
60.0,4.625570561548443
817.0,4.5701508121753225
408.0,4.5662075364955585
59.0,4.547884016598488
