item_id,predicted_score
151.0,5.193877321582093
69.0,4.998472612982248
313.0,4.97778092874867
169.0,4.915206741372232
777.0,4.892240811998306
50.0,4.8900946784050365
854.0,4.889787913769584
124.0,4.852391888328423
59.0,4.843255873184802
60.0,4.825776508095392
