item_id,predicted_score
151.0,4.4911635479005785
69.0,4.295758839300732
313.0,4.275067155067155
169.0,4.212492967690716
777.0,4.189527038316791
50.0,4.187380904723521
854.0,4.187074140088068
124.0,4.149678114646907
59.0,4.140542099503286
60.0,4.123062734413876
