item_id,predicted_score
151.0,4.78853457964661
69.0,4.593129871046764
313.0,4.572438186813186
169.0,4.509863999436748
777.0,4.486898070062822
50.0,4.484751936469553
854.0,4.4844451718341
124.0,4.4470491463929385
59.0,4.437913131249318
60.0,4.420433766159908
