item_id,predicted_score
151.0,5.468855525592556
69.0,5.2734508169927095
313.0,5.252759132759133
169.0,5.190184945382693
777.0,5.167219016008768
50.0,5.165072882415499
854.0,5.164766117780046
124.0,5.127370092338885
59.0,5.118234077195264
60.0,5.100754712105854
