item_id,predicted_score
341.0,4.961111111111111
777.0,4.582384181173933
169.0,4.543285441375965
50.0,4.5091242495307675
151.0,4.499577356349688
913.0,4.453081914030819
60.0,4.420015005992887
817.0,4.364595256619767
408.0,4.360651980940003
59.0,4.342328461042932
