item_id,predicted_score
151.0,5.107179242567958
69.0,4.911774533968112
313.0,4.891082849734535
169.0,4.828508662358097
777.0,4.80554273298417
50.0,4.803396599390902
854.0,4.803089834755449
124.0,4.765693809314287
59.0,4.756557794170666
60.0,4.739078429081256
