item_id,predicted_score
151.0,5.967354024091055
69.0,5.7719493154912085
313.0,5.751257631257631
169.0,5.688683443881192
777.0,5.665717514507267
50.0,5.663571380913997
854.0,5.6632646162785445
124.0,5.625868590837383
59.0,5.616732575693763
60.0,5.599253210604353
