item_id,predicted_score
151.0,4.801598104236774
69.0,4.606193395636928
313.0,4.58550171140335
169.0,4.522927524026912
777.0,4.499961594652986
50.0,4.497815461059717
854.0,4.497508696424264
124.0,4.4601126709831025
59.0,4.450976655839482
60.0,4.433497290750072
