item_id,predicted_score
151.0,5.572909579646609
69.0,5.377504871046764
313.0,5.356813186813186
169.0,5.294238999436748
777.0,5.271273070062822
50.0,5.2691269364695525
854.0,5.2688201718341
124.0,5.231424146392939
59.0,5.222288131249318
60.0,5.204808766159908
