item_id,predicted_score
151.0,4.945986502723533
69.0,4.750581794123686
313.0,4.72989010989011
169.0,4.667315922513671
777.0,4.644349993139745
50.0,4.642203859546476
854.0,4.641897094911023
124.0,4.604501069469862
59.0,4.5953650543262405
60.0,4.5778856892368305
