item_id,predicted_score
341.0,4.753846153846154
777.0,4.375119223908976
169.0,4.336020484111008
50.0,4.30185929226581
151.0,4.2923123990847305
913.0,4.245816956765862
60.0,4.21275004872793
817.0,4.157330299354809
408.0,4.153387023675045
59.0,4.135063503777975
