item_id,predicted_score
151.0,5.464086050234846
69.0,5.268681341634999
313.0,5.247989657401422
169.0,5.185415470024983
777.0,5.162449540651058
50.0,5.160303407057788
854.0,5.159996642422335
124.0,5.122600616981174
59.0,5.113464601837554
60.0,5.0959852367481435
