item_id,predicted_score
341.0,5.747058823529413
777.0,5.368331893592234
169.0,5.3292331537942665
50.0,5.295071961949069
151.0,5.285525068767989
913.0,5.2390296264491205
60.0,5.205962718411189
817.0,5.150542969038068
408.0,5.146599693358304
59.0,5.128276173461233
