item_id,predicted_score
151.0,4.540225596962626
69.0,4.344820888362781
313.0,4.324129204129203
169.0,4.261555016752765
777.0,4.238589087378839
50.0,4.23644295378557
854.0,4.236136189150117
124.0,4.1987401637089565
59.0,4.189604148565335
60.0,4.172124783475925
