item_id,predicted_score
151.0,5.6533443622553055
69.0,5.457939653655459
313.0,5.437247969421882
169.0,5.374673782045443
777.0,5.351707852671518
50.0,5.349561719078248
854.0,5.349254954442795
124.0,5.311858929001634
59.0,5.302722913858013
60.0,5.285243548768603
