item_id,predicted_score
341.0,5.402395209580838
777.0,5.02366827964366
169.0,4.984569539845692
50.0,4.9504083480004955
151.0,4.940861454819415
913.0,4.894366012500546
60.0,4.861299104462615
817.0,4.805879355089494
408.0,4.80193607940973
59.0,4.78361255951266
