item_id,predicted_score
341.0,5.535779816513761
777.0,5.157052886576584
169.0,5.117954146778616
50.0,5.083792954933418
151.0,5.074246061752339
913.0,5.027750619433469
60.0,4.994683711395538
817.0,4.939263962022418
408.0,4.935320686342653
59.0,4.916997166445583
