item_id,predicted_score
341.0,5.17843137254902
777.0,4.799704442611842
169.0,4.760605702813874
50.0,4.726444510968676
151.0,4.7168976177875965
913.0,4.670402175468728
60.0,4.637335267430796
817.0,4.581915518057675
408.0,4.5779722423779114
59.0,4.559648722480841
