item_id,predicted_score
151.0,5.187088684124221
69.0,4.991683975524375
313.0,4.9709922912907984
169.0,4.908418103914359
777.0,4.885452174540434
50.0,4.883306040947165
854.0,4.882999276311712
124.0,4.845603250870551
59.0,4.836467235726929
60.0,4.818987870637519
