item_id,predicted_score
341.0,5.1842696629213485
777.0,4.80554273298417
169.0,4.766443993186202
50.0,4.732282801341006
151.0,4.722735908159925
913.0,4.676240465841056
60.0,4.6431735578031255
817.0,4.587753808430004
408.0,4.58381053275024
59.0,4.56548701285317
