item_id,predicted_score
341.0,3.764705882352941
777.0,3.385978952415763
169.0,3.346880212617795
50.0,3.312719020772598
151.0,3.303172127591518
913.0,3.256676685272649
60.0,3.2236097772347176
817.0,3.1681900278615966
408.0,3.1642467521818327
59.0,3.1459232322847623
