item_id,predicted_score
151.0,5.2451318018688315
69.0,5.049727093268986
313.0,5.029035409035409
169.0,4.96646122165897
777.0,4.943495292285045
50.0,4.941349158691775
854.0,4.941042394056322
124.0,4.903646368615162
59.0,4.89451035347154
60.0,4.87703098838213
