item_id,predicted_score
341.0,5.880000000000001
777.0,5.5012730700628225
169.0,5.462174330264855
50.0,5.428013138419657
151.0,5.4184662452385775
913.0,5.371970802919709
60.0,5.338903894881777
817.0,5.283484145508656
408.0,5.279540869828892
59.0,5.2612173499318216
