item_id,predicted_score
341.0,4.580662983425414
777.0,4.201936053488237
169.0,4.162837313690269
50.0,4.128676121845071
151.0,4.119129228663992
913.0,4.072633786345122
60.0,4.039566878307191
817.0,3.9841471289340706
408.0,3.9802038532543063
59.0,3.961880333357236
