item_id,predicted_score
341.0,4.571428571428571
777.0,4.192701641491394
169.0,4.153602901693426
50.0,4.119441709848228
151.0,4.109894816667149
913.0,4.063399374348279
60.0,4.030332466310348
817.0,3.9749127169372276
408.0,3.970969441257463
59.0,3.952645921360393
