item_id,predicted_score
151.0,5.060223012482431
69.0,4.8648183038825845
313.0,4.844126619649008
169.0,4.781552432272569
777.0,4.758586502898643
50.0,4.756440369305374
854.0,4.756133604669921
124.0,4.71873757922876
59.0,4.709601564085139
60.0,4.692122198995729
