item_id,predicted_score
151.0,5.639188649414052
69.0,5.443783940814206
313.0,5.423092256580628
169.0,5.36051806920419
777.0,5.337552139830264
50.0,5.335406006236995
854.0,5.335099241601542
124.0,5.2977032161603805
59.0,5.28856720101676
60.0,5.27108783592735
