item_id,predicted_score
341.0,5.292307692307693
777.0,4.913580762370515
169.0,4.874482022572547
50.0,4.840320830727349
151.0,4.83077393754627
913.0,4.784278495227401
60.0,4.751211587189469
817.0,4.695791837816349
408.0,4.691848562136585
59.0,4.673525042239514
