item_id,predicted_score
151.0,5.160409579646609
69.0,4.965004871046764
313.0,4.944313186813186
169.0,4.881738999436748
777.0,4.858773070062822
50.0,4.856626936469553
854.0,4.8563201718341
124.0,4.8189241463929395
59.0,4.809788131249318
60.0,4.792308766159908
