item_id,predicted_score
341.0,4.98
777.0,4.601273070062822
169.0,4.562174330264854
50.0,4.528013138419657
151.0,4.518466245238577
913.0,4.471970802919708
60.0,4.4389038948817765
817.0,4.383484145508656
408.0,4.379540869828892
59.0,4.361217349931821
