item_id,predicted_score
341.0,5.088888888888889
777.0,4.710161958951711
169.0,4.671063219153743
50.0,4.636902027308546
151.0,4.627355134127466
913.0,4.580859691808596
60.0,4.5477927837706655
817.0,4.492373034397545
408.0,4.48842975871778
59.0,4.47010623882071
