item_id,predicted_score
151.0,4.939576246313276
69.0,4.74417153771343
313.0,4.723479853479853
169.0,4.660905666103414
777.0,4.637939736729488
50.0,4.63579360313622
854.0,4.635486838500767
124.0,4.598090813059605
59.0,4.588954797915984
60.0,4.571475432826574
