item_id,predicted_score
341.0,4.7441860465116275
777.0,4.36545911657445
169.0,4.326360376776482
50.0,4.292199184931285
151.0,4.282652291750205
913.0,4.236156849431335
60.0,4.203089941393404
817.0,4.147670192020284
408.0,4.143726916340519
59.0,4.125403396443449
