item_id,predicted_score
151.0,4.965862599780838
69.0,4.770457891180992
313.0,4.749766206947415
169.0,4.6871920195709755
777.0,4.66422609019705
50.0,4.662079956603781
854.0,4.6617731919683285
124.0,4.624377166527167
59.0,4.615241151383546
60.0,4.597761786294136
