item_id,predicted_score
341.0,4.464661654135338
777.0,4.08593472419816
169.0,4.046835984400192
50.0,4.012674792554995
151.0,4.003127899373915
913.0,3.956632457055046
60.0,3.923565549017115
817.0,3.868145799643994
408.0,3.86420252396423
59.0,3.8458790040671595
