item_id,predicted_score
151.0,5.1657667225037525
69.0,4.970362013903906
313.0,4.9496703296703295
169.0,4.88709614229389
777.0,4.864130212919965
50.0,4.861984079326696
854.0,4.861677314691243
124.0,4.824281289250082
59.0,4.81514527410646
60.0,4.79766590901705
