item_id,predicted_score
151.0,5.24290957964661
69.0,5.047504871046764
313.0,5.026813186813187
169.0,4.964238999436748
777.0,4.941273070062822
50.0,4.939126936469553
854.0,4.9388201718341005
124.0,4.901424146392939
59.0,4.892288131249318
60.0,4.874808766159908
