item_id,predicted_score
341.0,5.2
777.0,4.821273070062822
169.0,4.782174330264854
50.0,4.748013138419656
151.0,4.738466245238577
913.0,4.691970802919708
60.0,4.658903894881776
817.0,4.603484145508656
408.0,4.599540869828892
59.0,4.581217349931821
