item_id,predicted_score
151.0,5.337724394461425
69.0,5.142319685861579
313.0,5.121628001628001
169.0,5.059053814251563
777.0,5.036087884877637
50.0,5.033941751284368
854.0,5.033634986648915
124.0,4.996238961207753
59.0,4.987102946064133
60.0,4.969623580974723
