item_id,predicted_score
341.0,5.129411764705882
777.0,4.7506848347687045
169.0,4.711586094970737
50.0,4.677424903125539
151.0,4.6678780099444594
913.0,4.62138256762559
60.0,4.588315659587659
817.0,4.532895910214538
408.0,4.5289526345347735
59.0,4.5106291146377036
