item_id,predicted_score
151.0,4.2591733159103455
69.0,4.0637686073105
313.0,4.043076923076923
169.0,3.980502735700484
777.0,3.9575368063265586
50.0,3.955390672733289
854.0,3.955083908097836
124.0,3.9176878826566752
59.0,3.9085518675130544
60.0,3.8910725024236443
