item_id,predicted_score
151.0,5.016373631934192
69.0,4.820968923334346
313.0,4.800277239100768
169.0,4.7377030517243295
777.0,4.714737122350404
50.0,4.7125909887571344
854.0,4.712284224121682
124.0,4.67488819868052
59.0,4.6657521835369
60.0,4.64827281844749
