item_id,predicted_score
151.0,5.189576246313276
69.0,4.99417153771343
313.0,4.973479853479853
169.0,4.910905666103414
777.0,4.887939736729488
50.0,4.88579360313622
854.0,4.885486838500767
124.0,4.848090813059605
59.0,4.838954797915984
60.0,4.821475432826574
