item_id,predicted_score
151.0,5.980052436789467
69.0,5.784647728189621
313.0,5.7639560439560436
169.0,5.701381856579605
777.0,5.67841592720568
50.0,5.67626979361241
854.0,5.675963028976957
124.0,5.638567003535796
59.0,5.629430988392175
60.0,5.611951623302765
