item_id,predicted_score
341.0,4.2631578947368425
777.0,3.884430964799664
169.0,3.8453322250016964
50.0,3.8111710331564987
151.0,3.801624139975419
913.0,3.75512869765655
60.0,3.7220617896186186
817.0,3.666642040245498
408.0,3.6626987645657336
59.0,3.6443752446686632
