item_id,predicted_score
151.0,4.176755733492763
69.0,3.981351024892917
313.0,3.9606593406593404
169.0,3.8980851532829015
777.0,3.8751192239089756
50.0,3.872973090315707
854.0,3.872666325680254
124.0,3.8352703002390927
59.0,3.8261342850954714
60.0,3.8086549200060613
