item_id,predicted_score
151.0,4.943962211225557
69.0,4.748557502625711
313.0,4.727865818392134
169.0,4.665291631015695
777.0,4.642325701641769
50.0,4.6401795680485005
854.0,4.639872803413048
124.0,4.602476777971886
59.0,4.593340762828265
60.0,4.575861397738855
