item_id,predicted_score
341.0,4.757894736842106
777.0,4.379167806904928
169.0,4.34006906710696
50.0,4.305907875261762
151.0,4.2963609820806825
913.0,4.249865539761814
60.0,4.216798631723882
817.0,4.161378882350761
408.0,4.157435606670997
59.0,4.139112086773927
