item_id,predicted_score
151.0,5.3612934180304475
69.0,5.165888709430602
313.0,5.1451970251970245
169.0,5.082622837820586
777.0,5.0596569084466605
50.0,5.057510774853391
854.0,5.057204010217938
124.0,5.019807984776778
59.0,5.010671969633156
60.0,4.993192604543746
