item_id,predicted_score
341.0,5.2612903225806456
777.0,4.882563392643467
169.0,4.843464652845499
50.0,4.809303461000302
151.0,4.799756567819222
913.0,4.753261125500353
60.0,4.720194217462422
817.0,4.664774468089301
408.0,4.660831192409537
59.0,4.642507672512466
