item_id,predicted_score
151.0,5.101340952195629
69.0,4.905936243595783
313.0,4.8852445593622065
169.0,4.822670371985767
777.0,4.799704442611842
50.0,4.797558309018573
854.0,4.79725154438312
124.0,4.759855518941959
59.0,4.750719503798337
60.0,4.733240138708927
