item_id,predicted_score
151.0,5.411385416077836
69.0,5.21598070747799
313.0,5.195289023244413
169.0,5.132714835867974
777.0,5.1097489064940484
50.0,5.10760277290078
854.0,5.107296008265327
124.0,5.0698999828241655
59.0,5.060763967680544
60.0,5.043284602591134
