item_id,predicted_score
151.0,4.891330632278189
69.0,4.695925923678343
313.0,4.675234239444765
169.0,4.6126600520683265
777.0,4.589694122694401
50.0,4.5875479891011315
854.0,4.587241224465679
124.0,4.549845199024517
59.0,4.540709183880897
60.0,4.523229818791487
