item_id,predicted_score
151.0,4.782168838905869
69.0,4.5867641303060225
313.0,4.566072446072446
169.0,4.503498258696007
777.0,4.480532329322081
50.0,4.478386195728812
854.0,4.478079431093359
124.0,4.440683405652198
59.0,4.431547390508577
60.0,4.414068025419167
