item_id,predicted_score
151.0,5.360747417484447
69.0,5.165342708884602
313.0,5.144651024651024
169.0,5.0820768372745855
777.0,5.05911090790066
50.0,5.05696477430739
854.0,5.056658009671938
124.0,5.019261984230777
59.0,5.010125969087156
60.0,4.992646603997746
