item_id,predicted_score
341.0,5.3741935483870975
777.0,4.995466618449919
169.0,4.956367878651951
50.0,4.922206686806754
151.0,4.912659793625674
913.0,4.866164351306805
60.0,4.833097443268874
817.0,4.777677693895753
408.0,4.773734418215989
59.0,4.755410898318918
