item_id,predicted_score
151.0,4.7133857701228
69.0,4.5179810615229545
313.0,4.497289377289377
169.0,4.4347151899129384
777.0,4.411749260539013
50.0,4.409603126945743
854.0,4.4092963623102905
124.0,4.37190033686913
59.0,4.362764321725509
60.0,4.345284956636099
