item_id,predicted_score
341.0,5.638461538461538
777.0,5.259734608524361
169.0,5.220635868726393
50.0,5.186474676881195
151.0,5.1769277837001155
913.0,5.130432341381246
60.0,5.097365433343315
817.0,5.041945683970194
408.0,5.03800240829043
59.0,5.01967888839336
