item_id,predicted_score
151.0,6.08628986133675
69.0,5.890885152736905
313.0,5.870193468503327
169.0,5.807619281126889
777.0,5.784653351752963
50.0,5.782507218159694
854.0,5.782200453524241
124.0,5.74480442808308
59.0,5.735668412939459
60.0,5.718189047850049
