item_id,predicted_score
341.0,5.6
777.0,5.221273070062822
169.0,5.182174330264854
50.0,5.148013138419657
151.0,5.138466245238577
913.0,5.0919708029197075
60.0,5.058903894881777
817.0,5.003484145508656
408.0,4.999540869828891
59.0,4.981217349931821
