item_id,predicted_score
151.0,4.550946962824179
69.0,4.355542254224334
313.0,4.334850569990756
169.0,4.272276382614318
777.0,4.249310453240392
50.0,4.247164319647123
854.0,4.24685755501167
124.0,4.209461529570509
59.0,4.200325514426888
60.0,4.182846149337478
