item_id,predicted_score
341.0,4.83943661971831
777.0,4.460709689781132
169.0,4.421610949983164
50.0,4.387449758137967
151.0,4.377902864956887
913.0,4.3314074226380175
60.0,4.298340514600087
817.0,4.242920765226966
408.0,4.238977489547201
59.0,4.220653969650131
