item_id,predicted_score
151.0,4.686702683094886
69.0,4.49129797449504
313.0,4.470606290261462
169.0,4.408032102885024
777.0,4.385066173511098
50.0,4.3829200399178285
854.0,4.382613275282376
124.0,4.345217249841214
59.0,4.336081234697594
60.0,4.318601869608184
