item_id,predicted_score
341.0,4.826666666666666
777.0,4.447939736729489
169.0,4.408840996931521
50.0,4.374679805086323
151.0,4.365132911905244
913.0,4.318637469586374
60.0,4.285570561548443
817.0,4.230150812175323
408.0,4.226207536495558
59.0,4.207884016598488
