item_id,predicted_score
341.0,5.346478873239437
777.0,4.967751943302258
169.0,4.9286532035042905
50.0,4.894492011659093
151.0,4.884945118478013
913.0,4.8384496761591445
60.0,4.805382768121213
817.0,4.749963018748092
408.0,4.746019743068328
59.0,4.727696223171257
