item_id,predicted_score
341.0,5.345283018867924
777.0,4.966556088930747
169.0,4.927457349132779
50.0,4.8932961572875815
151.0,4.883749264106502
913.0,4.837253821787632
60.0,4.804186913749701
817.0,4.748767164376581
408.0,4.744823888696816
59.0,4.726500368799746
