item_id,predicted_score
341.0,5.8121212121212125
777.0,5.433394282184034
169.0,5.394295542386066
50.0,5.360134350540869
151.0,5.350587457359789
913.0,5.30409201504092
60.0,5.2710251070029885
817.0,5.215605357629868
408.0,5.211662081950104
59.0,5.193338562053033
