item_id,predicted_score
341.0,6.129411764705882
777.0,5.7506848347687045
169.0,5.711586094970737
50.0,5.677424903125539
151.0,5.6678780099444594
913.0,5.62138256762559
60.0,5.588315659587659
817.0,5.532895910214538
408.0,5.5289526345347735
59.0,5.5106291146377036
