item_id,predicted_score
341.0,5.447826086956522
777.0,5.069099157019344
169.0,5.030000417221376
50.0,4.995839225376178
151.0,4.986292332195099
913.0,4.93979688987623
60.0,4.906729981838298
817.0,4.851310232465178
408.0,4.847366956785414
59.0,4.829043436888343
