item_id,predicted_score
151.0,5.795636852373882
69.0,5.600232143774036
313.0,5.579540459540459
169.0,5.51696627216402
777.0,5.494000342790095
50.0,5.491854209196825
854.0,5.491547444561372
124.0,5.454151419120212
59.0,5.445015403976591
60.0,5.4275360388871805
