item_id,predicted_score
341.0,4.892817679558011
777.0,4.514090749620833
169.0,4.4749920098228655
50.0,4.440830817977668
151.0,4.431283924796588
913.0,4.384788482477719
60.0,4.351721574439788
817.0,4.296301825066667
408.0,4.292358549386902
59.0,4.274035029489832
