item_id,predicted_score
341.0,5.300000000000001
777.0,4.921273070062822
169.0,4.882174330264855
50.0,4.848013138419657
151.0,4.838466245238577
913.0,4.791970802919709
60.0,4.758903894881777
817.0,4.703484145508656
408.0,4.699540869828892
59.0,4.6812173499318215
