item_id,predicted_score
151.0,5.257086794836483
69.0,5.061682086236637
313.0,5.04099040200306
169.0,4.9784162146266215
777.0,4.955450285252695
50.0,4.9533041516594265
854.0,4.952997387023974
124.0,4.915601361582812
59.0,4.906465346439191
60.0,4.888985981349781
