item_id,predicted_score
341.0,4.6117647058823525
777.0,4.233037775945175
169.0,4.193939036147207
50.0,4.15977784430201
151.0,4.15023095112093
913.0,4.10373550880206
60.0,4.0706686007641295
817.0,4.015248851391009
408.0,4.011305575711244
59.0,3.992982055814174
