item_id,predicted_score
151.0,5.78821570209559
69.0,5.5928109934957435
313.0,5.572119309262166
169.0,5.509545121885727
777.0,5.486579192511802
50.0,5.484433058918532
854.0,5.4841262942830795
124.0,5.446730268841918
59.0,5.437594253698298
60.0,5.420114888608888
