item_id,predicted_score
151.0,5.568364125101155
69.0,5.37295941650131
313.0,5.352267732267732
169.0,5.289693544891294
777.0,5.266727615517368
50.0,5.264581481924099
854.0,5.264274717288646
124.0,5.226878691847485
59.0,5.217742676703864
60.0,5.200263311614454
