item_id,predicted_score
151.0,4.913260456839592
69.0,4.717855748239746
313.0,4.697164064006169
169.0,4.634589876629731
777.0,4.611623947255804
50.0,4.609477813662536
854.0,4.609171049027083
124.0,4.571775023585921
59.0,4.5626390084423
60.0,4.54515964335289
