item_id,predicted_score
151.0,5.320662388635373
69.0,5.125257680035528
313.0,5.10456599580195
169.0,5.041991808425512
777.0,5.019025879051586
50.0,5.016879745458317
854.0,5.016572980822864
124.0,4.979176955381703
59.0,4.970040940238082
60.0,4.952561575148672
