item_id,predicted_score
151.0,5.788732364456736
69.0,5.59332765585689
313.0,5.5726359716233125
169.0,5.510061784246874
777.0,5.4870958548729485
50.0,5.484949721279679
854.0,5.484642956644226
124.0,5.447246931203065
59.0,5.438110916059444
60.0,5.420631550970034
