item_id,predicted_score
151.0,4.846983653720684
69.0,4.651578945120837
313.0,4.630887260887261
169.0,4.568313073510822
777.0,4.545347144136896
50.0,4.543201010543627
854.0,4.542894245908174
124.0,4.505498220467013
59.0,4.496362205323392
60.0,4.4788828402339815
