item_id,predicted_score
151.0,5.220157286068628
69.0,5.024752577468782
313.0,5.004060893235205
169.0,4.941486705858766
777.0,4.91852077648484
50.0,4.916374642891571
854.0,4.9160678782561185
124.0,4.878671852814957
59.0,4.869535837671336
60.0,4.852056472581926
