item_id,predicted_score
341.0,4.736363636363636
777.0,4.357636706426458
169.0,4.31853796662849
50.0,4.2843767747832935
151.0,4.274829881602213
913.0,4.228334439283344
60.0,4.195267531245413
817.0,4.139847781872292
408.0,4.135904506192528
59.0,4.117580986295458
