item_id,predicted_score
341.0,5.46
777.0,5.081273070062822
169.0,5.042174330264854
50.0,5.008013138419656
151.0,4.998466245238577
913.0,4.951970802919708
60.0,4.918903894881776
817.0,4.8634841455086555
408.0,4.8595408698288916
59.0,4.841217349931821
