item_id,predicted_score
151.0,5.861619257065964
69.0,5.666214548466119
313.0,5.645522864232541
169.0,5.582948676856103
777.0,5.559982747482177
50.0,5.557836613888908
854.0,5.557529849253455
124.0,5.520133823812294
59.0,5.510997808668673
60.0,5.493518443579263
