item_id,predicted_score
151.0,5.167931224668255
69.0,4.972526516068409
313.0,4.951834831834831
169.0,4.889260644458393
777.0,4.866294715084467
50.0,4.8641485814911976
854.0,4.863841816855745
124.0,4.826445791414583
59.0,4.817309776270963
60.0,4.799830411181553
