item_id,predicted_score
151.0,5.016242912979942
69.0,4.820838204380097
313.0,4.800146520146519
169.0,4.737572332770081
777.0,4.714606403396155
50.0,4.712460269802886
854.0,4.712153505167433
124.0,4.6747574797262725
59.0,4.665621464582651
60.0,4.648142099493241
