item_id,predicted_score
341.0,5.321311475409836
777.0,4.942584545472658
169.0,4.90348580567469
50.0,4.869324613829493
151.0,4.859777720648413
913.0,4.8132822783295435
60.0,4.780215370291613
817.0,4.724795620918492
408.0,4.720852345238727
59.0,4.702528825341657
