item_id,predicted_score
341.0,5.309677419354839
777.0,4.93095048941766
169.0,4.8918517496196925
50.0,4.857690557774495
151.0,4.848143664593415
913.0,4.8016482222745465
60.0,4.768581314236615
817.0,4.713161564863494
408.0,4.70921828918373
59.0,4.690894769286659
