item_id,predicted_score
151.0,5.136702683094885
69.0,4.94129797449504
313.0,4.920606290261462
169.0,4.858032102885024
777.0,4.835066173511098
50.0,4.832920039917829
854.0,4.832613275282376
124.0,4.795217249841215
59.0,4.786081234697594
60.0,4.768601869608184
