item_id,predicted_score
151.0,4.159273216010246
69.0,3.9638685074103996
313.0,3.943176823176823
169.0,3.880602635800384
777.0,3.857636706426458
50.0,3.8554905728331894
854.0,3.8551838081977365
124.0,3.817787782756575
59.0,3.808651767612954
60.0,3.791172402523544
