item_id,predicted_score
151.0,5.26290957964661
69.0,5.067504871046764
313.0,5.0468131868131865
169.0,4.984238999436748
777.0,4.9612730700628225
50.0,4.959126936469553
854.0,4.9588201718341
124.0,4.921424146392939
59.0,4.912288131249318
60.0,4.894808766159908
