item_id,predicted_score
341.0,4.885714285714286
777.0,4.506987355777108
169.0,4.46788861597914
50.0,4.433727424133942
151.0,4.424180530952863
913.0,4.377685088633994
60.0,4.344618180596062
817.0,4.289198431222942
408.0,4.285255155543178
59.0,4.266931635646107
