item_id,predicted_score
341.0,6.171428571428571
777.0,5.792701641491393
169.0,5.753602901693426
50.0,5.719441709848228
151.0,5.709894816667148
913.0,5.663399374348279
60.0,5.630332466310348
817.0,5.574912716937227
408.0,5.570969441257462
59.0,5.5526459213603925
