item_id,predicted_score
151.0,5.656242912979943
69.0,5.460838204380098
313.0,5.44014652014652
169.0,5.3775723327700815
777.0,5.354606403396156
50.0,5.3524602698028865
854.0,5.352153505167434
124.0,5.314757479726273
59.0,5.305621464582652
60.0,5.288142099493242
