item_id,predicted_score
341.0,5.462745098039216
777.0,5.0840181681020375
169.0,5.04491942830407
50.0,5.010758236458873
151.0,5.0012113432777925
913.0,4.954715900958924
60.0,4.921648992920993
817.0,4.866229243547871
408.0,4.862285967868107
59.0,4.8439624479710375
