item_id,predicted_score
151.0,4.888840179015695
69.0,4.6934354704158485
313.0,4.672743786182272
169.0,4.610169598805832
777.0,4.587203669431907
50.0,4.585057535838638
854.0,4.584750771203185
124.0,4.547354745762024
59.0,4.538218730618403
60.0,4.520739365528993
