item_id,predicted_score
151.0,5.097712729252908
69.0,4.902308020653063
313.0,4.881616336419485
169.0,4.819042149043047
777.0,4.796076219669121
50.0,4.793930086075852
854.0,4.793623321440399
124.0,4.756227295999238
59.0,4.747091280855617
60.0,4.729611915766207
