item_id,predicted_score
341.0,5.592805755395684
777.0,5.214078825458506
169.0,5.174980085660538
50.0,5.14081889381534
151.0,5.131272000634261
913.0,5.084776558315392
60.0,5.05170965027746
817.0,4.9962899009043396
408.0,4.992346625224576
59.0,4.974023105327505
