item_id,predicted_score
341.0,5.324770642201835
777.0,4.9460437122646566
169.0,4.906944972466689
50.0,4.872783780621491
151.0,4.8632368874404115
913.0,4.816741445121543
60.0,4.783674537083611
817.0,4.72825478771049
408.0,4.724311512030726
59.0,4.705987992133656
