item_id,predicted_score
151.0,5.505052436789467
69.0,5.309647728189621
313.0,5.288956043956044
169.0,5.226381856579605
777.0,5.203415927205679
50.0,5.20126979361241
854.0,5.2009630289769575
124.0,5.163567003535796
59.0,5.154430988392175
60.0,5.136951623302765
