item_id,predicted_score
151.0,4.561371118108148
69.0,4.365966409508302
313.0,4.345274725274725
169.0,4.282700537898286
777.0,4.259734608524361
50.0,4.257588474931091
854.0,4.257281710295638
124.0,4.219885684854477
59.0,4.210749669710856
60.0,4.193270304621446
