item_id,predicted_score
341.0,4.766666666666667
777.0,4.387939736729488
169.0,4.3488409969315205
50.0,4.314679805086323
151.0,4.305132911905243
913.0,4.2586374695863745
60.0,4.225570561548443
817.0,4.170150812175322
408.0,4.166207536495558
59.0,4.147884016598487
