item_id,predicted_score
341.0,4.704477611940298
777.0,4.325750682003121
169.0,4.286651942205153
50.0,4.252490750359955
151.0,4.242943857178876
913.0,4.196448414860006
60.0,4.163381506822075
817.0,4.107961757448955
408.0,4.10401848176919
59.0,4.08569496187212
