item_id,predicted_score
341.0,4.84390243902439
777.0,4.465175509087213
169.0,4.426076769289245
50.0,4.391915577444047
151.0,4.382368684262968
913.0,4.335873241944098
60.0,4.302806333906167
817.0,4.2473865845330465
408.0,4.243443308853282
59.0,4.225119788956212
