item_id,predicted_score
341.0,5.863157894736842
777.0,5.484430964799665
169.0,5.445332225001697
50.0,5.411171033156499
151.0,5.40162413997542
913.0,5.35512869765655
60.0,5.322061789618619
817.0,5.2666420402454985
408.0,5.262698764565734
59.0,5.244375244668664
