item_id,predicted_score
341.0,4.6689655172413795
777.0,4.290238587304201
169.0,4.251139847506233
50.0,4.216978655661036
151.0,4.207431762479956
913.0,4.160936320161087
60.0,4.127869412123156
817.0,4.072449662750035
408.0,4.068506387070271
59.0,4.0501828671732
