item_id,predicted_score
151.0,4.98223972318728
69.0,4.786835014587433
313.0,4.766143330353857
169.0,4.703569142977418
777.0,4.680603213603492
50.0,4.678457080010223
854.0,4.67815031537477
124.0,4.640754289933609
59.0,4.631618274789988
60.0,4.614138909700578
