item_id,predicted_score
151.0,5.641957198694229
69.0,5.4465524900943825
313.0,5.425860805860805
169.0,5.363286618484366
777.0,5.340320689110441
50.0,5.338174555517171
854.0,5.3378677908817185
124.0,5.300471765440557
59.0,5.291335750296937
60.0,5.273856385207527
