item_id,predicted_score
341.0,5.28
777.0,4.901273070062822
169.0,4.862174330264854
50.0,4.8280131384196565
151.0,4.818466245238577
913.0,4.771970802919708
60.0,4.738903894881776
817.0,4.683484145508656
408.0,4.679540869828892
59.0,4.661217349931821
