item_id,predicted_score
151.0,5.751046461775887
69.0,5.555641753176041
313.0,5.5349500689424636
169.0,5.472375881566025
777.0,5.4494099521921
50.0,5.44726381859883
854.0,5.446957053963377
124.0,5.409561028522216
59.0,5.400425013378595
60.0,5.382945648289185
