item_id,predicted_score
341.0,5.517355371900827
777.0,5.1386284419636485
169.0,5.099529702165681
50.0,5.065368510320483
151.0,5.0558216171394035
913.0,5.009326174820535
60.0,4.976259266782603
817.0,4.920839517409482
408.0,4.916896241729718
59.0,4.898572721832648
