item_id,predicted_score
151.0,4.997362134391135
69.0,4.801957425791289
313.0,4.7812657415577124
169.0,4.718691554181273
777.0,4.695725624807348
50.0,4.693579491214079
854.0,4.693272726578626
124.0,4.655876701137465
59.0,4.646740685993843
60.0,4.629261320904433
