item_id,predicted_score
341.0,5.120547945205479
777.0,4.741821015268301
169.0,4.702722275470333
50.0,4.668561083625136
151.0,4.659014190444056
913.0,4.612518748125187
60.0,4.5794518400872555
817.0,4.524032090714135
408.0,4.520088815034371
59.0,4.5017652951373
