item_id,predicted_score
341.0,4.7320754716981135
777.0,4.353348541760935
169.0,4.314249801962967
50.0,4.280088610117771
151.0,4.27054171693669
913.0,4.224046274617821
60.0,4.1909793665798905
817.0,4.135559617206769
408.0,4.131616341527005
59.0,4.113292821629935
