item_id,predicted_score
341.0,5.518918918918919
777.0,5.140191988981741
169.0,5.101093249183773
50.0,5.066932057338576
151.0,5.057385164157496
913.0,5.010889721838627
60.0,4.977822813800696
817.0,4.9224030644275745
408.0,4.9184597887478105
59.0,4.900136268850741
