item_id,predicted_score
151.0,4.02290957964661
69.0,3.827504871046764
313.0,3.8068131868131863
169.0,3.7442389994367478
777.0,3.7212730700628223
50.0,3.7191269364695527
854.0,3.7188201718341
124.0,3.681424146392939
59.0,3.672288131249318
60.0,3.654808766159908
