item_id,predicted_score
341.0,5.41578947368421
777.0,5.037062543747033
169.0,4.997963803949065
50.0,4.963802612103867
151.0,4.954255718922788
913.0,4.907760276603918
60.0,4.874693368565987
817.0,4.819273619192867
408.0,4.815330343513102
59.0,4.797006823616032
