item_id,predicted_score
341.0,4.822222222222223
777.0,4.443495292285045
169.0,4.404396552487077
50.0,4.370235360641879
151.0,4.3606884674607995
913.0,4.314193025141931
60.0,4.281126117103999
817.0,4.225706367730878
408.0,4.221763092051114
59.0,4.203439572154044
