item_id,predicted_score
151.0,4.66290957964661
69.0,4.4675048710467635
313.0,4.446813186813187
169.0,4.384238999436748
777.0,4.361273070062822
50.0,4.359126936469553
854.0,4.3588201718341
124.0,4.321424146392939
59.0,4.312288131249318
60.0,4.294808766159908
