item_id,predicted_score
341.0,6.469565217391304
777.0,6.090838287454127
169.0,6.051739547656159
50.0,6.0175783558109615
151.0,6.008031462629882
913.0,5.961536020311012
60.0,5.928469112273081
817.0,5.873049362899961
408.0,5.869106087220196
59.0,5.850782567323126
