item_id,predicted_score
341.0,5.222641509433963
777.0,4.843914579496785
169.0,4.804815839698817
50.0,4.770654647853619
151.0,4.7611077546725395
913.0,4.714612312353671
60.0,4.681545404315739
817.0,4.626125654942618
408.0,4.6221823792628545
59.0,4.603858859365784
