item_id,predicted_score
341.0,6.324137931034484
777.0,5.945411001097305
169.0,5.9063122612993375
50.0,5.87215106945414
151.0,5.86260417627306
913.0,5.8161087339541915
60.0,5.78304182591626
817.0,5.727622076543139
408.0,5.723678800863375
59.0,5.705355280966304
