item_id,predicted_score
151.0,4.9616850898506915
69.0,4.766280381250845
313.0,4.7455886970172685
169.0,4.683014509640829
777.0,4.660048580266904
50.0,4.657902446673635
854.0,4.657595682038182
124.0,4.620199656597021
59.0,4.611063641453399
60.0,4.593584276363989
