item_id,predicted_score
151.0,5.055019671389729
69.0,4.859614962789883
313.0,4.838923278556305
169.0,4.776349091179867
777.0,4.7533831618059414
50.0,4.751237028212672
854.0,4.750930263577219
124.0,4.713534238136058
59.0,4.704398222992437
60.0,4.686918857903027
