item_id,predicted_score
151.0,5.865766722503752
69.0,5.670362013903906
313.0,5.649670329670329
169.0,5.58709614229389
777.0,5.564130212919965
50.0,5.561984079326695
854.0,5.561677314691242
124.0,5.524281289250082
59.0,5.515145274106461
60.0,5.4976659090170505
