item_id,predicted_score
151.0,5.197909579646609
69.0,5.002504871046764
313.0,4.981813186813186
169.0,4.919238999436748
777.0,4.896273070062822
50.0,4.8941269364695525
854.0,4.8938201718341
124.0,4.856424146392939
59.0,4.847288131249318
60.0,4.829808766159908
