item_id,predicted_score
341.0,4.727659574468085
777.0,4.348932644530907
169.0,4.3098339047329395
50.0,4.275672712887742
151.0,4.266125819706662
913.0,4.219630377387793
60.0,4.186563469349862
817.0,4.131143719976741
408.0,4.127200444296976
59.0,4.108876924399906
