item_id,predicted_score
341.0,5.52
777.0,5.141273070062822
169.0,5.102174330264854
50.0,5.068013138419657
151.0,5.058466245238577
913.0,5.011970802919707
60.0,4.9789038948817765
817.0,4.923484145508656
408.0,4.919540869828891
59.0,4.901217349931821
