item_id,predicted_score
151.0,5.068364125101155
69.0,4.872959416501309
313.0,4.852267732267732
169.0,4.789693544891293
777.0,4.766727615517367
50.0,4.764581481924099
854.0,4.764274717288646
124.0,4.726878691847484
59.0,4.717742676703863
60.0,4.700263311614453
