item_id,predicted_score
341.0,4.650847457627119
777.0,4.272120527689941
169.0,4.233021787891973
50.0,4.198860596046775
151.0,4.189313702865696
913.0,4.142818260546827
60.0,4.109751352508895
817.0,4.054331603135775
408.0,4.050388327456011
59.0,4.03206480755894
