item_id,predicted_score
151.0,5.17370323044026
69.0,4.978298521840414
313.0,4.957606837606837
169.0,4.895032650230398
777.0,4.8720667208564725
50.0,4.869920587263204
854.0,4.869613822627751
124.0,4.83221779718659
59.0,4.823081782042968
60.0,4.805602416953558
