item_id,predicted_score
341.0,5.0
777.0,4.621273070062822
169.0,4.582174330264854
50.0,4.548013138419657
151.0,4.538466245238577
913.0,4.491970802919708
60.0,4.458903894881777
817.0,4.4034841455086555
408.0,4.399540869828892
59.0,4.381217349931822
