item_id,predicted_score
341.0,5.237500000000001
777.0,4.858773070062822
169.0,4.819674330264855
50.0,4.785513138419657
151.0,4.775966245238577
913.0,4.729470802919709
60.0,4.696403894881777
817.0,4.640984145508656
408.0,4.637040869828892
59.0,4.6187173499318215
