item_id,predicted_score
151.0,4.663260456839592
69.0,4.467855748239746
313.0,4.447164064006169
169.0,4.384589876629731
777.0,4.361623947255804
50.0,4.359477813662536
854.0,4.359171049027083
124.0,4.321775023585921
59.0,4.3126390084423
60.0,4.29515964335289
