item_id,predicted_score
151.0,4.872424142753406
69.0,4.67701943415356
313.0,4.656327749919982
169.0,4.593753562543544
777.0,4.570787633169618
50.0,4.568641499576349
854.0,4.568334734940896
124.0,4.530938709499734
59.0,4.521802694356114
60.0,4.504323329266704
