item_id,predicted_score
341.0,4.996039603960396
777.0,4.617312674023218
169.0,4.57821393422525
50.0,4.544052742380053
151.0,4.534505849198973
913.0,4.488010406880104
60.0,4.454943498842173
817.0,4.399523749469052
408.0,4.395580473789288
59.0,4.377256953892218
