item_id,predicted_score
151.0,5.188215702095589
69.0,4.992810993495743
313.0,4.972119309262166
169.0,4.909545121885728
777.0,4.886579192511801
50.0,4.884433058918533
854.0,4.88412629428308
124.0,4.8467302688419185
59.0,4.837594253698297
60.0,4.820114888608887
