item_id,predicted_score
341.0,5.890000000000001
777.0,5.511273070062822
169.0,5.4721743302648544
50.0,5.438013138419657
151.0,5.428466245238577
913.0,5.381970802919708
60.0,5.348903894881777
817.0,5.293484145508656
408.0,5.289540869828892
59.0,5.271217349931821
