item_id,predicted_score
151.0,4.798077364881509
69.0,4.602672656281663
313.0,4.581980972048086
169.0,4.519406784671647
777.0,4.496440855297721
50.0,4.494294721704453
854.0,4.493987957069
124.0,4.456591931627838
59.0,4.447455916484217
60.0,4.429976551394807
