item_id,predicted_score
341.0,4.704316546762589
777.0,4.325589616825412
169.0,4.286490877027444
50.0,4.2523296851822465
151.0,4.242782792001167
913.0,4.196287349682297
60.0,4.163220441644366
817.0,4.107800692271246
408.0,4.103857416591481
59.0,4.085533896694411
