item_id,predicted_score
151.0,4.49851933574417
69.0,4.303114627144325
313.0,4.282422942910747
169.0,4.219848755534309
777.0,4.196882826160383
50.0,4.194736692567114
854.0,4.194429927931661
124.0,4.1570339024905
59.0,4.147897887346879
60.0,4.130418522257469
