item_id,predicted_score
341.0,5.563302752293579
777.0,5.1845758223564005
169.0,5.145477082558433
50.0,5.111315890713235
151.0,5.101768997532155
913.0,5.055273555213287
60.0,5.022206647175355
817.0,4.966786897802234
408.0,4.96284362212247
59.0,4.9445201022253995
