item_id,predicted_score
341.0,6.084615384615384
777.0,5.705888454678207
169.0,5.666789714880239
50.0,5.6326285230350415
151.0,5.623081629853962
913.0,5.576586187535092
60.0,5.543519279497161
817.0,5.488099530124041
408.0,5.484156254444276
59.0,5.465832734547206
