item_id,predicted_score
341.0,5.655555555555555
777.0,5.276828625618378
169.0,5.23772988582041
50.0,5.203568693975212
151.0,5.194021800794133
913.0,5.147526358475263
60.0,5.114459450437332
817.0,5.059039701064211
408.0,5.055096425384447
59.0,5.036772905487377
