item_id,predicted_score
151.0,4.808623865360895
69.0,4.613219156761049
313.0,4.592527472527472
169.0,4.529953285151033
777.0,4.506987355777108
50.0,4.504841222183838
854.0,4.504534457548385
124.0,4.467138432107225
59.0,4.458002416963604
60.0,4.440523051874194
