item_id,predicted_score
341.0,5.085714285714285
777.0,4.706987355777108
169.0,4.66788861597914
50.0,4.633727424133943
151.0,4.624180530952863
913.0,4.577685088633993
60.0,4.544618180596062
817.0,4.489198431222942
408.0,4.485255155543177
59.0,4.466931635646107
