item_id,predicted_score
151.0,5.196463298654875
69.0,5.001058590055028
313.0,4.980366905821451
169.0,4.917792718445012
777.0,4.894826789071087
50.0,4.892680655477817
854.0,4.892373890842364
124.0,4.854977865401203
59.0,4.845841850257583
60.0,4.828362485168173
