item_id,predicted_score
151.0,4.644404906749413
69.0,4.449000198149568
313.0,4.42830851391599
169.0,4.365734326539552
777.0,4.342768397165626
50.0,4.340622263572357
854.0,4.340315498936904
124.0,4.302919473495743
59.0,4.293783458352122
60.0,4.276304093262712
