item_id,predicted_score
151.0,4.470278000699241
69.0,4.274873292099395
313.0,4.254181607865818
169.0,4.19160742048938
777.0,4.168641491115453
50.0,4.166495357522185
854.0,4.166188592886732
124.0,4.12879256744557
59.0,4.119656552301949
60.0,4.102177187212539
