item_id,predicted_score
341.0,5.017721518987342
777.0,4.638994589050164
169.0,4.599895849252196
50.0,4.565734657406999
151.0,4.5561877642259185
913.0,4.50969232190705
60.0,4.476625413869119
817.0,4.421205664495997
408.0,4.4172623888162335
59.0,4.3989388689191635
