item_id,predicted_score
341.0,5.346987951807229
777.0,4.968261021870051
169.0,4.929162282072083
50.0,4.895001090226886
151.0,4.885454197045806
913.0,4.838958754726937
60.0,4.805891846689006
817.0,4.7504720973158845
408.0,4.7465288216361206
59.0,4.728205301739051
