item_id,predicted_score
151.0,5.058623865360895
69.0,4.863219156761049
313.0,4.842527472527472
169.0,4.779953285151033
777.0,4.756987355777108
50.0,4.754841222183838
854.0,4.754534457548385
124.0,4.717138432107225
59.0,4.708002416963604
60.0,4.690523051874194
