item_id,predicted_score
341.0,4.115151515151515
777.0,3.736424585214337
169.0,3.697325845416369
50.0,3.663164653571172
151.0,3.653617760390092
913.0,3.607122318071223
60.0,3.5740554100332917
817.0,3.5186356606601707
408.0,3.514692384980407
59.0,3.4963688650833364
