item_id,predicted_score
341.0,5.657692307692308
777.0,5.27896537775513
169.0,5.239866637957162
50.0,5.205705446111964
151.0,5.196158552930885
913.0,5.149663110612016
60.0,5.116596202574084
817.0,5.0611764532009635
408.0,5.0572331775212
59.0,5.038909657624129
