item_id,predicted_score
341.0,4.5756097560975615
777.0,4.196882826160383
169.0,4.157784086362415
50.0,4.123622894517218
151.0,4.114076001336138
913.0,4.067580559017269
60.0,4.034513650979338
817.0,3.979093901606217
408.0,3.9751506259264526
59.0,3.9568271060293823
