item_id,predicted_score
151.0,5.260773657316513
69.0,5.065368948716666
313.0,5.04467726448309
169.0,4.98210307710665
777.0,4.959137147732725
50.0,4.956991014139456
854.0,4.956684249504003
124.0,4.919288224062842
59.0,4.910152208919221
60.0,4.892672843829811
