item_id,predicted_score
341.0,5.5032258064516135
777.0,5.124498876514435
169.0,5.085400136716467
50.0,5.05123894487127
151.0,5.04169205169019
913.0,4.995196609371321
60.0,4.96212970133339
817.0,4.906709951960269
408.0,4.902766676280505
59.0,4.884443156383434
