item_id,predicted_score
341.0,5.75
777.0,5.371273070062823
169.0,5.332174330264855
50.0,5.298013138419657
151.0,5.288466245238578
913.0,5.241970802919708
60.0,5.208903894881777
817.0,5.153484145508656
408.0,5.149540869828892
59.0,5.131217349931822
