item_id,predicted_score
341.0,4.46530612244898
777.0,4.086579192511802
169.0,4.047480452713834
50.0,4.013319260868636
151.0,4.0037723676875565
913.0,3.9572769253686877
60.0,3.9242100173307564
817.0,3.8687902679576354
408.0,3.8648469922778714
59.0,3.846523472380801
