item_id,predicted_score
151.0,5.204727761464792
69.0,5.0093230528649455
313.0,4.988631368631368
169.0,4.926057181254929
777.0,4.903091251881004
50.0,4.900945118287734
854.0,4.9006383536522815
124.0,4.86324232821112
59.0,4.8541063130675
60.0,4.83662694797809
