item_id,predicted_score
341.0,5.385714285714286
777.0,5.006987355777108
169.0,4.96788861597914
50.0,4.933727424133942
151.0,4.924180530952863
913.0,4.877685088633994
60.0,4.844618180596062
817.0,4.789198431222942
408.0,4.785255155543178
59.0,4.766931635646107
