item_id,predicted_score
151.0,5.451481008218038
69.0,5.256076299618192
313.0,5.235384615384615
169.0,5.172810428008177
777.0,5.14984449863425
50.0,5.1476983650409815
854.0,5.147391600405529
124.0,5.109995574964367
59.0,5.100859559820746
60.0,5.083380194731336
