item_id,predicted_score
151.0,5.460016497885603
69.0,5.264611789285757
313.0,5.24392010505218
169.0,5.181345917675742
777.0,5.1583799883018155
50.0,5.156233854708547
854.0,5.155927090073094
124.0,5.118531064631933
59.0,5.109395049488311
60.0,5.091915684398901
