item_id,predicted_score
341.0,4.681081081081081
777.0,4.302354151143903
169.0,4.263255411345935
50.0,4.2290942195007375
151.0,4.219547326319658
913.0,4.173051884000789
60.0,4.139984975962857
817.0,4.084565226589737
408.0,4.080621950909973
59.0,4.062298431012902
