item_id,predicted_score
341.0,5.682644628099174
777.0,5.303917698161996
169.0,5.264818958364028
50.0,5.2306577665188305
151.0,5.221110873337751
913.0,5.174615431018882
60.0,5.14154852298095
817.0,5.08612877360783
408.0,5.082185497928066
59.0,5.063861978030995
