item_id,predicted_score
151.0,4.976441178159621
69.0,4.7810364695597745
313.0,4.760344785326198
169.0,4.697770597949759
777.0,4.674804668575833
50.0,4.672658534982564
854.0,4.672351770347111
124.0,4.63495574490595
59.0,4.625819729762329
60.0,4.608340364672919
