item_id,predicted_score
341.0,5.095762711864406
777.0,4.717035781927229
169.0,4.677937042129261
50.0,4.643775850284063
151.0,4.634228957102984
913.0,4.587733514784114
60.0,4.554666606746183
817.0,4.499246857373063
408.0,4.495303581693298
59.0,4.476980061796228
