item_id,predicted_score
151.0,5.218561753559653
69.0,5.023157044959807
313.0,5.00246536072623
169.0,4.939891173349791
777.0,4.916925243975865
50.0,4.914779110382597
854.0,4.914472345747144
124.0,4.877076320305982
59.0,4.867940305162361
60.0,4.850460940072951
