item_id,predicted_score
151.0,4.189576246313276
69.0,3.99417153771343
313.0,3.973479853479853
169.0,3.9109056661034143
777.0,3.8879397367294883
50.0,3.8857936031362197
854.0,3.885486838500767
124.0,3.8480908130596054
59.0,3.838954797915984
60.0,3.821475432826574
