item_id,predicted_score
151.0,4.92290957964661
69.0,4.727504871046763
313.0,4.706813186813187
169.0,4.644238999436748
777.0,4.621273070062822
50.0,4.619126936469553
854.0,4.6188201718341
124.0,4.581424146392939
59.0,4.5722881312493175
60.0,4.5548087661599075
