item_id,predicted_score
341.0,5.716279069767442
777.0,5.337552139830264
169.0,5.2984534000322965
50.0,5.264292208187099
151.0,5.254745315006019
913.0,5.20824987268715
60.0,5.175182964649219
817.0,5.119763215276098
408.0,5.115819939596333
59.0,5.097496419699263
