item_id,predicted_score
341.0,5.531034482758621
777.0,5.152307552821442
169.0,5.1132088130234745
50.0,5.079047621178278
151.0,5.069500727997197
913.0,5.0230052856783285
60.0,4.989938377640398
817.0,4.934518628267276
408.0,4.930575352587512
59.0,4.912251832690442
