item_id,predicted_score
341.0,5.072972972972973
777.0,4.694246043035795
169.0,4.655147303237827
50.0,4.62098611139263
151.0,4.61143921821155
913.0,4.564943775892681
60.0,4.531876867854749
817.0,4.476457118481629
408.0,4.472513842801865
59.0,4.454190322904794
