item_id,predicted_score
151.0,5.7133857701228
69.0,5.5179810615229545
313.0,5.497289377289377
169.0,5.4347151899129384
777.0,5.411749260539013
50.0,5.409603126945743
854.0,5.4092963623102905
124.0,5.37190033686913
59.0,5.362764321725509
60.0,5.345284956636099
