item_id,predicted_score
151.0,5.224059004933967
69.0,5.02865429633412
313.0,5.007962612100543
169.0,4.945388424724104
777.0,4.922422495350179
50.0,4.920276361756909
854.0,4.919969597121456
124.0,4.882573571680295
59.0,4.8734375565366745
60.0,4.8559581914472645
