item_id,predicted_score
341.0,5.393103448275863
777.0,5.014376518338684
169.0,4.9752777785407165
50.0,4.941116586695519
151.0,4.931569693514439
913.0,4.8850742511955705
60.0,4.852007343157639
817.0,4.796587593784518
408.0,4.792644318104754
59.0,4.774320798207683
