item_id,predicted_score
151.0,5.269178236363027
69.0,5.073773527763182
313.0,5.053081843529604
169.0,4.990507656153166
777.0,4.96754172677924
50.0,4.965395593185971
854.0,4.965088828550518
124.0,4.927692803109357
59.0,4.918556787965736
60.0,4.901077422876326
