item_id,predicted_score
341.0,4.926359832635983
777.0,4.547632902698806
169.0,4.508534162900838
50.0,4.47437297105564
151.0,4.4648260778745605
913.0,4.418330635555691
60.0,4.38526372751776
817.0,4.329843978144639
408.0,4.325900702464875
59.0,4.307577182567805
