item_id,predicted_score
341.0,4.942222222222222
777.0,4.563495292285045
169.0,4.524396552487077
50.0,4.490235360641879
151.0,4.4806884674608
913.0,4.43419302514193
60.0,4.401126117103999
817.0,4.3457063677308785
408.0,4.341763092051114
59.0,4.323439572154044
