item_id,predicted_score
341.0,5.675000000000001
777.0,5.296273070062822
169.0,5.257174330264855
50.0,5.223013138419657
151.0,5.213466245238577
913.0,5.166970802919709
60.0,5.133903894881777
817.0,5.078484145508656
408.0,5.074540869828892
59.0,5.0562173499318215
