item_id,predicted_score
151.0,5.233435895436084
69.0,5.038031186836237
313.0,5.017339502602661
169.0,4.954765315226222
777.0,4.931799385852296
50.0,4.929653252259027
854.0,4.929346487623574
124.0,4.891950462182413
59.0,4.8828144470387915
60.0,4.8653350819493815
