item_id,predicted_score
151.0,5.131883938620969
69.0,4.936479230021122
313.0,4.915787545787546
169.0,4.853213358411107
777.0,4.830247429037181
50.0,4.828101295443912
854.0,4.827794530808459
124.0,4.790398505367298
59.0,4.781262490223677
60.0,4.763783125134267
