item_id,predicted_score
341.0,4.335294117647059
777.0,3.956567187709881
169.0,3.9174684479119133
50.0,3.8833072560667157
151.0,3.873760362885636
913.0,3.827264920566767
60.0,3.7941980125288355
817.0,3.738778263155715
408.0,3.7348349874759506
59.0,3.71651146757888
