item_id,predicted_score
341.0,5.010714285714286
777.0,4.631987355777108
169.0,4.59288861597914
50.0,4.558727424133942
151.0,4.549180530952863
913.0,4.502685088633994
60.0,4.469618180596062
817.0,4.414198431222942
408.0,4.410255155543178
59.0,4.391931635646107
