item_id,predicted_score
341.0,5.274846625766871
777.0,4.896119695829693
169.0,4.857020956031725
50.0,4.8228597641865285
151.0,4.813312871005448
913.0,4.766817428686579
60.0,4.733750520648648
817.0,4.678330771275527
408.0,4.674387495595763
59.0,4.656063975698693
