item_id,predicted_score
341.0,5.472340425531915
777.0,5.093613495594737
169.0,5.054514755796769
50.0,5.020353563951572
151.0,5.010806670770492
913.0,4.964311228451622
60.0,4.9312443204136915
817.0,4.875824571040571
408.0,4.871881295360806
59.0,4.853557775463736
