item_id,predicted_score
341.0,5.033962264150944
777.0,4.655235334213765
169.0,4.6161365944157975
50.0,4.581975402570601
151.0,4.57242850938952
913.0,4.5259330670706515
60.0,4.492866159032721
817.0,4.437446409659599
408.0,4.433503133979835
59.0,4.415179614082765
