item_id,predicted_score
341.0,4.632863849765258
777.0,4.25413691982808
169.0,4.215038180030112
50.0,4.180876988184915
151.0,4.171330095003835
913.0,4.1248346526849655
60.0,4.091767744647035
817.0,4.036347995273914
408.0,4.032404719594149
59.0,4.014081199697079
