item_id,predicted_score
341.0,5.170175438596491
777.0,4.791448508659314
169.0,4.752349768861346
50.0,4.718188577016148
151.0,4.708641683835069
913.0,4.662146241516199
60.0,4.629079333478268
817.0,4.5736595841051475
408.0,4.569716308425383
59.0,4.551392788528313
