item_id,predicted_score
151.0,5.146969730022549
69.0,4.951565021422703
313.0,4.9308733371891265
169.0,4.868299149812687
777.0,4.845333220438762
50.0,4.843187086845493
854.0,4.84288032221004
124.0,4.805484296768879
59.0,4.796348281625257
60.0,4.778868916535847
