item_id,predicted_score
341.0,4.5329608938547485
777.0,4.15423396391757
169.0,4.115135224119602
50.0,4.080974032274405
151.0,4.071427139093325
913.0,4.024931696774456
60.0,3.991864788736525
817.0,3.936445039363404
408.0,3.93250176368364
59.0,3.9141782437865698
