item_id,predicted_score
151.0,5.38120917478831
69.0,5.185804466188464
313.0,5.165112781954887
169.0,5.102538594578448
777.0,5.079572665204522
50.0,5.077426531611254
854.0,5.077119766975801
124.0,5.039723741534639
59.0,5.030587726391018
60.0,5.013108361301608
