item_id,predicted_score
151.0,5.300687357424387
69.0,5.1052826488245415
313.0,5.084590964590964
169.0,5.022016777214525
777.0,4.9990508478406
50.0,4.99690471424733
854.0,4.9965979496118775
124.0,4.959201924170717
59.0,4.950065909027096
60.0,4.932586543937686
