item_id,predicted_score
151.0,4.311702683094886
69.0,4.11629797449504
313.0,4.095606290261462
169.0,4.033032102885024
777.0,4.010066173511098
50.0,4.0079200399178285
854.0,4.007613275282376
124.0,3.9702172498412147
59.0,3.961081234697594
60.0,3.943601869608184
