item_id,predicted_score
151.0,5.515715335042293
69.0,5.320310626442447
313.0,5.29961894220887
169.0,5.237044754832431
777.0,5.214078825458506
50.0,5.211932691865236
854.0,5.211625927229783
124.0,5.174229901788623
59.0,5.165093886645002
60.0,5.1476145215555915
