item_id,predicted_score
151.0,5.166745196084966
69.0,4.9713404874851195
313.0,4.950648803251543
169.0,4.888074615875103
777.0,4.865108686501178
50.0,4.862962552907909
854.0,4.862655788272456
124.0,4.825259762831295
59.0,4.816123747687674
60.0,4.798644382598264
