item_id,predicted_score
341.0,4.328971962616823
777.0,3.9502450326796446
169.0,3.9111462928816767
50.0,3.876985101036479
151.0,3.8674382078553995
913.0,3.8209427655365302
60.0,3.787875857498599
817.0,3.7324561081254783
408.0,3.728512832445714
59.0,3.7101893125486436
