item_id,predicted_score
341.0,5.0125
777.0,4.633773070062822
169.0,4.594674330264854
50.0,4.560513138419656
151.0,4.550966245238577
913.0,4.504470802919708
60.0,4.471403894881776
817.0,4.415984145508656
408.0,4.412040869828892
59.0,4.393717349931821
