item_id,predicted_score
341.0,5.336842105263158
777.0,4.95811517532598
169.0,4.919016435528012
50.0,4.884855243682814
151.0,4.875308350501735
913.0,4.828812908182866
60.0,4.795746000144934
817.0,4.740326250771814
408.0,4.73638297509205
59.0,4.718059455194979
