item_id,predicted_score
151.0,5.099832656569687
69.0,4.9044279479698405
313.0,4.883736263736264
169.0,4.821162076359824
777.0,4.798196146985899
50.0,4.79605001339263
854.0,4.795743248757177
124.0,4.758347223316016
59.0,4.749211208172395
60.0,4.731731843082985
