item_id,predicted_score
151.0,5.456242912979943
69.0,5.2608382043800965
313.0,5.24014652014652
169.0,5.177572332770081
777.0,5.154606403396155
50.0,5.152460269802886
854.0,5.152153505167433
124.0,5.114757479726272
59.0,5.105621464582651
60.0,5.088142099493241
