item_id,predicted_score
151.0,4.870894927631958
69.0,4.6754902190321115
313.0,4.654798534798535
169.0,4.592224347422096
777.0,4.56925841804817
50.0,4.567112284454901
854.0,4.566805519819448
124.0,4.529409494378287
59.0,4.520273479234666
60.0,4.502794114145256
