item_id,predicted_score
151.0,5.6448607991588045
69.0,5.449456090558959
313.0,5.4287644063253815
169.0,5.366190218948943
777.0,5.3432242895750175
50.0,5.341078155981748
854.0,5.340771391346295
124.0,5.303375365905135
59.0,5.294239350761513
60.0,5.276759985672103
