item_id,predicted_score
151.0,4.851267788601834
69.0,4.655863080001987
313.0,4.635171395768411
169.0,4.572597208391972
777.0,4.549631279018046
50.0,4.547485145424777
854.0,4.547178380789324
124.0,4.509782355348163
59.0,4.500646340204542
60.0,4.4831669751151315
