item_id,predicted_score
341.0,5.545945945945946
777.0,5.167219016008768
169.0,5.1281202762108
50.0,5.093959084365602
151.0,5.084412191184523
913.0,5.037916748865654
60.0,5.004849840827722
817.0,4.949430091454602
408.0,4.945486815774838
59.0,4.927163295877767
