item_id,predicted_score
341.0,5.896875
777.0,5.518148070062822
169.0,5.479049330264854
50.0,5.444888138419657
151.0,5.435341245238577
913.0,5.3888458029197075
60.0,5.355778894881777
817.0,5.300359145508656
408.0,5.296415869828891
59.0,5.278092349931821
