item_id,predicted_score
151.0,5.305855316080718
69.0,5.110450607480872
313.0,5.089758923247295
169.0,5.027184735870856
777.0,5.00421880649693
50.0,5.002072672903662
854.0,5.001765908268209
124.0,4.9643698828270475
59.0,4.955233867683426
60.0,4.937754502594016
