item_id,predicted_score
341.0,5.023728813559322
777.0,4.645001883622144
169.0,4.605903143824176
50.0,4.571741951978979
151.0,4.562195058797899
913.0,4.51569961647903
60.0,4.482632708441098
817.0,4.427212959067978
408.0,4.423269683388214
59.0,4.404946163491143
