item_id,predicted_score
341.0,5.264179104477612
777.0,4.885452174540434
169.0,4.846353434742466
50.0,4.812192242897268
151.0,4.8026453497161885
913.0,4.75614990739732
60.0,4.723082999359388
817.0,4.667663249986267
408.0,4.663719974306503
59.0,4.645396454409433
