item_id,predicted_score
151.0,5.210982974142023
69.0,5.015578265542176
313.0,4.9948865813086
169.0,4.932312393932161
777.0,4.909346464558235
50.0,4.907200330964966
854.0,4.906893566329513
124.0,4.869497540888352
59.0,4.860361525744731
60.0,4.8428821606553205
