item_id,predicted_score
341.0,5.26530612244898
777.0,4.886579192511801
169.0,4.8474804527138335
50.0,4.813319260868637
151.0,4.803772367687556
913.0,4.7572769253686875
60.0,4.724210017330757
817.0,4.668790267957635
408.0,4.664846992277871
59.0,4.646523472380801
