item_id,predicted_score
151.0,4.906143112580741
69.0,4.710738403980895
313.0,4.690046719747318
169.0,4.627472532370879
777.0,4.6045066029969535
50.0,4.602360469403685
854.0,4.602053704768232
124.0,4.564657679327071
59.0,4.555521664183449
60.0,4.538042299094039
