item_id,predicted_score
151.0,6.21040957964661
69.0,6.015004871046764
313.0,5.994313186813186
169.0,5.931738999436748
777.0,5.908773070062822
50.0,5.906626936469553
854.0,5.9063201718341
124.0,5.8689241463929385
59.0,5.859788131249318
60.0,5.842308766159908
