item_id,predicted_score
341.0,4.366666666666667
777.0,3.987939736729489
169.0,3.948840996931521
50.0,3.9146798050863234
151.0,3.905132911905244
913.0,3.8586374695863745
60.0,3.825570561548443
817.0,3.7701508121753227
408.0,3.7662075364955583
59.0,3.747884016598488
