item_id,predicted_score
151.0,4.89327995001698
69.0,4.697875241417134
313.0,4.6771835571835565
169.0,4.614609369807118
777.0,4.5916434404331925
50.0,4.589497306839923
854.0,4.58919054220447
124.0,4.551794516763309
59.0,4.542658501619688
60.0,4.525179136530278
