item_id,predicted_score
151.0,5.9459865027235335
69.0,5.750581794123687
313.0,5.72989010989011
169.0,5.667315922513671
777.0,5.644349993139746
50.0,5.642203859546476
854.0,5.641897094911023
124.0,5.604501069469862
59.0,5.595365054326241
60.0,5.577885689236831
