item_id,predicted_score
151.0,4.482909579646609
69.0,4.287504871046764
313.0,4.266813186813186
169.0,4.204238999436748
777.0,4.181273070062822
50.0,4.179126936469553
854.0,4.1788201718341
124.0,4.141424146392939
59.0,4.132288131249318
60.0,4.114808766159908
