item_id,predicted_score
341.0,5.154054054054054
777.0,4.775327124116876
169.0,4.736228384318908
50.0,4.702067192473711
151.0,4.692520299292631
913.0,4.646024856973762
60.0,4.612957948935831
817.0,4.55753819956271
408.0,4.553594923882946
59.0,4.535271403985876
