item_id,predicted_score
341.0,5.671428571428571
777.0,5.292701641491393
169.0,5.253602901693426
50.0,5.219441709848228
151.0,5.209894816667148
913.0,5.163399374348279
60.0,5.130332466310348
817.0,5.074912716937227
408.0,5.070969441257462
59.0,5.0526459213603925
