item_id,predicted_score
151.0,4.920345477082507
69.0,4.724940768482661
313.0,4.704249084249084
169.0,4.641674896872646
777.0,4.618708967498719
50.0,4.6165628339054505
854.0,4.616256069269998
124.0,4.578860043828836
59.0,4.569724028685215
60.0,4.552244663595805
