item_id,predicted_score
151.0,5.689576246313276
69.0,5.494171537713431
313.0,5.473479853479853
169.0,5.410905666103415
777.0,5.387939736729489
50.0,5.38579360313622
854.0,5.385486838500767
124.0,5.348090813059606
59.0,5.338954797915985
60.0,5.321475432826575
