item_id,predicted_score
341.0,4.7
777.0,4.321273070062822
169.0,4.282174330264854
50.0,4.248013138419656
151.0,4.238466245238577
913.0,4.191970802919708
60.0,4.158903894881776
817.0,4.103484145508656
408.0,4.099540869828892
59.0,4.081217349931821
