item_id,predicted_score
151.0,4.89790957964661
69.0,4.702504871046764
313.0,4.681813186813186
169.0,4.619238999436748
777.0,4.596273070062822
50.0,4.594126936469553
854.0,4.5938201718341
124.0,4.5564241463929385
59.0,4.547288131249318
60.0,4.529808766159908
