item_id,predicted_score
341.0,5.3375
777.0,4.958773070062822
169.0,4.919674330264854
50.0,4.885513138419657
151.0,4.875966245238577
913.0,4.829470802919708
60.0,4.796403894881776
817.0,4.740984145508656
408.0,4.737040869828892
59.0,4.718717349931821
