item_id,predicted_score
151.0,5.228791932587786
69.0,5.0333872239879405
313.0,5.012695539754363
169.0,4.950121352377924
777.0,4.927155423003999
50.0,4.925009289410729
854.0,4.9247025247752765
124.0,4.887306499334116
59.0,4.878170484190495
60.0,4.860691119101085
