item_id,predicted_score
151.0,5.325304789227448
69.0,5.129900080627602
313.0,5.109208396394025
169.0,5.046634209017586
777.0,5.02366827964366
50.0,5.021522146050391
854.0,5.0212153814149385
124.0,4.983819355973777
59.0,4.974683340830156
60.0,4.957203975740746
