item_id,predicted_score
151.0,4.478953535690566
69.0,4.28354882709072
313.0,4.2628571428571425
169.0,4.200282955480704
777.0,4.1773170261067785
50.0,4.175170892513509
854.0,4.174864127878056
124.0,4.137468102436895
59.0,4.128332087293274
60.0,4.110852722203864
