item_id,predicted_score
341.0,4.910344827586207
777.0,4.531617897649029
169.0,4.492519157851061
50.0,4.458357966005863
151.0,4.448811072824784
913.0,4.402315630505915
60.0,4.369248722467983
817.0,4.3138289730948625
408.0,4.3098856974150985
59.0,4.291562177518028
