item_id,predicted_score
341.0,4.22037037037037
777.0,3.8416434404331925
169.0,3.8025447006352247
50.0,3.768383508790027
151.0,3.7588366156089474
913.0,3.712341173290078
60.0,3.679274265252147
817.0,3.6238545158790263
408.0,3.619911240199262
59.0,3.6015877203021915
