item_id,predicted_score
341.0,5.088372093023256
777.0,4.709645163086078
169.0,4.67054642328811
50.0,4.636385231442913
151.0,4.626838338261833
913.0,4.580342895942964
60.0,4.547275987905032
817.0,4.491856238531912
408.0,4.487912962852148
59.0,4.469589442955077
