item_id,predicted_score
151.0,5.955342012079042
69.0,5.759937303479196
313.0,5.739245619245619
169.0,5.67667143186918
777.0,5.653705502495255
50.0,5.651559368901985
854.0,5.651252604266532
124.0,5.613856578825372
59.0,5.6047205636817505
60.0,5.5872411985923405
