item_id,predicted_score
151.0,5.454416428961679
69.0,5.2590117203618325
313.0,5.238320036128255
169.0,5.175745848751816
777.0,5.152779919377891
50.0,5.150633785784621
854.0,5.1503270211491685
124.0,5.112930995708007
59.0,5.103794980564387
60.0,5.086315615474977
