item_id,predicted_score
151.0,4.435953057907479
69.0,4.240548349307633
313.0,4.219856665074056
169.0,4.157282477697617
777.0,4.134316548323691
50.0,4.132170414730423
854.0,4.13186365009497
124.0,4.0944676246538085
59.0,4.085331609510187
60.0,4.067852244420777
