item_id,predicted_score
341.0,3.118348623853211
777.0,2.7396216939160327
169.0,2.700522954118065
50.0,2.6663617622728677
151.0,2.6568148690917877
913.0,2.610319426772919
60.0,2.5772525187349875
817.0,2.5218327693618665
408.0,2.5178894936821026
59.0,2.499565973785032
