item_id,predicted_score
151.0,5.625473682210712
69.0,5.430068973610866
313.0,5.4093772893772885
169.0,5.34680310200085
777.0,5.3238371726269245
50.0,5.321691039033655
854.0,5.321384274398202
124.0,5.283988248957041
59.0,5.27485223381342
60.0,5.25737286872401
