item_id,predicted_score
151.0,4.820206876943907
69.0,4.624802168344061
313.0,4.604110484110484
169.0,4.541536296734045
777.0,4.51857036736012
50.0,4.51642423376685
854.0,4.516117469131397
124.0,4.478721443690237
59.0,4.4695854285466154
60.0,4.452106063457205
