item_id,predicted_score
341.0,5.214457831325301
777.0,4.835730901388123
169.0,4.796632161590155
50.0,4.7624709697449585
151.0,4.752924076563878
913.0,4.706428634245009
60.0,4.673361726207078
817.0,4.617941976833957
408.0,4.613998701154193
59.0,4.595675181257123
