item_id,predicted_score
341.0,5.133333333333333
777.0,4.7546064033961555
169.0,4.715507663598188
50.0,4.68134647175299
151.0,4.67179957857191
913.0,4.625304136253041
60.0,4.59223722821511
817.0,4.536817478841989
408.0,4.5328742031622244
59.0,4.5145506832651545
