item_id,predicted_score
341.0,4.631007751937984
777.0,4.252280822000807
169.0,4.213182082202839
50.0,4.179020890357641
151.0,4.169473997176562
913.0,4.122978554857692
60.0,4.089911646819761
817.0,4.034491897446641
408.0,4.030548621766876
59.0,4.012225101869806
