item_id,predicted_score
341.0,5.023076923076923
777.0,4.644349993139745
169.0,4.605251253341777
50.0,4.57109006149658
151.0,4.5615431683155
913.0,4.515047725996631
60.0,4.4819808179587
817.0,4.4265610685855785
408.0,4.422617792905815
59.0,4.404294273008745
