item_id,predicted_score
151.0,4.938838783186433
69.0,4.743434074586586
313.0,4.72274239035301
169.0,4.660168202976571
777.0,4.637202273602645
50.0,4.635056140009376
854.0,4.634749375373923
124.0,4.597353349932762
59.0,4.588217334789141
60.0,4.570737969699731
