item_id,predicted_score
151.0,5.58540957964661
69.0,5.390004871046764
313.0,5.369313186813186
169.0,5.306738999436748
777.0,5.283773070062822
50.0,5.281626936469553
854.0,5.2813201718341
124.0,5.2439241463929385
59.0,5.234788131249318
60.0,5.217308766159908
