item_id,predicted_score
341.0,3.65
777.0,3.271273070062822
169.0,3.2321743302648542
50.0,3.1980131384196566
151.0,3.188466245238577
913.0,3.1419708029197078
60.0,3.1089038948817764
817.0,3.053484145508656
408.0,3.0495408698288915
59.0,3.031217349931821
