item_id,predicted_score
151.0,5.046719103456134
69.0,4.851314394856288
313.0,4.83062271062271
169.0,4.7680485232462715
777.0,4.745082593872346
50.0,4.7429364602790764
854.0,4.742629695643624
124.0,4.705233670202462
59.0,4.696097655058842
60.0,4.678618289969432
