item_id,predicted_score
151.0,5.177671484408514
69.0,4.982266775808668
313.0,4.961575091575091
169.0,4.899000904198653
777.0,4.8760349748247265
50.0,4.873888841231458
854.0,4.873582076596005
124.0,4.836186051154844
59.0,4.827050036011222
60.0,4.809570670921812
