item_id,predicted_score
341.0,4.9625
777.0,4.583773070062822
169.0,4.544674330264854
50.0,4.510513138419657
151.0,4.500966245238577
913.0,4.454470802919708
60.0,4.421403894881776
817.0,4.365984145508656
408.0,4.362040869828892
59.0,4.343717349931821
