item_id,predicted_score
341.0,5.562162162162162
777.0,5.183435232224984
169.0,5.1443364924270165
50.0,5.110175300581819
151.0,5.100628407400739
913.0,5.05413296508187
60.0,5.021066057043939
817.0,4.965646307670818
408.0,4.961703031991053
59.0,4.943379512093983
