item_id,predicted_score
341.0,5.093333333333334
777.0,4.714606403396155
169.0,4.675507663598188
50.0,4.64134647175299
151.0,4.63179957857191
913.0,4.585304136253042
60.0,4.55223722821511
817.0,4.496817478841989
408.0,4.492874203162225
59.0,4.4745506832651545
