item_id,predicted_score
341.0,5.196491228070176
777.0,4.817764298132998
169.0,4.77866555833503
50.0,4.744504366489832
151.0,4.734957473308753
913.0,4.688462030989884
60.0,4.655395122951952
817.0,4.599975373578832
408.0,4.596032097899068
59.0,4.577708578001997
