item_id,predicted_score
341.0,4.841379310344827
777.0,4.46265238040765
169.0,4.423553640609682
50.0,4.389392448764484
151.0,4.379845555583405
913.0,4.333350113264535
60.0,4.300283205226604
817.0,4.2448634558534835
408.0,4.240920180173719
59.0,4.222596660276649
