item_id,predicted_score
151.0,4.660754191175432
69.0,4.4653494825755855
313.0,4.444657798342009
169.0,4.382083610965569
777.0,4.359117681591644
50.0,4.356971547998375
854.0,4.356664783362922
124.0,4.319268757921761
59.0,4.31013274277814
60.0,4.29265337768873
