item_id,predicted_score
341.0,4.954285714285714
777.0,4.575558784348536
169.0,4.5364600445505685
50.0,4.502298852705371
151.0,4.492751959524291
913.0,4.446256517205422
60.0,4.413189609167491
817.0,4.35776985979437
408.0,4.353826584114605
59.0,4.335503064217535
