item_id,predicted_score
341.0,5.337864077669903
777.0,4.959137147732725
169.0,4.920038407934757
50.0,4.885877216089559
151.0,4.87633032290848
913.0,4.829834880589611
60.0,4.796767972551679
817.0,4.741348223178559
408.0,4.737404947498795
59.0,4.719081427601724
