item_id,predicted_score
341.0,4.982352941176471
777.0,4.603626011239292
169.0,4.5645272714413245
50.0,4.530366079596128
151.0,4.520819186415047
913.0,4.4743237440961785
60.0,4.441256836058248
817.0,4.385837086685126
408.0,4.381893811005362
59.0,4.363570291108292
