item_id,predicted_score
151.0,5.5969836537206845
69.0,5.401578945120838
313.0,5.380887260887261
169.0,5.318313073510822
777.0,5.295347144136897
50.0,5.293201010543627
854.0,5.292894245908174
124.0,5.255498220467013
59.0,5.2463622053233925
60.0,5.228882840233982
