item_id,predicted_score
341.0,5.208974358974359
777.0,4.830247429037181
169.0,4.791148689239213
50.0,4.756987497394016
151.0,4.747440604212936
913.0,4.700945161894067
60.0,4.667878253856136
817.0,4.612458504483015
408.0,4.608515228803251
59.0,4.590191708906181
