item_id,predicted_score
151.0,5.6072469290442
69.0,5.411842220444354
313.0,5.391150536210777
169.0,5.328576348834338
777.0,5.305610419460413
50.0,5.303464285867143
854.0,5.30315752123169
124.0,5.26576149579053
59.0,5.256625480646909
60.0,5.2391461155574985
