item_id,predicted_score
151.0,4.7451318018688315
69.0,4.549727093268986
313.0,4.529035409035409
169.0,4.46646122165897
777.0,4.443495292285045
50.0,4.441349158691775
854.0,4.441042394056322
124.0,4.403646368615162
59.0,4.39451035347154
60.0,4.37703098838213
