item_id,predicted_score
151.0,5.3410913978284285
69.0,5.145686689228582
313.0,5.124995004995005
169.0,5.062420817618566
777.0,5.039454888244641
50.0,5.037308754651371
854.0,5.037001990015918
124.0,4.999605964574757
59.0,4.990469949431136
60.0,4.972990584341726
