item_id,predicted_score
341.0,5.625641025641025
777.0,5.246914095703848
169.0,5.20781535590588
50.0,5.173654164060682
151.0,5.164107270879603
913.0,5.117611828560733
60.0,5.084544920522802
817.0,5.029125171149682
408.0,5.025181895469917
59.0,5.006858375572847
