item_id,predicted_score
151.0,5.154488527015031
69.0,4.959083818415185
313.0,4.9383921341816075
169.0,4.875817946805169
777.0,4.8528520174312435
50.0,4.850705883837974
854.0,4.850399119202521
124.0,4.81300309376136
59.0,4.803867078617739
60.0,4.786387713528329
