item_id,predicted_score
341.0,4.983233532934132
777.0,4.6045066029969535
169.0,4.565407863198986
50.0,4.531246671353788
151.0,4.521699778172708
913.0,4.47520433585384
60.0,4.442137427815908
817.0,4.386717678442787
408.0,4.382774402763023
59.0,4.3644508828659525
