item_id,predicted_score
341.0,4.949514563106796
777.0,4.570787633169618
169.0,4.53168889337165
50.0,4.497527701526453
151.0,4.487980808345373
913.0,4.4414853660265035
60.0,4.408418457988573
817.0,4.352998708615452
408.0,4.349055432935687
59.0,4.330731913038617
