item_id,predicted_score
151.0,5.247680221848444
69.0,5.052275513248598
313.0,5.031583829015021
169.0,4.969009641638582
777.0,4.9460437122646566
50.0,4.943897578671388
854.0,4.943590814035935
124.0,4.906194788594774
59.0,4.897058773451152
60.0,4.879579408361742
