item_id,predicted_score
341.0,5.471165644171779
777.0,5.092438714234601
169.0,5.053339974436633
50.0,5.019178782591435
151.0,5.009631889410356
913.0,4.963136447091487
60.0,4.930069539053555
817.0,4.874649789680435
408.0,4.870706514000671
59.0,4.8523829941036
