item_id,predicted_score
341.0,5.2956521739130435
777.0,4.916925243975865
169.0,4.877826504177897
50.0,4.8436653123327
151.0,4.83411841915162
913.0,4.787622976832751
60.0,4.75455606879482
817.0,4.699136319421699
408.0,4.695193043741935
59.0,4.676869523844864
