item_id,predicted_score
151.0,5.395250005178525
69.0,5.199845296578679
313.0,5.179153612345101
169.0,5.116579424968663
777.0,5.093613495594737
50.0,5.091467362001468
854.0,5.091160597366015
124.0,5.053764571924853
59.0,5.044628556781233
60.0,5.027149191691823
