item_id,predicted_score
341.0,5.2137931034482765
777.0,4.835066173511098
169.0,4.79596743371313
50.0,4.761806241867933
151.0,4.752259348686853
913.0,4.705763906367984
60.0,4.672696998330053
817.0,4.617277248956932
408.0,4.613333973277168
59.0,4.595010453380097
