item_id,predicted_score
151.0,5.779666336403366
69.0,5.584261627803521
313.0,5.563569943569943
169.0,5.500995756193505
777.0,5.478029826819579
50.0,5.47588369322631
854.0,5.475576928590857
124.0,5.438180903149696
59.0,5.429044888006075
60.0,5.411565522916665
