item_id,predicted_score
151.0,4.169648710081392
69.0,3.974244001481546
313.0,3.9535523172479694
169.0,3.8909781298715305
777.0,3.8680122004976045
50.0,3.865866066904336
854.0,3.865559302268883
124.0,3.8281632768277216
59.0,3.8190272616841003
60.0,3.8015478965946903
