item_id,predicted_score
151.0,5.072617181985791
69.0,4.877212473385945
313.0,4.856520789152368
169.0,4.793946601775929
777.0,4.770980672402003
50.0,4.7688345388087345
854.0,4.768527774173282
124.0,4.73113174873212
59.0,4.721995733588499
60.0,4.704516368499089
