item_id,predicted_score
341.0,5.437837837837838
777.0,5.05911090790066
169.0,5.020012168102692
50.0,4.9858509762574945
151.0,4.976304083076415
913.0,4.929808640757546
60.0,4.896741732719614
817.0,4.841321983346494
408.0,4.83737870766673
59.0,4.819055187769659
