item_id,predicted_score
341.0,5.582142857142857
777.0,5.203415927205679
169.0,5.164317187407711
50.0,5.1301559955625144
151.0,5.120609102381434
913.0,5.074113660062565
60.0,5.041046752024634
817.0,4.985627002651513
408.0,4.981683726971749
59.0,4.963360207074679
