item_id,predicted_score
151.0,4.670560586358019
69.0,4.475155877758173
313.0,4.454464193524596
169.0,4.391890006148158
777.0,4.368924076774231
50.0,4.366777943180963
854.0,4.36647117854551
124.0,4.329075153104348
59.0,4.319939137960727
60.0,4.302459772871317
