item_id,predicted_score
151.0,5.02290957964661
69.0,4.827504871046764
313.0,4.806813186813186
169.0,4.744238999436748
777.0,4.721273070062822
50.0,4.719126936469553
854.0,4.7188201718341
124.0,4.6814241463929385
59.0,4.672288131249318
60.0,4.654808766159908
