item_id,predicted_score
341.0,5.829357798165137
777.0,5.45063086822796
169.0,5.411532128429992
50.0,5.377370936584795
151.0,5.367824043403715
913.0,5.321328601084845
60.0,5.288261693046914
817.0,5.232841943673794
408.0,5.228898667994029
59.0,5.210575148096959
