item_id,predicted_score
341.0,4.74
777.0,4.361273070062822
169.0,4.322174330264854
50.0,4.288013138419657
151.0,4.278466245238577
913.0,4.231970802919708
60.0,4.198903894881777
817.0,4.143484145508656
408.0,4.139540869828892
59.0,4.121217349931822
