item_id,predicted_score
341.0,5.297247706422018
777.0,4.91852077648484
169.0,4.879422036686872
50.0,4.845260844841675
151.0,4.835713951660595
913.0,4.789218509341726
60.0,4.756151601303795
817.0,4.700731851930674
408.0,4.69678857625091
59.0,4.67846505635384
