item_id,predicted_score
151.0,5.145860399318741
69.0,4.950455690718894
313.0,4.929764006485318
169.0,4.867189819108878
777.0,4.844223889734953
50.0,4.842077756141684
854.0,4.841770991506231
124.0,4.80437496606507
59.0,4.795238950921449
60.0,4.7777595858320385
