item_id,predicted_score
341.0,4.647619047619047
777.0,4.26889211768187
169.0,4.229793377883902
50.0,4.195632186038704
151.0,4.186085292857625
913.0,4.139589850538755
60.0,4.106522942500824
817.0,4.0511031931277035
408.0,4.047159917447939
59.0,4.028836397550869
