item_id,predicted_score
341.0,6.142857142857142
777.0,5.764130212919965
169.0,5.725031473121997
50.0,5.6908702812767995
151.0,5.68132338809572
913.0,5.63482794577685
60.0,5.601761037738919
817.0,5.546341288365799
408.0,5.542398012686034
59.0,5.524074492788964
