item_id,predicted_score
151.0,5.254616896719781
69.0,5.059212188119934
313.0,5.038520503886358
169.0,4.975946316509919
777.0,4.952980387135993
50.0,4.950834253542724
854.0,4.950527488907271
124.0,4.91313146346611
59.0,4.903995448322489
60.0,4.8865160832330785
