item_id,predicted_score
341.0,5.217283950617285
777.0,4.838557020680106
169.0,4.799458280882138
50.0,4.765297089036941
151.0,4.755750195855861
913.0,4.709254753536992
60.0,4.676187845499061
817.0,4.62076809612594
408.0,4.616824820446176
59.0,4.598501300549105
