item_id,predicted_score
151.0,5.093085018243102
69.0,4.897680309643255
313.0,4.876988625409678
169.0,4.814414438033239
777.0,4.791448508659314
50.0,4.789302375066044
854.0,4.788995610430591
124.0,4.75159958498943
59.0,4.7424635698458095
60.0,4.7249842047563995
