item_id,predicted_score
341.0,5.137313432835821
777.0,4.758586502898643
169.0,4.719487763100675
50.0,4.685326571255478
151.0,4.675779678074398
913.0,4.629284235755529
60.0,4.596217327717598
817.0,4.540797578344477
408.0,4.536854302664713
59.0,4.518530782767643
