item_id,predicted_score
151.0,5.660840614129368
69.0,5.465435905529523
313.0,5.444744221295945
169.0,5.382170033919507
777.0,5.359204104545581
50.0,5.357057970952312
854.0,5.356751206316859
124.0,5.319355180875698
59.0,5.310219165732077
60.0,5.292739800642667
