item_id,predicted_score
341.0,5.141666666666667
777.0,4.762939736729488
169.0,4.7238409969315205
50.0,4.689679805086323
151.0,4.680132911905243
913.0,4.6336374695863745
60.0,4.600570561548443
817.0,4.545150812175322
408.0,4.541207536495558
59.0,4.522884016598487
