item_id,predicted_score
151.0,4.654985051344723
69.0,4.459580342744877
313.0,4.4388886585113
169.0,4.376314471134862
777.0,4.353348541760935
50.0,4.351202408167667
854.0,4.350895643532214
124.0,4.313499618091052
59.0,4.304363602947431
60.0,4.286884237858021
