item_id,predicted_score
341.0,5.189403973509934
777.0,4.810677043572756
169.0,4.771578303774788
50.0,4.737417111929591
151.0,4.727870218748511
913.0,4.681374776429642
60.0,4.6483078683917105
817.0,4.59288811901859
408.0,4.588944843338826
59.0,4.570621323441755
