item_id,predicted_score
151.0,5.127560742437307
69.0,4.932156033837462
313.0,4.911464349603884
169.0,4.848890162227446
777.0,4.82592423285352
50.0,4.823778099260251
854.0,4.823471334624798
124.0,4.786075309183637
59.0,4.776939294040016
60.0,4.759459928950606
