item_id,predicted_score
151.0,5.1985852553222855
69.0,5.003180546722439
313.0,4.982488862488863
169.0,4.919914675112423
777.0,4.896948745738498
50.0,4.894802612145229
854.0,4.894495847509776
124.0,4.857099822068615
59.0,4.8479638069249935
60.0,4.8304844418355835
