item_id,predicted_score
151.0,4.387571233781948
69.0,4.192166525182102
313.0,4.171474840948525
169.0,4.108900653572086
777.0,4.08593472419816
50.0,4.083788590604891
854.0,4.0834818259694385
124.0,4.046085800528277
59.0,4.036949785384656
60.0,4.019470420295246
