item_id,predicted_score
151.0,5.123468238864486
69.0,4.928063530264641
313.0,4.907371846031063
169.0,4.844797658654625
777.0,4.821831729280699
50.0,4.81968559568743
854.0,4.819378831051977
124.0,4.7819828056108165
59.0,4.772846790467195
60.0,4.755367425377785
