item_id,predicted_score
341.0,5.7182795698924735
777.0,5.339552639955295
169.0,5.300453900157327
50.0,5.26629270831213
151.0,5.25674581513105
913.0,5.210250372812181
60.0,5.17718346477425
817.0,5.121763715401129
408.0,5.117820439721365
59.0,5.099496919824294
