item_id,predicted_score
341.0,5.42608695652174
777.0,5.0473600265845615
169.0,5.008261286786594
50.0,4.974100094941396
151.0,4.9645532017603164
913.0,4.918057759441448
60.0,4.884990851403516
817.0,4.829571102030395
408.0,4.825627826350631
59.0,4.8073043064535605
