item_id,predicted_score
151.0,5.560645428703214
69.0,5.365240720103368
313.0,5.3445490358697905
169.0,5.281974848493352
777.0,5.2590089191194265
50.0,5.256862785526157
854.0,5.256556020890704
124.0,5.219159995449543
59.0,5.210023980305922
60.0,5.192544615216512
