item_id,predicted_score
151.0,4.573757037273728
69.0,4.378352328673882
313.0,4.357660644440305
169.0,4.295086457063866
777.0,4.272120527689941
50.0,4.269974394096671
854.0,4.269667629461218
124.0,4.232271604020058
59.0,4.223135588876437
60.0,4.2056562237870265
