item_id,predicted_score
341.0,5.044444444444444
777.0,4.665717514507267
169.0,4.626618774709299
50.0,4.592457582864101
151.0,4.582910689683022
913.0,4.536415247364152
60.0,4.503348339326221
817.0,4.447928589953101
408.0,4.443985314273336
59.0,4.425661794376266
