item_id,predicted_score
151.0,5.232311289048319
69.0,5.036906580448473
313.0,5.016214896214896
169.0,4.953640708838457
777.0,4.930674779464532
50.0,4.928528645871262
854.0,4.928221881235809
124.0,4.890825855794649
59.0,4.881689840651028
60.0,4.864210475561618
