item_id,predicted_score
151.0,4.734891146466886
69.0,4.5394864378670405
313.0,4.518794753633463
169.0,4.4562205662570245
777.0,4.433254636883099
50.0,4.431108503289829
854.0,4.4308017386543765
124.0,4.393405713213216
59.0,4.384269698069595
60.0,4.366790332980185
