item_id,predicted_score
151.0,4.670735666603131
69.0,4.475330958003285
313.0,4.4546392737697085
169.0,4.39206508639327
777.0,4.369099157019344
50.0,4.366953023426075
854.0,4.366646258790622
124.0,4.329250233349461
59.0,4.320114218205839
60.0,4.302634853116429
