item_id,predicted_score
151.0,5.601561265039868
69.0,5.406156556440022
313.0,5.385464872206445
169.0,5.322890684830006
777.0,5.299924755456081
50.0,5.297778621862811
854.0,5.297471857227358
124.0,5.260075831786198
59.0,5.2509398166425765
60.0,5.233460451553166
