item_id,predicted_score
341.0,4.2925795053003535
777.0,3.913852575363175
169.0,3.8747538355652074
50.0,3.84059264372001
151.0,3.83104575053893
913.0,3.7845503082200613
60.0,3.75148340018213
817.0,3.696063650809009
408.0,3.692120375129245
59.0,3.6737968552321747
