item_id,predicted_score
341.0,4.920463320463321
777.0,4.541736390526142
169.0,4.5026376507281745
50.0,4.468476458882977
151.0,4.458929565701897
913.0,4.412434123383028
60.0,4.379367215345097
817.0,4.323947465971976
408.0,4.320004190292212
59.0,4.301680670395141
