item_id,predicted_score
151.0,4.204727761464792
69.0,4.0093230528649455
313.0,3.988631368631368
169.0,3.9260571812549294
777.0,3.903091251881004
50.0,3.9009451182877344
854.0,3.9006383536522815
124.0,3.8632423282111206
59.0,3.8541063130674997
60.0,3.8366269479780897
