item_id,predicted_score
341.0,4.721495327102804
777.0,4.342768397165626
169.0,4.303669657367658
50.0,4.269508465522461
151.0,4.259961572341381
913.0,4.213466130022512
60.0,4.1803992219845805
817.0,4.12497947261146
408.0,4.121036196931696
59.0,4.102712677034625
