item_id,predicted_score
341.0,6.303703703703704
777.0,5.9249767737665255
169.0,5.885878033968558
50.0,5.85171684212336
151.0,5.8421699489422805
913.0,5.795674506623412
60.0,5.76260759858548
817.0,5.707187849212359
408.0,5.703244573532595
59.0,5.684921053635525
