item_id,predicted_score
151.0,5.606242912979942
69.0,5.410838204380097
313.0,5.390146520146519
169.0,5.327572332770081
777.0,5.304606403396155
50.0,5.302460269802886
854.0,5.302153505167433
124.0,5.264757479726272
59.0,5.255621464582651
60.0,5.238142099493241
