item_id,predicted_score
151.0,5.374228524490734
69.0,5.178823815890889
313.0,5.158132131657311
169.0,5.0955579442808725
777.0,5.072592014906947
50.0,5.0704458813136775
854.0,5.070139116678225
124.0,5.032743091237064
59.0,5.023607076093443
60.0,5.006127711004033
