item_id,predicted_score
151.0,5.250182306919337
69.0,5.0547775983194905
313.0,5.034085914085914
169.0,4.971511726709474
777.0,4.948545797335549
50.0,4.94639966374228
854.0,4.946092899106827
124.0,4.908696873665666
59.0,4.899560858522045
60.0,4.882081493432635
