item_id,predicted_score
151.0,5.226135386098223
69.0,5.030730677498377
313.0,5.010038993264799
169.0,4.947464805888361
777.0,4.924498876514435
50.0,4.9223527429211655
854.0,4.922045978285713
124.0,4.884649952844551
59.0,4.875513937700931
60.0,4.858034572611521
