item_id,predicted_score
341.0,5.06938775510204
777.0,4.690660825164863
169.0,4.651562085366895
50.0,4.6174008935216975
151.0,4.607854000340618
913.0,4.561358558021748
60.0,4.528291649983817
817.0,4.472871900610697
408.0,4.468928624930932
59.0,4.450605105033862
