item_id,predicted_score
151.0,5.21040957964661
69.0,5.015004871046764
313.0,4.994313186813186
169.0,4.931738999436748
777.0,4.908773070062822
50.0,4.906626936469553
854.0,4.9063201718341
124.0,4.8689241463929385
59.0,4.859788131249318
60.0,4.842308766159908
