item_id,predicted_score
151.0,4.2518815422634315
69.0,4.056476833663586
313.0,4.0357851494300085
169.0,3.97321096205357
777.0,3.9502450326796446
50.0,3.948098899086375
854.0,3.947792134450922
124.0,3.910396109009761
59.0,3.9012600938661404
60.0,3.8837807287767303
