item_id,predicted_score
341.0,4.879503105590063
777.0,4.500776175652884
169.0,4.4616774358549165
50.0,4.427516244009719
151.0,4.417969350828639
913.0,4.3714739085097705
60.0,4.338407000471839
817.0,4.282987251098718
408.0,4.279043975418954
59.0,4.260720455521883
