item_id,predicted_score
341.0,5.106493506493507
777.0,4.727766576556329
169.0,4.688667836758361
50.0,4.654506644913163
151.0,4.644959751732084
913.0,4.598464309413215
60.0,4.565397401375283
817.0,4.509977652002163
408.0,4.506034376322399
59.0,4.487710856425328
