item_id,predicted_score
408,5.013145105197887
318,4.938812629869436
169,4.927033811372254
50,4.892107905670643
483,4.890223660392174
12,4.868525980687697
64,4.857000179879587
603,4.849650893258272
357,4.825315271023626
515,4.809613131966314
