item_id,predicted_score
408,4.978904034899136
479,4.840683125846406
12,4.702740419511021
483,4.684203561627985
89,4.632016749031789
50,4.62132795841131
127,4.618658011074684
511,4.616679149347712
191,4.607937666675639
515,4.5863067743358865
