item_id,predicted_score
169,4.527302507993023
408,4.506766245845596
64,4.459733009427944
483,4.422654992505313
318,4.420061929341441
357,4.39432054168291
603,4.384541568535463
12,4.3753149076036495
127,4.3549163315252395
50,4.350714275728058
