item_id,predicted_score
169,4.77362914450377
408,4.765457021847161
181,4.685851066142342
50,4.675258203342739
174,4.633523371295646
172,4.570028718545883
483,4.560737105002006
430,4.476981388629514
12,4.469973606298435
64,4.464863107239642
