item_id,predicted_score
169,4.399320339667525
408,4.396545870745283
64,4.338550016410608
483,4.299398773093218
318,4.296424056649428
357,4.275748485304933
603,4.263530315695867
12,4.252551261057542
127,4.230964952707006
50,4.226802002221537
