item_id,predicted_score
408,3.852302210023253
169,3.8434151085364925
64,3.78463197943737
483,3.744712909239306
318,3.743115158393367
357,3.724502392663265
603,3.709551019030405
12,3.698542846473953
127,3.6755457307299504
50,3.6712941368064573
