item_id,predicted_score
169,4.689260449709451
408,4.689137972803253
64,4.627583422914325
483,4.591472062783098
318,4.589625658803636
357,4.571734434475382
603,4.555494621927531
12,4.54642435260442
127,4.523380822459943
50,4.5177993848366045
