item_id,predicted_score
408,4.11361253325794
318,4.043800877152885
169,4.032986405029466
50,3.996791994413817
483,3.9937180832217436
603,3.9569196714583277
515,3.913922525153165
480,3.904854223846494
272,3.8888560100813923
178,3.887118736150803
