item_id,predicted_score
408,4.44604773788968
318,4.376882733740157
169,4.369380425591745
50,4.330784809913597
483,4.328366667510294
357,4.267185623766736
480,4.2402916447476935
174,4.235639328829946
178,4.223500105862472
272,4.221510326769869
