item_id,predicted_score
169,4.624770602466973
408,4.607823349697683
64,4.566524727370154
483,4.530597114730986
318,4.521324632028284
357,4.499433110357236
603,4.4958863934301725
12,4.488413713038363
127,4.466010487162809
50,4.462661849579399
