item_id,predicted_score
318,4.447931915501969
50,4.395687891150569
12,4.379965914935042
603,4.350478566048598
480,4.312234286642299
515,4.311815291845781
272,4.285340399249884
513,4.2723764673778755
657,4.253893179303215
427,4.249306152561512
