item_id,predicted_score
515,5.730168133546521
1449,5.715482499998156
114,5.707310147749446
169,5.695699342063999
408,5.667487303962916
483,5.6624752421077735
251,5.63832581744693
199,5.575590064657681
923,5.53997638038973
657,5.534654519000512
