item_id,predicted_score
169,4.558608723514986
408,4.5547422272248825
64,4.491986957100598
318,4.45977757560477
483,4.4550948580038465
357,4.431037331484372
603,4.417015359604598
12,4.407933610006059
127,4.384498182136436
50,4.381301131660743
