item_id,predicted_score
408,4.745542023061838
169,4.659291864784982
483,4.630062220393874
357,4.568768812321934
480,4.543605868282405
515,4.542638145038225
174,4.5316352353104286
513,4.511719014603933
178,4.509567294306022
427,4.482180284806063
