item_id,predicted_score
408,4.6158129117368105
169,4.609157430910291
64,4.559041143148827
483,4.5192306553457815
318,4.516697313566382
357,4.492727121258127
603,4.486387771578684
12,4.473263849400861
127,4.450022399189659
50,4.4489257433381155
