item_id,predicted_score
169,4.500394879854141
408,4.4997556710263
64,4.451832832101982
483,4.411634691069216
318,4.403427128468859
603,4.379627556609497
357,4.379451098841821
12,4.368325496480722
127,4.345114131239971
50,4.344751211402122
