item_id,predicted_score
483,5.023502482302813
1449,4.91648776151907
320,4.906752681922274
211,4.906528425232002
306,4.886929663444805
98,4.8808527008244225
213,4.876093900751701
428,4.874459719160334
178,4.797727953376028
242,4.789777265431905
