item_id,predicted_score
127,5.011798955937674
50,4.966542053444378
515,4.875893352191838
169,4.803427951586983
187,4.745470743905846
56,4.706923711642053
172,4.706061588325005
182,4.683187219379106
318,4.679505952757458
134,4.671786314682216
