item_id,predicted_score
966,4.627391997623625
515,4.595213035500993
241,4.574571043032304
613,4.533308268326383
1142,4.4996957553319
753,4.408812044989461
156,4.390673954304616
529,4.378149975165074
392,4.359159166425234
1063,4.333323591641833
