item_id,predicted_score
181,4.545636414823985
606,4.284608777656347
1449,4.284428598946502
178,4.248333574444489
488,4.226091831264743
1142,4.219002593352965
427,4.205476629729474
64,4.170978331620692
302,4.1682528017352825
963,4.164436591161657
