item_id,predicted_score
169,4.583958455616875
408,4.570585401029076
64,4.522618050182096
483,4.4857313618298935
318,4.4816704412593955
357,4.459313050646358
603,4.449615092123899
12,4.439196438363307
127,4.418220941949147
50,4.414088671807337
