item_id,predicted_score
408,4.241181508094731
318,4.176567040735197
169,4.162985431700743
50,4.127391750955673
483,4.12321944251885
12,4.106428992279816
64,4.096966325371597
603,4.087071881020322
357,4.062723934413264
515,4.0447812888551695
