item_id,predicted_score
98,4.383352144187208
408,4.3494907612223415
483,4.310149365921825
1449,4.297795082052348
357,4.296423073784019
169,4.295763825883685
64,4.2809143500197235
12,4.272595231706404
178,4.228851546781282
427,4.2287024938942785
