item_id,predicted_score
408,4.437009490935354
169,4.357112536212483
12,4.299709489105202
64,4.288192686215416
603,4.2808177888232954
515,4.2371788252904325
174,4.224804845975467
178,4.211163032037767
513,4.203627372045841
427,4.174426144757164
