item_id,predicted_score
169,4.812874928679666
408,4.806864818664035
64,4.746984955559432
483,4.7088719263967285
318,4.706518877865398
357,4.684910225462436
603,4.671606117570412
12,4.663448693765688
127,4.641043752715239
50,4.636272486283531
