item_id,predicted_score
408,4.2469512663659845
169,4.245759695673184
64,4.196238032669717
483,4.156211367857218
318,4.1510256036045945
357,4.127331738221129
603,4.123625345875896
12,4.110422656314364
127,4.088030527318069
50,4.087041833450845
