item_id,predicted_score
408,4.63664532372535
318,4.563937787920305
169,4.555826082259935
483,4.515634977661781
12,4.498442385067768
64,4.487145766148159
603,4.477722520327579
357,4.453574469870385
515,4.436186961246283
480,4.426778554466835
