item_id,predicted_score
408,3.799448592678768
318,3.737125893282776
169,3.732976777199846
50,3.6902259444338346
483,3.688509030202971
12,3.673802031949734
64,3.6615216422371755
603,3.6593743092793956
357,3.6309763905841366
515,3.6077202749234485
