item_id,predicted_score
169,4.503447593771555
408,4.50002599599001
64,4.44302063299381
483,4.4022362004818785
318,4.400528906739718
357,4.3778646275128335
603,4.366171835120593
12,4.352838610568579
127,4.332550896246781
50,4.329062814570516
