item_id,predicted_score
496,5.049322515823329
318,5.049264559777746
64,5.018322707542749
313,4.974565765158651
79,4.971653546357842
98,4.950735642409541
50,4.930814954051346
169,4.924390532757004
272,4.920085271341055
69,4.88991835685752
