item_id,predicted_score
318,4.925703356273205
408,4.824150352511708
268,4.766475826264905
205,4.688935317539463
483,4.666895878730411
15,4.618610754891506
285,4.5780722057849195
169,4.528486012264711
657,4.525718323804218
963,4.523032481743194
