item_id,predicted_score
408,4.381237474741057
12,4.2344040751020895
603,4.216516046592688
515,4.174117223512519
480,4.158189933743407
272,4.151885815249298
513,4.15106857424399
178,4.1398321448613595
427,4.107837870791248
657,4.104216659346848
