item_id,predicted_score
603,4.9798154052389
515,4.74964859628429
99,4.697648041347761
191,4.661655809341607
197,4.649215354462054
190,4.58481706931272
185,4.579056457917696
527,4.578963759277736
136,4.564636343999608
659,4.559225130353927
