item_id,predicted_score
408,3.939739619644765
169,3.9388958473853966
64,3.876265014609901
483,3.8400562318105798
318,3.8392588486702386
357,3.8189397109283716
603,3.803790856129067
12,3.795861581396622
127,3.7718514456220364
50,3.7669833947198064
