item_id,predicted_score
408,4.8708391225720895
169,4.864607382465248
64,4.810129031667446
318,4.775162685367299
483,4.770577284209741
357,4.754199337311076
603,4.7355701951731195
12,4.715907558298673
127,4.696915566360775
50,4.692929511506634
