item_id,predicted_score
408,4.208030042824794
318,4.132178946047597
169,4.130223764655479
483,4.087936956511117
12,4.069674175251485
64,4.056315363448252
603,4.0523632678879515
515,4.007076438494672
480,3.9920488271150893
178,3.985498853635492
