item_id,predicted_score
408,3.90178531615156
318,3.8342878952562085
169,3.8270087443289817
50,3.7873595728253053
483,3.785747047223255
12,3.7692264601653296
603,3.7515081921153346
272,3.6761324422379085
427,3.6434500158579057
657,3.6343003313840168
