item_id,predicted_score
408,4.92876417695764
169,4.845582825924926
483,4.803675013708028
50,4.803312295141983
12,4.786266721095345
64,4.774157089581706
603,4.766434815265434
357,4.7407172937443365
515,4.723903840094966
174,4.712896245047831
