item_id,predicted_score
174,5.03704543397909
144,4.889288986875583
169,4.861240992541649
228,4.861108601578363
210,4.841761389252644
96,4.747825178086244
204,4.699651388276162
265,4.6965454033312914
79,4.687838161708033
528,4.6306922671664
