item_id,predicted_score
408,4.132160726299737
318,4.065787036438839
169,4.05517940610687
50,4.016975066785018
483,4.014101484784643
12,3.9959075886597546
64,3.9853210858062553
603,3.9789429534185734
357,3.9527280959148072
515,3.935303470107639
