item_id,predicted_score
318,4.578223451414295
357,4.514776013638369
483,4.497880730287701
320,4.323542759892093
205,4.318922891327186
185,4.283911605095804
197,4.258749780954529
484,4.213312695544229
221,4.2110022350876015
169,4.207221662017918
