item_id,predicted_score
169,5.079068348583261
408,5.054399756217125
64,5.009416126111714
483,4.971199615902751
318,4.964778306610241
357,4.943003911113787
603,4.932745680271158
12,4.923855592567591
127,4.904879231232096
50,4.899350956560464
