item_id,predicted_score
408,4.722728364762978
169,4.715844224357039
64,4.6632796554181395
483,4.624269113482618
318,4.6220106918650785
357,4.599824990349599
603,4.590806963407144
12,4.578798253923553
127,4.555296084176909
50,4.553126718048404
