item_id,predicted_score
169,4.2983214419165465
408,4.289966477280866
64,4.23373623117117
483,4.195737142147445
318,4.192622260372067
357,4.170500871248359
603,4.158818950997834
12,4.150140520065468
127,4.1281159047946225
50,4.1236895876360835
