item_id,predicted_score
1449,4.63841012800897
246,4.596158138310835
427,4.562658089626987
25,4.528976852603497
45,4.490707722588948
56,4.46181871336368
525,4.3929176221509
313,4.389767086163765
652,4.3806922499184076
527,4.370358049982614
