item_id,predicted_score
286,5.77802502515834
515,5.646930180713709
408,5.5465218871778825
127,5.5086009015329465
12,5.491030250254666
114,5.460069712239931
176,5.435451501106135
187,5.399692670651691
89,5.397573418827854
300,5.36991589164745
