item_id,predicted_score
127,4.679849377668676
474,4.626590539447933
408,4.567841435300537
285,4.531942053577909
185,4.526719529788799
483,4.462969131088274
169,4.459084031148223
357,4.428047880689359
268,4.399925519936395
346,4.363204770227951
