item_id,predicted_score
318,4.777381058004508
357,4.766982918076052
56,4.668739619649463
313,4.637445589163016
64,4.630315573102554
199,4.628010450809528
190,4.609475856067957
1449,4.607485068061197
320,4.590614837316502
170,4.526410587874065
