item_id,predicted_score
408,4.518609163154782
318,4.439462282520114
169,4.436451921039123
50,4.395067385594008
483,4.390144333876637
12,4.36856699928947
64,4.359593438318632
603,4.358047297224434
357,4.325764047521134
515,4.315271934249275
