item_id,predicted_score
60,4.436325350923955
192,4.371889434599792
137,4.2832842767973185
654,4.183113548015228
320,4.125881089055408
59,4.120978477586544
169,4.107759638342627
134,4.084980500924261
1194,4.049313068117036
694,4.03449052231297
