item_id,predicted_score
169,4.406732857406895
408,4.404761919437306
64,4.349404906197298
483,4.3098986801053485
318,4.306782303828894
357,4.284150370700034
603,4.2749599480516185
12,4.263064487849892
127,4.2412789800379675
50,4.238383721452569
