item_id,predicted_score
169,4.470432023231462
408,4.463050879505868
64,4.408433666117581
483,4.369166720179462
318,4.367269556597314
357,4.345426925284806
603,4.332656972403275
12,4.320002076698447
127,4.299916265644176
50,4.295634685426724
