item_id,predicted_score
408,4.665617382371915
318,4.6056259436999065
169,4.591715531751637
483,4.555286337084719
12,4.53781619748539
603,4.519315604317039
357,4.495767230904358
480,4.47170850272816
515,4.471596628646823
174,4.4588038890748365
