item_id,predicted_score
98,5.145726541355272
302,5.1454038719600685
479,5.125580315656357
408,5.103629994454633
603,5.052710385805242
514,5.032797168863165
515,5.021098109455677
320,4.998529722968307
127,4.949422264458916
480,4.947452263468867
