item_id,predicted_score
408,4.160230338340836
318,4.0938757166789665
169,4.085445970841494
483,4.044900209905183
64,4.017291145730505
480,3.9610899888630464
178,3.9408214842289455
272,3.937527309525188
513,3.9264063567234695
479,3.8843060007166113
