item_id,predicted_score
515,4.6768799763640505
513,4.642619924582018
114,4.62992684145591
320,4.614916561617457
641,4.571858439782916
48,4.5526944839685335
22,4.542923621288358
1449,4.520835044622301
479,4.506212766584398
750,4.49998862501819
