item_id,predicted_score
408,4.685443097019111
318,4.611995836930131
12,4.545371807730091
178,4.4573700173661495
427,4.422194579851165
114,4.403039739976317
488,4.398985060954008
302,4.369983559148408
313,4.351677271028531
963,4.3322916630872665
