item_id,predicted_score
169,5.121107112866279
1449,5.071583154937789
408,5.044767744282518
603,4.981180357573132
474,4.976503833314848
134,4.949225611202633
479,4.864882078041741
657,4.861408997705183
114,4.848117530312894
512,4.8479266113959465
