item_id,predicted_score
483,5.255522912661679
134,5.1449066694500765
50,4.979517739034518
172,4.977773545489543
511,4.928571042655412
357,4.8996900971552595
12,4.879899790264273
114,4.840947513053369
64,4.7811559849206695
408,4.765177483477199
