item_id,predicted_score
357,4.6386278835142205
474,4.521629373412245
513,4.413656583565565
187,4.407654907652389
114,4.386078192120283
483,4.374523830572167
180,4.374323986963324
479,4.356457743560504
480,4.336684882766223
199,4.3359391259053535
