item_id,predicted_score
483,4.870370275453175
178,4.734957450293948
320,4.729365132517851
1449,4.709094584481284
132,4.694927982337635
657,4.644653384679426
633,4.635614414316819
185,4.635230841331154
172,4.623864938675723
603,4.6174732832085725
