item_id,predicted_score
483,5.155665529000767
1449,5.133912937904644
12,5.133230399227167
114,5.08619491718378
357,5.081816257071973
515,5.059455145688024
169,5.04049246693681
318,5.031907460973498
199,5.007998301391265
89,5.005049457766685
