item_id,predicted_score
169,4.492867364057831
408,4.490933552626041
64,4.434144508725986
483,4.394920121956297
318,4.391947086059849
357,4.368961375561896
603,4.3596477448159145
12,4.348970537189637
127,4.326583931259371
50,4.323616334802743
