item_id,predicted_score
156,5.096787961309264
11,4.806352871719225
657,4.802051137199822
307,4.734849208519744
603,4.647141889082194
654,4.616758535122065
357,4.612337659388847
653,4.584395258132474
512,4.572261732520078
921,4.566404720783917
