item_id,predicted_score
408,4.321495531189501
318,4.236711433012999
169,4.224937882208328
483,4.194759076661422
50,4.192247497329161
12,4.173288387747402
64,4.159385764636863
603,4.145068869889221
357,4.127493734422212
515,4.110114024667058
