item_id,predicted_score
408,4.140362966404069
318,4.064031961281294
169,4.0619274403421235
50,4.020133273352762
483,4.018311261046305
12,3.9988861259844968
64,3.987138237784172
603,3.985105796177174
357,3.95571519827622
515,3.9390195210835914
