item_id,predicted_score
408,4.015549785267702
318,3.9527348421699293
169,3.938461593436869
483,3.902824007466091
64,3.872885079928751
603,3.864549321900365
357,3.8423595589422535
515,3.8194736881524034
480,3.817686269013114
272,3.7963715243832548
