item_id,predicted_score
408,4.172577339541793
169,4.090523252976809
318,4.082233200146251
50,4.042317714009786
483,4.038603050560084
12,4.016649013622355
603,4.010343893842863
64,4.007062561541158
357,3.97330703161365
515,3.9651703313281
