item_id,predicted_score
22,4.154992998465711
143,4.079941311254497
613,4.059812474193239
690,4.050536816649455
316,4.032034049965399
588,4.0246684029129405
641,4.0237344900588194
174,4.013893198915317
169,4.010349279525343
522,4.008869163086533
