item_id,predicted_score
191,4.872077446003363
12,4.851360365244101
408,4.775108149811587
64,4.7582417781992445
169,4.737709876110944
143,4.737186224360789
318,4.694820831340196
172,4.690060106994943
483,4.688807094162082
174,4.613924725451414
