item_id,predicted_score
169,4.644092107417797
408,4.6387137593053795
64,4.581422887278503
483,4.5445149518495604
318,4.542094411589899
357,4.519031316701308
603,4.508209828274558
12,4.500424127713507
127,4.47697479025154
50,4.473129403636961
