item_id,predicted_score
408,4.355671692975348
318,4.28464944336772
169,4.279823779795956
483,4.2386759594933885
64,4.209033453500813
603,4.205827835914123
357,4.17829980364854
515,4.15704280725559
480,4.151323308790417
174,4.145963268358702
