item_id,predicted_score
408,4.943139694693676
318,4.873143623290996
169,4.863560888318228
50,4.826064559786541
483,4.823832693804697
12,4.805886992391332
64,4.794819380040258
603,4.787096856957421
357,4.7621251119795245
515,4.7439307476523815
