item_id,predicted_score
318,3.983842081555792
178,3.835922358748968
272,3.816446083326175
513,3.8031511453682394
98,3.765545608167597
285,3.762122167873191
488,3.76162172217408
173,3.750946913039336
134,3.7501143438774243
89,3.7373550354058325
