item_id,predicted_score
313,5.061493088350319
1063,4.8555299517216755
169,4.836461462598031
272,4.703330725403094
83,4.685563955139729
520,4.608054201022197
966,4.6007566402063516
282,4.581768142337878
318,4.544757166468028
1019,4.541997883771586
