item_id,predicted_score
169,5.190910538123906
408,5.181001306171253
64,5.125911790673341
483,5.086765095547887
318,5.085633621279795
357,5.060861053691644
603,5.049374696666959
12,5.038556034433284
127,5.017735205352889
50,5.01395127977428
