item_id,predicted_score
408,4.104860028290593
169,4.104471094748155
64,4.045434049757198
483,4.006289445921996
318,4.003987886508253
357,3.982158128746545
603,3.9709245271289637
12,3.9600689037686028
127,3.937623813798987
50,3.9341842376686555
