item_id,predicted_score
64,5.380450471263262
96,5.345544770973061
169,5.2927835881068
480,5.2803437544305
12,5.277050115755218
174,5.2552322430329514
408,5.245298544654304
302,5.205122367820371
318,5.196002446355592
173,5.186600920547958
