item_id,predicted_score
654,4.920245765742473
23,4.7683564112415775
242,4.752984063529731
474,4.721495282833405
269,4.716198517434339
60,4.679170956104186
182,4.678520843583234
320,4.6776419141196595
56,4.659326330366188
504,4.638710285277042
