item_id,predicted_score
199,5.304735514950454
269,5.279967255379607
613,5.236822393376733
490,5.057113121504999
659,5.05614727867191
323,5.0530633151557875
161,5.0416805097854915
486,5.014620106978326
12,4.977414683424993
922,4.969710070963232
