item_id,predicted_score
318,5.011272952098089
515,4.905942821783375
56,4.881184619540344
173,4.8128128474761835
95,4.64637392185975
143,4.6287205991918015
657,4.62761408642758
357,4.619428986796489
191,4.6066825133459774
127,4.6055491028140665
