item_id,predicted_score
98,5.050325962288751
258,4.762398959693065
427,4.733984039010931
64,4.723662413526997
603,4.710363974394407
169,4.667359897172141
480,4.641249148547106
1449,4.638599771544924
496,4.619735724407149
185,4.582304414126563
