item_id,predicted_score
64,5.112906672253958
318,5.102390233474106
313,4.800532491891994
169,4.795413037162133
408,4.745448966194617
496,4.732273874296424
22,4.721217999704233
515,4.708271432512157
79,4.686752623201848
12,4.669894501304858
