item_id,predicted_score
318,4.463676550505613
50,4.418374261287472
483,4.414752547286821
12,4.394757570151624
603,4.3835291663992315
515,4.335598467820324
480,4.324506903575229
178,4.3108952217309735
272,4.309550478882283
513,4.3076461181474315
