item_id,predicted_score
408,4.628739689437301
183,4.475991822541577
432,4.397984988449467
59,4.340105608610924
83,4.329876388756908
200,4.32805922452687
169,4.278823564750865
98,4.271455427701613
176,4.226014703839679
1142,4.2173834866613555
