item_id,predicted_score
285,4.718399936682651
173,4.7046065300768065
318,4.687381515092165
357,4.6697387089561255
64,4.560992714297109
169,4.545166035761373
191,4.518277701042694
127,4.509120148399867
427,4.5076349509787015
483,4.481861610115673
