item_id,predicted_score
222,4.889513029322451
174,4.707187300555244
272,4.669458848329509
316,4.597284187084405
662,4.5767226148803495
69,4.5705144928801635
286,4.5377461078295065
478,4.536251479829685
750,4.525740346426824
282,4.5253393377963285
