item_id,predicted_score
199,4.82665045615966
192,4.78964803607756
514,4.780547417811817
135,4.662024059033376
661,4.497923249035913
488,4.492150057044126
320,4.4878518109189685
134,4.483375213386731
180,4.473994406654277
223,4.458784464979728
