item_id,predicted_score
408,4.283036364777321
169,4.279374511539656
64,4.219179964658873
483,4.180333089811685
318,4.179259456434399
357,4.156552290625292
603,4.144697867064367
12,4.135352872848928
127,4.1115880907219085
50,4.108309473139092
