item_id,predicted_score
169,4.1972460336899475
408,4.174023302024168
64,4.121027873132841
483,4.084596363490407
318,4.080985680845063
357,4.052156637872304
603,4.0444950806536335
12,4.043097118818289
127,4.01933148646708
50,4.015245116707228
