item_id,predicted_score
408,4.826503062675659
318,4.750810672007965
169,4.743272424467053
483,4.706682139121102
50,4.706251105310362
12,4.687685963257361
64,4.674303354313765
603,4.6666244469093305
357,4.643573350344676
515,4.623376554106599
