item_id,predicted_score
408,4.614680985656391
318,4.547245837092768
169,4.543148889684423
50,4.500206612412531
483,4.497063238728455
12,4.480351536601077
64,4.469849611668291
603,4.467300880089559
357,4.4372914354471105
515,4.419539413539674
