item_id,predicted_score
100,4.891034888438191
14,4.733830298200402
603,4.681910306822858
127,4.672799194188992
192,4.660995143694801
1449,4.653943277311435
408,4.652867769118329
320,4.65013036604001
238,4.581498804410555
285,4.5620562363546595
