item_id,predicted_score
286,5.824359547771037
408,5.235125442433287
169,5.013972568283988
340,4.94409469930627
144,4.854929665575744
19,4.833927510054485
963,4.775069104227474
170,4.7708930294461585
346,4.709616392003085
462,4.613957633252279
