item_id,predicted_score
313,4.969113044197798
169,4.90879869631889
64,4.862586218195489
963,4.771633392205508
272,4.761024868125748
302,4.752863352294761
513,4.750402772520549
408,4.721881438009186
315,4.7097031066901
79,4.703534258526308
