item_id,predicted_score
169,4.310486216406746
408,4.269845170187404
318,4.253164631709508
483,4.2414057145120365
320,4.235337884485501
357,4.202568983756485
114,4.176436237628221
513,4.154086151734307
1449,4.148338161478431
657,4.144777551294728
