item_id,predicted_score
98,4.860416492778043
408,4.826402952604746
144,4.824959482019608
169,4.784027997916419
174,4.687236687284491
659,4.6810188613851444
1449,4.659207274566349
79,4.628439229192551
427,4.593903988073735
474,4.59237879511028
