item_id,predicted_score
169,4.159315657451386
408,4.141624588272156
64,4.085963066584983
483,4.049243675704668
318,4.047118242444963
357,4.023715951255054
603,4.009728813402153
12,4.003765070969346
127,3.9821177690611593
50,3.976361803919112
