item_id,predicted_score
408,4.608331190444008
169,4.5403031222785595
318,4.5192383276507195
483,4.482441206922986
603,4.465628273407084
12,4.462048198408307
357,4.421243268227306
515,4.405655256941822
174,4.39723227336121
480,4.382334068644297
