item_id,predicted_score
408,4.574742426490797
169,4.571332501040441
64,4.514763872785622
483,4.475890536675308
318,4.468849389328163
357,4.448568347010758
603,4.441924780027507
12,4.435208075455363
127,4.410123691920346
50,4.407302118044715
