item_id,predicted_score
169,4.4745593519199485
408,4.464686260733504
64,4.413442955072556
483,4.376584772645225
318,4.372125929405597
357,4.348728973155025
603,4.34076466510282
12,4.3326490021768995
127,4.309804492301665
50,4.306357456743569
