item_id,predicted_score
64,5.096648277877302
136,5.032741778225156
169,4.989312764218603
515,4.972784836161237
199,4.946702319566886
150,4.933604517241727
174,4.931436181086247
408,4.881526305380619
603,4.87533023222128
513,4.859428377590654
