item_id,predicted_score
408,4.607995128948514
318,4.537197572291116
169,4.531804458903663
50,4.4908090247844275
483,4.48793258954517
12,4.469570321439538
64,4.45884756798078
603,4.455329168765151
357,4.42645310886145
515,4.409766386402558
