item_id,predicted_score
169,4.477220288266351
408,4.4487500415619605
64,4.39877927259374
483,4.361299339754991
318,4.3604952172866795
357,4.334715068017306
603,4.3198611473784565
12,4.311943842341942
127,4.293157917223921
50,4.2869425517050885
