item_id,predicted_score
285,5.377829315661699
169,5.3330708443754
408,5.318602272495342
127,5.2111953678369165
1449,5.202076925780281
185,5.193092758427311
647,5.152203764675456
474,5.125786906575798
488,5.115484599128063
178,5.107084077968279
