item_id,predicted_score
408,4.496988430547564
318,4.426179396420279
169,4.417330983979393
483,4.3763779077139375
50,4.375401913150578
12,4.356984984012907
64,4.34481022195727
603,4.337893372637564
357,4.312694432137428
515,4.297524047838624
