item_id,predicted_score
169,4.406376033516153
357,4.377821083061125
174,4.31681219346047
313,4.2898465358804705
515,4.289157827004514
302,4.276114489859693
96,4.2722856949013455
483,4.254469627845023
427,4.205535154697372
50,4.195562748032225
