item_id,predicted_score
169,4.447313052170492
1449,4.4376751245893695
64,4.321185239310727
483,4.319627445819747
515,4.298752038714686
427,4.294580482703002
302,4.23864064716244
251,4.212598741139632
114,4.201606873382543
7,4.19857426884337
