item_id,predicted_score
408,4.283597678838337
318,4.21074647361536
169,4.203054791634527
50,4.164370276997523
483,4.163738443888819
12,4.142392925192837
64,4.1295614104722755
603,4.126447479376233
357,4.099787806371116
515,4.082424655752153
