item_id,predicted_score
513,4.038842262384789
657,3.9995849335716955
483,3.9760830541573564
302,3.9624842661996738
1449,3.9494005300610664
316,3.946335712755699
318,3.9286950478016607
641,3.915133562294052
174,3.8930238817676988
963,3.8921186014353757
