item_id,predicted_score
169,5.491303588421831
56,5.429629496455429
408,5.340434628078767
98,5.3319981327791774
483,5.3027767065632165
1449,5.280292359416858
513,5.256371953173715
474,5.234378512273045
479,5.202863511147408
114,5.181135076140774
