item_id,predicted_score
169,4.117674966742902
408,4.112023968478155
64,4.05479225279604
483,4.01745907206521
318,4.014947696553668
357,3.9920425929609293
603,3.981066158578472
12,3.972880218707242
127,3.949802418116698
50,3.9458964291031706
