item_id,predicted_score
182,3.5308899133924254
408,3.492391454442407
187,3.434381446322761
474,3.4325332515831906
191,3.318051499724151
482,3.2894587975131064
180,3.2433340548153673
11,3.187400281300873
170,3.168965497959092
179,3.1432534103901415
