item_id,predicted_score
408,4.568023359787082
318,4.505599806448905
169,4.495155881695435
50,4.454694571683314
483,4.451849726093001
12,4.435635795697588
64,4.425605986692035
603,4.418650155605396
357,4.3920306194683665
515,4.374461266998388
