item_id,predicted_score
483,4.243869044799361
12,4.226367959172538
64,4.2155557441837646
357,4.1821898990573105
480,4.157560716234946
174,4.151318369620524
272,4.133783472223262
513,4.126146796007487
657,4.101404523900982
427,4.1013695495217295
