item_id,predicted_score
515,5.327012148894779
357,5.199522380754243
114,5.095708827998567
98,5.000407423273145
185,4.967702841603123
483,4.9374713662938285
50,4.879384802894995
1449,4.833800140269331
488,4.801584848049804
87,4.794779935077657
