item_id,predicted_score
89,4.976312310383532
408,4.613944950450779
199,4.612291119348399
511,4.555301524061353
1142,4.525601380372547
488,4.501071004818547
357,4.457758196570007
178,4.4554608290852
114,4.443350443759741
515,4.441859890018201
