item_id,predicted_score
408,4.886482950477646
318,4.808998757093181
50,4.76611792696686
12,4.744260086879252
64,4.732630048651834
603,4.727466282089836
357,4.7008023936139205
480,4.671729447193535
174,4.671304891429955
272,4.660164945485015
