item_id,predicted_score
181,4.1642856557827015
328,4.04791203298305
161,4.039372873943217
186,4.009979124082866
863,3.9972419258434853
265,3.989314803591174
83,3.979770261119633
515,3.972365212772081
963,3.8847703181382807
189,3.8265697241875745
