item_id,predicted_score
272,5.4031331559778355
187,5.154349284871084
1449,5.110020610037859
408,4.987484005374417
963,4.986958989722642
515,4.972076004632384
923,4.9414916012110055
313,4.939655651104643
496,4.930107153487677
320,4.919132321277022
