item_id,predicted_score
169,4.70096003855624
408,4.694489301579894
64,4.637089752789464
483,4.597981424702035
318,4.59434935898585
357,4.571207679427393
603,4.561340188435913
12,4.5529769748860875
127,4.530513885243565
50,4.526827779785475
