item_id,predicted_score
96,5.305469852292866
169,5.258061705414532
173,5.25127535679448
12,5.179855354271047
1449,5.141319706875534
489,5.124056370312883
408,5.113832216741459
190,5.047572070439414
863,5.025129939133218
114,5.022843304832436
