item_id,predicted_score
313,3.778868077339301
742,3.556675338509197
173,3.551363082394484
301,3.5493114469507865
641,3.5321615664755934
735,3.518968675024145
169,3.513068487715203
228,3.5050242003097454
316,3.4943761488078486
434,3.4755764992381333
