item_id,predicted_score
408,4.862274165352191
169,4.789661258203486
357,4.684258486459439
515,4.667233003321104
480,4.658908094253526
174,4.654276138920968
178,4.645721975873203
272,4.638327030200004
513,4.6340278137202295
427,4.606528555041076
