item_id,predicted_score
169,4.467120744949376
408,4.454586261807915
64,4.402653934273566
318,4.365391592413835
483,4.3635613904805854
357,4.336732827237201
603,4.325866766395165
12,4.312769035323071
127,4.292873083150239
50,4.290031806290878
