item_id,predicted_score
408,5.3086830595033065
127,5.216898893980793
1449,5.193840233247034
272,5.150511970491114
178,5.108104065059533
59,5.082901622562086
89,5.08154456746707
603,5.070401094960738
191,5.068406956463635
480,5.065311490687436
