item_id,predicted_score
408,4.526293252681736
318,4.463457237085279
169,4.455625935084838
483,4.409593088858895
12,4.391331492857517
64,4.3819276633471125
603,4.380873180271278
357,4.349634230623218
480,4.32632603207278
174,4.3200703784806835
