item_id,predicted_score
483,5.135163323444372
169,5.030829440779338
657,5.020735786487177
641,4.991555784675357
1449,4.97597093792119
478,4.947208153662526
199,4.923790956396276
408,4.923307946917768
126,4.920157662473914
320,4.909826574488228
