item_id,predicted_score
318,5.085237836047446
64,5.073133452403946
357,4.985728164771744
496,4.903752920388147
98,4.863822545517896
190,4.770445582243849
56,4.687946601168951
87,4.665688013106797
114,4.604016450008048
79,4.588162879465883
