item_id,predicted_score
169,4.228302804310402
408,4.214179871147664
64,4.161521544178807
483,4.125277986226608
318,4.123698872744688
357,4.094737384718612
603,4.087644708134096
12,4.08207876254943
127,4.0581645667116035
50,4.055441845926178
