item_id,predicted_score
169,4.479530234757573
408,4.47918698295803
64,4.419651542786301
483,4.38293075794294
318,4.376650299083058
357,4.352974528113162
603,4.3481173925168894
12,4.345276910874935
127,4.3181535115086955
50,4.315776337582769
