item_id,predicted_score
408,4.598940019729492
169,4.598787216104954
64,4.539707169480857
483,4.500423076219284
318,4.498330352401855
357,4.47548984291075
603,4.4650223321162015
12,4.4543108574355195
127,4.431709770690073
50,4.428618440853383
