item_id,predicted_score
479,4.628680735186788
408,4.578217421280201
515,4.504541333487175
357,4.485084763034628
603,4.382279242243248
114,4.377907669849143
483,4.3491801039937155
1449,4.338823620441232
318,4.295389854140838
196,4.2952754523797
