item_id,predicted_score
408,4.169234017257665
318,4.112694676576425
169,4.100105341544521
50,4.062276141008957
483,4.0610318168059445
12,4.0473948222783
64,4.035236954356792
603,4.026525240792426
357,4.003789787708629
480,3.9822789094177273
