item_id,predicted_score
271,4.77333929813501
1449,4.4744277339349114
863,4.451691889046392
489,4.43627653323103
169,4.408675142046761
170,4.387927528452936
269,4.376417080760894
515,4.368566960912687
1193,4.350275187110133
1028,4.341570694363323
