item_id,predicted_score
515,4.554872328348727
474,4.464907953137934
170,4.393603792226043
14,4.392784716733325
408,4.288710099421725
56,4.149777944940409
190,4.144751738989073
45,4.144654145088117
100,4.143139802643909
357,4.134123620665954
