item_id,predicted_score
408,4.432731655890824
169,4.357094368234602
483,4.318376171360025
12,4.2996506233247445
64,4.287598462279258
603,4.282932074178781
515,4.236589314367463
480,4.2309531472602195
178,4.213757784383241
513,4.205867386149693
