item_id,predicted_score
318,4.860896130929799
172,4.8325686054260215
483,4.688917018156956
205,4.667732331713983
191,4.6650378135274195
408,4.638619230387043
64,4.625819784201655
427,4.624612242432038
127,4.543411304158596
174,4.535183116547165
