item_id,predicted_score
1449,4.591630390875766
169,4.498242671468164
923,4.449668981337848
659,4.4087831012991785
657,4.385785097162295
408,4.350989790802225
489,4.346532297116444
251,4.312220821465814
316,4.262305890833186
136,4.256328170521373
