item_id,predicted_score
56,4.872534037970707
173,4.605547655502662
199,4.537671810442845
127,4.531387576861347
1449,4.5095169210652
98,4.483839107259079
169,4.454617174543482
1142,4.399182158451841
408,4.391016434312179
357,4.3899582609133905
