item_id,predicted_score
483,4.635010977135463
169,4.538253411660839
320,4.537812576977227
133,4.4774332848199005
191,4.459983549169891
1449,4.452030931538103
302,4.427478473057112
242,4.400084602690331
12,4.381434147027106
513,4.377157580211553
