item_id,predicted_score
127,5.083295431745969
132,4.974522224770965
318,4.96176695783334
276,4.926358232008408
357,4.921205149099793
168,4.8624053419834965
483,4.853930279910994
169,4.839482134125912
134,4.831139011995803
8,4.801303624651678
