item_id,predicted_score
181,5.871565565563338
50,5.85664698426429
174,5.817345644903451
173,5.563002966693194
64,5.557829908827617
22,5.548986606096718
204,5.434487668165913
210,5.415020637090615
172,5.341501940949678
228,5.31967466696709
