item_id,predicted_score
408,4.184407985368728
318,4.11525885572937
169,4.113728287113852
483,4.069074068610549
12,4.05235960707328
64,4.040425485708741
603,4.040177430523557
357,4.010002949819275
515,3.9884340796013933
480,3.98283476255295
