item_id,predicted_score
408,4.343289342969905
169,4.268571587921348
50,4.232525272061165
64,4.201656379617822
515,4.149309122011068
480,4.14591957302313
272,4.120675767542912
513,4.112375481872155
114,4.07419630887649
479,4.071262667058468
