item_id,predicted_score
408,5.359927793894758
169,5.341465697229644
1449,5.102166769342903
272,5.090969887557689
12,5.084595999215421
64,5.059580542451496
474,5.051879539322982
199,5.028911249970411
168,5.021556946561692
483,5.001292433875569
