item_id,predicted_score
483,4.756837981036655
302,4.561716848777918
169,4.547173337699221
50,4.526285986636642
205,4.474814925601067
185,4.462875714909143
320,4.45627191554382
191,4.448531144881589
963,4.415728051814464
357,4.409704960894047
