item_id,predicted_score
169,4.027591575147106
408,4.016792908750114
64,3.9710260449690757
483,3.9275272773241467
318,3.9256959121580883
357,3.899320968873097
603,3.8919968673710508
12,3.872815518419896
127,3.8562056710989077
50,3.8544123261227563
