item_id,predicted_score
251,4.329067255172645
483,4.324202590031703
657,4.276063226430406
320,4.272581413353756
498,4.265567703648227
242,4.241409861923916
514,4.235177873735557
127,4.231837240048367
1449,4.225823255106525
589,4.213843682541417
