item_id,predicted_score
1449,5.346692650286644
1019,5.244650494768733
606,5.147039060639331
921,5.096708924142186
169,5.072968287996399
641,5.072404655196323
513,5.059423972380885
966,5.05238186393732
1142,5.032225236862101
613,5.027850478681825
