item_id,predicted_score
408,4.984228359317049
320,4.829880209879529
488,4.820296397264221
514,4.819322913535613
302,4.810663688592418
185,4.765069562678651
1449,4.764967958764696
178,4.763543070949769
48,4.749615565423841
127,4.746505565173009
