item_id,predicted_score
408,4.523393104771709
694,4.512291963513736
213,4.5040301529859805
1449,4.481301626179987
179,4.468197748274709
654,4.456350095260834
923,4.408440315522742
488,4.406274117957709
632,4.371510003954323
474,4.351966967713954
