item_id,predicted_score
169,4.062887065034268
408,4.061173155425384
64,4.003428007758742
483,3.9638069542597814
318,3.960700977832265
357,3.9440350715873294
603,3.92819276560239
12,3.91419374773356
127,3.8945548394967435
50,3.889108478446909
