item_id,predicted_score
474,4.910755160387758
483,4.886040184223787
1449,4.780239866090503
258,4.780071715500013
641,4.771353110636809
654,4.758607198079378
488,4.736148343357393
1240,4.721647016481408
320,4.714241196897421
169,4.682336764303801
