item_id,predicted_score
408,3.687202998660182
169,3.6134164965132167
603,3.538933169170219
480,3.4899000860603824
178,3.472382015864968
272,3.4652920871240624
513,3.455680218393612
427,3.432506370519966
657,3.425423810374816
479,3.4139737766105887
