item_id,predicted_score
12,5.009678828379286
64,5.008565940847846
483,4.964054311474718
408,4.794085730802336
320,4.789969183040274
242,4.753366455196013
191,4.724497776768734
318,4.702775596899064
172,4.697051971488379
251,4.688874471487959
