item_id,predicted_score
408,4.879762832729544
169,4.801215632818508
318,4.792281150540038
50,4.755682556003398
12,4.735386070130306
603,4.725044834220154
64,4.721535520277583
357,4.6923529369021795
515,4.673745146863674
174,4.663915802833037
