item_id,predicted_score
408,4.598762805283395
169,4.537371109863611
50,4.489822178742404
483,4.485251824373587
603,4.4633835917886495
64,4.459704138534998
357,4.428090247025874
515,4.409482605118737
480,4.403540886393355
174,4.398145301863302
