item_id,predicted_score
408,4.381521990051727
169,4.298913746297954
603,4.221009477806084
515,4.180898209149506
178,4.156360670406885
272,4.151138792869845
513,4.142708956252837
657,4.117037145034216
427,4.116407784961787
474,4.1009348333437154
