item_id,predicted_score
169,4.506803880234445
408,4.475549945298965
64,4.4228931034949515
483,4.388299905064771
318,4.386290450880229
357,4.361166959194
603,4.345755447353459
12,4.343986956869598
127,4.322511538358817
50,4.315232883860067
