item_id,predicted_score
134,4.937076604053689
187,4.871804977396417
182,4.844169121417515
127,4.816553136679312
408,4.799344573212929
23,4.762763699816279
647,4.7272819138689925
654,4.726379701178002
169,4.72364127577457
285,4.708565262482625
