item_id,predicted_score
408,4.725594846747312
318,4.66032242067878
483,4.608604336144488
515,4.531844967526183
178,4.514273356559741
272,4.4977282877542715
513,4.492496047632041
427,4.470013571027836
114,4.467706489142352
657,4.458645680134112
