item_id,predicted_score
179,4.873950475452819
134,4.7739079249413185
23,4.704775277379
169,4.700707330879154
1449,4.686249869031182
192,4.685937799612212
603,4.679544845458751
187,4.66915478121509
408,4.668623842692043
488,4.646497911811482
