item_id,predicted_score
318,5.037471512588105
168,4.8679948819300805
56,4.85675785636742
42,4.704386164850401
48,4.6546122650154285
1449,4.628009635152532
482,4.6145316527590845
474,4.601198346648854
170,4.572194579716977
137,4.538689138917695
