item_id,predicted_score
408,4.263971052802721
169,4.258458596173584
64,4.20312077884139
483,4.164008774081458
318,4.16160678500221
357,4.14102010345573
603,4.1297723823940435
12,4.118083297046732
127,4.095139579733864
50,4.091966462994483
