item_id,predicted_score
324,4.802680759185346
1449,4.7532422074905165
325,4.69183401625711
606,4.652771396537029
524,4.638227655435143
169,4.626470258919425
320,4.601807161201288
428,4.565200683392118
651,4.525733610170346
208,4.522381393905348
