item_id,predicted_score
408,4.8009563665876716
318,4.729617140328106
169,4.729550539772536
483,4.680836837324291
12,4.664045665402046
64,4.654492104120088
603,4.654406285053593
357,4.621404135318906
515,4.604449064017097
480,4.596840443851952
