item_id,predicted_score
408,4.512506530818365
169,4.444509414042451
318,4.442470777173185
483,4.3943779706660715
64,4.368492908495887
357,4.335850165530668
480,4.310032768031275
174,4.307431685793693
178,4.297165070520071
513,4.276148234753114
