item_id,predicted_score
64,5.644865477182602
318,5.642197535883165
169,5.576520234579844
98,5.569680389917894
190,5.565812700074171
191,5.550958941615388
79,5.482793106706014
1449,5.468397323636242
272,5.447036050773255
83,5.445789427426726
