item_id,predicted_score
408,4.224762341218844
169,4.210386560048589
64,4.164559426663092
483,4.120617799660789
318,4.116117276185427
357,4.0960298000891076
603,4.089052650310722
12,4.072027631644001
127,4.050623006743218
50,4.049551621031081
