item_id,predicted_score
169,4.267803093016167
408,4.2565582195798495
64,4.201930817853041
318,4.164402457700867
483,4.162546386235234
357,4.133903531884748
603,4.124582508051983
12,4.1136000192806215
127,4.092356269979991
50,4.090141365408713
