item_id,predicted_score
169,4.94138102250946
408,4.903245975559864
269,4.892762066350867
199,4.8699938739164885
1449,4.806755209876025
48,4.7681688771462065
64,4.7651058407815965
513,4.683351473046295
272,4.6830929084987005
318,4.660826768450519
