item_id,predicted_score
173,4.770013152955086
96,4.749756584548213
64,4.7232111539636294
169,4.643595818255646
480,4.626790804617394
1142,4.601253983332769
174,4.595704412656039
127,4.587418597930508
187,4.5849971702195695
114,4.577820338051935
