item_id,predicted_score
174,5.017011215524326
200,4.925536589296559
480,4.894284704489152
64,4.839726226161234
603,4.83468413756923
79,4.807087206030169
199,4.805324666756124
513,4.793867203215505
98,4.766553693850268
169,4.757986226878977
