item_id,predicted_score
169,4.383517326453977
408,4.37668376202468
64,4.322076485486594
483,4.284600202643739
318,4.28208475203505
357,4.261010465619072
603,4.248454959720212
12,4.2377138737014715
127,4.216274122854256
50,4.211779764499989
