item_id,predicted_score
408,4.196581374870386
169,4.182995223340233
64,4.135483587825261
318,4.093851677536113
483,4.093709980399343
357,4.066719433341596
603,4.061373158585165
12,4.04632857085081
50,4.023261093517017
127,4.022742205271168
