item_id,predicted_score
1449,5.106737970373302
64,5.098691883093501
318,5.089669484523663
169,5.047978449704993
272,5.0407937059094
12,5.002855380029643
83,5.002683508330488
320,4.984758861566099
408,4.970112312515456
496,4.970011220796238
