item_id,predicted_score
169,4.016159848369119
408,4.012175002710316
64,3.952893946585791
483,3.9146668036308454
318,3.9125077299415008
357,3.8907696920455903
603,3.8781072946572417
12,3.8688714395030215
127,3.8464749310261155
50,3.842161494272251
