item_id,predicted_score
302,5.174218595924116
515,5.123738003292427
480,4.958953429408518
187,4.858155778043246
272,4.8414509443236895
896,4.744762093203689
313,4.72818611698154
1449,4.707572120915073
488,4.636773657752668
306,4.607798791084916
