item_id,predicted_score
174,4.242979573521947
50,4.224376342380512
12,4.194795097344423
96,4.182646269745285
114,4.098826568014232
302,4.076506446671885
64,4.0757448092460935
316,4.04260166399267
169,4.026443156331305
79,3.9626049038297735
