item_id,predicted_score
408,4.595259347098052
169,4.542082438258993
318,4.540577952548068
50,4.4937375425257065
483,4.490785360973234
12,4.482752881480934
64,4.4715059589693364
603,4.4705338188321635
357,4.439325179179953
480,4.420588367674796
