item_id,predicted_score
408,4.360552422487697
169,4.2889190801338986
318,4.2862421439430936
483,4.239538679764035
12,4.21937024184665
603,4.214910729152472
64,4.208964813169208
357,4.178534183340262
515,4.162295612507064
174,4.151066830259221
