item_id,predicted_score
408,4.168971028123746
318,4.103435941469754
169,4.095195938176852
50,4.054194434506709
483,4.049765696389507
12,4.029382170049404
64,4.019608163610818
603,4.019044313398476
357,3.9877460630971577
515,3.973556528827143
