item_id,predicted_score
89,4.740261061633196
23,4.728763892014788
483,4.673115808203509
654,4.654447220953191
180,4.60691938663362
514,4.602356143182499
134,4.599182566194276
185,4.584735486057258
589,4.566830063448318
285,4.546031295097722
