item_id,predicted_score
64,5.433829145580528
169,5.398108302103422
22,5.379244155480475
98,5.3594892607376
114,5.322591241657957
181,5.301287834742306
302,5.269929584458584
1449,5.2427872432565605
429,5.226457019992293
12,5.21342484760602
