item_id,predicted_score
169,4.772661762215694
408,4.766122155700701
64,4.7097467484542666
483,4.672279016469142
318,4.668785374203992
357,4.642593537908724
603,4.636050481951139
12,4.630323786839014
127,4.605657926984072
50,4.6031395802478805
