item_id,predicted_score
50,5.041347285576993
127,4.856462191368586
318,4.801587182702181
100,4.79586416202316
172,4.790071441716977
483,4.7823195047461065
199,4.778378038214979
181,4.733921035778778
408,4.723212258889728
511,4.680677378111575
