item_id,predicted_score
408,4.335237047129261
318,4.271714931005382
169,4.2613757484702
50,4.2238874975064284
483,4.222209111499018
12,4.206229290937546
64,4.194183309066744
603,4.186998559938521
357,4.162856951910417
515,4.140336905130222
