item_id,predicted_score
9,5.759668863402954
100,5.69931617625099
124,5.120665795602783
14,5.107165021151291
320,5.041890212101485
134,4.9895162288901895
357,4.941549288637614
474,4.907124221127744
511,4.899890506234028
427,4.866208112094671
