item_id,predicted_score
59,4.273699281316551
169,4.234491048822639
408,4.182925848784198
512,4.148051284917331
60,4.063425850699018
1449,4.062494033997848
657,4.058698863704569
177,4.029339243607653
513,4.027592584673506
316,4.021157155546531
