item_id,predicted_score
514,4.601126366463513
313,4.276414782807036
216,4.265662957627491
9,4.22463641022227
655,4.156098706252139
318,4.130983168939996
641,4.083310137928993
657,4.075411531178094
190,4.064941968817405
513,4.030795472625933
