item_id,predicted_score
408,4.413460869704143
318,4.366003365497836
169,4.349887719482364
50,4.311746969407345
12,4.293044103891073
64,4.282423622160556
603,4.277376352249014
357,4.251320772084033
480,4.232389619911803
515,4.228491503591431
