item_id,predicted_score
175,6.354490696968686
173,6.197015866456286
169,5.483043402239986
408,5.39870226221223
124,5.372388381834321
8,5.3416733613116705
255,5.2623905310171875
902,5.250545338442031
432,5.1513247476079815
304,5.081972214673845
