item_id,predicted_score
750,5.031304662490403
56,5.005283775582543
87,4.976332676827258
70,4.957554866264792
12,4.9406578733029
483,4.940138664959708
611,4.936111086397551
480,4.933842927387204
515,4.913659201764912
408,4.897397308914307
