item_id,predicted_score
169,4.136550328084062
408,4.1328982108640995
64,4.072666912393834
483,4.035316755015082
318,4.034586474995468
357,4.011933570717988
603,3.9985050848358434
12,3.9896672000996607
127,3.966776848723363
50,3.96247373857741
