item_id,predicted_score
169,4.048120417695179
408,4.043945381405086
64,3.987595305563609
483,3.948105832404253
318,3.9453562652950005
357,3.9228835820422305
603,3.912223497545368
12,3.900974995606694
127,3.879508943280849
50,3.87597985081504
