item_id,predicted_score
408,4.382632686745038
178,4.163421148664167
272,4.1596352684499145
285,4.1007300237178175
488,4.10070081159987
190,4.067491318600853
313,4.0531407785477045
316,4.03322696128404
251,4.022067669267118
528,4.009902969346982
