item_id,predicted_score
98,5.022208368882806
96,4.921392462884844
69,4.914557985308706
195,4.831272240222243
228,4.826600373576087
203,4.787721717127643
271,4.7080122250401315
187,4.702204748548798
230,4.693710223738705
135,4.686809119089364
