item_id,predicted_score
483,4.919706405503033
302,4.805455413838279
515,4.803035465435536
137,4.785378469691133
114,4.778436631084805
156,4.776829033906398
169,4.767283697441716
657,4.759529837884463
1449,4.752795950771165
408,4.74057219804009
