item_id,predicted_score
169,4.410447289696737
1449,4.391526955790786
613,4.301715541102526
483,4.283441425860815
408,4.281688548124771
923,4.279626877359704
606,4.239279212060334
178,4.234282395372045
611,4.222148068972474
320,4.212595502726822
