item_id,predicted_score
408,3.8061665539819574
169,3.804453602611433
64,3.747704182818761
483,3.7081503603159596
318,3.7059029153022984
357,3.683820502523936
603,3.6733781937446293
12,3.6612951660009223
127,3.6391083827248853
50,3.636136048394002
