item_id,predicted_score
169,4.26350352256492
408,4.243777154434851
64,4.195174512269384
483,4.1609524320578775
318,4.155157756805201
357,4.134125866307315
603,4.12323682080553
12,4.118451228484123
127,4.0958555138904105
50,4.090118605285986
