item_id,predicted_score
408,4.0872352026953305
169,4.084239377370105
64,4.029191742197835
483,3.9897362036033774
318,3.9876378080443535
357,3.9669480853093186
603,3.9553931936505067
12,3.9419057391800396
127,3.9202734700194086
50,3.9170097994292625
