item_id,predicted_score
408,4.957659602505274
357,4.90409145752975
98,4.8476644924730214
515,4.78437041873802
479,4.7787423105309825
427,4.775558210436133
14,4.767222074421143
483,4.766261261141121
197,4.740087652691852
318,4.738001999008662
