item_id,predicted_score
408,4.723183358185189
169,4.64626727770284
50,4.605068637663661
483,4.601389220105522
603,4.5706702725857475
64,4.565971154178572
357,4.537031305509388
515,4.5230358944722875
174,4.5086226757444345
513,4.504150384532922
