item_id,predicted_score
408,4.7367615980444215
318,4.66731696258823
169,4.658104561674317
50,4.621897581776302
483,4.619086429641325
12,4.599505957893443
64,4.587700485276262
603,4.583446564509252
357,4.557139654109829
515,4.5376304616182725
