item_id,predicted_score
408,4.182748262216847
318,4.107172824219904
169,4.0980811067559
50,4.0611955182270405
483,4.0608668557411605
12,4.041205408055426
64,4.0288591781436445
603,4.020424922345149
357,3.9970180386855985
515,3.979361544000436
