item_id,predicted_score
408,4.424527499519752
318,4.355304225829817
169,4.349390059344295
50,4.308264486153032
483,4.3055839199247155
12,4.286974367206901
64,4.2760015239481906
603,4.273166612821659
357,4.244155739926921
515,4.227191357831811
