item_id,predicted_score
98,4.940665380295087
357,4.768908614436029
1449,4.6860373280788465
114,4.680610086890455
515,4.680545785353931
1142,4.65926447058142
479,4.640137396673864
408,4.63318563686008
657,4.597191521815889
89,4.591859905200333
