item_id,predicted_score
89,4.651909004031183
318,4.606151282000013
408,4.470447787418359
483,4.460950581984211
127,4.445881779406383
357,4.385175956029181
156,4.351362905176272
169,4.325077085519333
320,4.305805645096827
12,4.299722214524664
