item_id,predicted_score
100,5.798056113544025
9,4.959773239467265
511,4.945859052267225
98,4.908524679730157
168,4.848265539542147
134,4.807833034345656
124,4.806761234476346
603,4.726765892211693
165,4.6599350112458815
521,4.65295341501095
