item_id,predicted_score
357,5.352868310206344
527,5.086161861457022
511,5.053619165941582
269,5.00386425522596
199,4.991422550210173
483,4.96241395680706
480,4.94529181792699
178,4.891383191190254
603,4.808835494082004
479,4.795434142262268
