item_id,predicted_score
357,5.042361317972853
50,4.994239273718767
134,4.9716588886996655
98,4.965542799682147
187,4.922271977670242
480,4.8857450736731
12,4.88278636809635
515,4.811093185456123
318,4.800217364960603
114,4.797756569198829
