item_id,predicted_score
408,4.943139694693676
50,4.826064559786541
483,4.823832693804697
603,4.787096856957421
515,4.7439307476523815
480,4.736462271392535
178,4.718633439645844
272,4.716582010493581
513,4.709352879521946
427,4.6814853498646665
