item_id,predicted_score
408,4.274128419872416
169,4.273900462721863
64,4.217334451358837
483,4.17692984542521
318,4.172765599028109
357,4.150947729384648
603,4.142338709703738
12,4.130590554702825
127,4.108628979893012
50,4.105859102956349
