item_id,predicted_score
64,5.061996023633
169,4.773823175279812
408,4.738056831733255
272,4.736573013117243
963,4.7224071425993115
320,4.719916747874087
79,4.696493015946681
173,4.671352875912819
1449,4.662869399702987
12,4.6387074068313865
