item_id,predicted_score
313,5.44279476218483
15,5.369683512927281
739,4.962704633408564
196,4.907614199175341
485,4.867886910239397
486,4.848157900346903
690,4.841617048360259
408,4.8207338901047185
357,4.697526321580194
641,4.69503817251214
