item_id,predicted_score
134,4.880246113961472
185,4.8239379959963085
127,4.793956463918571
483,4.788043607654388
408,4.753405636486156
100,4.740812674055648
302,4.7049833951665345
179,4.69391356165139
603,4.687532994782351
60,4.673500787678343
