item_id,predicted_score
408,4.290948347798576
318,4.2317464503846685
169,4.229876470553803
483,4.180446519038676
12,4.162777566750954
357,4.122751748287656
515,4.102096089972314
178,4.08676396368881
272,4.07250182224125
513,4.067621180715703
