item_id,predicted_score
22,4.372525445660791
513,4.304215280657358
318,4.293566674136317
515,4.289703701611926
496,4.261059120364045
48,4.231702176029178
248,4.229861242561389
168,4.229203332669455
489,4.20972020295014
169,4.178861081730625
