item_id,predicted_score
408,4.644255751413309
318,4.576099512193646
169,4.562755723810861
50,4.527888253498634
483,4.525106217576999
12,4.506131209519897
64,4.495345388499606
603,4.486493094034174
357,4.4627251079488905
515,4.444956523945704
