item_id,predicted_score
169,4.666320903388666
408,4.660875755673561
64,4.597639817959135
483,4.558628470168536
318,4.554539084054863
357,4.535534204134295
603,4.520811656080046
12,4.514081121618181
127,4.491686673662135
50,4.485935313228783
