item_id,predicted_score
169,4.966524329032563
408,4.949403291148726
64,4.893060132877715
483,4.8557963622726
318,4.853186051228562
357,4.8299829182526
603,4.816302471104947
12,4.810488562460369
127,4.788826947334671
50,4.783124606483228
