item_id,predicted_score
245,5.6869973502943125
690,5.6200496051827615
1176,5.335782603927077
276,5.203817026996977
320,5.18489531313401
53,5.16569209652225
48,5.127124860486688
486,5.111986833158532
513,5.073572587087383
242,5.072349222925763
