item_id,predicted_score
169,4.977649482776072
408,4.974206811001902
64,4.916204992284038
483,4.877895543627089
318,4.875326756358556
357,4.853513823809831
603,4.841864455604953
12,4.832108296741711
127,4.809726933035645
50,4.805766298450644
