item_id,predicted_score
408,4.676609514423504
318,4.608273214988276
169,4.6027642661102295
50,4.561032507781792
483,4.558445288627282
12,4.542013811066242
64,4.531375361302244
603,4.5264272922147
357,4.4983531838913455
515,4.480331641431415
