item_id,predicted_score
483,4.3055839199247155
64,4.2760015239481906
603,4.273166612821659
357,4.244155739926921
515,4.227191357831811
480,4.216624162079368
178,4.205134442099395
272,4.196733134268017
513,4.19274557593741
427,4.16411059431378
