item_id,predicted_score
408,4.379681992241645
169,4.3643055499649845
64,4.302519388402726
483,4.265334514873391
318,4.261267987805275
357,4.244492388094624
603,4.230227967812822
12,4.228049826197944
127,4.199604659761209
50,4.1948583958449825
