item_id,predicted_score
408,4.329655306675558
169,4.329054896343818
64,4.270772040085955
483,4.2314826732981015
318,4.229555168168091
357,4.206056494029501
603,4.196291687707907
12,4.1854549844576665
127,4.162680700843883
50,4.159939841004967
