item_id,predicted_score
169,4.882289635931546
1449,4.823379711812669
408,4.813943820760673
483,4.798977656199345
64,4.762763005501163
513,4.759076861000907
963,4.694912018889358
320,4.681076827566295
98,4.652140209108852
59,4.6452853681144175
