item_id,predicted_score
100,5.846054634362647
302,5.652091920008448
48,5.436996678831564
474,5.39162069099587
408,5.354752223806711
269,5.353819717466406
179,5.325770704435856
1449,5.324604748474033
199,5.315260532698428
661,5.283071775782646
