item_id,predicted_score
408,4.656469292391194
318,4.586500304121024
169,4.583012383142404
50,4.539375910421738
483,4.538624233418994
12,4.5201809874671195
64,4.507918275190776
603,4.506397501567249
357,4.477174274610756
515,4.45934160100165
