item_id,predicted_score
483,5.7631780045481795
169,5.695886628245433
474,5.682884476899838
479,5.682226707392915
1449,5.677275093489744
408,5.64647859558825
528,5.633997858335498
515,5.5652394174616004
513,5.5596753255642835
641,5.557769926242411
