item_id,predicted_score
313,4.50581699499046
169,4.488865598709598
603,4.4607528252489335
408,4.429136849513952
64,4.405175410376991
192,4.379554293932096
480,4.3591842931638185
12,4.322582923967598
357,4.305384373671051
1449,4.298121531900574
