item_id,predicted_score
313,5.939943058142641
64,5.678497757756887
22,5.6717967355370345
114,5.614246083715222
98,5.479215120396376
169,5.454735772965356
408,5.445537106597974
12,5.410312419263851
28,5.4006711680629405
89,5.390726800758584
