item_id,predicted_score
246,4.696523110942379
269,4.59094999819764
357,4.459092901031191
268,4.434374793538451
289,4.336032125947206
316,4.274195340323945
165,4.272322353077778
963,4.247340867508367
95,4.239079212926114
230,4.215299337748789
