item_id,predicted_score
408,4.498309664358814
318,4.437872784489806
169,4.419721753924047
50,4.38695673671967
483,4.385167660707635
12,4.368958272834283
64,4.357570381675727
603,4.34461977605807
357,4.324964306176644
480,4.303812493358716
