item_id,predicted_score
408,5.20726663605662
318,5.137615300263741
169,5.134220749997674
50,5.093464424146791
483,5.0878731027286195
12,5.068517802395852
603,5.059920864754256
64,5.05857116164951
357,5.027106339339884
515,5.010406670983368
