item_id,predicted_score
408,4.4741099472095875
169,4.467178576505218
64,4.410696738636825
483,4.37437614622634
318,4.373288028758755
357,4.35156249864508
603,4.339970807532065
12,4.331635635956702
127,4.306168708218226
50,4.302985407651562
