item_id,predicted_score
408,4.424873454228809
318,4.365184173239106
169,4.362699314495171
50,4.31738532132314
483,4.315141190161369
12,4.305803991330624
64,4.295055025617106
603,4.2885780221542165
357,4.261052049968089
480,4.242183709633228
