item_id,predicted_score
169,5.465414527291468
318,5.445942658077506
408,5.335006159887776
174,5.333392706655326
272,5.27467532852634
191,5.272857832539645
513,5.242194199630829
198,5.232110895458121
316,5.20198282948291
727,5.197636952245844
