item_id,predicted_score
197,4.702883424034472
427,4.62584300364526
313,4.619283951224868
963,4.5711592069201545
242,4.481314366865791
527,4.469908928638698
205,4.461400915705902
272,4.461283025036981
511,4.431361071969845
480,4.4258124522071025
