item_id,predicted_score
143,5.51668638320306
275,5.099555506945888
190,5.0708496888928885
333,5.051208226360738
316,5.034843762848855
251,5.031337996503949
1131,4.984414108364146
96,4.956697721138243
813,4.938440249555152
325,4.937850603889375
