item_id,predicted_score
483,5.291828387944316
482,5.188762408115634
428,5.133217843857457
340,5.00931254926302
515,4.9687473142548475
641,4.967358374678392
320,4.964124767788585
48,4.943272849597574
632,4.914447956636317
178,4.900256822127852
