item_id,predicted_score
318,4.113576959907551
169,4.102749646841292
483,4.061160403169126
12,4.046628686427313
64,4.0348400636270405
603,4.030162148711638
357,4.004211315543271
480,3.9823301481057425
174,3.967730672361911
178,3.965190503568218
