item_id,predicted_score
357,4.898893849929055
515,4.855151546834404
318,4.764434817472486
12,4.690414750937659
64,4.670291376461817
1449,4.658622098241223
603,4.657822590077738
56,4.646904752395947
114,4.644867168358796
657,4.6347724889559965
