item_id,predicted_score
408,4.24148554105529
169,4.2400019360647
64,4.181581912760742
483,4.144252248138832
318,4.14229874163195
357,4.121524560441606
603,4.1091483575739645
12,4.099211727781541
127,4.075877968152291
50,4.071993763171387
