item_id,predicted_score
408,4.202384113890757
169,4.125614136346913
357,4.02146989666111
272,3.977353073276498
427,3.9405381413094727
114,3.9236862563658574
190,3.8822767854622464
313,3.8700496800432584
963,3.8536870627597435
316,3.8451088696909186
