item_id,predicted_score
408,4.759652840431716
169,4.686510063743806
483,4.639153541129231
12,4.622320477515974
357,4.579035177038514
515,4.563353334262167
480,4.554992848100523
174,4.55171753034653
272,4.53122878421093
513,4.5239013768671015
