item_id,predicted_score
64,4.775813170853806
408,4.773131401326387
478,4.768707161793781
641,4.758427377106733
657,4.709067453702302
199,4.687478152467028
320,4.670813261824425
114,4.664540852264813
169,4.57736526411044
520,4.55663987173959
