item_id,predicted_score
56,4.958750822605304
408,4.925484805352588
89,4.905168014600849
169,4.82696082206639
8,4.826524160426458
1449,4.772342965129423
12,4.76387340378308
156,4.763327262000305
187,4.758022520959883
114,4.756783744303723
