item_id,predicted_score
408,4.739884200400642
320,4.739187234379049
513,4.72670673940172
318,4.639812780222387
528,4.556350165269154
483,4.555554882818215
48,4.551532215908333
1449,4.525515954453816
179,4.522981985807938
251,4.518935417734863
