item_id,predicted_score
408,4.1907295214533224
169,4.190139856872263
64,4.131487233180193
483,4.093209110241137
318,4.0909744037721865
357,4.06886585917359
603,4.058010443735606
12,4.047962764463657
127,4.02482682943292
50,4.021487463715769
