item_id,predicted_score
408,4.9795050686239755
199,4.966127530286655
515,4.8891749034707335
1449,4.873475608112117
528,4.867148115948947
513,4.865261925264326
483,4.864690439478885
169,4.859281851700348
474,4.845443739856546
114,4.833451400184976
