item_id,predicted_score
408,4.3101440121896
318,4.244370432166993
169,4.242863293732715
50,4.1972964235777965
483,4.19560808252327
12,4.181636086448096
64,4.170306033003058
603,4.167306101072834
357,4.137815642561781
515,4.117268968766716
