item_id,predicted_score
318,3.8554206995493248
483,3.8064434358738435
603,3.767733881288084
357,3.74593442478488
515,3.724423389384971
272,3.698318059388997
513,3.6864757313729033
657,3.660117533050977
479,3.643045473797599
285,3.639109606852328
