item_id,predicted_score
172,4.767130748822965
169,4.586124443548078
181,4.580425745816514
408,4.54854887031177
173,4.508154007889879
64,4.431013246570028
285,4.385281975634257
199,4.377980919584072
96,4.360328610083132
480,4.328903072186052
