item_id,predicted_score
64,4.593170406570959
269,4.526157736099784
483,4.514473146397494
169,4.509027152929563
79,4.48092941164173
603,4.443364226395295
178,4.433973473739365
963,4.424251065965233
408,4.421188835647792
427,4.417314719871006
