item_id,predicted_score
169,4.4699812084415385
408,4.447617415373449
64,4.405799728200095
483,4.366330339713865
318,4.363252060999364
357,4.337520128934388
603,4.328863129667848
12,4.314884359311099
127,4.297325485193644
50,4.293663021458316
