item_id,predicted_score
408,4.111020990793023
318,4.045927836775568
169,4.044121022610443
50,3.9988303881456706
483,3.9924161240490315
12,3.9746814476462062
603,3.9690161422004135
64,3.966170118388087
357,3.93319208059494
515,3.9186130243982267
