item_id,predicted_score
408,4.389448822466637
318,4.310877812428037
169,4.307475857739848
50,4.267065665135326
483,4.263955647571637
12,4.2444530109360885
64,4.23411347485238
603,4.22968368095004
357,4.200740189247534
515,4.1862798746348515
