item_id,predicted_score
169,4.353900907110322
408,4.348544307649198
64,4.293523955303821
483,4.254852901738884
318,4.252040443679916
357,4.23080364621585
603,4.218993539742319
12,4.207375495187361
127,4.186276914886401
50,4.182180522808023
