item_id,predicted_score
169,4.973264226997869
302,4.939154337847844
427,4.934985483804345
651,4.918860620915122
408,4.883410121531249
313,4.809923605951181
22,4.809654208111926
269,4.799207697921064
483,4.790517820154512
178,4.781764042974301
