item_id,predicted_score
133,5.753517840877252
320,5.705469151444426
641,5.627388486791307
483,5.59006449994919
242,5.548984532359591
515,5.5086459005993085
498,5.496521016913227
513,5.491727268073032
408,5.476135458396844
318,5.466104108383756
