item_id,predicted_score
174,4.690452034937054
173,4.648797237054545
144,4.611738205069717
169,4.515785494379788
187,4.499424884174872
408,4.469058261431206
12,4.443475228932746
318,4.442733922449339
172,4.43583814440247
515,4.4116276317774545
