item_id,predicted_score
408,4.118069601275624
169,4.104664509927253
64,4.052330309088383
483,4.0133930496909755
318,4.012488582434091
357,3.9887716198129466
603,3.9801303308807947
12,3.9700709418525486
127,3.9443669786796742
50,3.942953876884622
