item_id,predicted_score
408,4.697697867894759
318,4.632514922169211
169,4.62195055203558
50,4.582417462486659
483,4.579491351620224
12,4.560586533576206
64,4.550208937727199
603,4.545282864275618
357,4.51776637211484
515,4.501774000430344
