item_id,predicted_score
408,5.214712370751121
493,5.17750316785784
89,5.0890312167651715
56,5.079721991563118
197,5.068883856788628
514,5.026175885759726
479,5.019266741938464
185,5.007574507593389
443,5.005863876540637
474,5.002246006300809
