item_id,predicted_score
169,4.760156593608725
408,4.745491980824834
64,4.692305002331519
483,4.655858768686075
318,4.654659455234314
357,4.636778640637363
603,4.617589176164806
12,4.605535810305349
127,4.586797626846139
50,4.579574243640563
