item_id,predicted_score
114,5.314116607410243
187,5.2726840061920734
98,5.230842679142999
483,5.227019657246367
408,5.2248089686718915
50,5.219006198955344
176,5.152895692429778
513,5.1172869697218815
641,5.116023392327756
526,5.1157528755337935
