item_id,predicted_score
1449,4.425337626247896
127,4.399985049345392
408,4.393744466938169
513,4.391369303331811
320,4.381513385158832
318,4.372890842777215
251,4.3294814573594005
12,4.3086279451790075
427,4.292247774142452
48,4.279281465834427
