item_id,predicted_score
408,5.06745691275385
169,5.063796409287372
64,5.00613472092279
483,4.964647046654743
318,4.962669441648918
357,4.940569934325422
603,4.9295537828707285
12,4.91657070213186
127,4.895028281455469
50,4.892137277901051
