item_id,predicted_score
313,5.450266846328236
270,4.971678865228903
742,4.956618632064901
1016,4.913507968410922
328,4.814706059566915
408,4.811193430085538
385,4.803771943719937
966,4.7876069726309
1063,4.785541198785557
98,4.779498473507463
