item_id,predicted_score
174,4.990262462136701
272,4.704273575950388
181,4.7018759340573
64,4.6957501963969905
963,4.663557588705378
1449,4.662761186603412
98,4.658284132436808
169,4.550882690767123
313,4.504894741470021
528,4.481004303445802
