item_id,predicted_score
191,4.705051814746082
408,4.681925486389447
64,4.662693892943754
169,4.534139363745284
511,4.486933043375622
22,4.477553303165256
750,4.474923590375679
427,4.453384095306207
483,4.451937378755423
114,4.447051484346465
