item_id,predicted_score
64,4.495826881447302
641,4.398136991795965
22,4.379346579421638
28,4.310408579781999
169,4.296265645728539
735,4.273209834619481
282,4.239396473055642
480,4.23780545114446
513,4.20995823820602
143,4.208527005105681
