item_id,predicted_score
169,3.6759903381354775
408,3.668289176740143
64,3.6130658648958702
483,3.5748899839834163
318,3.572230760480445
357,3.550121426172273
603,3.538333375699984
12,3.528205599456555
127,3.5067056886032777
50,3.502450912655437
