item_id,predicted_score
408,5.112268322430432
169,4.923583285506655
15,4.841573831422563
318,4.817246521333381
96,4.814414202469115
528,4.705468096037606
963,4.701308240671066
513,4.665964939363369
251,4.65882117237774
1449,4.636898438669852
