item_id,predicted_score
169,4.262535539576759
408,4.236594449763863
64,4.189737864663198
483,4.152980659982176
318,4.149499580600826
357,4.124186438374956
603,4.113472840961592
12,4.106384951439129
127,4.086178374980534
50,4.080998006966162
