item_id,predicted_score
408,4.411102536228018
169,4.403250489014225
64,4.354196938499861
483,4.31225502845289
318,4.308752310274352
357,4.287183858547028
603,4.279646265506472
12,4.263840352868299
127,4.242463879823291
50,4.24092471913968
