item_id,predicted_score
408,4.680958700341888
318,4.6132074175748885
169,4.605604283744186
50,4.566209377767571
483,4.564157069231913
12,4.546555441791339
64,4.53496676021549
603,4.5300744452356385
357,4.503404569169438
515,4.483996014501708
