item_id,predicted_score
64,4.838617257169121
174,4.749362957166938
50,4.731254950316555
408,4.7015049299123
204,4.634304693939848
427,4.627886978968538
483,4.5920584933789
269,4.586670251451766
480,4.563864330307537
172,4.554774742580795
