item_id,predicted_score
302,5.006909271143561
169,4.993285475094715
315,4.914391890892633
1449,4.867463582578825
320,4.8333451853266185
197,4.814183372547683
657,4.813880235756963
98,4.810329915746659
64,4.805409334579264
408,4.758569067011578
