item_id,predicted_score
169,4.889201099532106
64,4.673635659627834
513,4.647070186454582
474,4.626781956089052
1449,4.587042676664224
488,4.553329643868789
480,4.545353528479133
427,4.515950121553335
199,4.47091362865885
170,4.469406386182696
