item_id,predicted_score
169,5.134079577581395
211,4.924684132227746
405,4.829179209277237
204,4.794745758753686
419,4.710470401773254
520,4.689086400690369
513,4.6026151997338935
333,4.573018072265809
265,4.536607319559769
505,4.464824869475005
