item_id,predicted_score
408,4.254336651248896
318,4.194770542516452
169,4.18420734695302
50,4.1444216757591645
483,4.143861556607795
12,4.1269306736776725
64,4.114083861533787
603,4.1097738963629915
357,4.084329125145811
515,4.062115102774521
