item_id,predicted_score
64,4.242136518358622
169,4.178432592375281
427,4.056991417814805
98,4.056521400143101
483,3.9948871275716247
408,3.991095268323813
1449,3.985032877918718
474,3.964976265167171
79,3.927236217317377
479,3.9125618631117716
