item_id,predicted_score
22,4.313295173286241
272,4.029750451030219
64,3.8637059093784822
402,3.8426137113910768
196,3.836885954444383
660,3.811054388981286
191,3.792271310101904
651,3.791369587787301
12,3.7660428655251463
143,3.730063267714562
