item_id,predicted_score
408,4.308285678624477
318,4.241697490896184
169,4.23708253697376
50,4.1955887523068585
483,4.19230393343483
12,4.1749759424006685
64,4.163862159135176
603,4.162499982182885
357,4.132598671860168
515,4.11328240129884
