item_id,predicted_score
64,4.35179729911458
169,4.258719385867562
22,4.244244837185707
427,4.120335607757245
174,4.106449161743762
15,4.1001579338381395
963,4.061103277240407
302,4.03910317098532
313,3.9776747731740993
408,3.972999020358674
