item_id,predicted_score
100,4.926719326121143
483,4.920453114348817
199,4.886062080642174
64,4.856080455448407
408,4.825697800220242
513,4.82427613545594
12,4.813218551206492
127,4.784579454379105
1449,4.774083639924784
114,4.770441600142239
