item_id,predicted_score
408,4.347800878189968
318,4.274880196618213
169,4.265355409475642
50,4.227129619855504
483,4.222920480194591
64,4.197129972435439
603,4.186739899749664
357,4.160798757837682
515,4.147147646031849
480,4.139064039734467
