item_id,predicted_score
408,3.9189827559264807
318,3.8519587373497237
169,3.8508541373873184
483,3.8039665903452846
12,3.7864994696340233
603,3.7778824260799326
357,3.7451037041792787
515,3.7247321171394585
480,3.718456809061065
178,3.70193855597012
