item_id,predicted_score
408,4.199694494727553
169,4.199302094448957
64,4.138901340408946
483,4.098833450774913
318,4.097851782935709
357,4.073081694055822
603,4.062949047849249
12,4.052269711054876
127,4.029619035082206
50,4.026996758963451
