item_id,predicted_score
60,4.401649731470752
209,4.1475411395244715
433,4.134752151720287
1449,4.115753062556813
641,4.113628974272927
488,4.104496906503554
606,4.0518018075691655
408,4.049349079993611
178,4.044533516328904
42,4.0082179461121195
