item_id,predicted_score
408,4.172901839164949
318,4.125654013530501
169,4.124479705217846
50,4.077455014272461
483,4.073486209950918
12,4.063107346288134
603,4.055564939360845
64,4.051216471274323
357,4.022184208673006
480,4.002152817904706
