item_id,predicted_score
408,4.7721793831601325
318,4.719725034264514
169,4.701520364293996
483,4.6675291193174155
50,4.6672694376886374
12,4.656328213350202
64,4.643504177252542
603,4.628158881471334
357,4.611405142629419
480,4.5930870484556845
