item_id,predicted_score
169,4.684692061581404
408,4.67920245668989
64,4.6220836259521585
483,4.584751126086506
318,4.581916952753646
357,4.558299921203458
603,4.548496989249201
12,4.5409576864463554
127,4.517392721222535
50,4.513857050903375
