item_id,predicted_score
408,4.439556093272555
483,4.395066261132905
1449,4.31694426826229
12,4.315797573219149
302,4.2936825322048415
169,4.205890766759036
357,4.201990729306443
479,4.19659932226816
199,4.183451598520304
480,4.181336687938527
