item_id,predicted_score
408,4.042817329414319
169,4.036372941125749
64,3.9823484825235984
483,3.9441361156231958
318,3.940814596181894
357,3.9198004204317702
603,3.910474495495986
12,3.900482082377843
127,3.876164439185778
50,3.873460392153571
