item_id,predicted_score
515,5.133566074194107
1449,4.9317964789057855
318,4.884840960706657
603,4.880579809117659
657,4.824237986847913
9,4.754234494258095
170,4.706039726125481
83,4.6889904488441765
482,4.678509541117389
124,4.666099386252681
