item_id,predicted_score
408,4.737648205945813
169,4.660089190604133
318,4.659580724901496
50,4.616565676120764
483,4.614466557624146
12,4.596035194536277
64,4.5847336704287445
603,4.582899943604793
357,4.552440685724832
515,4.536175233487926
