item_id,predicted_score
169,3.87182979830179
408,3.854011639604999
64,3.810714422654134
483,3.7735450247650495
318,3.7666439477138107
357,3.738427587359542
603,3.7378155132376696
12,3.731590033982429
127,3.7082736850579656
50,3.7066711188953105
