item_id,predicted_score
169,4.829654582503661
408,4.713159731784273
318,4.683003705234171
272,4.631087750668502
174,4.6194010334820765
963,4.58693097919741
483,4.578089519077007
1449,4.552241383261991
64,4.551009762514742
50,4.550971499164495
