item_id,predicted_score
408,4.409572035231223
169,4.333916117588656
318,4.324365253713359
12,4.261400099598994
64,4.249771569617467
357,4.220273107567982
515,4.205554942636004
174,4.194947571690717
513,4.186084254158117
480,4.184427669536872
