item_id,predicted_score
169,4.101441123537082
408,4.093120879805393
64,4.039020988102313
483,4.000556817378516
318,3.997323283885777
357,3.9755634846900163
603,3.9641485132809393
12,3.95358359908726
127,3.9324545103036677
50,3.9282031212754616
