item_id,predicted_score
421,5.751321334318847
515,5.558109647889221
22,5.556259471351822
265,5.542203420344528
863,5.504923870473999
692,5.497364665092586
143,5.486980993965351
196,5.406842645267723
568,5.350528952023934
306,5.298502401512552
