item_id,predicted_score
186,4.6579216656780975
187,4.653024968129188
191,4.619951762975022
919,4.573212330517796
238,4.569765807434505
603,4.50285848596187
114,4.465537775954269
462,4.454380937345412
170,4.450432052887948
124,4.433693766579972
