item_id,predicted_score
408,4.557321633239175
318,4.487904130882604
169,4.480719762539551
50,4.441890272056009
483,4.438495682048842
12,4.420050970561766
64,4.409258112596937
603,4.4052424067113005
357,4.377262578469257
515,4.359316536202572
