item_id,predicted_score
408,4.13229313902261
169,4.129301877339435
64,4.0736819089673615
483,4.029612737004607
318,4.028555238205148
357,4.004854189989808
603,3.9947112334871044
12,3.9774954325382628
127,3.958294219057752
50,3.956250642343463
