item_id,predicted_score
169,4.78838808479931
408,4.788325215653651
64,4.731097458920906
483,4.691942334385822
318,4.6886133644198305
357,4.667040504672223
603,4.657127690675609
12,4.645948638657386
127,4.623601907321813
50,4.620418215581621
