item_id,predicted_score
288,5.265020297361081
169,5.256436980642695
96,5.095368523366499
1449,5.090005172425115
195,4.953667283491967
568,4.92940812677987
174,4.926145756909035
313,4.8938856109588915
210,4.88392364200188
302,4.844844990306753
