item_id,predicted_score
173,4.152343333020548
199,4.121664218694395
64,4.036594553828772
169,3.994600271098023
136,3.993531168037806
326,3.9521262899036005
1449,3.9062977308114535
100,3.8807850941126807
272,3.8706644827379377
22,3.8650505218868525
