item_id,predicted_score
408,4.55594123713016
318,4.487396345459401
169,4.480426857441689
50,4.440975109506029
483,4.438453935967876
12,4.420928243131282
64,4.409648642432925
603,4.404930554414415
357,4.377775258958548
515,4.3586709609617245
