item_id,predicted_score
408,4.252043246753182
169,4.177849510327012
50,4.13768644639541
483,4.133971065265774
64,4.106674042211997
603,4.10191802696673
357,4.073609928232956
480,4.0497467904124775
178,4.034742814384143
272,4.026046781431215
