item_id,predicted_score
187,5.593512871112444
195,5.171420801798518
156,5.165242360636479
134,5.070960797431054
127,5.052269153737892
96,4.987519601784147
114,4.878077058445296
228,4.875584373835412
172,4.854095871201251
203,4.824133419026519
