item_id,predicted_score
408,4.734039261052192
318,4.666221539785677
169,4.659385914792236
50,4.618498036334932
483,4.614755706049751
12,4.599175798922515
64,4.589746784553499
603,4.582719996458271
357,4.5550762815679455
515,4.5379527954135
