item_id,predicted_score
483,4.796626595793725
603,4.766256249876887
89,4.7211480867366955
318,4.715978725643771
657,4.696307572869966
134,4.695890045240649
114,4.680951382986495
1449,4.666694735015898
190,4.663158980459712
357,4.662623817489318
