item_id,predicted_score
429,4.95124194642891
1449,4.926276267911845
199,4.804488507360037
211,4.7869052742791425
603,4.753286201788584
114,4.720435399210699
655,4.693014965744792
863,4.659425328569125
126,4.648568699451758
101,4.640475852765904
