item_id,predicted_score
169,4.5323532878682755
408,4.524710438338974
64,4.4619498717663735
483,4.4237195540458245
318,4.42234608895842
357,4.400808533967557
603,4.385115369668599
12,4.377909450416558
127,4.355727993046703
50,4.350137048706158
