item_id,predicted_score
169,4.6172916092704535
12,4.600960136700155
408,4.5801908632678545
480,4.574222265267974
192,4.558996796331108
427,4.509394195257635
187,4.492070936055413
64,4.489058502199896
238,4.483564788734829
302,4.452924634089004
