item_id,predicted_score
408,4.123090452875194
169,4.044138497311531
483,4.002390289139718
603,3.9673888424076655
515,3.923060644338263
480,3.913061800357651
178,3.8973364602102953
513,3.8890734783300696
474,3.8439422825165805
479,3.841796112452565
