item_id,predicted_score
136,5.215233130550848
427,5.135947293117996
169,5.12033733446014
483,5.089285405650351
474,5.078880035282693
302,5.0730149238066256
1449,5.066657056058614
1063,5.050235064268899
79,5.0466960509662195
484,5.024133055506244
