item_id,predicted_score
408,4.5319138191444965
169,4.530687046401029
64,4.476450138678512
483,4.438682745304931
318,4.436858192209187
357,4.412135994184591
603,4.404649916207333
12,4.393675967644988
127,4.370011288591354
50,4.368159656226583
