item_id,predicted_score
408,4.493780568432155
318,4.416323455816302
169,4.413036461100978
50,4.373346540558365
483,4.3713924853381565
12,4.3519168603657885
64,4.340065871128323
603,4.336534713794721
357,4.308584326859184
515,4.291095788844245
