item_id,predicted_score
169,4.9137473079830585
408,4.9109863109728495
64,4.851590150167794
483,4.812045495221311
318,4.810226589406973
357,4.788762324694644
603,4.7756610899778
12,4.764362571501953
127,4.7430374030254
50,4.738849130333383
