item_id,predicted_score
191,4.5345214844657304
64,4.4805474682093624
288,4.479292737381769
318,4.467539485992426
143,4.424779159919211
169,4.4061105698360885
963,4.351872921887666
271,4.346177050484062
83,4.3196603365670985
28,4.300777078379275
