item_id,predicted_score
483,5.108155918041553
427,4.901022324628946
320,4.846066496713608
185,4.819791622418964
357,4.755828424220654
474,4.7527819544591114
484,4.7096334766328525
318,4.696266739771102
191,4.696226805916569
178,4.684850147373891
