item_id,predicted_score
42,4.948886833021352
313,4.944768314869383
318,4.8873963951837105
515,4.78180459919946
1449,4.7812100056596165
513,4.721389927576373
199,4.714552110089722
285,4.588307181455507
210,4.583821264243506
57,4.5413534049780235
