item_id,predicted_score
313,5.774644932032026
64,5.675358351384068
22,5.496065850994886
169,5.484090837785537
302,5.433091444096947
272,5.4183872758915825
483,5.418250453911045
408,5.409168324168031
96,5.405401835916889
318,5.40341543616481
