item_id,predicted_score
173,5.845201652915355
186,5.612364467610287
313,5.569254786568729
69,5.372922604321897
300,5.228108668765712
169,5.175589317962862
88,5.150699191237084
190,5.060103626147353
143,5.028607227060703
328,5.001340483580912
