item_id,predicted_score
408,4.896465564785466
169,4.886702264580656
64,4.847603111512229
483,4.8074031371346635
318,4.805267821898015
357,4.779605104599707
603,4.7773798023128204
12,4.7587736946243
50,4.737686676798693
127,4.736651255847201
