item_id,predicted_score
408,3.9214677378403766
318,3.8492949798906877
169,3.8491918399385794
50,3.80744622155991
483,3.8061259074492506
12,3.789037800694364
64,3.7757126333198077
603,3.7755283274499005
357,3.7464239072980487
515,3.723533622683514
