item_id,predicted_score
169,4.104365737581673
408,4.092606860196905
64,4.041305715160572
318,4.004570454278334
483,4.0042373348772795
357,3.974468053195274
603,3.967325151449739
12,3.9581451893628885
127,3.9353793289091294
50,3.9334256914339467
