item_id,predicted_score
357,4.206937316427247
515,4.188192149581358
272,4.164118087575265
178,4.1598446105603415
474,4.108801757791142
114,4.108310263636838
488,4.103394436623839
190,4.066813824427531
199,4.064601567586601
313,4.05525564337302
