item_id,predicted_score
190,4.269617569195659
866,4.195270692242506
8,4.0491221359464316
12,3.9333365300481997
316,3.8492288242306727
129,3.833901898496465
513,3.8305197985876283
315,3.7972225542575853
1449,3.7695721473319774
483,3.76561621584183
