item_id,predicted_score
169,4.241908585319504
408,4.217227299603775
64,4.173065548259578
483,4.136772917174175
318,4.131711756770087
357,4.1071048025384105
603,4.098540334771004
12,4.0912535297744475
127,4.070590353526163
50,4.065915065644297
