item_id,predicted_score
408,4.988652261392998
318,4.928219735937922
483,4.875086900313265
12,4.860744077370213
64,4.850411435778753
603,4.840494840874889
357,4.816651263379267
480,4.7967340473921345
272,4.764936222911728
513,4.75033609067646
