item_id,predicted_score
22,5.090646998121569
1449,5.031553692030914
64,4.972097457115337
114,4.959982715835362
173,4.9428767961076465
98,4.9401811442167185
606,4.927848604044051
204,4.917116419885154
181,4.904537138201622
408,4.904464220797131
