item_id,predicted_score
258,5.504462341687165
408,5.329997410152907
199,5.1602379869249635
116,5.152443985727893
169,5.149099340914672
45,5.131410755344899
513,5.112705451449206
272,5.110710959706865
127,5.094435573945126
114,5.084294620948556
