item_id,predicted_score
408,4.074171788067731
169,3.9961997515931533
515,3.8752978110838217
480,3.8668203678933946
178,3.8500653846433575
272,3.8493716000999214
513,3.8438448960458236
427,3.8127657219710898
657,3.8059648877923418
474,3.7959816014119605
