item_id,predicted_score
174,4.613381972394755
173,4.563437666616037
114,4.549738565184127
204,4.519436910767714
181,4.479439631090759
22,4.475098453846102
408,4.454444511673165
144,4.442025307215271
963,4.434102318596963
318,4.428131799599046
