item_id,predicted_score
603,5.012885965686616
657,4.925748096657041
357,4.795981068019919
1449,4.795359289050939
98,4.785624751980848
483,4.7737834015475
169,4.761479922596745
313,4.757740479549487
190,4.7542294625558705
64,4.749325493945873
