item_id,predicted_score
169,3.95240396548126
408,3.9422442138991127
64,3.8929926131295725
483,3.8529819093177826
318,3.8496922090526113
357,3.824175501258445
603,3.817222381577883
12,3.804684852980259
127,3.784292130140222
50,3.781869051590964
