item_id,predicted_score
408,4.647674365543516
269,4.578378167930067
318,4.428225003077756
340,4.364002608703468
242,4.355917705878672
133,4.347041190550121
272,4.3454751911437555
963,4.3344534600409865
48,4.268772347012577
19,4.256940121815453
