item_id,predicted_score
169,4.290540512765712
408,4.283063952543905
64,4.219583410142326
483,4.180603124155762
318,4.177848991928926
357,4.157046365374126
603,4.141990940221266
12,4.135495455603562
127,4.1132299180985
50,4.10756695009218
