item_id,predicted_score
408,4.5364997108343275
318,4.474360785218071
169,4.464126768232359
483,4.423962412723537
50,4.423894346529198
12,4.404632807685506
64,4.3913100452767795
603,4.388840340016002
357,4.3625007073771895
515,4.342313019125894
