item_id,predicted_score
169,4.696059851319725
408,4.671484051268057
64,4.611206206945771
483,4.575015727461078
318,4.572622483576565
357,4.552825711495729
603,4.532337141372445
12,4.52956328428527
127,4.5088204702005665
50,4.499894632142484
