item_id,predicted_score
408,4.006505852382561
156,3.893935115398243
192,3.8860284338624007
1240,3.8137513726314887
307,3.79698842772812
1019,3.75728116223074
1194,3.748812211409866
134,3.748082338259495
488,3.7422942239787838
315,3.719597504210681
