item_id,predicted_score
50,4.6456256356658026
318,4.564905401353499
174,4.422951352374322
172,4.378812436481832
357,4.377414590017309
515,4.345815864446357
169,4.323352815969458
302,4.297663040478697
483,4.283004932906662
64,4.260396135736204
