item_id,predicted_score
357,4.449424101626796
199,4.40864424380006
408,4.319441344983761
114,4.309997252331892
313,4.228403900864485
156,4.21554947444197
180,4.195365848776232
511,4.172032595178928
528,4.163465142845906
169,4.161770460033458
