item_id,predicted_score
320,4.516186050644607
661,4.43929279711462
178,4.422762266624829
340,4.415005491277182
615,4.410838427314244
963,4.374607669955787
408,4.374428216879025
199,4.347014927289166
641,4.33703086250043
127,4.32184377383082
