item_id,predicted_score
657,4.9644601501727585
515,4.9414848946825485
408,4.928688148009041
11,4.90593028080217
199,4.8999513656132105
56,4.852537833272709
482,4.8265677557033495
1142,4.823847199344216
320,4.81820355252668
641,4.816659050102679
