item_id,predicted_score
408,4.350726864568188
169,4.34334802982587
64,4.287787612049996
483,4.2455907604096925
318,4.245116309784879
357,4.225832576272224
603,4.210845695390301
12,4.194094407491823
127,4.174297542526379
50,4.170578841226612
