item_id,predicted_score
169,4.927418776408523
408,4.915513023139485
318,4.881067063542783
1449,4.852248465065751
64,4.796473457422906
313,4.788748911384059
513,4.787882704811498
657,4.772502265950355
641,4.757446507715011
199,4.750233885218273
