item_id,predicted_score
474,4.345803441357092
192,4.333360064750044
1449,4.285684824752401
488,4.255635001268514
493,4.238484978760452
185,4.219925765271774
483,4.192382217823652
589,4.182417539956415
603,4.169580475888226
285,4.163760531385433
