item_id,predicted_score
318,4.334390046495343
169,4.325699425384792
50,4.290377198843175
483,4.290170264752472
12,4.27112889121507
64,4.259039114496888
357,4.225770368590344
515,4.208281099189356
480,4.196577727702951
272,4.184255570710153
