item_id,predicted_score
169,4.1731375323749065
408,4.1556484147150385
64,4.1018683573477706
483,4.06768242147952
318,4.062409856784938
357,4.040928799716901
603,4.029279446255726
12,4.026949420367789
127,4.002984722654209
50,3.9970990886603297
