item_id,predicted_score
169,3.90139677249768
50,3.8601034876117866
357,3.795296409530649
480,3.767393944050608
174,3.766572318739015
178,3.7565197144943605
272,3.7486837640795727
513,3.7458087735773633
427,3.71576194595394
657,3.708989215721146
