item_id,predicted_score
408,4.466417252907007
318,4.40159207541216
169,4.393390399732355
50,4.354615469850969
483,4.353273976920443
12,4.334388895794669
64,4.321334639131751
603,4.319489884211804
357,4.292485282253225
515,4.270885134962876
