item_id,predicted_score
408,4.518366480835191
318,4.451104033070651
169,4.447694293887084
50,4.406372192524288
483,4.4040652923194115
12,4.385073557827717
603,4.374228867247673
64,4.3723455593609275
357,4.343695355176419
515,4.322783322990683
