item_id,predicted_score
408,3.931259997800556
169,3.8613644016110737
50,3.8232505065333733
12,3.803465438836054
603,3.787653819715022
480,3.738360418092287
178,3.7230133524970683
513,3.701562797852036
427,3.680871289494303
657,3.6721536124372234
