item_id,predicted_score
408,4.851837624500472
169,4.844719357792387
64,4.7972172951454795
483,4.760275896805426
318,4.757152848041766
357,4.731353101871807
603,4.72844407422383
12,4.718466629492197
127,4.692459539414289
50,4.692329741619633
