item_id,predicted_score
408,4.425258386251402
318,4.362929285811017
169,4.355398145425069
50,4.31391814523603
483,4.312243233142755
12,4.296131195037289
64,4.284376906965473
603,4.280440426191708
357,4.253145295402196
515,4.232400828899442
