item_id,predicted_score
169,4.204132675226897
1449,4.136204996971034
64,4.070913179078615
513,4.062638268352063
316,4.038802731662039
1019,4.002791908696149
190,3.9875613777931944
302,3.9818407847626145
607,3.973215821167661
79,3.9640551166848
