item_id,predicted_score
408,3.9351662902137705
318,3.8743824517240104
169,3.860927327220707
483,3.821009461890146
12,3.807012299526822
64,3.7974695036879877
603,3.786370833873427
357,3.7629647336553966
480,3.745795746530206
174,3.7303487577055354
