item_id,predicted_score
474,4.385732521734084
408,4.326681841962002
169,4.285139558037842
1449,4.2721471366003385
480,4.267748591054249
603,4.2273417899044325
513,4.214924878785274
178,4.212887398273384
488,4.196128378757397
483,4.1917457829396865
