item_id,predicted_score
169,4.510634825583046
496,4.50661709058064
313,4.485102969122335
174,4.448101911148257
79,4.432355165934764
318,4.4249344155746755
357,4.390105879475152
659,4.389252076223086
483,4.380996971848777
408,4.336349851281067
