item_id,predicted_score
483,4.838348221480327
515,4.758842632482262
143,4.736284080269508
169,4.728368537592312
408,4.723628021603742
320,4.722392178767753
132,4.699934034412888
603,4.68494630478274
1449,4.679375551626832
178,4.667984929917165
