item_id,predicted_score
100,5.863519089927845
187,5.453775331942671
246,5.4447650068766515
654,5.303281541851909
647,5.290582274301766
272,5.250032786274389
135,5.2393978280098015
12,5.215710025470086
170,5.209438215727789
8,5.152970582284224
