item_id,predicted_score
169,4.158533449639388
408,4.132309546004515
64,4.103418842224555
483,4.062258359633781
318,4.0579903339478065
357,4.030349768025267
603,4.026951417471497
12,4.006435276629258
127,3.9919536341856103
50,3.9902248440451418
