item_id,predicted_score
963,4.577740749443626
114,4.540846829827969
12,4.492872897884789
83,4.480046122967358
190,4.428217438805292
705,4.41016755631799
483,4.334750820024816
223,4.314713229086863
143,4.310722101168879
750,4.300933048195771
