item_id,predicted_score
169,4.472688956651814
408,4.462368443915087
64,4.413192982116578
483,4.371677098892652
318,4.366229784511573
357,4.340529850094102
603,4.336087911428873
12,4.32442864507697
127,4.3038782208818045
50,4.301951650916187
