item_id,predicted_score
408,4.224062440464919
318,4.165588808134284
169,4.160147342976335
50,4.11583027060512
483,4.112650594827308
12,4.095378777933185
603,4.0862324826886125
64,4.084161203908008
357,4.054093935643926
515,4.034722224043582
