item_id,predicted_score
116,4.315680400743805
12,4.215651716709548
20,4.14009684533947
238,4.130370306209679
124,4.123767589128526
246,4.107014966519822
137,4.073234045451915
607,4.061284493675105
45,4.050696328487832
923,4.038016513480675
