item_id,predicted_score
276,5.956908971661107
137,5.224265567723143
660,5.18235697189682
100,4.99175680328404
156,4.958824642202673
408,4.886635577680013
246,4.846637128988275
64,4.838137718964268
302,4.82029157416066
153,4.788625680139512
