item_id,predicted_score
169,4.622718665536384
408,4.618867494626236
64,4.558168498204186
483,4.520777971860696
318,4.515900983276778
357,4.4966378858852
603,4.484293005171721
12,4.478261860695719
127,4.454519354226626
50,4.449484907055274
