item_id,predicted_score
169,4.769414681667894
863,4.465640092619098
511,4.464912615720282
269,4.4634894298582815
1449,4.451909892833459
603,4.438577626789825
408,4.416493515698888
178,4.415840954603481
520,4.414707240118399
302,4.407606287616642
