item_id,predicted_score
8,5.042901404271447
22,4.997665486187171
161,4.987603846794389
318,4.980920085851528
684,4.906837036528389
313,4.832233418771876
169,4.8257025209855655
96,4.810419696224765
12,4.7909053950356695
89,4.776762965662786
