item_id,predicted_score
169,5.938094326323245
285,5.848254540770576
603,5.833934960905315
408,5.824283875858964
493,5.795033276778171
197,5.777775930732917
143,5.756882932524505
318,5.752453871374751
474,5.738975273375152
185,5.736476534602941
