item_id,predicted_score
56,4.829944414812394
318,4.751854789549624
114,4.75014245422314
1449,4.653890392939624
89,4.645578428532693
87,4.6434463894630715
187,4.640442059621386
408,4.634825637871158
64,4.59257131742733
357,4.589986411713873
