item_id,predicted_score
169,4.5810010128601935
408,4.550731812303044
64,4.498823806054934
483,4.463727248309826
318,4.458024039657559
357,4.436856527666621
603,4.42204264802119
12,4.420777721798596
127,4.399401278653172
50,4.391486279540736
