item_id,predicted_score
313,4.848678259309697
50,4.673313419507213
318,4.657880455959594
169,4.645202820899802
408,4.60278181224866
272,4.59534110101403
174,4.590474808550321
208,4.548093779463228
79,4.541095463151971
659,4.52821036995399
