item_id,predicted_score
313,5.076214510222271
12,4.978732208235665
302,4.956096228626224
357,4.951407265231645
318,4.880249932122442
483,4.879922975092352
114,4.878190773634268
515,4.849919360642161
132,4.847785436126468
603,4.8425852550098885
