item_id,predicted_score
408,4.334521109901626
169,4.3305234331302875
64,4.278339134410645
483,4.238700233305402
318,4.235646798523461
357,4.211731337080927
603,4.205312803673491
12,4.193119775455184
127,4.169960005730004
50,4.168516669393435
