item_id,predicted_score
408,4.095171668204571
169,4.025723418280241
50,3.9904442078798565
12,3.9712330262751783
603,3.9532676478656876
357,3.929330871889356
480,3.90745271420551
515,3.905486575340665
174,3.891903007252008
178,3.889527804317504
