item_id,predicted_score
408,4.363346710429574
169,4.293450249640414
12,4.232473982602514
515,4.170853589316881
178,4.1526327114426875
272,4.140437514626274
513,4.13219362249325
657,4.101438628140859
114,4.099073822853265
474,4.0925581489405225
