item_id,predicted_score
408,4.398460246474812
169,4.279248798479972
173,4.164918938231855
197,4.089465974237923
480,4.06631987572493
285,4.037512163209377
515,4.035649311261235
1449,4.032998793829762
144,4.011114412722751
50,3.993783820658705
