item_id,predicted_score
199,5.0332136307006206
408,4.974938618643247
478,4.894441845404069
172,4.8328894911460765
11,4.823635277693838
126,4.801924595645643
269,4.7815235982465705
169,4.771461233152402
19,4.731378911619265
7,4.718971872008732
