item_id,predicted_score
408,4.390231724796895
1449,4.366138531687904
169,4.3417324733119536
513,4.313207214966243
474,4.284911618366753
480,4.199035513616694
603,4.195419139795138
657,4.19295047839514
483,4.178384270562673
515,4.165308385521328
