item_id,predicted_score
285,5.054053431013397
191,5.01784768920022
180,4.949409955682635
318,4.869772915114938
408,4.864038100869792
14,4.8293321532349305
320,4.804956664474318
124,4.783715831015327
56,4.766941140161655
100,4.759668866878165
