item_id,predicted_score
173,5.190327179832304
313,5.153535782091083
513,5.03245295297405
269,5.010003946153996
655,4.987792051913094
516,4.969700634750208
289,4.965041364218882
641,4.957206070396985
427,4.956589888266732
657,4.951840615382115
