item_id,predicted_score
357,4.974898368003992
187,4.844342628622032
191,4.720865160915903
408,4.665670076531554
180,4.653907159352298
511,4.652638793430599
114,4.5993930224516415
286,4.58390283132716
527,4.577609178929642
215,4.5178267742528755
