item_id,predicted_score
408,4.551789201871167
169,4.529624078238049
64,4.468332878246105
483,4.431488476015814
318,4.42983511940129
357,4.415699915567266
603,4.396423485700126
12,4.3928905580145505
127,4.364436415662912
50,4.358689368923866
