item_id,predicted_score
408,4.6661731592466635
169,4.586756932657257
50,4.55129515048559
483,4.550751554876945
12,4.5341293189282785
64,4.520792989158564
603,4.512421656993447
357,4.490202202207565
515,4.466104948630199
480,4.463025438551863
