item_id,predicted_score
408,4.09461656796724
318,4.024374101914682
169,4.018150299854039
50,3.978068622594491
483,3.977398007703922
12,3.96029078694985
64,3.9479180128345717
603,3.942046952277972
357,3.9164641986321005
515,3.8962958606348566
