item_id,predicted_score
408,4.082795322623594
318,4.019862589419559
169,4.013832504335712
50,3.9719647947630006
483,3.971875151377103
12,3.955108204942719
64,3.9415856514912893
603,3.9396890371976876
357,3.9125730689669314
515,3.889617372632136
