item_id,predicted_score
127,4.895737483868085
647,4.775462572744259
474,4.7695771695684215
1449,4.733293428775606
89,4.732594076174838
483,4.723415791222073
488,4.688769538132844
493,4.682290265866339
183,4.671366596185383
320,4.65219595566106
