item_id,predicted_score
172,4.884431761586292
285,4.582384555553801
408,4.582213660620415
357,4.559850622382167
511,4.538956554607877
480,4.5243288556235095
269,4.508544249448049
169,4.487387362007366
238,4.4827280614589124
478,4.456694755182903
