item_id,predicted_score
288,5.2647205409138165
127,5.231650240678154
408,5.1578148995841735
313,5.141129986782188
169,5.095324339889919
479,5.05967388932384
285,5.01030768620277
302,5.007387288329546
515,4.988751168547276
423,4.98741027527624
