item_id,predicted_score
408,4.848099825142561
318,4.792542903082271
169,4.774601068957821
483,4.739936429381103
12,4.721600541249248
64,4.70898149929596
603,4.702634840734857
357,4.680138515687876
480,4.656370586380179
515,4.655743227365134
