item_id,predicted_score
318,4.881413889757155
302,4.874594698588853
1449,4.858109275788077
320,4.852647976536477
12,4.8443694779285345
169,4.802106503857408
515,4.793559875081817
483,4.777910937036715
191,4.749966598273329
50,4.749805057671813
