item_id,predicted_score
169,4.342037781183263
408,4.333271912819943
64,4.27740203484587
483,4.239005250127604
318,4.234676927026667
357,4.212730118726623
603,4.202194397417336
12,4.194181499415096
127,4.171979923720625
50,4.167678866804027
