item_id,predicted_score
408,4.339025015125508
64,4.185674451962925
603,4.1803810444129565
357,4.15395909492969
515,4.1368932665128355
480,4.125092824127514
513,4.109199040206787
178,4.10789961134236
427,4.072993246555439
474,4.057925755722407
