item_id,predicted_score
169,4.305788053953388
483,4.273418930530926
603,4.228786199026279
357,4.208119459182072
515,4.189934216162924
272,4.169261314223172
513,4.1674752647732785
657,4.127814509081794
474,4.110298918646844
479,4.1042147259909445
