item_id,predicted_score
183,4.345916048709251
174,4.075037891492135
135,4.0331656110009595
169,3.997907117973158
168,3.988631873468872
408,3.9413499584400893
276,3.9217255864121556
56,3.8970966599734416
12,3.8959669193655793
603,3.860955348052952
