item_id,predicted_score
408,4.80608975013586
169,4.789183375880663
64,4.739793478664862
483,4.702860399731934
318,4.702773756632012
357,4.684624136161255
603,4.670375506464822
12,4.657856346275506
127,4.633047931479582
50,4.6297713954690565
