item_id,predicted_score
408,4.832346264837994
169,4.6286853726903
83,4.602345148489164
114,4.595044441432453
1449,4.594353957063166
178,4.587096422816665
923,4.573160525356724
320,4.546299567660282
487,4.542695419198099
12,4.500930215513325
