item_id,predicted_score
318,4.938660076046502
483,4.893120795897566
12,4.871307759501048
64,4.859094064018262
603,4.858893802070962
357,4.829845115020899
515,4.811410037707295
480,4.798776725450244
174,4.798744472191637
513,4.792394060207539
