item_id,predicted_score
483,4.766277617435947
515,4.645778400907188
242,4.633488491277062
178,4.6140765800833226
320,4.58620428142373
511,4.515243305085353
22,4.513165687375851
205,4.4898270581680855
408,4.477315805200885
100,4.47323613384343
