item_id,predicted_score
408,4.39318795753505
318,4.3231141691425625
169,4.321672165661987
50,4.276725970645146
483,4.271692514107356
12,4.252281103860996
515,4.197092731103364
174,4.184369109988096
480,4.18320780613703
178,4.17574792409139
