item_id,predicted_score
515,5.794882581443833
50,5.626899624856722
169,5.443881806219619
1449,5.4427550811061
318,5.435981205869003
174,5.406414614311241
408,5.4026670123286795
357,5.390111336304446
272,5.377393167017191
12,5.371437995155681
