item_id,predicted_score
169,4.46376784193537
408,4.458006831123503
64,4.399424850065381
483,4.361342164964713
318,4.358383969073671
357,4.335973417111823
603,4.324578285398401
12,4.316693833839153
127,4.2938371146955925
50,4.289675075319897
