item_id,predicted_score
276,5.506300012096123
302,5.036767029405541
137,4.989477090585191
488,4.8501987431699
171,4.740003140856655
235,4.7189037830901235
185,4.652425314750769
60,4.652173704867774
134,4.642483983764516
48,4.572879818040139
