item_id,predicted_score
127,5.060838861503337
515,4.911460231067849
179,4.90437601202022
56,4.88691085372972
318,4.8777618877431514
286,4.863247244101922
408,4.80057213561028
357,4.756029731446779
320,4.75139162789239
114,4.740439481220946
