item_id,predicted_score
408,4.162708910778207
318,4.118925897815476
169,4.102174695237938
50,4.067727732068618
483,4.063712898164464
12,4.048090184548275
64,4.035438164772471
603,4.033977609144991
357,4.008276547439241
480,3.988086952654087
