item_id,predicted_score
408,4.46367735882833
169,4.349278616642868
318,4.288536764098977
474,4.214115671830234
1449,4.165893745252775
127,4.157414589064403
50,4.1439244169415845
483,4.136978013400047
603,4.135625263979709
64,4.130352173887795
