item_id,predicted_score
408,5.248210851005202
169,5.241222523510487
185,5.209677451082695
313,5.20334955461547
285,5.135053111498808
199,5.127133401858671
488,5.118410489265327
192,5.076985336731481
603,5.068137448589162
480,5.057013905746191
