item_id,predicted_score
408,4.633285124932472
318,4.5696178224634645
169,4.556111275088782
483,4.51837108344791
12,4.501771909490863
64,4.4902424987812966
603,4.480307274358064
178,4.416510440168274
272,4.40844628980421
513,4.398177636034236
