item_id,predicted_score
169,4.626091134474629
318,4.593271625008488
1449,4.507764216752071
603,4.479725265466516
64,4.451386684268627
408,4.417552084553535
515,4.401584772425875
173,4.395486555079952
496,4.3675134576828265
357,4.340303168171706
