item_id,predicted_score
408,4.9192105887989
169,4.847520093672961
50,4.805067887867769
64,4.773701447881396
174,4.711709816803312
178,4.704888879719739
513,4.686554217367452
114,4.656043174316801
657,4.651829063552987
474,4.647041093428916
