item_id,predicted_score
483,4.779536136016617
357,4.420896180367252
320,4.401042327791612
134,4.398599975609297
511,4.372807040714083
654,4.356179213040909
205,4.352817013862127
474,4.325100110790629
185,4.298648267967484
340,4.251446621880303
