item_id,predicted_score
408,4.757352406894887
318,4.680813602463483
169,4.676731985118656
50,4.636825979831235
483,4.633499811629661
12,4.613721987070046
64,4.603154231684495
603,4.599769630616213
357,4.570561965205243
515,4.555288710750685
