item_id,predicted_score
408,4.331547741677743
169,4.252011912568721
483,4.210310564493339
603,4.175359883011063
357,4.148339374270114
480,4.120749475306434
272,4.103639777848436
178,4.1036165550624935
513,4.097702925500734
427,4.067713272704391
