item_id,predicted_score
169,4.372758005765297
318,4.358530995866753
50,4.285964464304764
603,4.218135908175174
185,4.216656736383979
127,4.21290030591762
1449,4.193047333486628
64,4.167070963769079
143,4.166004947501974
191,4.155094117465875
