item_id,predicted_score
91,5.262794297533061
14,5.210615832073167
1449,5.121559687127107
428,5.0860641319402395
603,5.064973869308851
483,5.056564537598544
48,5.0549241582706
320,5.053372004710108
657,5.046129927039742
318,4.998981290309046
