item_id,predicted_score
318,4.667382323893884
64,4.563165042388304
320,4.554689207714689
190,4.54923036282261
513,4.501916696058064
408,4.473675804241132
483,4.449236680000526
963,4.446098494826961
22,4.443971799341772
114,4.443088008186652
