item_id,predicted_score
22,5.0029074088304455
333,4.628775154107581
12,4.627672585401594
174,4.569322708166241
96,4.543382141503292
195,4.538913787638437
187,4.505861666716697
732,4.426662870145439
169,4.417678262087493
480,4.389116683924354
