item_id,predicted_score
242,4.842012994637568
320,4.657420749520945
276,4.582126352243023
641,4.5151879147661855
408,4.461553917978488
657,4.4401095613168735
474,4.416447581956842
513,4.414976913179466
190,4.37987058545915
488,4.379346597390557
