item_id,predicted_score
169,4.773638972481941
408,4.766291868893495
64,4.716439039332559
483,4.676213795417982
318,4.675665680314168
357,4.64914729146018
603,4.640746414824891
12,4.625365036978468
127,4.605711003245806
50,4.603670461666028
