item_id,predicted_score
408,4.282167912472803
318,4.209900224804201
169,4.20607931575345
50,4.164930899894205
483,4.16263673085207
12,4.144046836763296
64,4.132498848375792
603,4.130122789250315
357,4.101111267129516
515,4.083214945319238
