item_id,predicted_score
169,4.382236575520781
408,4.3813347877057565
64,4.3235072140270185
483,4.285156661457435
318,4.2829967378857345
357,4.260181961533954
603,4.24987425075044
12,4.239529980411996
127,4.216680381815629
50,4.213515559068167
