item_id,predicted_score
483,4.237750870520396
98,4.212506106356344
511,4.11306195296051
100,4.058729264968194
134,4.032579276190571
408,4.0189063057711305
480,4.0174706358390395
114,3.982821136969143
23,3.982018750849538
64,3.97908804319115
