item_id,predicted_score
408,3.9789680080839647
318,3.9016902613953013
169,3.901549965104334
483,3.8592998756629595
603,3.825931971555532
480,3.763180976007248
513,3.748816262678231
427,3.7118780174628347
114,3.706406162544656
479,3.6991961589259583
