item_id,predicted_score
408,4.420546343622877
318,4.373036353889663
169,4.35546502039891
483,4.3163178824933
603,4.2832424970256975
357,4.257395797880008
515,4.2343558241106045
480,4.232194120249359
178,4.226066240638769
174,4.2185277581529315
