item_id,predicted_score
408,4.581311646700488
169,4.553703816739186
64,4.500743848861793
318,4.461868764031874
483,4.461429135422133
357,4.443221559446385
603,4.428298465016061
12,4.419564665546002
127,4.392005950891468
50,4.389141010681986
