item_id,predicted_score
169,4.37756021022734
408,4.376092663736162
64,4.32358318711535
483,4.2835336520144995
318,4.281371915161081
357,4.257349319415498
603,4.249304744396022
12,4.234740533584781
127,4.213829751500529
50,4.2117898565614444
