item_id,predicted_score
169,4.676441024690134
408,4.668299279141706
64,4.6121692390009414
483,4.5744720033065684
318,4.572251104730542
357,4.549349130172733
603,4.537556078752043
12,4.528560804428058
127,4.506466315572361
50,4.502228456109637
