item_id,predicted_score
169,4.9199607859986365
1449,4.772778195049729
98,4.714626796028723
408,4.573388511631436
520,4.5599530070818375
483,4.5177837280817394
114,4.5127930171438395
659,4.485411346138569
427,4.478022614033288
512,4.471659381161678
