item_id,predicted_score
408,3.5530704679541896
318,3.476316202388881
169,3.469539565860616
50,3.4310927548699213
483,3.4273051749757806
12,3.408408479027004
64,3.398956003455748
603,3.3914240672573364
357,3.3642399980880686
515,3.350230543867043
