item_id,predicted_score
169,4.630355764369419
475,4.541026676686296
896,4.536107589692632
318,4.526454562803314
192,4.509043223158834
12,4.476616691802405
179,4.464814977399446
603,4.460013878079558
60,4.449205047061631
483,4.444818986333485
