item_id,predicted_score
64,4.519944263620671
1449,4.4895887079480765
169,4.482028219713852
114,4.466964385315266
174,4.4550774023809945
22,4.433240268929125
173,4.431389137876139
318,4.41052539146163
50,4.410328105500668
963,4.4034130035215
