item_id,predicted_score
135,4.995845690407922
60,4.7838604486330025
185,4.766468284518235
488,4.717031875954533
320,4.666087132454789
641,4.623146747138082
197,4.537667925241095
340,4.517248914821418
47,4.48934239729806
657,4.441829536449651
