item_id,predicted_score
169,4.387006185173632
408,4.383745392166479
64,4.326250132485077
483,4.287483668320949
318,4.285553173608238
357,4.264140025545843
603,4.251496110636374
12,4.240006631270866
127,4.2185706650210655
50,4.214474902263105
