item_id,predicted_score
191,4.898549632729673
135,4.88011152936003
483,4.8738825718553125
134,4.714278411177242
408,4.697797323381329
320,4.622777576523061
89,4.58412299991668
318,4.530988226817671
86,4.522934609416672
133,4.506489849715728
