item_id,predicted_score
181,5.01050369494968
69,4.674761238969436
963,4.4178470535373515
408,4.356088964540265
483,4.344349307079534
487,4.3152056352810115
191,4.249356622357276
272,4.229659703333041
114,4.227470336174151
169,4.208092364618094
