item_id,predicted_score
318,4.902559219886728
64,4.836991519686222
12,4.802375757864731
50,4.781689501477795
190,4.647959551225852
169,4.620979444315147
191,4.5667739077705685
357,4.560791790558197
174,4.532197726722988
480,4.5298910250075375
