item_id,predicted_score
408,3.969841031167794
169,3.898143850510404
483,3.8535681867883054
603,3.8230375143021655
357,3.793661570477413
515,3.7754386548875534
480,3.768796435060008
178,3.755304335142567
272,3.745211052488543
513,3.7384367629143522
