item_id,predicted_score
408,4.308285678624477
169,4.23708253697376
483,4.19230393343483
603,4.162499982182885
357,4.132598671860168
515,4.11328240129884
178,4.091983405159169
272,4.084519342083352
513,4.07752405538765
427,4.052784360441371
