item_id,predicted_score
408,4.546257050084232
169,4.544486570060709
64,4.487686832450001
483,4.447625038693071
318,4.446893336454808
357,4.423490154610591
603,4.412623070289734
12,4.399206928484137
127,4.377610122762771
50,4.374933149314348
