item_id,predicted_score
408,4.217609882270037
169,4.139895417452757
603,4.063953345172315
357,4.037504699548621
515,4.019055251841775
178,3.99430378463238
272,3.9917835886407533
513,3.9853073116907427
657,3.9509842964584654
479,3.938184806460221
