item_id,predicted_score
173,5.022722455310514
230,5.005648795606316
169,4.931073294697593
174,4.917495422181116
228,4.840416322352379
204,4.789361759091805
121,4.778054404225666
318,4.703638230426167
302,4.70200153256677
227,4.683471767641811
