item_id,predicted_score
408,3.626279389502986
169,3.6260874039808884
64,3.5681713514944606
483,3.5295357298911285
318,3.5278530428988146
357,3.5054335864721025
603,3.4944041995144297
12,3.4829617666059955
127,3.4605528971302975
50,3.4573352897878844
