item_id,predicted_score
408,5.171858232382634
318,5.09383232228857
169,5.086142149491338
50,5.047757696575171
483,5.045766197430673
12,5.024460720897256
64,5.013634154311616
603,5.007324771270389
357,4.980705544667834
515,4.96740507275468
