item_id,predicted_score
174,4.61717177735322
64,4.597410710414654
169,4.546743556971217
79,4.510979865929657
318,4.490616767648936
483,4.475240441972039
316,4.468987126395489
28,4.429339843548145
315,4.427365299603461
963,4.426557418186918
