item_id,predicted_score
302,4.796496136862175
318,4.693411514135119
12,4.665643838516621
175,4.644418540739929
64,4.599263030910578
100,4.570371788620809
199,4.566334098209248
488,4.488132970271614
515,4.4802148427343855
320,4.456461582539198
