item_id,predicted_score
169,4.575014990311665
408,4.564838391409673
64,4.50784745407524
483,4.469612817714989
318,4.466315993657432
357,4.444473098017272
603,4.431976147703976
12,4.423978054424124
127,4.402205854366068
50,4.39730048194461
