item_id,predicted_score
268,4.987211306492529
60,4.957979309675756
190,4.937994174361773
512,4.904902883342668
653,4.807294427062341
318,4.791753722101831
258,4.755242499655857
59,4.723487534007314
137,4.722057723843262
641,4.700938113764924
