item_id,predicted_score
515,4.078508983143114
483,4.057471524319175
603,4.043967531834021
276,4.017385259978931
12,3.963827020998521
134,3.9429379112432614
1449,3.9316791498754644
923,3.9276400480076576
169,3.9258797882695458
318,3.9237846478843244
