item_id,predicted_score
408,4.437108721592913
318,4.372099514250705
169,4.362277169779432
50,4.324594195617038
483,4.321721450306046
12,4.3060750872935625
64,4.295228592851945
603,4.28731091710192
357,4.262387534794753
515,4.241575032837869
