item_id,predicted_score
285,5.057438830394057
100,4.891923448945719
169,4.876132542324414
276,4.75625583047326
9,4.725982642305672
408,4.710590738719147
180,4.701038046026306
182,4.698194608939658
432,4.670822914190707
512,4.66124681697895
