item_id,predicted_score
169,4.554108087251043
318,4.418137926766583
320,4.39364040310204
408,4.393146108797249
483,4.347479430467773
205,4.321041790023867
272,4.31268440242508
488,4.299061122617568
185,4.297772115507907
302,4.29597167309374
