item_id,predicted_score
22,5.376649512335337
423,5.315548817109654
173,5.18470306089074
127,5.045454266277604
651,5.03828212496709
64,5.031738900018314
313,4.98644771568764
215,4.981562139226279
144,4.9695421845236885
79,4.960563523402583
