item_id,predicted_score
169,4.928990851082373
59,4.74752937694399
513,4.7136684267459446
408,4.6562034952425115
1449,4.641849653729867
211,4.5355449264428405
258,4.513391043842165
641,4.4975718059727
79,4.495989555877811
316,4.48924659029761
