item_id,predicted_score
408,4.436042734131893
318,4.367672512123445
169,4.359349500077022
12,4.301253420994087
515,4.23853235950171
480,4.232632865080791
513,4.20145531918186
427,4.177092086644767
114,4.155914329891764
285,4.153805172958433
