item_id,predicted_score
64,4.810497293880762
657,4.744568176752075
408,4.726011300938184
199,4.707825066274707
1449,4.698356837429532
98,4.6734450819126145
483,4.6673348922966
484,4.665172998252424
603,4.663723520790964
694,4.624103376658918
