item_id,predicted_score
169,3.9035761738739576
408,3.8990092530937335
64,3.84145595160095
483,3.802725907500976
318,3.799689080158687
357,3.7779079386927625
603,3.766511836889
12,3.7567856070417065
127,3.734702979933231
50,3.730688077494979
