item_id,predicted_score
408,4.005012191987883
169,3.9266016655066625
603,3.8502986032605158
515,3.804333743818991
480,3.794139701839354
272,3.777182301082462
513,3.7710209690838288
657,3.731590386875529
474,3.724411362621692
114,3.723989196013052
