item_id,predicted_score
1019,5.058119993224297
1449,5.041631770908611
114,4.951271716568392
745,4.930910315426762
966,4.845684081578547
1240,4.844537207705326
646,4.8410567401583835
196,4.834483176329052
513,4.828499501186171
921,4.8232820338156355
