item_id,predicted_score
56,4.642740304606161
302,4.6219308337319145
408,4.567481590212892
515,4.563816588550052
169,4.542968722991922
134,4.528689846914645
98,4.5235325059967755
199,4.521535078178459
488,4.5119846530073495
1449,4.489637012579087
