item_id,predicted_score
408,4.616231438700939
483,4.495417775120985
12,4.475402221212708
603,4.459397874624977
515,4.413680334021959
480,4.400823788944125
272,4.389551732175287
513,4.386988556808667
178,4.384758682364809
427,4.348979437913472
