item_id,predicted_score
408,4.652401473347755
169,4.649490758058699
64,4.589096323111283
483,4.548791875199204
318,4.547744723740566
357,4.521872287926317
603,4.51304062920964
12,4.503819206096376
127,4.479939781033012
50,4.477909423679995
