item_id,predicted_score
483,4.832480832141469
302,4.7654068481712395
654,4.6502533453984825
185,4.6356367840090655
408,4.574250176288642
205,4.558857828201412
320,4.550193631217207
511,4.544770786253194
134,4.502642500768014
275,4.449749093178102
