item_id,predicted_score
408,4.61468001963042
169,4.5488223319798
50,4.5014155279459755
483,4.499313976546519
12,4.483151696997
603,4.472478608016053
64,4.472316240899977
357,4.440314721773581
515,4.423086223364704
480,4.4132288856370065
