item_id,predicted_score
1449,3.428550930388549
483,3.3934005747490428
515,3.3067539407409714
114,3.2784372021671513
427,3.2614612429995526
22,3.2515544224539203
100,3.243530083210362
357,3.2290090903333426
606,3.22482581175331
923,3.212636834707471
