item_id,predicted_score
408,4.264111502602844
169,4.1894344085932875
318,4.176397111942088
50,4.139215688302824
483,4.133351823030293
12,4.113437360315972
603,4.111949408201985
64,4.104384762163324
357,4.071062442758562
515,4.06035205383866
