item_id,predicted_score
408,4.365978685198004
318,4.3000417400179405
169,4.296822893079247
50,4.253741641507847
12,4.23468180843115
64,4.225073671622182
603,4.221783386982927
515,4.172492263054669
174,4.1619057790939396
178,4.151866198011637
