item_id,predicted_score
515,4.794054879157139
483,4.68545132780484
474,4.590919556481175
408,4.500048076093759
272,4.480706534683848
315,4.471348536929222
479,4.450666962739402
251,4.446758544756179
513,4.419681314412372
657,4.416626919711733
