item_id,predicted_score
56,4.526596886322048
483,4.451996656690915
408,4.41538747641435
246,4.403895363550053
654,4.388326028759456
474,4.3286223430761614
512,4.29555971506891
45,4.234769939505458
357,4.222572881011017
134,4.221682626014735
