item_id,predicted_score
64,5.389493002178292
313,5.308847795641621
199,4.996269731921758
318,4.895110385450919
12,4.85979417499575
169,4.838952968241796
483,4.820953761499602
173,4.787655295398526
408,4.7695001490095414
480,4.768842093205455
