item_id,predicted_score
169,4.561283142619979
408,4.555496191285419
64,4.498022185301987
483,4.457946026917452
318,4.456386523603007
357,4.432468351399597
603,4.421138933047542
12,4.409906136974493
127,4.388837429756664
50,4.385289910088739
