item_id,predicted_score
169,4.728159526232741
408,4.715467564860237
64,4.6642960974635574
318,4.624271585738803
483,4.623509510026275
357,4.596313063198476
603,4.585964517358728
12,4.571453295745456
127,4.552677171102778
50,4.5499100159704104
