item_id,predicted_score
408,4.503473605245658
169,4.467136470261909
64,4.43095112885476
483,4.38934218920261
318,4.387580861170177
357,4.371733757479395
603,4.3608189886546755
12,4.34354219556914
127,4.318322237984192
50,4.317403346506994
