item_id,predicted_score
187,4.948322319402349
408,4.837781432532424
285,4.79381917426418
169,4.771462660849754
114,4.73719056133475
98,4.683367715036965
654,4.650242049395363
205,4.627043340582762
238,4.620500378217745
272,4.605670518992321
