item_id,predicted_score
408,4.264664603116058
169,4.263579571192924
64,4.20865122644706
483,4.170715895720998
318,4.1669325524406355
357,4.146128601655267
603,4.136672827913427
12,4.125766385012217
127,4.102757056575888
50,4.099623434991681
