item_id,predicted_score
169,4.619421370164574
408,4.616298475507874
64,4.554067100052023
483,4.515305983278995
318,4.513519429241076
357,4.489070555503208
603,4.478243887274743
12,4.471257854539059
127,4.447493410170707
50,4.443995855120216
