item_id,predicted_score
408,4.375200490536539
169,4.368607302054656
64,4.309157361788174
483,4.270675094371843
318,4.269816014360806
357,4.24755119318326
603,4.235340331640968
12,4.226586256653185
127,4.202015695420206
50,4.198760178157391
