item_id,predicted_score
408,4.761551040262913
318,4.677287820903388
169,4.67440213958445
50,4.634142145149036
483,4.631917917099424
12,4.609428845889272
64,4.5985557090168525
603,4.595105774141231
357,4.565860752855442
515,4.554178724561873
