item_id,predicted_score
408,4.347494592644316
169,4.3458341646023015
64,4.2854820686207225
483,4.246689902410669
318,4.2440719601025565
357,4.223463867455221
603,4.211097055003506
12,4.201566720792232
127,4.17849515071124
50,4.174520717302949
