item_id,predicted_score
50,4.604857204837719
176,4.442530028643176
408,4.426015329571412
172,4.360024782665364
196,4.213390448932338
64,4.18495024732617
520,4.128364304905326
169,4.126335224448599
174,4.117711670851692
435,4.110975538100042
