item_id,predicted_score
408,4.2515108001999575
169,4.246471450707073
64,4.191499954155794
483,4.152689783222739
318,4.150527046177464
357,4.127504922056722
603,4.118572666837925
12,4.107907293605032
127,4.08405583462927
50,4.081786778844487
