item_id,predicted_score
143,4.375962850382107
603,4.097304622724187
169,3.8338336493023526
192,3.8321398258113577
528,3.8259737962278035
512,3.8137306458181435
12,3.7958066911730204
479,3.794848832457641
313,3.777823001417497
209,3.77233787814091
