item_id,predicted_score
269,5.0937307171912085
482,4.858247121535982
313,4.8231132672276775
480,4.783421386667149
659,4.694239882288545
258,4.651731709155292
427,4.647184571570441
79,4.619898266737211
64,4.6194725878525915
603,4.617474284996766
