item_id,predicted_score
419,5.153883662015669
258,4.940878367759761
148,4.856745705533669
705,4.855199608097328
136,4.7872418350636705
325,4.77134478448986
613,4.753382353440446
135,4.743247299782047
1019,4.730980340347823
735,4.722649604515168
