item_id,predicted_score
408,4.392415242111689
169,4.308137882187132
318,4.305042678116003
50,4.2635464812236625
483,4.256823078878765
12,4.230258343897286
603,4.228700736322441
64,4.222069620433201
357,4.189234800744303
515,4.185041425486989
