item_id,predicted_score
408,4.4368279850184065
169,4.420938434265073
64,4.363729761475331
483,4.325998834045916
318,4.322627766726959
357,4.305943588019349
603,4.291905161399207
12,4.28572712878664
127,4.258935945422846
50,4.254663477359393
