item_id,predicted_score
143,4.531922372140359
344,4.23946878193059
641,4.196746371762294
155,4.175302544170579
522,4.1529640303215505
315,4.142373313305471
434,4.132788594276579
393,4.115799578662537
528,4.091930256053947
633,4.0912890077839394
