item_id,predicted_score
408,4.080075279789967
318,4.017687466879833
169,4.005760473073214
50,3.9714059206027454
483,3.967447843697531
12,3.948780487616961
515,3.8849978819604187
174,3.8722901014336704
272,3.865435921489157
178,3.859743920805013
