item_id,predicted_score
12,4.108897904242882
1019,3.8527227070487746
921,3.796302340308692
169,3.753697752328653
748,3.6492031528437865
958,3.6465376916228163
165,3.6346535700994793
124,3.6070016227408193
524,3.579815347375373
272,3.579476495903418
