item_id,predicted_score
408,4.928997946769399
318,4.857069728657587
169,4.851317988366688
483,4.8074111399915305
12,4.7906647126146895
603,4.7737330387299535
357,4.7463327437546114
515,4.730174719511289
480,4.721623822073597
178,4.706139663757177
