item_id,predicted_score
169,4.194825089881389
408,4.193486981295329
64,4.132181347766052
483,4.092357329199782
318,4.089919541959665
357,4.067421209722226
603,4.056009014170415
12,4.046550328438734
127,4.024023966401255
50,4.020372993669327
