item_id,predicted_score
408,4.37706730078025
169,4.367476836154358
64,4.310523708153748
483,4.272246624710479
318,4.270217144371375
357,4.247455706071233
603,4.237856791803202
12,4.2304875642719715
127,4.204413634931116
50,4.201996784088105
