item_id,predicted_score
408,4.033513457353508
169,4.032090575423271
64,3.9759326871390672
318,3.938763088816895
483,3.938237822128866
357,3.914295780023712
603,3.903404207767119
12,3.8911133794575035
127,3.868312259092064
50,3.8657531156448637
