item_id,predicted_score
408,4.420425044488036
318,4.328879287159484
169,4.3277543766593025
50,4.2865466108534225
483,4.283413047177245
12,4.26166112102026
64,4.252812202610212
603,4.245560945350042
357,4.216337603772528
515,4.208997182050966
