item_id,predicted_score
408,4.309753474563202
169,4.303928287230044
64,4.2463484605913155
483,4.208998934282983
318,4.205162449523481
357,4.189240749581009
603,4.1744402088266845
12,4.164937667944223
127,4.141381304593967
50,4.1362654168828215
