item_id,predicted_score
408,3.87139741113631
169,3.801260305462764
603,3.725297333690082
515,3.6783173481673215
513,3.635567329490059
114,3.6102739668545585
657,3.6081222231245964
479,3.6011072563833237
474,3.6008020295729524
285,3.5964145991156826
