item_id,predicted_score
22,5.051687227578105
173,4.8080144702725764
64,4.721208190883062
174,4.700413375567321
169,4.689140749889027
69,4.68191179595031
489,4.660913263936645
190,4.638114838771368
1449,4.632924745058548
170,4.614872703922876
