item_id,predicted_score
408,4.452068231552568
169,4.384274929215523
318,4.38348658069552
50,4.3381649013827515
483,4.337447510748468
12,4.32018922101581
603,4.309372485860919
64,4.3071622660368165
357,4.277814670980109
515,4.257335472342199
