item_id,predicted_score
169,4.487706927866781
408,4.477938675937859
64,4.418830761259099
483,4.381135787680239
318,4.376551947465349
357,4.356190415403902
603,4.343280639880707
12,4.3375921386298915
127,4.3148507450206015
50,4.309359640331398
