item_id,predicted_score
408,4.250275844232425
169,4.164996769751421
318,4.155501635306035
50,4.123711089076442
483,4.121523590505359
12,4.100021529893373
603,4.089581487809037
64,4.086643321911802
357,4.0572074170662225
515,4.038867210207896
