item_id,predicted_score
169,4.757249447754355
408,4.757149114210644
64,4.70362907627239
483,4.6656343203849495
318,4.660363881461547
357,4.641717751865661
603,4.632014244662275
12,4.6201235826274765
127,4.597987550642499
50,4.594357199135471
