item_id,predicted_score
169,3.9884827633431694
408,3.9848681935295636
64,3.931613319826278
483,3.8930700281257336
318,3.889107624072254
357,3.8674050667654196
603,3.8583400736172955
12,3.8468593149371895
127,3.8250004230796804
50,3.821786663026125
