item_id,predicted_score
313,5.342819200005004
12,5.023180477299361
190,5.016348138537048
487,4.9862072178938615
169,4.949375565990648
408,4.935349101527974
318,4.923187749252373
127,4.915688918047778
480,4.9022500948357255
187,4.8992365130013855
