item_id,predicted_score
408,4.402228000345555
169,4.398541435085198
64,4.338885430687189
483,4.30129557820062
318,4.298895851180295
357,4.280314109636025
603,4.265973100154362
12,4.2566461894687695
127,4.233172108562447
50,4.2284978490013385
