item_id,predicted_score
320,4.549555511820404
318,4.516802755203734
133,4.446196485351721
498,4.416296929019072
169,4.414618233918182
285,4.347348826552313
91,4.343624297011163
242,4.3387867064838055
709,4.281977675051795
1449,4.266894556806235
