item_id,predicted_score
169,4.802021302181942
408,4.790389362172823
64,4.7397907058156985
483,4.702854309620995
318,4.698517197546951
357,4.674536037935875
603,4.666671853956777
12,4.658673562706889
127,4.636061865243375
50,4.632593479337207
