item_id,predicted_score
169,4.313074165249
408,4.307540493787254
64,4.251343053235041
483,4.21285174320032
318,4.210404867308054
357,4.188113120689315
603,4.176637706030418
12,4.166185503081471
127,4.144457465022918
50,4.14052397399057
