item_id,predicted_score
408,3.9623095787491254
169,3.959235483942558
64,3.8967678187166226
483,3.8607097434604376
318,3.860663680993928
357,3.841162689672296
603,3.824468189725442
12,3.816205578899571
127,3.792120180690928
50,3.786946759826406
