item_id,predicted_score
408,4.616288067303112
169,4.613134207343812
64,4.555248264644804
483,4.516052690656147
318,4.513441333845672
357,4.490886005811681
603,4.48115405714121
12,4.471376772845445
127,4.447768891463333
50,4.4449564566588995
