item_id,predicted_score
64,4.690201613833115
385,4.557800976461145
176,4.462739778496584
966,4.448456882557051
161,4.38602305035478
393,4.2850391037053654
739,4.284101248610098
199,4.283532731469955
496,4.2734194463528405
11,4.272513471294665
