item_id,predicted_score
169,4.513353373586077
408,4.510334956225033
64,4.4623472806157425
483,4.422039283843185
318,4.420576479706848
357,4.396225222776566
603,4.388365552901892
12,4.370508722840612
127,4.35122654281736
50,4.349494571062515
