item_id,predicted_score
169,4.891829767136053
408,4.876088200523755
64,4.82060005178427
483,4.783904824193893
318,4.781546183135563
357,4.7584827453148515
603,4.745028163958027
12,4.7385992892135
127,4.716746079745449
50,4.711261621361226
