item_id,predicted_score
408,4.931615122906779
480,4.690043693544729
12,4.688590025800682
515,4.672670361533757
1449,4.66113449504036
169,4.65578152952625
479,4.621341090997248
641,4.611067870005582
657,4.606341327624339
513,4.590755299408875
