item_id,predicted_score
169,4.910092561900641
318,4.876384404103497
1449,4.836251325472038
357,4.833515975058726
83,4.776753592220692
515,4.769190174534116
483,4.761423095767867
8,4.719447148777916
172,4.718122818815832
178,4.713056684673497
