item_id,predicted_score
318,4.722236258370278
474,4.69682249768077
9,4.664495842715047
56,4.640458929008636
427,4.640134588295362
357,4.600348425916007
511,4.574260229693085
527,4.573120352031921
1449,4.539313341339807
173,4.493586983301634
