item_id,predicted_score
408,4.192581360641093
169,4.191307685081101
64,4.128721661860462
318,4.0891484063564185
483,4.088961459709311
357,4.065640760593432
603,4.052401395205042
12,4.041772944808597
127,4.019309392534808
50,4.015771150033084
