item_id,predicted_score
168,5.075818565782069
150,5.059531951880145
178,5.032984716505213
136,5.0030262932224305
183,4.971649183346371
603,4.840300716988601
135,4.791907155747614
1449,4.785162267781354
474,4.748966422288889
199,4.742666278720906
