item_id,predicted_score
408,4.606861017549561
357,4.435005389739764
127,4.417665992774279
515,4.341872829325339
1449,4.3391589938818305
654,4.29672881288337
603,4.296274452390205
647,4.292345341279109
659,4.291964767669285
923,4.2915344800011255
