item_id,predicted_score
408,4.657587133727754
511,4.6363228044762295
483,4.63609557317118
1449,4.551962273925893
191,4.526328113937023
169,4.47764433389664
320,4.437339781922378
275,4.426474998972875
651,4.423423645839376
98,4.4219644171279535
