item_id,predicted_score
289,5.109617081896668
432,4.6673482470927485
185,4.644349451909401
172,4.565596626489427
488,4.494438418941055
205,4.251316433270609
504,4.2364691724042345
178,4.20644221935758
611,4.193332943645012
181,4.177154990204044
