item_id,predicted_score
313,5.210956857494665
64,5.138516365380247
169,4.919869592804899
172,4.886351238708548
12,4.862164589843754
181,4.849789328781196
174,4.83229642742258
480,4.801585953739523
357,4.737642597369045
318,4.69181374507155
