item_id,predicted_score
408,4.312789360677179
169,4.244468661170186
318,4.24048614337345
50,4.198513868581415
483,4.195245565192075
64,4.170943118534875
603,4.1696962905966375
357,4.137913162233869
515,4.117099341227719
480,4.113169046652355
