item_id,predicted_score
408,4.194540240935441
318,4.122740058569958
169,4.114135841203586
50,4.075553646822194
483,4.074633183908164
12,4.054804059152802
64,4.042679299470987
603,4.037121049732387
357,4.011472243162118
515,3.994097397236817
