item_id,predicted_score
169,4.619517563512167
408,4.619250221574551
64,4.555456966740671
483,4.520038160210907
318,4.514458054700734
357,4.495984894159109
603,4.484061285137457
12,4.481457633351263
127,4.455119281578447
50,4.450024775269591
