item_id,predicted_score
169,4.8049529413431245
318,4.796949838086867
64,4.730290577595856
186,4.669007788749256
48,4.637837117825164
181,4.634138618378583
166,4.572998223538761
199,4.553091105606473
483,4.540352636069772
189,4.536517850906474
