item_id,predicted_score
169,4.614330095125273
408,4.602979137506773
64,4.548897754070314
483,4.515220323403683
318,4.51159953809672
357,4.49225408630553
603,4.47828404145446
12,4.472287745840272
127,4.448965269782409
50,4.443003437648204
