item_id,predicted_score
169,4.451863583907359
408,4.450166825308353
64,4.39016733957471
483,4.3518223403671605
318,4.349099642911882
357,4.328832083978161
603,4.315787195865104
12,4.306129730427652
127,4.283702604378096
50,4.279235980522781
