item_id,predicted_score
96,5.513740211547166
195,5.147527497546986
173,5.081083806952707
301,4.954320054409019
174,4.927753544689909
228,4.888648844095648
434,4.884848895299413
192,4.874254862663378
199,4.788884201729555
166,4.786495244185731
