item_id,predicted_score
64,5.0424287908033225
12,4.876877996327594
328,4.84994272704567
408,4.5956521375831
165,4.558971850557861
22,4.474376474870433
603,4.466088797355417
515,4.448860009230945
1142,4.434978154346285
480,4.390284736427547
