item_id,predicted_score
513,4.6561037679898405
15,4.611971093215743
9,4.556479394322141
134,4.523661098825326
589,4.517979575855079
318,4.5058377397271006
48,4.480867088898881
64,4.4722329439878665
169,4.471732096184147
408,4.437936608538048
