item_id,predicted_score
408,4.5366446514451875
169,4.5316877797622475
64,4.475873278723202
483,4.438423474765647
318,4.4337855017048255
357,4.413017364316177
603,4.404490603150449
12,4.397066843422006
127,4.371704775593869
50,4.368769776423491
