item_id,predicted_score
50,4.929614484307259
12,4.893929520551279
269,4.851350026903647
169,4.827724152164242
127,4.807466039743399
190,4.793953130256261
480,4.714154575400594
165,4.710212795877174
603,4.698009614829605
100,4.682189504482232
