item_id,predicted_score
64,5.298667264518164
169,5.227459955701438
313,5.156747065641958
408,5.091207131399161
1449,5.083943650381982
178,5.077205385166366
318,5.031495659101978
603,5.028985648662596
199,5.014463386769734
320,5.012651645982111
