item_id,predicted_score
169,4.3652080175446235
408,4.35610406815401
64,4.300969559375081
483,4.262514805294697
318,4.257288373145311
357,4.2301614860831105
603,4.226040449263546
12,4.221506713166517
127,4.196779985517148
50,4.194664136285895
