item_id,predicted_score
191,5.183719606493227
318,5.057810441688243
483,4.939621340332183
172,4.898932989915077
320,4.859664185148347
151,4.854101542482823
408,4.836838935705608
127,4.835711547356057
143,4.80895193345167
427,4.803220104114994
