item_id,predicted_score
408,4.333475863843785
169,4.316546189162644
64,4.273372735219851
483,4.230862439942842
318,4.228445222123275
357,4.211776272600923
603,4.199792583697956
12,4.179399457909804
127,4.159321917989946
50,4.156963132455414
