item_id,predicted_score
408,4.794721714836157
169,4.787204285020512
64,4.731856455839059
483,4.690604073057603
318,4.687858629255436
357,4.665461425219853
603,4.656388932484696
12,4.644732265009914
127,4.621634152503398
50,4.619462669706908
