item_id,predicted_score
408,4.47292522999002
1449,4.462657923202791
246,4.412636350913851
611,4.343480711212256
463,4.3422996301218815
512,4.336559202077981
14,4.319231670826595
170,4.3138528867151615
156,4.293393399553202
659,4.290418714494903
