item_id,predicted_score
408,4.381237474741057
318,4.2986597949061816
169,4.294002543009457
50,4.256779357973628
483,4.255615407593566
12,4.2344040751020895
64,4.222047050457305
603,4.216516046592688
357,4.190664546987597
515,4.174117223512519
