item_id,predicted_score
302,4.976145269703675
50,4.954989293601359
313,4.9451041471144705
483,4.816697196212
169,4.758180969179983
357,4.726431527111561
408,4.709799175389423
96,4.676873324143579
963,4.633776926487702
79,4.62450124605496
