item_id,predicted_score
169,4.119239535735164
408,4.113492885894046
64,4.054564310674906
318,4.019761055646609
483,4.0181601540790375
357,3.9957791086932257
603,3.9808324836183786
12,3.970873641334872
127,3.94856521621542
50,3.9441274892595892
