item_id,predicted_score
408,4.976322808433675
474,4.889724641658732
182,4.820477036664808
1449,4.7976480934381325
169,4.773498143345051
513,4.770426009712487
603,4.733887272038364
480,4.709743501321393
199,4.706473553082946
56,4.700614836014662
