item_id,predicted_score
64,4.29710013223763
258,4.226789042859515
169,4.098086950076945
320,4.095311236230468
408,4.0752431539332985
316,4.0470782500186235
191,4.035802854906472
1449,3.9976464809867087
178,3.9820925149089152
251,3.9810532212409893
