item_id,predicted_score
408,4.268912511284392
318,4.195929860587343
169,4.1933962889009715
50,4.150173433916004
483,4.1479796851631825
12,4.133200656461186
64,4.122942007928338
603,4.115819772556581
357,4.088184628403284
515,4.070617058711346
