item_id,predicted_score
169,3.9316686189967327
408,3.921997241254633
64,3.860811059472381
483,3.8239601278148334
318,3.8211735679100216
357,3.8039628122241957
603,3.785348134621294
12,3.7780638698021147
127,3.7566218760645045
50,3.7493293985233693
