item_id,predicted_score
169,4.376594016781565
408,4.3713200139411645
64,4.314296692179172
483,4.278794171950439
318,4.27823347658742
357,4.253079862715225
603,4.242479179448654
12,4.235129749354921
127,4.210829253562403
50,4.207454478112498
