item_id,predicted_score
173,5.792127606892356
222,5.305087515906722
114,4.955603420371391
83,4.951457309727735
121,4.950986963077581
156,4.919090783362385
22,4.886396649875456
196,4.808137113895985
143,4.761056760517786
190,4.729226055183232
