item_id,predicted_score
408,4.342113785835296
169,4.26463339242544
50,4.22590340726233
483,4.223872346007196
12,4.206315015509106
603,4.188619939935395
357,4.162738028083264
515,4.143737753809342
480,4.136441908723264
178,4.119536404143255
