item_id,predicted_score
515,4.993291611365369
265,4.952578731578812
144,4.913255277822044
22,4.896260585456333
114,4.868515846008927
169,4.793545828351936
174,4.776154779769451
408,4.76886321679603
421,4.753435004615053
204,4.73740452543041
