item_id,predicted_score
174,4.926357844224764
408,4.890306057648156
50,4.882441916160502
56,4.846532300299941
318,4.837667773963945
169,4.823072180219934
64,4.816116234882047
98,4.806538536046788
191,4.780233193635354
480,4.747050557783903
