item_id,predicted_score
169,4.451360401030608
408,4.44225540692165
64,4.384701824256132
483,4.3471789009822634
318,4.346877962814975
357,4.31957384339141
603,4.309480988309585
12,4.302220249848179
127,4.2789332519319565
50,4.275733986164153
