item_id,predicted_score
408,3.917274717550392
169,3.8354318476141085
318,3.8295835006190937
50,3.789905056531142
483,3.7881652636217633
12,3.7656206401662313
603,3.7570472508437542
64,3.7536407046269744
357,3.7228788974459373
515,3.710301470025131
