item_id,predicted_score
408,4.738798218343928
318,4.668912118179116
169,4.659168020898561
50,4.6232596272618975
483,4.621842676429808
12,4.603154050633022
64,4.590611881755148
603,4.584135747939632
357,4.560025347117478
515,4.539145237456263
