item_id,predicted_score
169,4.616491131128454
408,4.61570503816189
64,4.5620684817225365
318,4.523118234403331
483,4.5214061719536165
357,4.491704840753047
603,4.486687513120252
12,4.472114840018506
50,4.4504165883396825
127,4.450199261486935
