item_id,predicted_score
408,4.628602460784021
196,4.560719962624155
269,4.363713312488114
479,4.307916625309956
272,4.176086516086508
753,4.1628437347178835
483,4.161679208399968
320,4.122135711179048
191,4.106826626621585
484,4.08783158587974
