item_id,predicted_score
408,4.5681982092000695
169,4.491103953125574
12,4.432143676779758
272,4.3417389083250075
513,4.335517200238335
114,4.291645964271248
474,4.2909640691542865
127,4.2823135491354245
89,4.261598868618348
199,4.2496443400485076
