item_id,predicted_score
408,4.3697131293410125
169,4.291799159915735
318,4.291544696227596
483,4.247720367193045
12,4.2291829620685935
64,4.217310019693626
603,4.215673706206555
357,4.185885919943863
480,4.155440408559348
178,4.1390575421007485
