item_id,predicted_score
408,4.657068500575098
318,4.593924411852755
50,4.5458886700314025
12,4.527188586960988
272,4.435694934053172
127,4.3757445152056285
302,4.347478213499487
190,4.345001110434676
187,4.334607969581721
313,4.328628863010104
