item_id,predicted_score
408,4.071650862790283
169,4.063393518786095
64,4.020687987527532
483,3.979017665686981
318,3.9772496116529124
357,3.954200559022608
603,3.9478078214523444
12,3.92746957070119
127,3.90747608793521
50,3.9070097444711696
