item_id,predicted_score
496,4.92876523244924
863,4.923570940881653
408,4.900049778514796
64,4.875313081092876
480,4.821213432859692
513,4.796433629462279
659,4.78028678185466
8,4.776943973797541
1449,4.764089595387413
97,4.731943203462909
