item_id,predicted_score
169,4.785944300266779
185,4.780283576914152
483,4.743909436821634
641,4.723307736736661
488,4.69468606768978
135,4.689377815025459
1449,4.653928254717048
56,4.600809332202314
183,4.599988949332193
513,4.594623206385279
