item_id,predicted_score
483,4.850040383376401
515,4.811311164303078
64,4.667773068881006
12,4.663477725102066
313,4.5649418370528885
181,4.553053969135952
143,4.495306651744455
479,4.452987647009406
863,4.4420198108903675
172,4.433746499211083
