item_id,predicted_score
408,4.135033622301585
169,4.133591521122061
64,4.077025892903916
483,4.038053567510131
318,4.034601746216181
357,4.011898262494691
603,4.00354478791545
12,3.9934760813233225
127,3.970069483559586
50,3.9675033436182736
