item_id,predicted_score
408,4.096552664162401
169,4.089971935552161
64,4.031581300975807
483,3.9929098332438904
318,3.991869072137781
357,3.9713008284525824
603,3.957805454855418
12,3.9474206791309485
127,3.923870603397792
50,3.9201280751690635
