item_id,predicted_score
169,4.342922923053398
408,4.332905140572261
64,4.2746554788796205
483,4.23669439898571
318,4.233292712313022
357,4.211898258257025
603,4.198816903240635
12,4.191701538402496
127,4.169572626361943
50,4.164367645930179
