item_id,predicted_score
59,4.33801334085695
275,4.192857611743382
194,4.118357175789894
230,4.107385833830444
470,4.104879552244559
1019,4.09560360124733
169,4.084596360160196
1449,4.027624690847774
316,4.009508056321666
432,4.008833698503314
