item_id,predicted_score
408,4.439346044020015
318,4.367740104507025
169,4.357992150929315
483,4.321887271590123
12,4.301564459480035
64,4.2886590200148875
357,4.2592373442199944
515,4.238105961198606
480,4.229921707550583
174,4.225420385075919
