item_id,predicted_score
408,4.441179244597237
169,4.422482139810975
1449,4.293476811872523
657,4.228669161212071
114,4.157738273439582
59,4.118952769533571
489,4.093713665207402
513,4.091047567047011
659,4.090465274417173
1019,4.064345067921886
