item_id,predicted_score
408,4.919565410200763
318,4.846686060200312
169,4.835691340934866
50,4.801615917811736
483,4.8004091441829555
12,4.782784786272157
64,4.770638026675722
603,4.7597195378570865
357,4.738370979108532
515,4.717474927067716
