item_id,predicted_score
408,4.446655251262
318,4.375982078188422
169,4.369725809113387
50,4.329760752509183
483,4.3287415551542
12,4.311110462781871
64,4.29894821140603
603,4.293548664696874
357,4.267472218935114
515,4.247999181162753
