item_id,predicted_score
169,3.967501635406038
408,3.9654306586369352
64,3.9082577308938937
483,3.868908375667194
318,3.8667344819744374
357,3.8434280516939654
603,3.833386332504805
12,3.822178311088929
127,3.8001140701063982
50,3.7970780584572497
