item_id,predicted_score
408,3.9211634924058205
318,3.850107290565963
169,3.8441292252394192
50,3.8042956632876375
483,3.80168040460686
12,3.781554940247899
64,3.7700128783746507
603,3.768341863169059
357,3.739276924864302
515,3.7221672071725322
