item_id,predicted_score
169,4.348832638650346
408,4.33829574523949
64,4.283098378909294
483,4.2452571776151755
318,4.241704620502115
357,4.221502035202525
603,4.207983307701791
12,4.19868634983538
127,4.177656152172299
50,4.172287133259503
