item_id,predicted_score
408,4.283560390093027
169,4.205253733897635
603,4.128541615898006
515,4.084197635732896
480,4.074928500173216
272,4.055255392463516
513,4.048867869621805
427,4.021075507124432
114,4.003444736256264
479,4.0033438500056695
