item_id,predicted_score
408,4.4581188241604615
169,4.451350178413831
64,4.394650894463998
483,4.357006023553893
318,4.3565001289249805
357,4.333417578874039
603,4.322392179722951
12,4.312932977016835
127,4.2881485335110305
50,4.285444984356876
