item_id,predicted_score
143,4.985985034272586
12,4.936304858474276
15,4.823230340020229
429,4.708182822701239
69,4.662720749283164
531,4.5903760449447155
28,4.585665894828545
511,4.545512778538035
210,4.5087005453798445
191,4.493761607342807
