item_id,predicted_score
408,4.8341390082570665
318,4.770486808799702
169,4.763760146866626
50,4.720250294478507
483,4.71440388855718
12,4.697574173197116
64,4.689827076140735
603,4.686876669496508
357,4.654734291628433
515,4.641390352947757
