item_id,predicted_score
408,4.4322819927123485
64,4.397696368674843
12,4.198203331773515
176,4.179010824562303
480,4.174852709547682
199,4.1666923588563085
1142,4.144618594957233
11,4.1118788841868925
98,4.103698341440999
302,4.081279566394889
