item_id,predicted_score
408,4.540200853901303
318,4.463705338055854
169,4.458695216626446
483,4.41702080346935
64,4.384457706707816
603,4.381621565070777
357,4.353148997824897
515,4.337582791247684
480,4.322032967918058
513,4.311105781412119
