item_id,predicted_score
318,5.267494410349122
313,5.241294759519971
357,5.220226726008341
657,5.081577591502947
1449,5.052343302045155
56,5.042563974031158
64,5.041607038801234
474,5.0411238668589355
169,5.030124824669017
427,5.01579506696364
