item_id,predicted_score
408,5.380520072590607
179,5.165267026726205
474,5.09072466287333
127,5.059779431710562
180,5.035828637488676
480,4.99368257690894
12,4.977571104873507
285,4.963873432656309
187,4.906303275288106
89,4.885922473968572
