item_id,predicted_score
408,4.083020409548716
169,4.004521723259784
318,4.003470904273285
50,3.961548318160911
483,3.957822987516747
12,3.936457756961838
603,3.927844693166185
64,3.9256251388941577
357,3.8943449695265224
515,3.8804094871928765
