item_id,predicted_score
187,4.534193095902274
515,4.5224660371933325
408,4.519361561400861
114,4.509449977307946
357,4.488075180232487
127,4.478467312596937
318,4.47025063112254
169,4.440023094514399
480,4.391141627458602
427,4.383181222085957
