item_id,predicted_score
408,3.890107797908777
169,3.8871464800000295
64,3.8318602306602876
483,3.7930527920275736
318,3.79035962632596
357,3.769201825915505
603,3.7587938582161877
12,3.7470045647826264
127,3.7243326060708815
50,3.7212743916092186
