item_id,predicted_score
169,4.661139995015984
408,4.652527601836212
64,4.599804013325523
483,4.561331960044798
318,4.558472558509233
357,4.5347988963477635
603,4.525173094147085
12,4.514499804042404
127,4.493084979163758
50,4.489631053639249
