item_id,predicted_score
318,4.2399179622950385
50,4.195029905982211
483,4.193170592736725
64,4.163168892716699
603,4.160586946304934
515,4.113726818564492
480,4.10242555481034
178,4.089587277296554
272,4.0844162414866405
513,4.079755394642057
