item_id,predicted_score
408,4.505514728097607
318,4.423883101802939
169,4.416510791966118
50,4.381993024819915
483,4.381694167318422
12,4.36116780132948
64,4.348043634276087
603,4.339565050567964
357,4.316982238849185
515,4.297962150120373
