item_id,predicted_score
408,5.215369306584334
318,5.105934533139935
272,5.085635357321622
513,4.999718206011065
483,4.995420255392136
190,4.981689510072848
482,4.9813016920280555
657,4.971462475080042
1449,4.9677775630011185
169,4.9497808889428585
