item_id,predicted_score
408,4.343350512057369
318,4.293777630020626
169,4.282737553863711
50,4.239888302939343
483,4.23173830885064
12,4.214870961054222
603,4.209196570312837
64,4.207690400532653
357,4.174502401751503
515,4.159189699038241
