item_id,predicted_score
408,4.640990622750487
169,4.6253250819098115
64,4.5770773603538775
483,4.539543863880039
318,4.533311143827047
357,4.5160513077248545
603,4.5080913019869575
12,4.4998395560720885
127,4.4731419127422205
50,4.470625022956967
