item_id,predicted_score
408,4.737585614114072
169,4.734468920041286
64,4.679672105419964
483,4.640872679127838
318,4.637500751298584
357,4.616363330889369
603,4.606838127575322
12,4.595530165276536
127,4.572540781907381
50,4.569652370494453
