item_id,predicted_score
408,4.531050357805665
318,4.46704041623118
169,4.454941467388888
50,4.417849504309998
483,4.4149097981488366
12,4.396653894064879
64,4.385777451748092
603,4.379540547605996
357,4.353864729447705
515,4.3352514304434
