item_id,predicted_score
408,4.653704799929624
169,4.649746416024079
64,4.599370889443054
483,4.558687639904563
318,4.557362887323155
357,4.5334305745045995
603,4.525422695800733
12,4.509182396132657
127,4.48813452687381
50,4.486702751946447
