item_id,predicted_score
12,4.898050579349846
127,4.813427889240136
168,4.647467835500825
169,4.5835223032500405
430,4.54021826888099
199,4.535432452037422
302,4.523223680902322
512,4.484500029160956
408,4.477486395743915
179,4.459694859066351
