item_id,predicted_score
357,4.497052909066944
408,4.48844033982779
515,4.436289542034213
480,4.4156761936203655
657,4.396629039707737
169,4.393782383863627
64,4.386376567607419
318,4.376527176874035
603,4.307094517706236
1449,4.3023179596142125
