item_id,predicted_score
408,4.3290471264944665
320,4.103480302379496
134,3.9808430467959286
963,3.979541550730958
302,3.973380078444949
315,3.9436547033582645
699,3.890819734228704
89,3.845059769714678
221,3.8207147758543356
644,3.7931156068605265
