item_id,predicted_score
863,4.4898411672427745
496,4.444048935946549
190,4.377298365791519
97,4.312288382980701
315,4.303767151733903
429,4.2477587456055526
603,4.21866370914608
213,4.202115973134023
136,4.191292861236587
651,4.187578350473014
