item_id,predicted_score
408,3.7581317372841236
318,3.6900178003273143
169,3.6826801599516874
50,3.643191921781513
483,3.6414174869147233
12,3.624722262959574
64,3.6131160113942604
603,3.6070022261653136
357,3.5810859127797388
515,3.5610868792325294
