item_id,predicted_score
408,4.2805188614035075
169,4.274065405205701
64,4.207339522588199
318,4.170844389685018
483,4.169135309105662
357,4.152588550438017
603,4.131550755512683
12,4.122513618444621
127,4.099357018623342
50,4.093219307125231
