item_id,predicted_score
408,4.554937101777827
318,4.488514687901179
169,4.482006295706991
12,4.422580897094923
515,4.359522724123067
272,4.3303209292835465
513,4.320654176813135
427,4.299143096674998
657,4.289375855767344
114,4.282357136271977
