item_id,predicted_score
169,4.740023332548306
408,4.727659175619947
64,4.6728737616264215
318,4.635991354503639
483,4.635254908661227
357,4.6062950247711765
603,4.597195985895325
12,4.589099278027515
127,4.566431478913447
50,4.563757497192621
