item_id,predicted_score
169,4.526752842017031
408,4.513108068116447
64,4.460801999259138
483,4.42302216871404
318,4.419143896809665
357,4.398050050398602
603,4.385629412619673
12,4.376150425538975
127,4.355541117330317
50,4.350368612188784
