item_id,predicted_score
169,4.410683924712381
408,4.398442414576948
64,4.342880929699565
483,4.306280746198643
318,4.301997446573777
357,4.277893272990456
603,4.268713871643614
12,4.264298288455473
127,4.24039574496729
50,4.236231003462566
