item_id,predicted_score
313,5.1446171931427465
318,5.106552570645351
64,5.058940998201542
69,5.015401027687837
190,5.013426567681941
483,5.003660320076534
79,4.99404920179862
98,4.981145323209114
96,4.9686712129165045
963,4.962245454575477
