item_id,predicted_score
408,4.508414983717957
318,4.426979329515526
169,4.425192335218175
50,4.382125469082936
483,4.375969358864022
12,4.354169850756138
64,4.346815702000395
603,4.345230113920871
357,4.311015962995242
515,4.304247200558867
