item_id,predicted_score
169,4.303006044263318
408,4.294812517533203
64,4.239610142765981
483,4.197084655150025
318,4.196842407844546
357,4.171725120647304
603,4.159797057668646
12,4.144474470680408
127,4.12617128917799
50,4.122881252710173
