item_id,predicted_score
100,4.502058850354253
272,4.409638484111011
1449,4.40127334074726
12,4.390822113724642
223,4.345623619904736
127,4.317506639695491
313,4.285807875821678
511,4.267083371323774
480,4.258995428081978
302,4.224264812804923
