item_id,predicted_score
408,4.525432593310052
318,4.456200357220973
169,4.449000128335889
50,4.410498523059124
483,4.4082728036843495
12,4.390793720130229
64,4.3791049330681435
603,4.37382457913905
357,4.347561928104482
515,4.327463634911063
