item_id,predicted_score
483,4.357420231272412
657,4.324626177983519
251,4.23862299220717
114,4.227289659132866
1449,4.177983572006623
707,4.163065349949706
515,4.149082953577862
606,4.148868037862718
513,4.144207770916136
408,4.114905238275073
