item_id,predicted_score
515,5.168099700953129
483,5.013044780463598
251,4.994062233364105
190,4.937475270066858
213,4.9281591943078995
408,4.899535829276671
921,4.8969673888083
632,4.881854759003443
513,4.868596144467818
48,4.862619302626186
