item_id,predicted_score
408,4.16166435709048
169,4.157431875679722
64,4.0988739720297165
483,4.059264948982428
318,4.058962761806099
357,4.0346392032183935
603,4.0239340068357325
12,4.013118005913224
127,3.989779774837112
50,3.98728185371652
