item_id,predicted_score
169,4.103075104783393
408,4.100805580093595
64,4.039256461462105
483,4.001851443200009
318,3.998766845179902
357,3.9748801689187334
603,3.965478536747613
12,3.960323973970629
127,3.9351611858232696
50,3.9318045554439767
