item_id,predicted_score
169,4.621288003510249
408,4.618097269493788
64,4.561942731565182
483,4.523481194013213
318,4.521243987353532
357,4.499026055186044
603,4.4879321302990265
12,4.476689693616417
127,4.454801179592506
50,4.451223553370696
