item_id,predicted_score
269,4.913976402086772
474,4.823792616625809
197,4.6679083558030205
483,4.666927574949642
511,4.648834838404193
408,4.62765515338713
100,4.627548408401249
510,4.62244781040649
9,4.615381434858667
603,4.613931494635864
