item_id,predicted_score
408,4.504739317667677
64,4.49855459006894
357,4.44787628751618
169,4.442577355542085
480,4.428315158369906
318,4.335350110777196
513,4.326146916069241
199,4.294411881776896
56,4.28963842781093
474,4.283953180328779
