item_id,predicted_score
408,4.5446806493557785
318,4.4840119911551195
169,4.4766085599383345
483,4.430647008277224
12,4.4110389130161325
603,4.40516524222595
64,4.401537089733827
357,4.371420988117511
515,4.352736422183192
480,4.348595895688786
