item_id,predicted_score
408,4.398367816138268
318,4.315730761476305
169,4.310715281009713
483,4.27685835518135
50,4.275639466496023
12,4.253191973971816
64,4.237584239241631
603,4.235298948640909
357,4.210810703238652
515,4.190109745893683
