item_id,predicted_score
313,4.795665721570268
64,4.784698444939338
302,4.767427575791252
480,4.635016889860342
114,4.529484918789365
483,4.52697066526719
127,4.475594940538444
169,4.468862793848743
19,4.452471890286361
408,4.442878902893336
