item_id,predicted_score
169,4.299208024661448
408,4.287567931046096
64,4.232160472565369
483,4.193812643138183
318,4.191981552045743
357,4.167543867927621
603,4.155989080654837
12,4.147128080294406
127,4.1256442507441875
50,4.1214478080412515
