item_id,predicted_score
318,4.801314951931527
64,4.78980892169172
12,4.702191627020445
190,4.647550881221989
1449,4.604555313742646
50,4.599433596052412
272,4.507243634523444
515,4.35842998745418
199,4.356426280340754
268,4.335919195158983
