item_id,predicted_score
191,5.4474961889821625
346,4.98414988767557
137,4.97328785340439
523,4.970638734909164
197,4.960353144333148
272,4.8672275824561275
1449,4.859770705492837
193,4.779820030548137
242,4.747662499961173
171,4.727014406409303
