item_id,predicted_score
169,4.801979068642335
408,4.7913148700941015
64,4.737769485711172
483,4.699411347780878
318,4.697603560810755
357,4.673181506264441
603,4.662328529025752
12,4.652043728420492
127,4.630877158511558
50,4.627071790525485
