item_id,predicted_score
50,5.042500241068858
515,4.939713753752715
11,4.892439632768912
357,4.8632632851901
302,4.821783335771758
96,4.810107274293417
12,4.80725816452633
143,4.806370668281815
318,4.783086813644264
42,4.755936809887088
