item_id,predicted_score
169,4.172429125013859
408,4.163943269256472
64,4.1097204670997645
318,4.071045068646689
483,4.070531110958238
357,4.044711473582942
603,4.033572876193122
12,4.020977574212512
127,4.000422963314862
50,3.997337912805218
