item_id,predicted_score
64,4.839880310853582
328,4.650710095752944
318,4.644730497519208
22,4.603490580981093
483,4.592133218251738
316,4.579399258715089
1449,4.568821379975452
204,4.555755498913404
603,4.5369114253437886
1063,4.504341958840718
