item_id,predicted_score
408,4.27596616327807
169,4.196324006532967
483,4.1569908127469235
603,4.120494329226847
515,4.076388399113969
480,4.06949887914696
174,4.064152263413426
178,4.049547470311379
513,4.04382004176247
474,3.9959418853873037
