item_id,predicted_score
408,4.604524951649823
169,4.520413643591244
318,4.517553417350699
50,4.477979937745419
483,4.475679440745251
12,4.450809045623718
603,4.442909089350226
64,4.438518466388914
357,4.4091327004337195
515,4.396629724282473
