item_id,predicted_score
313,5.411063942819645
64,5.22577646337779
173,5.1932581029288425
641,4.980426171302123
59,4.953244274061256
657,4.934878117222651
95,4.921766394571262
344,4.881783794024381
169,4.8705109112665514
496,4.867894641708615
