item_id,predicted_score
408,4.677775324998015
318,4.607416332138072
169,4.6029072754072375
603,4.526867334965082
357,4.497648566559917
515,4.480176864945753
480,4.470840393322714
272,4.4505241748149365
513,4.444688747689983
657,4.408813534578958
