item_id,predicted_score
408,4.5521930853226396
169,4.483726908268015
483,4.438901678718401
12,4.425281832966666
603,4.409945528850419
357,4.3819491711877125
480,4.362006242106048
515,4.360200277734413
178,4.339909632863694
272,4.331601556414228
