item_id,predicted_score
408,4.418900155977481
318,4.336220756787558
169,4.334287563583823
50,4.294534051631306
483,4.290464680550889
12,4.26963300525515
603,4.256447433247376
515,4.213162719487794
174,4.201432563333864
480,4.19701793485217
