item_id,predicted_score
408,4.680428429911578
318,4.625024011119673
169,4.619361146352673
50,4.579931171180726
483,4.575711289264962
12,4.562180533962845
603,4.55005839424435
64,4.549977198318251
357,4.520987148033942
480,4.499705780852533
