item_id,predicted_score
408,4.289817606198613
318,4.220772704473636
169,4.212450478909824
50,4.174128653535531
483,4.172188409880896
12,4.155238707830468
64,4.143799554846107
603,4.136582122791836
357,4.111442625577437
515,4.091739128758149
