item_id,predicted_score
179,4.690307248528117
192,4.315383510033867
205,4.301872534031016
187,4.2574227934918305
654,4.168477931432208
1449,4.136782693594211
272,4.12295309724519
209,4.122263517409597
190,4.111889783390324
589,4.1117943285317065
