item_id,predicted_score
408,5.078328887717272
169,5.032887553985817
750,5.030970185689259
114,5.0173322996789205
144,4.861276550942173
166,4.762488453489221
165,4.689980963832194
272,4.679029843601851
1449,4.657852812036259
656,4.647925945859086
