item_id,predicted_score
169,4.8539163897531665
408,4.816693392272584
64,4.782833673671622
483,4.739565874649823
318,4.73457648210352
357,4.703989243861125
603,4.6998393591395455
12,4.685207042852932
127,4.6708311506392635
50,4.667938762760717
