item_id,predicted_score
302,5.305955545035067
641,5.252027578130007
316,5.238168459636098
568,5.163157457925344
313,5.1543837130741865
114,5.152936974794465
434,5.147980494362436
488,5.119174442653758
427,5.117978436992423
242,5.11217097188722
