item_id,predicted_score
318,3.9824341913266754
483,3.940474019724845
12,3.918295651476919
603,3.909079800471661
64,3.905910594019688
357,3.876590001408374
515,3.859933276587547
480,3.8419533866317264
513,3.8414797325009475
272,3.839019924040226
