item_id,predicted_score
408,3.7572189229939488
169,3.7350467528162046
64,3.6885932587971046
318,3.644520953959241
483,3.644091632405494
357,3.621667788639529
603,3.6120470404988834
12,3.5942397282838088
127,3.5718854478152333
50,3.5714752302197876
