item_id,predicted_score
318,4.2193420614417345
408,4.088193646943714
169,4.043357141052585
515,4.035839927883771
1449,4.030736340412629
513,4.008381235076995
474,3.9928271457607827
173,3.990826326411657
127,3.9762874399440533
357,3.9652406715580115
