item_id,predicted_score
169,4.554641108419122
408,4.550462095980884
64,4.493681109146832
483,4.455249342089639
318,4.452423465046269
357,4.4315373566744425
603,4.419309285472525
12,4.408580523531067
127,4.386916663430085
50,4.382665077657427
