item_id,predicted_score
408,4.638391673976757
169,4.634204440357445
64,4.578565490609651
483,4.540104916656739
318,4.538516245406254
357,4.516947033392573
603,4.505692895238523
12,4.494014147460619
127,4.471017181682764
50,4.467941914002875
