item_id,predicted_score
98,5.227684220115675
483,5.026965827026416
316,4.910420130074005
114,4.87511080543827
963,4.865217612289426
1449,4.864398333737559
511,4.856068844295613
79,4.844675725168538
427,4.843565614870717
357,4.828010879141797
