item_id,predicted_score
12,4.468308339835529
603,4.453581451303335
357,4.425839155904191
515,4.407080998182361
480,4.397784832398586
174,4.39436877881659
178,4.382389529094668
513,4.376917183980103
657,4.336212308048893
474,4.328479144468484
