item_id,predicted_score
100,5.023830948802871
269,4.867995358432644
320,4.763301161037434
483,4.73782453647227
357,4.736917601633765
474,4.679204702371994
124,4.65162616194293
205,4.651511300479443
285,4.646284515162547
246,4.626588300049566
