item_id,predicted_score
169,4.31105663350579
408,4.301827691952557
64,4.25477653891916
483,4.21594776987202
318,4.210420986200537
357,4.185846925274398
603,4.181386142144288
12,4.1703297980460965
127,4.148639223229035
50,4.146571888053598
