item_id,predicted_score
288,4.658140453396684
121,4.597310872842106
262,4.568919069378129
496,4.447019973318277
732,4.430493095181516
50,4.316621866902803
863,4.304588637179718
451,4.28908403465758
150,4.251517026982005
234,4.243327038651611
