item_id,predicted_score
408,3.9025982577342337
169,3.8231893614325805
357,3.721775971481933
272,3.6767224922214536
178,3.6746644960740262
513,3.6683649691449913
657,3.6330507325184356
285,3.6165382523528478
114,3.6152260077781713
488,3.6145714332867307
