item_id,predicted_score
408,5.379282772940938
169,5.332345484403892
320,5.312085020171395
64,5.2653443784431815
318,5.249246484789305
127,5.239011814578625
483,5.22915071288317
178,5.204538185593062
197,5.182078026486385
357,5.179178377751177
