item_id,predicted_score
408,4.13273585241963
318,4.06715501632953
169,4.061060758569988
50,4.0176756788240455
483,4.015190474537647
12,3.9961727063478465
64,3.9852912187765366
603,3.984539489489218
357,3.9538789862350026
515,3.9380725530229563
