item_id,predicted_score
408,4.083060122777651
169,4.07799545899567
64,4.0258312045556
483,3.9869586606261413
318,3.98471452667304
357,3.959744916725675
603,3.953592619048318
12,3.942324174599085
127,3.9182315903260854
50,3.91707809548259
