item_id,predicted_score
408,4.419670003021171
318,4.351378494000946
169,4.34313679198099
50,4.3065485015759
483,4.3029049719656385
12,4.281670452057378
64,4.269685405107323
603,4.26961295009871
357,4.240698422520395
515,4.221457667787826
