item_id,predicted_score
195,4.740420810342519
313,4.413196558783952
96,4.36038219899105
56,4.293918862916785
144,4.271259850311813
127,4.18901131533977
268,4.177261980410826
64,4.162393074486966
23,4.156203018976027
285,4.128126993085049
