item_id,predicted_score
124,4.517081688407879
169,4.405599101963996
408,4.368684020745735
272,4.347829525075429
205,4.2497784309602835
302,4.2444154243191345
12,4.201793517686713
132,4.157830263354511
603,4.074590537235639
178,4.043606248701596
