item_id,predicted_score
408,4.2650727319502035
169,4.185668325391043
64,4.116790824500807
603,4.110195120368987
357,4.085606064170723
174,4.053116068352272
178,4.042355724958464
272,4.041662001708129
513,4.037125374972283
427,4.004354283572254
