item_id,predicted_score
483,4.531857841863342
302,4.527275818980619
50,4.51984180473236
474,4.465516495283775
185,4.445716546569119
479,4.433024445354697
134,4.423419698806639
64,4.421703817895343
98,4.405234317237077
169,4.401716743382595
