item_id,predicted_score
174,4.575412357468871
318,4.328639968897798
96,4.316666049445354
50,4.298131803456865
12,4.296043092495005
202,4.25108397594237
316,4.24094109091987
144,4.21834354846607
651,4.164924279627222
511,4.159784219206314
