item_id,predicted_score
64,4.080248584780978
143,4.0137165163792865
22,3.891810896506379
12,3.8510162968406236
117,3.822551113224316
480,3.7578011302900314
174,3.7494056758817735
515,3.7411438834808703
28,3.7313940317773606
15,3.7241140558541583
