item_id,predicted_score
50,4.749569941131829
199,4.68248718969236
511,4.606137942498578
408,4.602688999261847
12,4.595657300388842
100,4.563906036184137
483,4.5627134861378185
64,4.5429188549453015
127,4.518751141947797
114,4.514169133782245
