item_id,predicted_score
318,4.0555896441596735
169,4.043179411590616
483,4.004156880214474
12,3.9885972210816054
64,3.97739729160284
603,3.96813464279423
357,3.9448097138577185
515,3.9233896673141375
178,3.9029112036611675
513,3.8824847226309873
