item_id,predicted_score
169,4.800124381088262
408,4.787025639777186
357,4.736539050502546
480,4.6795738339680275
12,4.677164243032074
100,4.647864436143222
302,4.6359602309504355
285,4.628363934246754
272,4.617999422043832
1449,4.605018190771318
