item_id,predicted_score
100,4.996652963094789
64,4.771174334677342
169,4.705826030790888
114,4.685938269891617
98,4.671011250105787
1449,4.658325804756046
408,4.657680886915468
515,4.651110632722257
56,4.646967392995105
357,4.640655058294765
