item_id,predicted_score
408,4.0930934013877085
318,4.032752509477382
169,4.0286490184530335
50,3.986018735725897
483,3.9833628750246377
12,3.966676816373117
603,3.9562929371477353
64,3.954235162044961
357,3.9254273565786635
515,3.902521267021674
