item_id,predicted_score
313,5.083465334667415
169,4.963344342363606
408,4.94794682955954
64,4.867119903039935
174,4.793235057123116
272,4.752759217311496
480,4.748640313850673
199,4.7425254984071215
520,4.707689851675207
1449,4.677920615137468
