item_id,predicted_score
408,4.4430082870467915
169,4.433977413789757
64,4.390892209256647
483,4.347303439847546
318,4.342567161217832
357,4.321919710447466
603,4.316251869494944
12,4.2963216181870045
127,4.276762703805381
50,4.275964603172789
