item_id,predicted_score
169,4.775760433381532
187,4.757701721713834
318,4.7051432956044135
12,4.660960396682741
180,4.659181413871703
8,4.658931742414685
114,4.61114470673585
195,4.604218322947647
144,4.573156668044158
165,4.517749165855653
