item_id,predicted_score
169,4.397419851962738
408,4.393987719630307
64,4.34003713873377
483,4.300655344409992
318,4.3002544829938945
357,4.27523762434033
603,4.265321683678859
12,4.251454441037995
127,4.230530506890365
50,4.228024289060347
