item_id,predicted_score
408,4.5895692518220175
318,4.515708075136661
169,4.50995794072945
50,4.470179078490141
483,4.467402606308114
12,4.445610516749303
64,4.43426171732957
603,4.433368667087942
357,4.403532238294999
515,4.388553741990558
