item_id,predicted_score
408,4.760469894741158
318,4.707170361629093
169,4.68187448789804
50,4.654602276888362
483,4.652679265145452
12,4.633095607250136
64,4.620241795134775
603,4.60951012807099
357,4.5914271344786
480,4.568415132364707
