item_id,predicted_score
169,4.642758506934191
408,4.6384319592117444
64,4.581604983715722
483,4.543727603741653
318,4.541132108220036
357,4.517852512830842
603,4.507801984908276
12,4.498817388280729
127,4.475840363844106
50,4.472411575917174
