item_id,predicted_score
408,4.308475822322664
318,4.240614927415486
169,4.231285005954567
50,4.192513035010201
483,4.189246623350331
12,4.168447084808304
64,4.157592328924822
603,4.155260944251435
357,4.126480567950346
515,4.1107006806624256
