item_id,predicted_score
408,4.51466912457746
169,4.435007460603309
50,4.395196175754369
483,4.393254751656399
12,4.373572614523885
64,4.362059872821807
603,4.358112837791457
357,4.330384116709873
515,4.313812108844209
178,4.287885017189827
