item_id,predicted_score
98,5.171426161184729
134,4.9749332373332695
114,4.942535268772026
408,4.912148301054493
23,4.8860142318262145
603,4.875038321451277
483,4.8667293219121115
169,4.863793381935085
479,4.834103097225144
480,4.827884903847645
