item_id,predicted_score
169,3.9168297577656133
408,3.9130203326492308
64,3.8657801754109027
483,3.8265356418706533
318,3.8218030303545674
357,3.7973481438793746
603,3.7933621121240315
12,3.7798630882639075
127,3.7582326268345407
50,3.756953895695722
