item_id,predicted_score
169,4.536685047616815
408,4.523411969278489
64,4.462613454564558
483,4.42639767115095
318,4.424401309556059
357,4.399823126487789
603,4.386950844896602
12,4.384238293194165
127,4.360083058323088
50,4.354885073610624
