item_id,predicted_score
174,5.006550498124129
328,4.934351948704467
265,4.754001789560293
313,4.653072742066598
69,4.585418240435665
513,4.573504158090287
199,4.556755506163487
963,4.4855419921876765
527,4.482128109306985
28,4.477522395213251
