item_id,predicted_score
127,4.546702799788729
169,4.419876267775522
187,4.332226827953871
134,4.299270884165869
408,4.289849762112766
12,4.277158964386789
114,4.269600200385957
318,4.240123084338077
272,4.22922592243332
1449,4.226880654415167
