item_id,predicted_score
408,4.538579113818195
169,4.53808321061678
64,4.48433343709844
483,4.444075338407501
318,4.444023032047622
357,4.419817492702152
603,4.40967972735221
12,4.393386222351783
127,4.373075650372137
50,4.370914142364442
