item_id,predicted_score
408,4.090417112213431
169,4.08910302412123
64,4.029637703378929
483,3.992297356369354
318,3.9882657661119936
357,3.967633593477279
603,3.95721807586959
12,3.9500016461547514
127,3.9254161286664155
50,3.921677068287571
