item_id,predicted_score
169,4.655626127168947
408,4.654265776481217
64,4.602788040916251
483,4.561077912053596
318,4.559343657100315
357,4.534491195613404
603,4.526971499669106
12,4.510069171077818
127,4.4904351587567595
50,4.488897700741906
