item_id,predicted_score
408,4.233733598383074
318,4.171570567933149
169,4.15850831007381
50,4.121348263356701
483,4.118728826114314
12,4.102611946840623
64,4.092030657292279
603,4.082837255928489
357,4.058891543775867
515,4.0392113664148495
