item_id,predicted_score
302,4.984487890428397
357,4.965799558630876
269,4.945870936879028
100,4.831531286366393
480,4.811681831402731
127,4.790667535000787
408,4.756914053729645
313,4.752080802849851
45,4.744647832206385
238,4.739250241947557
