item_id,predicted_score
100,5.053447249743671
408,4.9769653256142234
134,4.944931628114437
12,4.896409175615789
169,4.894529151917107
285,4.830541152003551
474,4.823434228228708
357,4.805452117233252
180,4.803846655780896
165,4.772424963854665
