item_id,predicted_score
169,4.406482997595547
408,4.402858114318287
64,4.341927611070514
483,4.305944372812598
318,4.305604654228196
357,4.287000971906255
603,4.2689126920634415
12,4.259162271733868
127,4.237129387372233
50,4.231027589717424
