item_id,predicted_score
408,4.028827025804352
318,3.9492449068789504
169,3.9449520495353685
50,3.905525838294993
483,3.9035973647448836
12,3.8848954571852183
64,3.873934734560011
603,3.8668146489886808
357,3.8403745657610497
174,3.8129635507299815
