item_id,predicted_score
169,4.226710408820313
408,4.2134022075765065
64,4.150306534719998
483,4.118573844068026
318,4.115947225260503
357,4.094952402388625
12,4.0807931195155165
603,4.078883135471703
127,4.054147020907436
50,4.047092335042361
