item_id,predicted_score
408,4.347045577142381
427,4.1624371557672655
483,4.1153678628466235
272,4.078502282682966
12,4.06020669802053
320,4.059705867141725
963,4.054623606040207
178,4.052461117606498
187,4.050339281860229
1449,4.040593259399234
