item_id,predicted_score
408,4.724264648073882
169,4.715181290433576
64,4.664070849617543
318,4.62387727640844
483,4.623672118853433
357,4.600509866730299
603,4.590243825211779
12,4.5748276633012654
127,4.552717866592029
50,4.550993935997581
