item_id,predicted_score
169,5.03723726455333
408,4.92190946810647
1449,4.889389169166124
12,4.877713801797291
474,4.876701268792942
127,4.864331525605324
513,4.845760443711049
114,4.836417064375431
480,4.822365920570437
603,4.812084433315964
