item_id,predicted_score
169,4.162458056508558
408,4.143984737213786
64,4.087741552265967
483,4.052644127643437
318,4.046568033945794
357,4.026571038507609
603,4.0133535682843045
12,4.011867981079511
127,3.9883415818408756
50,3.98159393405146
