item_id,predicted_score
313,4.7162433400019586
641,4.423462305866558
393,4.405191526730915
238,4.382887227155011
28,4.364780468335308
408,4.364504202624992
520,4.3589534851546015
516,4.349284006360268
603,4.347468329703042
966,4.347365580143073
