item_id,predicted_score
127,4.3776510985603565
192,4.375043287220961
56,4.266409279239736
357,4.247260926968874
180,4.1913382863074835
187,4.180926864620974
408,4.179109099024105
23,4.178084279574318
114,4.168556743470273
480,4.160985332164562
