item_id,predicted_score
50,5.302771591121135
483,5.135615305385771
127,5.093246899930439
172,5.046186451583117
511,5.019229126060081
12,5.014294927411649
100,5.001776679776234
181,4.9347842644830715
185,4.917443451308943
23,4.887185884728403
