item_id,predicted_score
56,5.122115211543923
515,4.858955191242182
1449,4.757239757453425
318,4.730632882632427
93,4.725800436421095
9,4.684336448797821
185,4.647227736782174
114,4.6352882288801975
603,4.596161114414435
42,4.574591139036538
