item_id,predicted_score
408,4.235391872976546
318,4.15475051825693
169,4.142365209003789
50,4.110336619526476
483,4.109645935038888
12,4.088391760969716
64,4.076252674082243
603,4.064117343938223
357,4.043739660392918
515,4.026968022587344
