item_id,predicted_score
408,4.2068977629883415
318,4.13432102838105
169,4.128935886217689
50,4.089668784750764
483,4.08756571970706
12,4.069990926719158
64,4.05841738162843
603,4.05305199627852
357,4.026380287727407
515,4.007202236437753
