item_id,predicted_score
408,4.296398847674905
1449,4.282820053158316
169,4.2662707527169985
483,4.220629758295459
603,4.1675586170024514
320,4.148486569163037
641,4.1382658948668505
114,4.134046924401849
657,4.133942523725815
178,4.127254427793415
