item_id,predicted_score
408,4.407031165040404
169,4.347541766058734
318,4.344739884205785
50,4.299179022962364
483,4.294094936609968
12,4.2801350209311675
603,4.274268797137876
64,4.270242039148304
357,4.2382521653223035
515,4.2183016018120725
