item_id,predicted_score
318,4.69178094849174
50,4.643755894017974
12,4.624254033818008
64,4.613042025937656
603,4.604520243080211
357,4.5808246660085565
515,4.560140192516439
480,4.557512555969087
174,4.547663732241054
178,4.536417197410775
