item_id,predicted_score
169,4.0574503568439555
408,4.045365348916757
64,3.994711048787394
483,3.9566152454479284
318,3.9519085638886917
357,3.92990289920119
603,3.9202030038277034
12,3.910432269458539
127,3.8893600255425174
50,3.885172811245685
