item_id,predicted_score
515,5.009907824651402
328,4.899563169476882
298,4.587313953899738
45,4.479738358265663
745,4.460409368159564
528,4.458502565910438
657,4.4465008230243095
255,4.436133444609075
19,4.408589125711221
513,4.406976221825086
