item_id,predicted_score
408,4.937143333802713
64,4.734418689649624
199,4.685970306989993
269,4.586575184854905
318,4.585673401457838
528,4.552696045377309
320,4.53570274292218
526,4.525370417967206
657,4.484412231842858
479,4.465962150851952
