item_id,predicted_score
318,4.829708817013724
127,4.826471233422432
511,4.52716472428941
408,4.513809937857621
64,4.469900566824603
285,4.445113925274878
187,4.400540449564456
513,4.366410923568437
169,4.34671653800946
313,4.325176149002327
