item_id,predicted_score
408,4.027316808567741
1449,3.9413963378245267
199,3.8633710559838983
114,3.8483555429741556
12,3.843815043439568
963,3.8160499211008685
513,3.813701595408373
64,3.8089232430267956
966,3.7921822204382725
528,3.784029812951646
