item_id,predicted_score
100,4.889336579349716
313,4.801949641286335
515,4.774672365703901
483,4.770043297145928
56,4.700338737305339
357,4.6928512483202685
318,4.691424326140926
474,4.642341160757743
479,4.64046359572118
482,4.623445533299657
