item_id,predicted_score
9,5.500636273135769
127,5.385545050501616
515,5.379484412710802
56,5.071452981060046
197,5.0661691027099325
479,5.008362579969653
408,5.008176277301276
320,4.9521846067077675
357,4.944832708304682
286,4.923928545387405
