item_id,predicted_score
408,4.5556093400537385
169,4.48145837323978
64,4.410786170650803
603,4.406176802346767
357,4.379879937363134
515,4.359654846715004
480,4.352640089278854
513,4.3233313155935855
427,4.297080953896489
114,4.287703445281241
