item_id,predicted_score
133,4.917850087114525
496,4.901999421362299
64,4.893891404352984
483,4.781728553909648
50,4.779861766415188
515,4.696152163783416
320,4.684989799901102
169,4.680646982262391
423,4.667866753209749
143,4.665665162577923
