item_id,predicted_score
169,4.667236303938661
1449,4.560342403531574
408,4.534373560298265
98,4.484779727424847
427,4.409228783476102
114,4.389381218425833
8,4.36456016030764
659,4.36412406693226
483,4.343953497482463
484,4.334594409310777
