item_id,predicted_score
1449,5.190345417544453
196,5.100606507244271
199,5.091493050029774
513,5.0362989237854245
22,5.034981354502038
1019,5.012234489071344
863,5.001245382894693
489,4.986577808903772
114,4.982768663062904
966,4.960298501537435
