item_id,predicted_score
169,4.558860932600527
408,4.55803633016385
64,4.502634480457026
483,4.461678153175657
318,4.458315081078302
357,4.435615880816656
603,4.426991249746195
12,4.413696117126062
127,4.392628094399873
50,4.390088348943941
