item_id,predicted_score
483,4.535306118937398
515,4.3663120277860274
169,4.2963567454929255
408,4.293438591947497
1449,4.283625546425954
318,4.283071471340605
357,4.27730589286774
272,4.2740893707944245
320,4.233043493727203
427,4.227624178874747
