item_id,predicted_score
169,4.144404019626606
408,4.14080562584035
64,4.078599573446242
483,4.040239939814953
318,4.038054675571682
357,4.019193167931027
603,4.002991517044162
12,3.993742390254821
127,3.9719914153987013
50,3.966287846354956
