item_id,predicted_score
313,5.028098202776814
94,4.841174416063532
208,4.683776727692329
96,4.659443065515092
294,4.59071995231559
118,4.522939407190475
250,4.471859759557007
173,4.418869714103674
88,4.391767525257969
22,4.336776063795583
