item_id,predicted_score
169,4.441220915551232
318,4.440213156002684
50,4.394783337978228
483,4.389268976778259
12,4.3761023148719
603,4.370301216636825
64,4.365626329743282
357,4.335004780187773
480,4.313472030292246
515,4.311498542178774
