item_id,predicted_score
408,4.2561109015137575
169,4.250733436276048
64,4.201146274291341
483,4.162224621463213
318,4.159944190961337
357,4.134258974104859
603,4.129529196307962
12,4.117177402256867
127,4.093249016653441
50,4.092713558469117
