item_id,predicted_score
169,4.406154522611662
408,4.384017231740607
64,4.334648827348143
483,4.296616401290858
318,4.290702731483148
357,4.265897560406819
603,4.257834887281928
12,4.252479955616575
127,4.231024966277637
50,4.226489657053079
