item_id,predicted_score
474,5.326275492803771
408,5.098676152139555
56,4.9670636796146965
1449,4.840434048291743
357,4.798090084033347
515,4.796395712325749
528,4.777315372926154
169,4.764743542454082
923,4.757598417791796
320,4.732732874487282
