item_id,predicted_score
408,4.7545246324735135
318,4.687640222266923
169,4.686421691673945
50,4.639035980879033
483,4.633174401000659
12,4.614937184516806
603,4.609350217852854
64,4.606897393858538
357,4.572911094740556
515,4.561272149495102
