item_id,predicted_score
127,4.772869582730302
48,4.518009497640454
269,4.506411264056572
588,4.371138569374521
513,4.357342382079022
924,4.257252075542537
69,4.222394969781863
203,4.187500401554936
357,4.182789278412647
171,4.160129869595857
