item_id,predicted_score
169,4.506762331519945
408,4.501674220272877
64,4.438607181466688
483,4.4036158762535775
318,4.401329567698167
357,4.375494840052486
603,4.36616104978599
12,4.365293328734025
127,4.338006708013827
50,4.334437647939954
