item_id,predicted_score
408,4.218810235990565
169,4.128472575319163
318,4.1246767921396215
50,4.087840502817945
483,4.082924000408773
12,4.057777196207847
603,4.049772199015359
64,4.047771548879908
357,4.015356471605886
515,4.006388635970386
