item_id,predicted_score
419,5.443701821479892
144,5.361785796137731
143,5.124671629769349
378,5.031741372634625
98,4.827435747350919
963,4.81913938389665
265,4.777366302535409
480,4.746463984621348
64,4.730786274503345
318,4.714171637389534
