item_id,predicted_score
408,4.3942102121648
169,4.3238172440574685
474,4.149012217585901
1449,4.143244627584426
515,4.075023111800487
513,4.0744589590169795
199,4.054108267834428
528,4.026485798514208
489,4.017410945055157
657,4.017312838640921
