item_id,predicted_score
318,4.804344331678132
408,4.741605680537017
191,4.694504031889969
514,4.669801918412165
169,4.661543827903482
320,4.593080094362957
56,4.570697978760828
205,4.558300515200418
357,4.533403331864961
483,4.532465473415223
