item_id,predicted_score
50,4.854868210691748
79,4.822741350507869
169,4.801212445038936
172,4.797857008409209
64,4.775608843934019
12,4.76938727219528
135,4.747581651765539
98,4.726247306796984
127,4.6615234358274265
480,4.65926107275278
