item_id,predicted_score
1449,4.803711192949274
408,4.801105685391898
318,4.7637194255262285
657,4.750159176454427
169,4.7047906597019855
320,4.6958232496172
199,4.690899466404784
190,4.685285933762135
515,4.659346641764135
483,4.655394190804215
