item_id,predicted_score
169,4.654771802777098
408,4.648706539588036
64,4.593596864977281
483,4.5548393202481305
318,4.551392945406308
357,4.526992517624566
603,4.518914085602009
12,4.509908909892109
127,4.487201521302903
50,4.484302061040235
