item_id,predicted_score
127,5.675836509483255
98,5.322759303459772
187,5.318409193281607
408,5.247306733041153
427,5.13733080716954
191,5.120524532601916
56,5.111449067742223
180,5.107580031460216
357,5.104475566243504
89,5.059767210072878
