item_id,predicted_score
169,4.394383694802035
408,4.378007026008333
64,4.32647456036731
483,4.287205594655641
318,4.286804819845989
357,4.259531810644704
603,4.248757231075048
12,4.2376963850457585
127,4.217878584992195
50,4.214241170035081
