item_id,predicted_score
169,4.474163857741105
408,4.463275100724457
64,4.408745207149473
483,4.3699676281422875
318,4.364567097025363
357,4.346726178435285
603,4.332889126365774
12,4.322937931930229
127,4.302787834917849
50,4.296881858987192
