item_id,predicted_score
357,5.30656349146472
408,5.14599269635792
9,5.139174115226448
100,5.136952986454219
98,5.131113722604694
180,5.12415158550259
511,5.121526127116345
483,4.986903673944096
285,4.97929267371039
56,4.96709706219454
