item_id,predicted_score
199,4.523712113177368
1449,4.508799606886453
169,4.426462949183897
1142,4.391939603943009
474,4.38657766768389
318,4.377206080447682
921,4.373930567145192
180,4.356157386597166
661,4.3384709761252385
647,4.336572541473705
