item_id,predicted_score
60,4.426813328770251
657,4.269295386138787
1449,4.259888017152252
515,4.223470837275479
513,4.206796317021063
474,4.194360997860065
408,4.154498720417528
168,4.137488529046209
603,4.133343514200132
694,4.127305741176473
