item_id,predicted_score
169,4.263133610013999
64,4.168968432228826
1449,4.13516622894798
302,4.0681252373069965
272,4.056433886323694
320,4.0317207460658615
408,3.9961101667577235
641,3.9688522486256224
513,3.959387879788823
615,3.926251446498849
