item_id,predicted_score
168,4.981263528989785
156,4.932025545919055
12,4.889524518002169
134,4.873845460008369
178,4.855743281331381
511,4.832879429140647
483,4.795097248006483
183,4.791797434001894
199,4.7771665139771295
185,4.748204015211582
