item_id,predicted_score
23,4.763520042686143
179,4.743903344206513
357,4.669597187520026
474,4.647462484540917
427,4.602761956726959
483,4.601645363503063
14,4.596957830161186
135,4.593069425639582
242,4.573134215853157
654,4.547518678176622
