item_id,predicted_score
133,4.856928539926863
482,4.662756921558805
251,4.535814774051692
427,4.535175738305648
568,4.531762552904824
324,4.514391229291659
483,4.48679903922451
96,4.483935326674016
631,4.466479602125885
79,4.454328059310496
