item_id,predicted_score
318,4.666438411846422
169,4.6587656242382
12,4.599218800115696
64,4.588921749453321
357,4.555117663849053
515,4.538198219247999
480,4.530475652202583
272,4.50717954550614
513,4.499101235210567
479,4.456978000752426
