item_id,predicted_score
64,4.5973852601293865
98,4.4530677441018565
313,4.39581942285893
408,4.373552736695477
199,4.3314722664116685
480,4.317061030976211
657,4.308494037466446
173,4.298999140421362
483,4.28277966021369
357,4.270826589450646
