item_id,predicted_score
408,3.9146359711847145
318,3.8507777929598404
169,3.8430842243672676
50,3.801850887461922
483,3.7981177055294664
12,3.780245642862624
64,3.7700147583107753
603,3.767599558651503
357,3.7378908615407873
515,3.7207311229276328
