item_id,predicted_score
408,4.695592883987766
318,4.618692504632472
169,4.617533945117748
483,4.574094091793799
64,4.54365747833971
603,4.541170284843609
357,4.512167086373523
515,4.494167030637339
174,4.4828676088322075
480,4.481910831912719
