item_id,predicted_score
313,4.456204154109024
192,4.3806954670867135
480,4.3609499379065
12,4.342848061661761
64,4.3353484734769845
187,4.2789237827615665
169,4.277779160279084
302,4.268502004918297
135,4.220363029363968
209,4.196199905631571
