item_id,predicted_score
408,4.798914301216247
169,4.798602297843755
1449,4.755204125762336
483,4.74262027037762
603,4.660808147255987
272,4.619630422394195
12,4.6168892740657705
174,4.599029712899082
100,4.59052669477786
515,4.589965863032958
