item_id,predicted_score
408,5.103000176398456
169,5.092950022977216
64,5.036672623311112
483,5.000225140138297
318,4.998944744829586
357,4.978501816722142
603,4.965994971970567
12,4.958119259357276
127,4.932157533093949
50,4.928713285260054
