item_id,predicted_score
408,4.384911083049116
318,4.31848746241359
169,4.311812268149337
50,4.272776913158386
483,4.268810327936208
12,4.250721446044311
64,4.239744461349184
603,4.2378028952194216
357,4.208684796446061
515,4.189151812409232
