item_id,predicted_score
357,4.670806391161388
408,4.558876544046581
178,4.372867235773345
427,4.337730642801982
269,4.289847008434563
1449,4.273870405114865
238,4.262490111118813
479,4.259495416999279
98,4.214473509656294
480,4.213868072189204
