item_id,predicted_score
286,4.459184806453328
320,4.351720570235462
515,4.318851020610764
9,4.229907893905326
1449,4.20720981558993
408,4.1988128863447045
753,4.1808033616202485
513,4.162438982480299
641,4.162365108991893
963,4.159945129711267
