item_id,predicted_score
22,4.820391997180092
64,4.8183950465622365
588,4.722202373745317
79,4.709259978859791
114,4.705688035262002
12,4.691156823429781
98,4.683282867708532
496,4.663619360936568
143,4.655152908583641
613,4.62351648256917
