item_id,predicted_score
302,4.461445075761356
169,4.322931032810869
100,4.295022920565728
185,4.251128762058922
483,4.248670579117424
408,4.230494228695422
313,4.223047297894523
272,4.18691196555804
127,4.168728875477823
183,4.166253675240336
