item_id,predicted_score
408,4.347272265186668
169,4.339539217906177
64,4.285890079975009
483,4.24633876374673
318,4.243757617971198
357,4.222846820874752
603,4.212619662411368
12,4.200693622870821
127,4.177423383605585
50,4.1747610732817595
