item_id,predicted_score
169,5.137762391931205
408,5.125432032785123
64,5.066638774466259
483,5.028541523033875
318,5.022477041983723
357,5.001611545523944
603,4.99020924679502
12,4.986367642223157
127,4.9632692229937625
50,4.957823063569581
