item_id,predicted_score
657,4.506087584449585
199,4.468588052391767
1449,4.403872917579342
83,4.373172946073391
1142,4.335457216493601
694,4.29949985961447
519,4.296122255076363
98,4.2949007233606205
173,4.259558582566791
169,4.258287048317614
