item_id,predicted_score
318,4.224349910302934
187,4.219050613251904
169,4.181822213503024
89,4.173767242782734
56,4.1690059098405285
127,4.163420642029081
185,3.9988322085130905
203,3.952153508996269
205,3.944828548503362
504,3.900674481752871
