item_id,predicted_score
408,4.06754576116348
169,3.949539317855562
1449,3.9447785646482556
1142,3.9272381303803683
613,3.898561012591937
50,3.8916227842412163
966,3.890599984858793
316,3.874712103363631
963,3.873260679517571
174,3.8638736481953337
