item_id,predicted_score
169,4.114444976571332
408,4.108628548963451
64,4.046608311765812
483,4.009029138111238
318,4.004786263005077
357,3.9815036884067863
603,3.97164085007436
12,3.9682975776432308
127,3.943229728998619
50,3.9391518403001275
