item_id,predicted_score
169,4.334940660657051
408,4.321815157058894
64,4.27108685820082
483,4.231866420199283
318,4.228828031254238
357,4.201246856963636
603,4.19495149646959
12,4.185712349813557
127,4.164032971424349
50,4.16161298194888
