item_id,predicted_score
169,4.367170808492164
408,4.36422613764273
64,4.303454165400078
483,4.265240915957037
318,4.262550864675942
357,4.241363923891751
603,4.228678893354678
12,4.2204068664164645
127,4.1974858827882775
50,4.1930463057980925
