item_id,predicted_score
22,5.059277453296373
64,4.845054488667076
294,4.821807399158394
1,4.711939123348202
174,4.568017690888328
82,4.553506474479775
161,4.492099045105993
96,4.487713984773855
190,4.483274408824076
143,4.452225162642884
