item_id,predicted_score
12,5.183865930426558
50,5.110955444790316
408,5.016248154073206
483,4.963632095435344
98,4.939397265453062
202,4.845034444173043
89,4.837070306701185
134,4.814876318813339
192,4.810660838881126
185,4.810523592406073
