item_id,predicted_score
275,5.743671676235275
613,5.432316189686565
919,5.411123671254037
923,5.270131422946476
20,5.248116177682768
611,5.199735773455262
202,5.189069152457787
89,5.157738389363692
4,5.148203555483699
172,5.147331133146007
