item_id,predicted_score
408,4.186456663379144
318,4.111394312725901
169,4.104574315779228
50,4.065158553824755
483,4.063607538750156
12,4.043829516163806
64,4.032485317772949
603,4.026717493987661
357,4.0001021890169355
515,3.9844686438407537
