item_id,predicted_score
173,5.2855776565954375
174,5.095876772754889
64,5.0953373582709816
190,4.955558760985746
172,4.9451992646533
919,4.92714715516683
191,4.911013243846953
169,4.9051082266045025
408,4.901280097513569
228,4.894626842252091
