item_id,predicted_score
169,3.752595893107275
408,3.7467755990277105
64,3.6878760559379855
483,3.6487502564846626
318,3.648352090783672
357,3.623330106835216
603,3.6115148442335188
12,3.6015276022520704
127,3.5796223948741095
50,3.5760741437913643
