item_id,predicted_score
209,4.796708551140581
647,4.759154390892846
474,4.706822023592382
271,4.59866362918882
60,4.578654918881382
285,4.4783354312206445
179,4.441333654234398
302,4.435929795748316
646,4.420473269575355
408,4.263332027357431
