item_id,predicted_score
408,4.083020409548716
169,4.004521723259784
483,3.957822987516747
12,3.936457756961838
603,3.927844693166185
357,3.8943449695265224
480,3.8623622725370788
513,3.855787312431187
272,3.8537169319768707
178,3.8508416899240925
