item_id,predicted_score
408,4.2595657333094366
169,4.184873173727205
12,4.118728548754999
64,4.1101459314326805
603,4.107734689908959
515,4.062064203833962
178,4.037950446615052
272,4.030069413978781
513,4.024823847904305
657,3.995316895329738
