item_id,predicted_score
408,4.184494208006008
318,4.120683031592103
169,4.102578635862282
50,4.070361231209311
483,4.06538431208283
12,4.04252716599937
64,4.032614122705104
603,4.027174826352858
357,4.001293194692269
515,3.986380613047387
