item_id,predicted_score
302,4.571171457139655
483,4.310306218877311
488,4.224983222668896
320,4.208907874017115
50,4.160193339088979
250,4.137375336372986
513,4.126968772631716
22,4.093510334186635
1194,4.076857691383137
656,4.075175308752867
