item_id,predicted_score
408,4.045359520186947
318,3.9781485903386447
169,3.9619784412707832
483,3.9270268659021723
12,3.911479250115106
603,3.884676930308141
357,3.8659169831198756
515,3.8461428771192807
480,3.8450375632398606
174,3.8337376318712955
