item_id,predicted_score
408,4.245201080983232
318,4.17468602833034
169,4.170633417177508
12,4.109876610943211
603,4.095531416291713
272,4.020140026742839
513,4.013797698035592
427,3.9853519205406625
657,3.97311087349848
114,3.972082515014407
