item_id,predicted_score
408,3.9806200144549955
318,3.9124638881045435
169,3.902982308469746
50,3.866886417935716
483,3.8663295819888837
12,3.8502545476750423
64,3.837236622607799
603,3.8284564379835277
357,3.806273664520677
515,3.782436092483258
