item_id,predicted_score
408,4.248627974120236
169,4.243702074751112
64,4.177584514006057
318,4.13721909942106
483,4.136417779564131
357,4.114938483648566
603,4.098924205727358
12,4.089162002027218
127,4.066525212189468
50,4.062271249351228
