item_id,predicted_score
173,4.712212900802577
22,4.467063378991453
143,4.433685998379942
174,4.363347016777423
169,4.34817747898553
496,4.342912214798711
318,4.339031535345097
64,4.290366551839389
144,4.288188263437339
429,4.26595833027731
