item_id,predicted_score
603,5.913208773673105
169,5.9097634053510255
1449,5.9049198306004005
515,5.901654222704927
12,5.856398813230531
641,5.853144874614162
408,5.82783462730401
483,5.8013801801279286
479,5.792553527838478
64,5.792098456077537
