item_id,predicted_score
408,4.531931416711231
318,4.4485976067751345
169,4.44852068141246
483,4.407895563430571
12,4.388262347121093
515,4.325922852871913
480,4.309812063585198
272,4.300286949140014
513,4.297761203579214
178,4.294791158189704
