item_id,predicted_score
408,4.404582460490447
318,4.333712685546516
169,4.331538489522041
50,4.288644034290176
483,4.285988871423564
12,4.267753765716072
64,4.25636534312681
603,4.255952414625415
357,4.225176794113639
515,4.207294804773911
