item_id,predicted_score
408,5.0593872291272435
318,4.982877792992867
169,4.979854071918578
50,4.940627419214794
483,4.939260597320408
12,4.921826945417233
64,4.909460564647295
603,4.904110679860153
357,4.8778923187625605
515,4.857502797161645
