item_id,predicted_score
483,4.432714009108413
474,4.4116974164033484
169,4.404608874527623
515,4.3992350007738645
357,4.379612856513857
64,4.3746761381419494
56,4.354614820895388
127,4.349384796181765
100,4.3376676836595776
479,4.333725549511286
