item_id,predicted_score
169,4.3099721444705414
408,4.299400394607817
64,4.246603001340655
483,4.208061947310639
318,4.206466756751987
357,4.180893667104772
603,4.17117613593419
12,4.160647890441187
127,4.139378519595755
50,4.136103832168988
