item_id,predicted_score
408,4.492629271529903
318,4.4281233352456875
169,4.415319046681452
50,4.38158296623416
483,4.38074624690248
12,4.365057022816816
64,4.351993601763242
603,4.341735737767096
357,4.321266997989832
480,4.2971019666777925
