item_id,predicted_score
408,4.711577999881476
169,4.707139014339235
98,4.689603150960852
357,4.652617037097871
272,4.632802956315773
318,4.614001065415835
178,4.597218169134641
12,4.593421741719936
320,4.567019591845159
496,4.551061282072094
