item_id,predicted_score
408,4.255641916731917
318,4.186712410269249
169,4.18058356503454
64,4.1094124706674835
515,4.058233511722461
272,4.030779313246006
513,4.023676388443739
427,3.9961432512146358
657,3.985564493478324
474,3.9786277270354544
