item_id,predicted_score
408,3.594394057231413
318,3.5453130408389315
169,3.5326973410397637
50,3.494732826204645
483,3.4895831437578493
12,3.471503206319161
603,3.4626721408829235
64,3.460059520088721
357,3.4322030369622256
480,3.4093109854872514
