item_id,predicted_score
408,4.255145484903531
242,4.234284126285117
654,4.123488001878565
432,4.045317171088445
320,4.027870954708752
589,4.017806498766937
493,3.9980665756387364
60,3.9447384292876397
315,3.9350266761466703
488,3.8717080067635843
