item_id,predicted_score
56,5.008550528995523
357,4.988615513393321
98,4.892145392512793
127,4.788823254874375
318,4.766821952540482
197,4.715848951340004
64,4.709069716842507
173,4.6764588803575275
603,4.672527316777445
203,4.645330578657655
