item_id,predicted_score
408,4.5164170953938
169,4.446920685671246
318,4.437599877191113
50,4.392207731131364
483,4.390493851445438
12,4.378314707224249
64,4.369445932818068
603,4.366013385135289
357,4.331845489793621
515,4.319012614574591
