item_id,predicted_score
408,4.418733456651171
318,4.355832777258422
169,4.34631566837007
483,4.306440458396057
12,4.2900529237277505
64,4.277612642821875
603,4.272044234173533
357,4.247027941019089
515,4.224496169649992
480,4.221274751469851
