item_id,predicted_score
483,4.81137869121192
285,4.727462570955831
515,4.6982191918322105
408,4.696765230925183
169,4.654343204559924
357,4.6185946152538335
134,4.59837645883879
181,4.569506959851054
1449,4.5508234396502845
479,4.542897928035195
