item_id,predicted_score
408,4.398449001106597
169,4.392681793232809
64,4.337484211527962
483,4.300298145759844
318,4.2962627434723135
357,4.2712839789362915
603,4.266593920071015
12,4.261133806208941
127,4.233919700723501
50,4.232621124585967
