item_id,predicted_score
408,3.708033207336296
318,3.6349379492658396
169,3.630071936499717
50,3.589846967978953
483,3.5874438753791495
12,3.569027160905915
64,3.557808978327583
603,3.55366234306737
357,3.525670544527881
515,3.508194189381537
