item_id,predicted_score
408,4.70686356034715
169,4.690933522623449
64,4.641835002887612
318,4.600903771210107
483,4.599652536224976
357,4.577841178855232
603,4.566737518150782
12,4.549686438219743
127,4.527624016952391
50,4.5263482743034915
