item_id,predicted_score
408,4.231486418757016
318,4.167648931737082
169,4.151751551692898
50,4.120026962030532
483,4.118710384898301
12,4.097472697717921
64,4.083835205573218
603,4.078542903883249
357,4.056006798744041
515,4.033460153053797
