item_id,predicted_score
222,5.191764486787714
173,5.163345841448898
98,5.151429618600612
168,5.023705093175107
514,4.939583986131419
69,4.915634490349674
197,4.881087240090234
169,4.859914731016327
511,4.836891940797855
659,4.820588048881176
