item_id,predicted_score
1449,4.434431779986722
513,4.389567202313831
98,4.386296665063882
603,4.380245961959353
427,4.368302072200181
199,4.3620444695157765
480,4.3443839283521895
479,4.3282563627897455
320,4.324131338447775
185,4.30727009105902
