item_id,predicted_score
408,5.3690788807088765
318,5.320280466932802
169,5.302425427445471
50,5.265522171222096
483,5.263628321002096
12,5.248912183448749
64,5.237310884613404
603,5.2291196118116785
357,5.206294329222776
480,5.186140189945128
