item_id,predicted_score
408,4.883140957632922
318,4.81932681715071
169,4.805929625938885
50,4.768606316728168
12,4.7495608066294785
603,4.729247525419135
357,4.705561009564512
515,4.68735175451203
480,4.682825014032126
174,4.67405840414555
