item_id,predicted_score
318,3.6619605394172865
169,3.652715864043132
50,3.6066366449381553
483,3.601202010457025
12,3.589441372655119
64,3.5809044904816916
603,3.5795685017408507
357,3.547487809150984
480,3.5318480217932633
515,3.526957551523826
