item_id,predicted_score
1449,4.524900440493137
169,4.523179977513143
408,4.517609570888059
12,4.488391701256355
50,4.486517532968539
64,4.447696101829566
199,4.44054702895888
647,4.401648068752678
183,4.390863364416421
98,4.3845075897313395
