item_id,predicted_score
169,4.257410887255389
408,4.247126124003534
64,4.194857161375642
483,4.155817745795882
318,4.153307777370595
357,4.129398817372169
603,4.119197148462738
12,4.10780000697288
127,4.087194372886937
50,4.083570227713837
