item_id,predicted_score
408,4.410486089420569
318,4.345106788621941
169,4.342020295704268
12,4.277467648122353
64,4.267684897064324
515,4.217289472074099
174,4.205758455690735
272,4.185471495613314
513,4.177248976438856
114,4.147070369968201
