item_id,predicted_score
357,5.385646966007526
187,5.377503364509064
276,5.292657851845351
134,5.262951550443336
114,5.1974768865892615
302,5.171511532218296
511,5.1624623571744515
1449,5.113938655115274
480,5.051016171412598
8,5.005896749690425
