item_id,predicted_score
313,5.155602735867227
64,5.154560803618525
318,5.032915556171096
173,5.001135007164646
357,4.962420709997001
22,4.900739786503003
169,4.898002893241103
190,4.889137265325422
198,4.835921966383307
480,4.812852967778668
