item_id,predicted_score
408,4.53615210987423
169,4.534047329278034
64,4.483622993960899
483,4.444826468470037
318,4.4418894880369315
357,4.4190866691524855
603,4.411808257424029
12,4.397860753819336
127,4.375702757587016
50,4.373866956215118
