item_id,predicted_score
408,4.593219389618942
318,4.517000895931078
169,4.5149008937634365
50,4.471621226084985
483,4.4688767705022485
12,4.455643782901281
64,4.446665793888659
357,4.409236450043452
515,4.393171809450685
480,4.387740052722107
