item_id,predicted_score
408,4.97088139917003
235,4.968979323286177
313,4.81787116231704
512,4.812103391375521
169,4.731703545580313
168,4.654136571218852
497,4.5856118003810415
151,4.553269806393889
480,4.509323245209647
154,4.498108322500274
