item_id,predicted_score
408,4.603248076812859
318,4.549415011561512
169,4.54324107966462
50,4.499633954764308
483,4.495000187361784
12,4.480740250489511
603,4.470848890401196
64,4.470443040006783
357,4.439202569186484
480,4.418336729546744
