item_id,predicted_score
59,6.0490582755504985
169,6.03845358790206
408,5.923763203434792
513,5.853311404103788
251,5.817853340948244
268,5.748111688925551
114,5.738073034412861
189,5.721126825557474
1449,5.7056345989694135
1240,5.661377246647104
