item_id,predicted_score
408,4.331741880076077
169,4.315130819325623
64,4.268160354184147
483,4.231386380745502
318,4.230477653802401
357,4.208610857652487
603,4.199708542815341
12,4.188729699575299
127,4.1623600724936045
50,4.160925365913522
