item_id,predicted_score
408,4.28459958908767
318,4.21830407517011
169,4.206860075588296
50,4.170796382715712
483,4.168790077406662
12,4.150333697425914
64,4.138388958656378
603,4.131907782783246
357,4.10744421932755
515,4.087099106448034
