item_id,predicted_score
169,4.216144341297598
408,4.215614433939486
64,4.165502269421422
483,4.124289083577299
318,4.122688256912395
357,4.095780516714482
603,4.090832510712353
12,4.074427672023929
127,4.053806421687418
50,4.0533257184362705
