item_id,predicted_score
169,4.207943845718545
408,4.176566346389541
64,4.132318430709771
483,4.0942788107764185
318,4.089574844860193
357,4.0598003985342235
603,4.054019345946085
12,4.049084233900312
127,4.028428599010267
50,4.024610842756564
