item_id,predicted_score
408,4.91817756715267
124,4.891863953721524
320,4.881770585426499
258,4.82911617299489
187,4.812676363150499
127,4.792498543728616
182,4.666750433646632
272,4.65135263558448
192,4.618812415904657
276,4.571730303837932
