item_id,predicted_score
169,4.75017242959321
144,4.713861528534433
313,4.549045257490359
963,4.482848260301059
408,4.476717357231087
96,4.396812518992023
143,4.394175693026332
316,4.329440610169075
210,4.323209301385543
64,4.317801798416183
