item_id,predicted_score
408,4.349966450663513
169,4.2725437525916545
483,4.230097701651784
603,4.196574242865013
357,4.168440254113166
515,4.150370031512833
480,4.140180603865343
178,4.124485965473595
513,4.1182364530295255
427,4.087536896132809
