item_id,predicted_score
408,4.396933546494012
318,4.340185198116537
169,4.32272585716262
483,4.2886619735570415
50,4.288634525329248
64,4.261804695338488
603,4.248554402047367
357,4.230287773449758
480,4.208769740428224
515,4.204462302589308
