item_id,predicted_score
286,5.379078108611867
507,5.346444186554057
285,5.333351291105174
14,5.198727199902483
483,5.171893172474058
98,5.141863953782804
134,5.121609339560531
178,5.042839309988254
137,5.036758536751272
515,5.023720113552418
