item_id,predicted_score
919,5.438735651441714
60,5.217163662014126
173,4.958939557769428
433,4.945604594994764
179,4.933366164516492
408,4.926624152427713
168,4.922216661305754
12,4.876717447836171
187,4.834785529358529
923,4.832779044222278
