item_id,predicted_score
408,4.664046974877869
318,4.603831213695454
169,4.596768532285049
50,4.553421940948235
483,4.551322588995289
12,4.534387407028053
64,4.5229871016876615
603,4.521662023393793
357,4.492096138352446
515,4.472948706659928
