item_id,predicted_score
169,4.264997395058117
408,4.258140028666237
64,4.202420409474712
483,4.164595551716078
318,4.160434591107248
357,4.139915659298963
603,4.128361914853879
12,4.119412625136083
127,4.097312862357473
50,4.092751876104818
