item_id,predicted_score
50,4.97052015921727
185,4.689895833069674
172,4.661940888005212
181,4.6462049817813895
483,4.629764953060729
302,4.520691558219463
199,4.517168510828578
178,4.480174326491957
100,4.477826487377113
174,4.418720948679963
