item_id,predicted_score
1449,4.478864958213609
213,4.444796961816004
98,4.432981293493362
275,4.419429561589235
1,4.39967505527716
603,4.396978052292519
429,4.391495165511322
735,4.388634126744003
22,4.375860384667106
606,4.373486805255676
