item_id,predicted_score
168,4.773062786937457
199,4.757490456510101
114,4.6616360493448825
173,4.645129134385435
178,4.627066831432863
136,4.576255601077511
1449,4.57472218654824
169,4.541989415727655
661,4.517118276576195
603,4.514607242803029
