item_id,predicted_score
408,4.723008019969819
318,4.650337588286363
169,4.642977394872319
50,4.605591125674926
483,4.604003733122686
603,4.567371331811603
515,4.522226924255736
480,4.512659944690773
272,4.4981066003049115
513,4.493196522442083
