item_id,predicted_score
408,4.909747254838614
169,4.90125631245693
64,4.847094710400507
483,4.808201196327735
318,4.804781436590764
357,4.783135259877614
603,4.774575843030887
12,4.765257970651105
127,4.74035140549256
50,4.738047115973457
