item_id,predicted_score
169,4.419395278287249
408,4.409106200726279
64,4.352403691633083
483,4.314533181946616
318,4.309827489573464
357,4.2901725864768325
603,4.27710721551796
12,4.269586336085072
127,4.247814495294529
50,4.242282020629135
