item_id,predicted_score
169,4.432044014240028
408,4.429328417158784
64,4.36807831727966
483,4.329245126428284
318,4.326581640667412
357,4.307671128881444
603,4.292524440126144
12,4.2825411263483275
127,4.260944026508326
50,4.255639991609006
