item_id,predicted_score
199,5.275484132003792
83,5.2658386586898605
408,5.195719343784522
169,5.192699954874271
313,5.184193210046154
1449,5.157677234980468
1194,5.12879203221275
64,5.126558878785654
966,5.031629668493379
190,5.019142338734866
