item_id,predicted_score
169,4.298001788448293
408,4.290618746566479
64,4.235211017038569
483,4.197158435542066
318,4.194094992150422
357,4.171635628797671
603,4.160724456996806
12,4.151398550393112
127,4.129351741059472
50,4.125323991602348
