item_id,predicted_score
408,3.8372893836803224
318,3.7681677071742574
169,3.7589636855937547
50,3.720692497893286
483,3.7176597015038917
12,3.697572193518857
64,3.6866693040174066
603,3.682798134026422
357,3.6550805098520134
515,3.6386873749511137
