item_id,predicted_score
127,5.049137877185787
483,4.9864949540152645
100,4.980792856043774
302,4.9529254672899246
185,4.94934189196283
12,4.896582007305996
169,4.894327694712238
480,4.871538395418004
408,4.857689633439023
313,4.832380884034965
