item_id,predicted_score
133,4.1316665703143025
143,4.106613538774802
169,4.075853441424663
483,3.9918356765137974
190,3.986000627451198
64,3.9708511588472795
174,3.9578236938224527
318,3.9345051811981286
408,3.9295238095680864
83,3.9192642847053
