item_id,predicted_score
408,4.6216927424950995
169,4.54531150097976
12,4.483477220496955
603,4.467825641952747
357,4.440313786048879
515,4.425386803996211
480,4.414528436361791
178,4.406324421035124
272,4.391284311719064
513,4.3881692363583324
