item_id,predicted_score
169,4.325290389382181
408,4.3089894077307695
64,4.256882688563415
483,4.219806914931777
318,4.217076999197927
357,4.193223226239857
603,4.18164721213863
12,4.1737003977200215
127,4.152389646423453
50,4.147609306688223
