item_id,predicted_score
408,4.532119898558172
318,4.46099683780475
169,4.455768232242972
483,4.415564621460327
50,4.415525843409711
12,4.39806428528729
64,4.384856889475733
603,4.380031328966024
357,4.354444351303646
515,4.333304746462184
