item_id,predicted_score
169,3.953285500934182
408,3.9461243809339424
64,3.8903333744887068
483,3.8522243173333894
318,3.8510689656777455
357,3.8254588536695135
603,3.815564436111925
12,3.806122516004968
127,3.7836728612115693
50,3.7805525675906884
