item_id,predicted_score
474,3.837982878938229
1449,3.7998506938157943
483,3.693189685011701
603,3.6437826505490336
641,3.6302036283200323
427,3.630055666990482
64,3.6257822800699504
606,3.6223955366056915
515,3.5774859650464794
408,3.570358198689226
