item_id,predicted_score
408,3.8455769688648442
169,3.8453823012205346
64,3.788000621931983
483,3.7491580337293087
318,3.747295157360351
357,3.72409852845012
603,3.7141883968213287
12,3.7028408035690186
127,3.6802568589313585
50,3.6774479380204097
