item_id,predicted_score
64,4.836844317965256
98,4.701498903316125
59,4.598158598639439
408,4.59112184763249
89,4.555274794251183
127,4.440618521609117
496,4.42635684413178
180,4.4126151745420685
318,4.411922992211146
191,4.41134913666102
