item_id,predicted_score
408,4.652104639554203
318,4.587632040174985
169,4.580676546702494
50,4.543077676360182
12,4.528832831645955
357,4.485994977899461
515,4.456883786004283
480,4.455617704920037
174,4.445686749608297
178,4.436265990544406
