item_id,predicted_score
408,4.128165855755856
169,4.123186805296053
64,4.066665723379081
483,4.028820258701635
318,4.024078174448643
357,4.006921555546814
603,3.9946081279909924
12,3.9852815197421956
127,3.9615677226444865
50,3.9571908729667857
