item_id,predicted_score
408,4.53531709025342
318,4.479013760681576
169,4.462778446959855
50,4.428894003149182
483,4.426702573936004
12,4.414346241088363
64,4.403005238591651
603,4.389472710211293
357,4.36994418301665
480,4.35276475995956
