item_id,predicted_score
286,5.242645010771253
408,4.848452471902096
170,4.6143976315468525
306,4.6009837805244675
512,4.594542277707955
528,4.5181601847951
509,4.49644157295405
60,4.465142155124001
923,4.424261025272902
963,4.4161403587420835
