item_id,predicted_score
631,5.009194158544212
249,4.773178917234137
474,4.744038219968148
251,4.734406076209839
428,4.730056710530618
315,4.663904633225682
657,4.6201222373048685
1067,4.601209238270844
644,4.568724141478864
582,4.546501063148682
