item_id,predicted_score
169,5.112605514930613
1449,4.996544944359729
50,4.923399770529893
12,4.890308550122066
483,4.8695459938431
100,4.833823675983051
272,4.814525026931094
174,4.810994591951039
480,4.775190975139711
178,4.761947370406562
