item_id,predicted_score
408,4.003996776036321
169,3.9940732174282885
64,3.940401439510866
483,3.9004930827536963
318,3.89980839520029
357,3.8753060005593407
603,3.8666604139374874
12,3.855274562864331
127,3.8309603472505205
50,3.829522462753717
