item_id,predicted_score
169,4.557865287782785
408,4.536581361443524
64,4.488275704927134
483,4.450788365362068
318,4.44666492380756
357,4.4211266319123945
603,4.412323686787032
12,4.4051672203732934
127,4.384117163776082
50,4.379822343511864
