item_id,predicted_score
169,3.822620233229946
408,3.795713788033544
64,3.755598717441391
483,3.7136708020406415
318,3.7094733492538885
357,3.6812745502381725
603,3.6753360379587536
12,3.6614292633222707
127,3.644882940410107
50,3.641916107590217
