item_id,predicted_score
408,4.758006762786392
318,4.68655933203872
169,4.680226833049871
12,4.621113573481204
64,4.6099217315894165
357,4.577278538060562
515,4.558951814602578
480,4.5508267367434625
178,4.534166496367563
272,4.530343055071917
