item_id,predicted_score
408,5.236712817015407
169,5.1386603227525685
114,5.108699285109921
480,5.072579547665014
64,5.062659672709879
1449,5.04534983614429
199,5.02244483788709
483,5.016004525075913
302,4.994928795934119
318,4.993945546410471
