item_id,predicted_score
64,5.022512316171083
603,4.82327055687574
1142,4.796108996677196
1449,4.771261601759046
483,4.761771259696369
19,4.758257497514898
178,4.74454834559068
480,4.743447682565009
269,4.719614596962517
408,4.718971226628363
