item_id,predicted_score
408,4.750071506156845
169,4.732038457537743
50,4.718008933390055
12,4.707278087053305
1449,4.669763342455606
174,4.668703567419208
272,4.624055287075397
98,4.612283508334928
427,4.6117131449874345
480,4.610918610767767
