item_id,predicted_score
408,4.544897800878142
169,4.543480568611797
64,4.48460391995705
483,4.445129587566442
318,4.444305763051911
357,4.422543728022178
603,4.4096140646278235
12,4.397109722670452
127,4.375424151935782
50,4.371816194564001
