item_id,predicted_score
408,4.65342581430657
169,4.584881514424394
318,4.5821809929209625
50,4.533156767654034
483,4.529418631912753
12,4.514287922654473
64,4.506359780550598
603,4.504997468266718
357,4.469799819716796
515,4.4589936510127455
