item_id,predicted_score
169,3.9505080612818295
408,3.9470020804705976
64,3.8907431411844153
483,3.8536318371423826
318,3.851549196410282
357,3.828325154725038
603,3.8180691797032313
12,3.8087426298261575
127,3.78554698654043
50,3.7821798121044927
