item_id,predicted_score
408,4.11361253325794
318,4.043800877152885
169,4.032986405029466
50,3.996791994413817
483,3.9937180832217436
12,3.9740420260919964
64,3.963173735858295
603,3.9569196714583277
357,3.9311191141304267
515,3.913922525153165
