item_id,predicted_score
515,4.1055031849736565
178,4.083930411187059
272,4.075907248705729
513,4.068440751490003
657,4.036434401746645
114,4.028591516094018
285,4.022785258627354
488,4.021085263384477
173,4.008394083920524
89,3.996700901667528
