item_id,predicted_score
408,4.516047467818626
318,4.443611062284763
169,4.4399810101442245
50,4.397243701687765
483,4.393353612470825
12,4.3752436183810115
64,4.365738328696072
603,4.3625581968028495
357,4.331858738079861
515,4.317575987842296
