item_id,predicted_score
408,4.138163689756423
169,4.0616855962568845
12,3.996198002540513
64,3.985885405555587
603,3.9847582985520456
515,3.938080142811609
480,3.924744013687432
513,3.9050543496260746
427,3.8749462747611387
657,3.8653789673450403
