item_id,predicted_score
64,5.386543068999999
483,5.275179575536571
1449,5.1929979108243485
641,5.189125630181259
513,5.184356694423615
22,5.173131362779916
174,5.14891292023661
603,5.142182149215186
169,5.138599792412855
427,5.130407697654993
