item_id,predicted_score
169,4.2049705691036054
1449,4.164251506546184
427,4.163553551956364
56,4.159431297481399
513,4.118945950353974
137,4.069549585934632
285,4.067193629592048
515,4.046926226678
114,4.009299877839839
511,4.000492240602493
