item_id,predicted_score
187,4.334253814842519
408,4.295062236326054
480,4.279001392650184
191,4.26235850066058
318,4.2110507319760595
482,4.210922042676334
659,4.174003437655942
144,4.161959420617281
197,4.144473952594846
169,4.132352131008435
