item_id,predicted_score
169,4.262471775631902
408,4.246907625833914
64,4.193149350302191
483,4.154138372345627
318,4.152368133981929
357,4.129667654549743
603,4.115475551123822
12,4.1047389551302
127,4.085391227129051
50,4.080060393099746
