item_id,predicted_score
269,4.705288183850669
408,4.601235371888604
320,4.5397104757318845
641,4.528891362140524
48,4.509725967990187
709,4.501248073988088
45,4.474265848272003
513,4.453384283911065
251,4.417376603481214
19,4.396252667322749
