item_id,predicted_score
64,4.66665133200541
250,4.458998069673005
434,4.4448484155700445
114,4.437288663779661
661,4.437013362606758
169,4.417104380729974
45,4.38755294776463
516,4.3844422919331745
168,4.340744667183597
480,4.32344736196994
