item_id,predicted_score
357,4.822305795305614
408,4.767211698074613
169,4.7387944464686464
318,4.73820722893429
483,4.706945740759169
114,4.702846776284819
98,4.684695328224862
272,4.6667486359898955
1449,4.636891879125692
511,4.616583374039657
