item_id,predicted_score
408,4.0583314417718
169,4.057285580578356
64,4.005419862287175
483,3.965720085340125
318,3.9638910788936212
357,3.9376681160560145
603,3.9321594592030222
12,3.918535160932559
127,3.8961827542111047
50,3.8953151611221437
