item_id,predicted_score
98,4.994029303385515
174,4.976278751956768
169,4.945822991183266
79,4.941288396624932
114,4.939352931901202
22,4.934103065083163
357,4.883331086844363
173,4.87332827650892
1449,4.86048063131337
427,4.858306140137594
