item_id,predicted_score
318,5.2559882883583
169,5.094908283351632
513,5.069480856124029
515,5.064910359290466
258,5.03536475833826
483,5.025321640604596
320,5.024227506585928
496,5.0230785798214175
1449,5.002768831065536
357,5.00097894918329
