item_id,predicted_score
98,5.113930936784026
100,5.107730484830768
276,4.990159603908397
408,4.924913661702223
357,4.898942739313683
474,4.860317184101766
169,4.856875023079553
8,4.839217023741984
480,4.809797122264881
603,4.758728422411962
