item_id,predicted_score
286,5.228023762233752
315,5.206878695752808
190,5.111843242790051
213,5.100815526900657
306,5.079787866789287
659,5.0785083929039585
64,5.070243922185904
19,5.047298672684819
242,4.998669505363249
98,4.996017551460762
