item_id,predicted_score
132,4.862022133831415
56,4.694495574232955
191,4.675129977961162
1449,4.655695012037118
427,4.638365962393362
582,4.636500839842691
213,4.616065016627047
14,4.611382854282876
320,4.6107130611287115
498,4.565689391329659
