item_id,predicted_score
268,4.846757151458072
479,4.640610868321412
59,4.624949343000536
340,4.6029670349762535
169,4.596476677115406
302,4.582611917121805
272,4.4933743348267114
48,4.489077814896942
288,4.482489117378975
333,4.458136768528924
