item_id,predicted_score
515,5.4079982760996685
190,5.194669731764089
921,5.191999738992357
12,5.158581441205032
124,5.0642935170237005
178,5.058445536378662
51,5.052775827349978
709,4.987672761836372
657,4.97315139855487
114,4.948798084629039
