item_id,predicted_score
169,4.1786629127560255
408,4.173605744088545
64,4.114989085891661
483,4.077481444253516
318,4.074358780382638
357,4.0503509306127645
603,4.041020849035968
12,4.034671987485328
127,4.010513544278608
50,4.007080757027058
