item_id,predicted_score
169,4.475836300834961
483,4.389646959164962
173,4.370027591129186
1449,4.326907542101708
98,4.320523706063709
64,4.306565990079917
174,4.30456275121293
316,4.298034183608924
12,4.293192651862223
114,4.277469203425556
