item_id,predicted_score
408,4.569244804360604
318,4.487060895528594
169,4.483776449277179
12,4.425310430327391
64,4.412843634881866
603,4.404138116883322
357,4.3797427312308095
515,4.363406813661108
174,4.351549572977202
178,4.335227073021745
