item_id,predicted_score
9,5.122356737992115
496,4.99002373790377
258,4.869329240137974
320,4.867407688060366
1449,4.863030453752943
515,4.849251752234816
223,4.819881066025924
521,4.811057763993925
923,4.80278180101256
511,4.793205263176063
