item_id,predicted_score
408,4.661603718250273
318,4.593265110714892
169,4.584302298125009
50,4.545567962091984
483,4.54320109992804
12,4.524624685484728
64,4.513472539584153
603,4.508121240005481
357,4.481520651953762
515,4.463764264657481
