item_id,predicted_score
408,4.469591289242746
169,4.46078421738813
190,4.33513778716038
143,4.3288774658449585
79,4.328013528679346
275,4.296349535262172
1449,4.287529115738347
316,4.275774637499894
966,4.2492892613305955
114,4.245638259135127
