item_id,predicted_score
408,4.201595604017066
318,4.122019633459961
169,4.1141236854125225
483,4.081004591447969
50,4.080768168458343
12,4.060729916735026
64,4.046532394910804
603,4.038674193130862
357,4.016991256219476
515,3.995054022215214
