item_id,predicted_score
1449,4.99941470337609
169,4.930115096544169
64,4.879835007178615
98,4.864113935083792
408,4.7934691578361
114,4.7921467857845945
603,4.778545394990775
12,4.734203528003814
318,4.728227101160935
427,4.685737185252832
