item_id,predicted_score
408,3.6733968660641025
318,3.6029794042008936
169,3.5940678471523038
50,3.557154641073673
483,3.5547251057823326
12,3.5371747959413655
64,3.5258988044351454
603,3.5183422800022175
357,3.4934877955859354
515,3.4740314293404575
