item_id,predicted_score
318,4.165588808134284
483,4.112650594827308
12,4.095378777933185
64,4.084161203908008
357,4.054093935643926
515,4.034722224043582
480,4.0277502758971675
178,4.022444547518528
174,4.021505003155909
272,4.000036710310493
