item_id,predicted_score
318,4.48697326610572
199,4.37881718259693
657,4.328028835522532
408,4.315315748950759
1449,4.308819328453948
474,4.291894110203414
83,4.27512800884202
357,4.272736491075335
480,4.252521147671851
313,4.244670518096513
