item_id,predicted_score
318,4.670387170656403
64,4.586461452417083
191,4.571193938811096
169,4.524917269878594
98,4.505033602537292
963,4.483151546726413
408,4.46400316847496
1449,4.42596807270893
306,4.408703152238462
172,4.408159397831384
