item_id,predicted_score
408,4.514783832048575
169,4.4317099740844315
318,4.428154846299322
50,4.388981212608268
483,4.385665696610525
12,4.363947971488765
603,4.354081922440161
64,4.352952543990211
357,4.3210754468127925
515,4.307877348018397
