item_id,predicted_score
50,4.681420456203918
132,4.662746380514879
475,4.634019136962969
512,4.593257295584153
23,4.473897420781274
91,4.4724790460707275
143,4.461791664156595
896,4.39767703333608
205,4.384162269844429
659,4.3590605111247
