item_id,predicted_score
408,4.562912403633186
169,4.559999049369361
64,4.5037499188770775
483,4.464590581562646
318,4.461292804932212
357,4.439168234646916
603,4.430175261282028
12,4.4198095349979205
127,4.396433304946874
50,4.393749496569426
