item_id,predicted_score
318,4.889084120082527
9,4.725869273443776
56,4.693421504817673
64,4.659874616983184
320,4.6113657570464595
98,4.58797000204992
357,4.564093116870598
191,4.552736960688285
483,4.524787259954772
963,4.521004705270814
