item_id,predicted_score
169,4.490121336842931
408,4.486743950356164
64,4.423667075913967
483,4.38794915232758
318,4.386234156591523
357,4.370338283162926
603,4.35060599442137
12,4.342335526028564
127,4.32003403093979
50,4.31287109952577
