item_id,predicted_score
408,4.351163023083737
318,4.276467143000706
169,4.268949970422359
483,4.230833652865506
12,4.213690041067055
64,4.201807672404819
603,4.192475266204796
357,4.169112625362549
480,4.1424999101356725
174,4.137870770431974
