item_id,predicted_score
408,5.116465242409384
169,5.0655313387366485
272,4.985954997383723
135,4.952754393825789
320,4.925501797154495
318,4.915708306336854
1449,4.909134605201986
480,4.901408625172901
23,4.8630930095043485
180,4.854278103195642
