item_id,predicted_score
169,4.445812291484679
408,4.431649344018885
64,4.381903937329174
483,4.346387021684543
318,4.341008204737381
357,4.321565284883327
603,4.30981677045451
12,4.301824111899558
127,4.280124799321848
50,4.27463325380521
