item_id,predicted_score
408,5.1564238487222305
320,5.085656937915035
169,5.041061630142398
302,4.990588269390389
1449,4.978083427808982
963,4.952611483463652
12,4.91599467930207
488,4.875970915493219
318,4.858488230359335
313,4.857783276118988
