item_id,predicted_score
408,4.226909956983698
169,4.226677971386032
64,4.1717537403178895
483,4.132926555995158
318,4.131662311019304
357,4.10677741656729
603,4.098524804114601
12,4.085998621255221
127,4.063525719877744
50,4.061574888965019
