item_id,predicted_score
199,4.96914343895921
172,4.9152535452589206
127,4.89502025099698
408,4.887166908875563
169,4.865988493306743
50,4.859215818580182
483,4.836718164676092
318,4.7994302804011415
12,4.788251079403111
64,4.757258521201926
