item_id,predicted_score
408,4.283287095612107
318,4.219222150246822
169,4.2104115527986545
483,4.166510693396692
12,4.147983674666637
64,4.137507689070105
603,4.134659292738503
357,4.10564412175975
515,4.088753657977172
480,4.079994930190991
