item_id,predicted_score
169,4.161095500469211
408,4.156857847911927
64,4.093873230395397
483,4.055553772158377
318,4.053823674622409
357,4.032705463030284
603,4.01792138435065
12,4.010141952168086
127,3.98753002726793
50,3.9824159261843812
