item_id,predicted_score
42,4.289573032098402
64,4.197630563709235
22,4.196059466711238
286,4.150806023987602
357,4.144486883348272
238,4.04729068499125
924,3.9954281633366957
496,3.974697787390126
98,3.9675837239785827
178,3.9405297414522593
