item_id,predicted_score
169,4.512431932436038
408,4.500633668254304
64,4.446624116566057
483,4.411509611045364
318,4.408510874731713
357,4.383998004142661
603,4.374394739525241
12,4.369277457639706
127,4.345129888462843
50,4.341089307012687
