item_id,predicted_score
318,4.410512156624161
64,4.334050086538349
480,4.275353932697143
178,4.259335057034202
272,4.253691893380148
513,4.2455159001158975
427,4.220547235729863
657,4.2116725813549465
479,4.203229248062956
285,4.198995727853115
