item_id,predicted_score
272,4.678916309990817
474,4.650853715211315
659,4.624015365279782
603,4.575312764252275
408,4.571756634565672
511,4.555988535739777
427,4.548576766126021
98,4.496765456521473
64,4.491871901671637
124,4.488104655671564
