item_id,predicted_score
169,4.645239363202508
408,4.625350580828246
64,4.5721693147552225
483,4.537249318908378
318,4.531577750329364
357,4.513569390665353
603,4.498208610963324
12,4.493745006249387
127,4.472049029761645
50,4.464577581333503
