item_id,predicted_score
64,4.297646908463564
12,4.262499203119419
169,4.148218090759974
22,4.134087975262821
966,3.9963939959606916
480,3.988849215064233
28,3.985429642182789
408,3.9661631956238503
174,3.954383865135084
1449,3.946592006923635
