item_id,predicted_score
114,4.461351551279777
187,4.446183101615444
515,4.2816377625008455
190,4.2321560534934575
1449,4.19987178496358
136,4.16235932367914
408,4.1606806267587695
285,4.143698115383259
157,4.13285406775621
176,4.126328700865304
