item_id,predicted_score
408,4.416105154649288
483,4.297622801834176
515,4.217469209413655
480,4.212007793465664
178,4.191561302264286
272,4.190681196387701
114,4.132856682131913
98,4.131365982416542
488,4.130283038897059
173,4.120942008765604
