item_id,predicted_score
483,4.787326234219482
134,4.780682831817851
169,4.687818462891286
357,4.667149938471941
318,4.660843242160279
50,4.627041023310022
98,4.62057741901875
185,4.6123571868892785
64,4.587596606635054
1449,4.575612318144659
