item_id,predicted_score
483,4.959391757717022
276,4.868175594962542
285,4.841628722097178
1449,4.80977259393734
60,4.804928458602363
408,4.788584351371394
127,4.786406534246737
320,4.769393224888469
59,4.752409412651922
275,4.739784990266608
