item_id,predicted_score
169,4.398936618922101
408,4.370880833917096
64,4.330758070028248
483,4.293621989637773
318,4.28595425589676
357,4.259677074555331
603,4.2557522367822775
12,4.249599928762587
127,4.228691538100638
50,4.225033985229668
