item_id,predicted_score
318,4.637668464155254
50,4.592146395206572
12,4.571255261934492
64,4.560237746333699
603,4.557443037379323
357,4.528235467983355
515,4.510678895943038
480,4.500829449235647
178,4.486748494526975
272,4.481623219524826
