item_id,predicted_score
408,4.232506014260985
169,4.2304627853285455
64,4.168257711963899
483,4.131890550456883
318,4.128945583038074
357,4.107260243831439
603,4.096111278045444
12,4.091316300175391
127,4.065308096585424
50,4.061444906157637
