item_id,predicted_score
479,4.676949463591966
285,4.564902371374216
182,4.532898022145576
197,4.480860831770617
196,4.470932565368112
14,4.3392208741478875
480,4.317935478085822
515,4.260146582179187
525,4.25118043766981
1142,4.241759844926858
