item_id,predicted_score
169,4.753992373020258
408,4.750538385261256
64,4.695494809712771
483,4.657723320388601
318,4.65547905475163
357,4.634385658050615
603,4.622396419228151
12,4.6105875648028105
127,4.588975363842453
50,4.585008627043412
