item_id,predicted_score
408,5.0214146976895515
169,4.948262306228002
318,4.9476670596833054
50,4.905905586609475
483,4.90398771033539
12,4.88611798543623
603,4.873988703221798
64,4.873383923862576
357,4.843624703332948
515,4.822666079832536
