item_id,predicted_score
50,4.968713963817334
132,4.660319656894179
172,4.552164086663826
143,4.536663487881734
483,4.445809749109622
169,4.423972589337924
515,4.343639484336844
174,4.29213109453749
12,4.285652034440618
8,4.273536444904138
