item_id,predicted_score
209,4.823506086247107
169,4.7026914572781
12,4.5914584396982185
60,4.579305241205478
199,4.513379714469637
408,4.489283216424068
1449,4.484883605423258
430,4.482314429078683
512,4.479418127536248
168,4.4645052567364685
