item_id,predicted_score
169,3.7607541289342867
408,3.7475455865869107
64,3.6892842027929027
483,3.6523047819308117
318,3.6513502903910626
357,3.6282834578092302
603,3.613261182391619
12,3.60619798379378
127,3.5843855331235197
50,3.5788031708246324
