item_id,predicted_score
169,4.181824068698605
408,4.180204008953256
64,4.128926700693085
483,4.090181300784182
318,4.088034410501558
357,4.063462516960195
603,4.056321677361585
12,4.042646367017498
127,4.020861424115729
50,4.019072631948728
