item_id,predicted_score
137,5.039436570977612
475,4.882018858857922
56,4.746478650144159
463,4.657931642145098
179,4.556337035945695
156,4.50970161715105
516,4.4538555211413495
7,4.438016493390168
165,4.388391063666004
209,4.360436138961713
