item_id,predicted_score
318,3.5592704097337795
169,3.55143697789814
483,3.5113187745961865
12,3.4891195709673313
64,3.4779807094228845
603,3.474932286200419
357,3.446836750215323
174,3.418121478171605
480,3.416717786232203
513,3.410011352744028
