item_id,predicted_score
169,4.395518601617672
408,4.395066742798807
1449,4.3168897170197065
50,4.2875155684184545
173,4.276155276452584
199,4.2683876315703895
1142,4.1976944882336396
174,4.174829828596277
513,4.149846155003916
512,4.147539977671872
