item_id,predicted_score
169,4.078945522020182
408,4.063522099885113
64,4.0109184246575
483,3.971318053176407
318,3.968432822055943
357,3.945393327374596
603,3.9331045468644885
12,3.9224075967642458
127,3.9029555082064764
50,3.8981397629733188
