item_id,predicted_score
408,4.6548184844002485
318,4.563072232353795
169,4.561435947592195
50,4.521080743411247
483,4.517105360827423
12,4.495336325402925
64,4.487042742352953
603,4.479390857258172
357,4.450061861326977
515,4.443116438934427
