item_id,predicted_score
408,4.163717223506905
169,4.154263856638461
64,4.098393735991348
483,4.060872226455359
318,4.058887857766313
357,4.044099128412083
603,4.026593751633396
12,4.014663071570283
127,3.991865248819699
50,3.986430084230887
