item_id,predicted_score
286,5.541914356458794
187,5.226719309937361
60,5.127016592367545
173,5.092407499711803
659,4.963970399089073
408,4.9254105099830054
179,4.874586944514977
14,4.840528778861152
23,4.802975625259663
482,4.735354405761556
