item_id,predicted_score
474,5.074377572775274
64,5.0412545770578046
98,5.038677306485191
127,5.0112472177843035
408,4.9716365924154635
169,4.96086151298516
603,4.9377290845077475
187,4.918084839765494
197,4.91780331026739
23,4.876196099422236
