item_id,predicted_score
408,4.281658397547595
318,4.213733663591942
169,4.206796526336094
50,4.167857413408773
483,4.16205614614877
12,4.140346491991251
603,4.132374384240356
64,4.130395220581898
357,4.099763929331968
515,4.08459190151836
