item_id,predicted_score
169,4.160628058623604
408,4.160598041975429
64,4.081828718777728
318,4.0478547131246305
483,4.047480164923584
357,4.031863418154173
603,4.0070419175154806
12,4.006999245604122
127,3.9809179765422478
50,3.972043747888835
