item_id,predicted_score
169,4.262524841385686
408,4.2578028296646195
64,4.201287934981824
483,4.163035448994854
318,4.158651339990462
357,4.137685565534546
603,4.1272393105131915
12,4.118365396183121
127,4.09580476367542
50,4.091761239545914
