item_id,predicted_score
408,4.67847237359721
169,4.661488995566125
64,4.606831776470031
318,4.568653018247043
483,4.567825086804967
357,4.545932402665798
603,4.5338713643673545
12,4.524186741324234
127,4.498162791949868
50,4.4960010435023126
