item_id,predicted_score
169,4.95862777918643
408,4.938468869617174
64,4.893021240608178
483,4.8558598103498305
318,4.852344430756255
357,4.828536270123792
603,4.8183246763196905
12,4.807826135938303
127,4.7881316669334035
50,4.783595943937468
