item_id,predicted_score
169,5.32524139794788
357,5.323300837319153
318,5.323056928841067
127,5.2674665568319785
408,5.266326562369586
98,5.188668474297243
134,5.183332224753837
185,5.139948498292716
114,5.12412076255449
427,5.1069066945502435
