item_id,predicted_score
173,5.17632790643228
174,5.101463276779374
357,5.0775064128957
169,5.048444894809308
515,4.981074495972161
172,4.967982458863605
313,4.9586598284175745
318,4.958322472601767
114,4.915250322678579
285,4.900062816000698
