item_id,predicted_score
169,4.685972038262051
1449,4.576456067603831
168,4.548637841099833
178,4.50882077662742
603,4.503536774830376
488,4.45307666739592
185,4.438895260275584
484,4.42613971522612
432,4.419821578967177
483,4.419725731939877
