item_id,predicted_score
50,5.2557155890700935
318,4.772517673151213
313,4.738990982114955
272,4.672481071714909
151,4.6312085704018155
181,4.58120685940746
511,4.55647998176047
191,4.512292107097435
22,4.50635322267958
963,4.498992187709377
