item_id,predicted_score
408,4.681356436907571
169,4.601554393776557
318,4.597907624874641
50,4.5589788859743
12,4.533922216361217
603,4.525873753865555
64,4.5208550553624365
357,4.492451065101341
515,4.476192104754296
513,4.458856781745784
