item_id,predicted_score
470,4.700418186691467
190,4.494498865407924
173,4.475636350921431
79,4.398246910906491
1019,4.34489208986853
316,4.319279029071361
633,4.307699077074129
489,4.297754499311002
1449,4.261454581266007
429,4.254642819024635
