item_id,predicted_score
408,4.394958075961845
169,4.384937098986393
64,4.334993943607534
483,4.296107319087468
318,4.294108346670517
357,4.273559999822463
603,4.2633644576852525
12,4.249884525585803
127,4.226644372000951
50,4.224283751522511
