item_id,predicted_score
408,3.57470429741142
318,3.514002277660926
169,3.503607013428959
50,3.4652624335189506
483,3.4643915420448836
12,3.453036752456795
64,3.4412230459128583
603,3.4291120803868185
178,3.364313033745615
272,3.352172016701126
