item_id,predicted_score
408,3.121572253105079
318,3.054075522929211
169,3.0483636570526866
483,3.0052486744540423
12,2.987669800446312
357,2.944766240635726
515,2.9254698790879337
178,2.9049661169977155
513,2.888958360309469
427,2.862885155747897
