item_id,predicted_score
690,4.572976727087151
272,4.538916660743717
966,4.533069660892359
520,4.529606496647868
429,4.503812423340148
316,4.501336906756751
613,4.473695022669705
651,4.437288406248702
96,4.433490602888732
315,4.422214586775395
