item_id,predicted_score
22,4.873511762776392
64,4.225206945369306
114,4.213888467540629
121,4.1194916161650745
89,4.051965953210331
45,4.05167003262049
173,4.03762700203838
198,4.033963346778731
87,4.022493115917966
79,4.0131027454428425
