item_id,predicted_score
408,4.138687521888232
318,4.061156630293264
169,4.054011989214474
483,4.016666419262097
50,4.016352109579409
12,3.998082176941435
64,3.985367990535335
603,3.976236651889696
357,3.953299680888368
515,3.934610186048617
