item_id,predicted_score
357,4.7349220476152745
427,4.626403317607615
169,4.5936589761942965
483,4.530532479329631
302,4.511897352476209
258,4.510440745834053
191,4.480554991190726
197,4.447318700547036
320,4.44562011934905
515,4.410816514195364
