item_id,predicted_score
408,4.282643124307676
318,4.222017738652338
169,4.20752435004369
50,4.169040034506023
483,4.169015332916549
12,4.155009782054609
64,4.143701060848744
603,4.130244339792973
357,4.109670066085508
515,4.08899826356018
