item_id,predicted_score
100,4.9258580096371745
647,4.8970364470403425
1449,4.888321135606938
169,4.814989276705777
98,4.783622868151834
258,4.7706373431749505
124,4.733054979543547
318,4.714905657778373
496,4.703452165965627
511,4.65861779811466
