item_id,predicted_score
408,4.467347346133192
169,4.466341641434339
64,4.410561056744912
483,4.371371261964138
318,4.368566858344754
357,4.344429123697549
603,4.336965027313907
12,4.3261371376616164
127,4.302940637258429
50,4.300910787983445
