item_id,predicted_score
408,4.608851017895989
169,4.597843263533433
64,4.55222190271688
483,4.512915686853764
318,4.511508752086472
357,4.48610918355762
603,4.481291934759599
12,4.467220840764116
50,4.443123607716096
127,4.443092583757514
