item_id,predicted_score
169,4.367873647764548
408,4.345281907058854
64,4.285456345117759
318,4.251286405745717
483,4.250767354942772
357,4.2262164611508055
603,4.2086109096374225
12,4.2065214287237005
127,4.183844435479713
50,4.176800907296813
