item_id,predicted_score
1449,4.08412136068904
272,4.075333732290218
659,4.06827748684627
657,4.054137936096759
9,4.031368982788307
923,3.94257519479994
524,3.9413759176250402
269,3.934728796267876
83,3.933982739416529
493,3.926068241937654
