item_id,predicted_score
169,6.274122235265357
173,6.167285389015675
408,6.164612486634576
1449,6.109769742853026
190,6.095755656607234
603,6.095328408990623
175,6.028925099310961
64,6.016077937230194
489,6.011757372948322
513,5.981020492318798
