item_id,predicted_score
408,4.383242003366055
169,4.377348962645824
64,4.324364009617537
483,4.286261087526406
318,4.2816551288505655
357,4.261046942592216
603,4.253012217512638
12,4.243409484061
127,4.218905350990254
50,4.216341655462037
