item_id,predicted_score
408,4.786213597950793
318,4.720170528919751
169,4.710545639557441
50,4.670223291739317
483,4.666994813307018
12,4.648602749959969
64,4.638704560386895
603,4.633458229770065
357,4.605473091422505
515,4.590164591601495
