item_id,predicted_score
408,4.5114552517837545
169,4.510722390488158
64,4.45240052024468
483,4.4142142435559215
318,4.412920110105101
357,4.392079979731957
603,4.378945210590808
12,4.367109085290949
127,4.345008238818105
50,4.341067790853181
