item_id,predicted_score
169,3.882668231235512
408,3.8799438614103368
64,3.8206395617924724
483,3.7818291486571294
318,3.779521750746171
357,3.7574409566697944
603,3.7456178394776676
12,3.7358753793562496
127,3.713499083031883
50,3.7095998352977566
