item_id,predicted_score
318,3.922517356542729
483,3.8696029548560085
12,3.85503009487356
64,3.843383037928859
603,3.838875103197269
357,3.813219614296032
480,3.793031716898612
178,3.7710133812373767
272,3.7624029330324045
513,3.747268817790971
