item_id,predicted_score
183,4.882342376516337
963,4.717348438042768
496,4.661653171040864
64,4.63204360306551
150,4.612879084618218
176,4.584627059334065
919,4.5523890696837785
136,4.547494350033311
510,4.5433126455100945
613,4.539797851623946
