item_id,predicted_score
434,5.1523728112927
516,5.084997064233011
519,5.071563569139555
344,4.958562674335708
641,4.943399636810821
512,4.929540010951171
506,4.92429784246162
169,4.894872318794409
408,4.886045100522503
59,4.884165542154029
