item_id,predicted_score
408,4.53148482427761
318,4.4596716059261015
169,4.445152137002199
483,4.411908791784472
12,4.391590156514567
64,4.378803588631026
603,4.36818145369837
357,4.347690987693477
515,4.328683544238304
174,4.314626923277731
