item_id,predicted_score
408,4.208527719017212
318,4.157820215219534
169,4.152154023925226
50,4.107138158108651
483,4.104764085123999
12,4.091418599345435
603,4.08045713680279
64,4.079289716067906
357,4.049895608825793
480,4.026674558156737
