item_id,predicted_score
191,4.951270799585111
408,4.874076141172944
64,4.862890670467891
285,4.825045613377423
427,4.797402759284607
315,4.778362780825181
127,4.770873697889683
483,4.768739898018969
527,4.750920281291091
180,4.74546281069026
