item_id,predicted_score
408,4.503950929411331
169,4.495361109396872
64,4.437351855760391
318,4.399978434251128
483,4.399742118591706
357,4.379607799288612
603,4.364714679915921
12,4.354488283772524
127,4.330353997682944
50,4.3264180300023085
