item_id,predicted_score
408,4.441879674440623
318,4.37566762759565
169,4.374653063090312
50,4.331412165913323
483,4.3289188895377
12,4.310652779376207
603,4.301798400574414
64,4.297855714774118
357,4.2695617989858805
515,4.247945937574592
