item_id,predicted_score
286,4.694333256514983
408,4.177498451457582
191,4.143021955619421
511,4.1108545945687105
272,4.0217121632167325
223,3.9953108705635367
320,3.951521079657909
276,3.8960635412531524
114,3.8405729136313527
190,3.8114929942700275
