item_id,predicted_score
169,4.885126047216951
96,4.83071225993178
258,4.73627852147319
313,4.683220746657647
8,4.6319293622716495
302,4.583467269861825
1449,4.554453735131529
79,4.544123976463177
195,4.537120602963592
966,4.514692328787948
