item_id,predicted_score
408,5.137068584439359
320,5.045378317663893
1449,4.951412229641877
478,4.949142355610987
286,4.893124667349233
513,4.89226628393661
483,4.89039306296273
178,4.890236100024482
641,4.885679680404795
963,4.871222272752693
