item_id,predicted_score
12,4.431947238326449
64,4.41928913854603
357,4.388590444136295
515,4.367982311399492
178,4.343974281957725
272,4.341027671373982
513,4.334315086037243
657,4.294746026571965
114,4.2910721163849
479,4.289035323667253
