item_id,predicted_score
408,4.191550079665418
169,4.1866755529976905
64,4.128404820597403
483,4.08867886412689
318,4.088114359122551
357,4.065684043283991
603,4.053428472986483
12,4.041770963544606
127,4.01904327040044
50,4.015932387530694
