item_id,predicted_score
169,4.781225484011005
408,4.775682620405075
64,4.715818932146131
483,4.677862833235795
318,4.6770345530371715
357,4.654882191768482
603,4.640546326167545
12,4.631108460062115
127,4.609139344683014
50,4.604406599260569
