item_id,predicted_score
89,5.228212675661113
169,5.136821484645535
515,5.084939884433191
408,5.068852326249948
114,5.06620737757182
1449,5.035517802567552
357,5.020034142121241
12,4.98174859749824
318,4.972282841342296
513,4.933852285405824
