item_id,predicted_score
313,5.363813780800198
22,5.362192665179897
64,5.35905613327636
174,5.252734787954746
173,5.201631550527176
318,5.1782394799461855
28,5.147800126424412
483,5.142835393982284
143,5.101258520894256
79,5.080121496385871
