item_id,predicted_score
408,4.177152983708061
169,4.175468929666986
64,4.1159394189386935
483,4.077341686563372
318,4.076006771508193
357,4.052613828159347
603,4.041855663261344
12,4.032233659973462
127,4.008682705248639
50,4.00566853627986
