item_id,predicted_score
169,4.988786174240292
408,4.9749477702066445
64,4.923174387284227
483,4.885484989452385
318,4.884787371112844
357,4.858112884141813
603,4.847862930299814
12,4.83796243784715
127,4.816736833448081
50,4.813235768465285
