item_id,predicted_score
483,4.9616607942169875
513,4.9010800250628215
190,4.839600674282534
657,4.8341433320936185
169,4.815005302172618
178,4.8061106221068695
1449,4.805847506276676
641,4.798322520122152
89,4.795682942198546
168,4.783125512159986
