item_id,predicted_score
169,3.957891517923659
408,3.9487373317777026
64,3.8944615758114116
483,3.8565241979866474
318,3.853301235428565
357,3.831734156184209
603,3.8198620476960703
12,3.810007881905267
127,3.7886586297596727
50,3.784128289617224
