item_id,predicted_score
134,4.396182789598165
89,4.1727631024544785
487,4.151463284020771
179,4.143828311355721
135,4.135888484945533
223,4.107496513381706
98,4.10579851866364
242,4.093779436626863
100,4.089641705438563
1449,4.088312309919751
