item_id,predicted_score
169,4.707831364848241
408,4.698237222831488
64,4.64196477083652
483,4.603676887753078
318,4.601676417077002
357,4.578072939356493
603,4.566244095753935
12,4.557228267366866
127,4.535522875605548
50,4.53128378427919
