item_id,predicted_score
408,4.437573560552048
318,4.370215160306347
169,4.361192660621805
483,4.320847741833582
12,4.303225905126256
64,4.29179796326102
603,4.285913966450839
357,4.260070303116241
515,4.2403684298313244
480,4.234438431079252
