item_id,predicted_score
258,4.5277511502843915
199,4.509938725112806
1449,4.489384945122387
408,4.48757798302563
169,4.41184493293229
83,4.341766330979995
1194,4.320425604343552
178,4.299938502490613
694,4.288622930721181
272,4.253650645858907
