item_id,predicted_score
408,4.341069600414952
318,4.272304875596504
169,4.268921594172868
50,4.227890139162333
483,4.226379071980797
12,4.208271372362365
64,4.195264937896204
603,4.19497813904885
357,4.166097991940771
515,4.144462388879157
