item_id,predicted_score
408,4.627034837279212
169,4.620182480109752
64,4.566629907848524
483,4.526264596586249
318,4.523702105668851
357,4.501263240801482
603,4.492505047098948
12,4.480193772586031
127,4.457174191519212
50,4.455115594592279
