item_id,predicted_score
408,4.2595657333094366
318,4.187996953669122
169,4.184873173727205
50,4.141735799830728
483,4.136522631660194
12,4.118728548754999
64,4.1101459314326805
603,4.107734689908959
357,4.075591462771207
515,4.062064203833962
