item_id,predicted_score
408,3.968510749665132
318,3.8894026181895347
169,3.8866466376288695
50,3.847191152411103
483,3.8434414166713338
12,3.8241509452288587
64,3.8137875665330676
603,3.8098184361565623
357,3.7806841540802174
515,3.7650749139213517
