item_id,predicted_score
408,4.546676651616625
318,4.477138165166051
169,4.47302107679331
50,4.43285771027636
483,4.42952923106553
12,4.405181788714863
603,4.399669230468039
64,4.392310584899699
357,4.365932870861503
515,4.3486531663953665
