item_id,predicted_score
169,4.346885736960381
408,4.340339701384607
64,4.2849136624092505
483,4.247157524621211
318,4.243853674029534
357,4.221225133881624
603,4.21102381566305
12,4.202176588752
127,4.1796000241533156
50,4.175803963319522
