item_id,predicted_score
408,4.173228583539722
169,4.090818243211952
318,4.084664467179523
483,4.04108924955199
12,4.018571491019181
603,4.0116822998953925
64,4.008440935302627
357,3.9757391027783493
515,3.9660974454869145
174,3.9543106421337404
