item_id,predicted_score
64,5.096331761220008
12,4.862413525646183
318,4.862213435627051
483,4.8295988426110625
603,4.828879155901038
357,4.768600543650572
169,4.737212850938686
143,4.730488600940355
408,4.704674087141917
1449,4.700976882929696
