item_id,predicted_score
169,4.719167556882965
408,4.708182853281522
64,4.654177187790373
483,4.615402253298629
318,4.612765327475738
357,4.589334042112885
603,4.578173752108526
12,4.568147967534103
127,4.547195393585607
50,4.543053980135789
