item_id,predicted_score
483,4.1987787940507735
408,4.025323093295431
14,4.0054861838587374
50,3.9761612972705516
515,3.9579352438861233
318,3.9336755582116263
19,3.9147684066151736
170,3.904710082063373
133,3.9009514430523957
171,3.889532601124124
