item_id,predicted_score
169,5.246398346027604
408,5.13648951359977
1449,5.069679860402157
251,5.006093927814988
657,4.95933636764698
316,4.933225873275355
272,4.932704178021036
923,4.924791656701479
513,4.918520889819731
659,4.911231540150219
