item_id,predicted_score
408,4.692033360926812
19,4.651338262490633
515,4.638857712525578
320,4.62306770983903
199,4.614564084703029
242,4.608879269596704
178,4.5766977219528275
474,4.570865082398937
963,4.548542791058853
303,4.5415212328822685
