item_id,predicted_score
408,4.267371953734378
169,4.19366049078683
64,4.117468417621446
603,4.116914212393209
357,4.085176976747244
515,4.069573752052986
480,4.0567075841578175
178,4.047409967737909
272,4.037047555572565
513,4.033831497054116
