item_id,predicted_score
408,4.28459958908767
50,4.170796382715712
483,4.168790077406662
178,4.063154975174784
427,4.025293749898683
657,4.020149514521783
285,4.001397699982916
127,3.9999560729251415
488,3.9997763816513108
173,3.9919317968504333
