item_id,predicted_score
603,4.279711468653641
479,4.247076682288669
493,4.23347430485015
357,4.225981491680782
657,4.160020126915119
527,4.157577338619005
1449,4.15585997063376
528,4.129130049306249
185,4.089587035889881
169,4.082829032537755
