item_id,predicted_score
64,4.910033415405971
169,4.804963352875291
408,4.745019217576836
258,4.664984073693626
313,4.581193483716983
178,4.559735406139023
173,4.494953791815757
285,4.444614171730471
269,4.439639750745709
19,4.420971635077221
