item_id,predicted_score
60,5.068191310388911
179,4.956881723543152
474,4.889308289447267
659,4.876918025589965
269,4.626594847738817
175,4.569663779470899
134,4.5567591124242846
923,4.525443746676005
187,4.483443918376324
154,4.475038512600689
