item_id,predicted_score
215,5.419756490894758
69,5.394854574187555
79,5.384365901059925
174,5.339337603585033
98,5.246768681823076
96,5.227418095445679
144,5.148788188865344
64,5.1486413552449095
50,5.127614221727031
143,5.1180257945414525
