item_id,predicted_score
169,4.529403857596149
408,4.528257000331512
64,4.467477673280934
318,4.430024794172062
483,4.4298444678180715
357,4.407198182359102
603,4.3934823795020534
12,4.3832578258393164
127,4.360557823655748
50,4.356569393267615
