item_id,predicted_score
484,5.1106361890864695
288,5.013382620711692
169,5.0022027904640325
89,4.999891270677766
183,4.998954648605768
1449,4.994896581889869
320,4.972010641279696
641,4.969808260161051
603,4.955732594400682
513,4.898242556978634
