item_id,predicted_score
408,4.572413067471811
318,4.497298381331393
169,4.492732607975871
50,4.452363732551756
483,4.451416767011338
12,4.433500861015328
64,4.421565008768324
603,4.415581038121166
357,4.3893435243034835
515,4.371198793631163
