item_id,predicted_score
408,4.473773739516509
169,4.470658820655726
64,4.427221352155404
483,4.3851449026591
318,4.380701640293477
357,4.357719091416312
603,4.353872566527799
12,4.334361227368279
127,4.314841287756568
50,4.314435615206082
