item_id,predicted_score
313,4.264910776668725
22,4.209454276477
172,4.162738501302411
515,4.155185226502352
64,4.146282906359067
12,4.1454265007103395
272,4.140619000045097
483,4.124251470547311
408,4.075644423382853
963,3.9742433988904056
