item_id,predicted_score
408,4.73689333531389
169,4.5906263684790645
1449,4.555780701845358
513,4.540883099332905
12,4.513242618217878
285,4.507954852022724
479,4.498040111069349
483,4.493921526818747
320,4.49187340158781
143,4.471765877279681
