item_id,predicted_score
408,4.5826349989734565
169,4.562652954119455
64,4.511266602267605
483,4.472395861716366
318,4.471746996626172
357,4.454928273522257
603,4.439456045589899
12,4.42728026428825
127,4.402616734629435
50,4.398964114246798
