item_id,predicted_score
408,4.713994299907197
318,4.636113941124543
169,4.62997764282364
50,4.591460170929356
483,4.589741840964273
12,4.566719094570567
64,4.5546548386967745
603,4.552609060251008
357,4.524298092867968
515,4.509716309576001
