item_id,predicted_score
302,5.4173501742171375
169,5.3021570735076
79,5.072919153311064
313,5.036698865856503
96,4.991641831464879
185,4.959215191323431
408,4.951724740320935
318,4.933093998781979
316,4.922865540000005
228,4.902255996556318
