item_id,predicted_score
98,4.304000689905512
408,4.282808860445632
169,4.162359511532407
427,4.161911535056632
659,4.1611347744826706
474,4.146958660971454
1449,4.137605223796
320,4.120355855071674
318,4.119381879351998
357,4.111501499995157
