item_id,predicted_score
169,4.636524020608289
408,4.632761157098057
64,4.575150961616021
483,4.537320258808922
318,4.534359786949408
357,4.512538827685969
603,4.501384128907469
12,4.492366839736303
127,4.4695501496178025
50,4.4656167852889075
