item_id,predicted_score
408,4.433426693458902
169,4.358312699291723
515,4.235644870587695
513,4.198182835718999
657,4.163879539077896
114,4.158135079551192
285,4.1517982605241475
302,4.122816207081116
190,4.112896332335411
963,4.091824645973025
