item_id,predicted_score
408,4.258493720932012
318,4.182596179520274
169,4.178472890043024
50,4.139036500175679
483,4.13706772970701
12,4.118027976532322
64,4.106218710555604
603,4.102167394711354
357,4.074658935049438
515,4.056681304953495
