item_id,predicted_score
169,4.240482557250484
408,4.236338343190386
64,4.181214700449733
483,4.14225253138263
318,4.140067040164991
357,4.116432609024296
603,4.1066709544967175
12,4.095245362797677
127,4.073471502149685
50,4.070422816855947
