item_id,predicted_score
408,4.217132902780359
169,4.2094956835511335
64,4.145607915682993
483,4.107319300645859
318,4.102663342769229
357,4.087236636488511
603,4.071315401611996
12,4.066106296176436
127,4.040952804465596
50,4.03516691138103
