item_id,predicted_score
143,3.990168645650619
132,3.605694892236947
12,3.335904685836462
191,3.2828347090895686
172,3.2238102753986757
318,3.20149769768783
8,3.1981325346182836
531,3.1822964409750867
294,3.1777899372759046
251,3.119152889818678
