item_id,predicted_score
408,4.412551611495621
169,4.403993480628128
64,4.348813061294559
483,4.310844507768056
318,4.305600721539576
357,4.287435363776708
603,4.277210798185082
12,4.269462765755104
127,4.244165285557457
50,4.240628847279692
