item_id,predicted_score
205,5.2742183103071625
114,5.215016379089455
317,5.196243550695293
511,5.1542537652564215
671,5.058555889634365
523,5.001442038510629
505,4.9563427763550925
507,4.948320664427603
663,4.921520024604488
156,4.909883079181218
