item_id,predicted_score
318,4.537370751248161
515,4.509570024791487
475,4.448386213604123
8,4.442678981529434
9,4.391445853851109
423,4.36215005670156
320,4.353437301511288
483,4.352783473129575
657,4.34179719189525
134,4.332688871048836
