item_id,predicted_score
408,4.433810997319305
169,4.357862912715342
483,4.3156144019269425
515,4.2348760257584015
480,4.22543992316703
178,4.20943666866627
513,4.203412321956023
427,4.172408022679084
657,4.160628745076576
114,4.157831868372103
