item_id,predicted_score
408,4.566277936626013
318,4.504720233568126
169,4.482200712344324
50,4.453640381882751
483,4.452054874241089
12,4.432781150957974
64,4.4207664213736955
603,4.407182886404362
357,4.389479586553975
515,4.368127857745483
