item_id,predicted_score
408,4.6937808880276535
169,4.683671512901705
64,4.6293405570382165
318,4.5918668696113265
483,4.591698806919374
357,4.567426767250696
603,4.557758161931107
12,4.54820903642473
127,4.522558646847457
50,4.520744632189267
