item_id,predicted_score
98,4.891695524988216
483,4.8408042715295
190,4.834538510308812
114,4.800447175133987
357,4.739125938095545
408,4.728645186856808
1449,4.725551035278757
515,4.721485812916363
513,4.718200409804496
603,4.712977140571326
