item_id,predicted_score
318,5.18541917574587
169,5.162575423996422
50,5.146694346275334
64,5.109351989147171
1449,5.061723594323533
496,5.058178088707703
357,5.031742628803333
272,4.967525249768938
174,4.952605329268633
313,4.947876466362264
