item_id,predicted_score
919,4.327978476667921
258,4.293553716048644
531,4.129452650978161
169,4.0555469865211915
137,3.8784725493882615
1449,3.857979418490747
512,3.8354253174520254
408,3.799254006932181
513,3.739052480938479
59,3.726607925269983
