item_id,predicted_score
408,4.393405729461818
169,4.316839546433074
483,4.272135646781627
64,4.244629717143664
603,4.240301407375613
515,4.193956521434176
480,4.185140710069056
174,4.182994344814857
178,4.167787524702665
272,4.165107189074747
