item_id,predicted_score
242,5.489704705680544
286,5.487605301782405
179,5.453620325049377
14,5.447568393185204
302,5.389893758152895
100,5.316404927812804
320,5.259019497017724
607,5.108229203412784
509,5.104448674657315
474,5.10254233893708
