item_id,predicted_score
408,4.656455626063071
318,4.58863598676443
169,4.582137775486051
50,4.542323107767089
483,4.5401095967706535
12,4.522444819720966
64,4.5107008917595035
603,4.507081538657174
357,4.4795920121685615
515,4.459765073700193
