item_id,predicted_score
408,4.664462626358518
169,4.6527168770446234
64,4.584576528738561
318,4.544008542918961
483,4.543519404782136
357,4.522693475687973
603,4.505857961010127
12,4.499965976039854
127,4.4746726219382715
50,4.470216683695886
