item_id,predicted_score
408,4.272403664302262
515,4.073722761250746
114,3.9972875662741476
488,3.990018010612514
285,3.9897331434459904
173,3.9777706397096506
199,3.952452295777753
190,3.9521657511077426
187,3.9458505820260457
963,3.9293459587262882
