item_id,predicted_score
408,4.598489076381913
318,4.54843572387343
169,4.539071005422546
50,4.496033769001314
483,4.4932508692165705
12,4.48436173506583
64,4.4741375459131225
603,4.465724616785362
357,4.440098909453472
480,4.424840988831105
