item_id,predicted_score
408,4.995468600607869
1449,4.933486254004998
100,4.906380444957051
191,4.901827434811974
9,4.8878228445978005
127,4.847136442763221
483,4.832613119716253
320,4.821296727765745
124,4.783814614579681
272,4.756558133517499
