item_id,predicted_score
175,4.948558059100171
179,4.856686221392894
135,4.80192823169747
408,4.780624556869706
127,4.760171720701015
483,4.7373578380128265
302,4.695098185963335
180,4.69001584856866
320,4.684593805465497
654,4.680129153336651
