item_id,predicted_score
408,4.727270191002333
318,4.656998711979355
169,4.655828711758882
50,4.612272497434972
483,4.608995680192039
12,4.591161990403638
603,4.580624835981763
64,4.5801092709873155
357,4.54877389885117
515,4.530840722926519
