item_id,predicted_score
408,3.9541862148518603
318,3.889172635429723
169,3.871860783565101
50,3.8421378147293246
483,3.8384611617226554
12,3.821052690751679
64,3.8101340583928742
603,3.7978914372152905
357,3.7776088035837567
480,3.757086135405111
