item_id,predicted_score
241,4.415847888905464
272,4.3347505956970105
199,4.262197637385628
966,4.225021682525055
173,4.179749528084648
732,4.166689855621065
315,4.137093593358982
302,4.136636112512902
588,4.132966399068489
520,4.1170837718718865
