item_id,predicted_score
169,4.106914660096138
173,4.065551392080097
302,4.003945144337717
168,3.9308812786507072
510,3.8774212827933043
79,3.8548979243362766
114,3.8083010328235143
89,3.769628674963964
50,3.7627479219535616
185,3.760878149683477
