item_id,predicted_score
169,4.92803545166723
408,4.924745655508731
64,4.867728398536075
483,4.82866979826024
318,4.826265055053335
357,4.804105928656548
603,4.792856207868401
12,4.781713160247544
127,4.7600063767624645
50,4.756348056608813
