item_id,predicted_score
408,4.436053114530522
1449,4.4028916388221555
318,4.363825182002591
483,4.359635910301763
169,4.301185416511437
659,4.297508809424503
427,4.294803558715913
12,4.287425647212453
603,4.277209076791342
272,4.2682429470965095
