item_id,predicted_score
56,5.613646095941085
191,5.201536028018589
169,4.958967178841954
127,4.957641966332906
408,4.938457512290278
318,4.8584396464464215
482,4.854134953300761
340,4.79741582963137
8,4.767985713702779
272,4.752794396768898
