item_id,predicted_score
408,3.8556326430549213
169,3.778389992999876
272,3.630086122498053
114,3.5783798495019283
134,3.570179744835382
127,3.5690039145196106
190,3.5377258953520867
187,3.5294613252136346
313,3.5233269730880417
963,3.5083867623236387
