item_id,predicted_score
408,3.6733968660641025
169,3.5940678471523038
12,3.5371747959413655
480,3.4681638207134275
178,3.447159291081381
513,3.4403430566429414
427,3.412730020400943
479,3.3917816268323118
285,3.3873636811226207
127,3.385379983299021
