item_id,predicted_score
199,5.259260750527875
135,4.846532458398368
169,4.843385948368866
172,4.789991536790168
168,4.788082510676743
483,4.785237721490267
134,4.774785131756215
661,4.756440535256245
137,4.689331782194084
178,4.679365345687757
