item_id,predicted_score
474,5.0120728615964545
14,4.96953486426716
98,4.941611276875563
427,4.921242028680197
64,4.868329616397
269,4.85943826697981
603,4.822508325917199
1449,4.769563396507056
408,4.755630272145967
238,4.749146103900943
