item_id,predicted_score
169,4.140082042139272
408,4.132599563818526
64,4.07927896394348
483,4.037509397539275
318,4.034217256649156
357,4.014000293229949
603,4.00126086582669
12,3.985847078936367
127,3.967798263333702
50,3.9634119281498936
