item_id,predicted_score
169,4.693391371066174
408,4.6809898811081405
64,4.6183373263996375
318,4.582200420008738
483,4.5796509254950335
357,4.556734330768819
603,4.53919246607429
12,4.530561775534099
127,4.50977620222779
50,4.5042707734524035
