item_id,predicted_score
50,4.922369839804506
174,4.902040721162862
181,4.893511893754925
313,4.8417497994375305
275,4.75752027514518
79,4.751133421600464
272,4.742888968763852
483,4.724721954799275
302,4.685660124248927
515,4.679701009693119
