item_id,predicted_score
408,3.687202998660182
318,3.624829082606682
169,3.6134164965132167
50,3.57609581908767
483,3.573773100518199
12,3.5569483207835892
64,3.5453813921419584
603,3.538933169170219
357,3.5140069243634326
515,3.4927793603549953
