item_id,predicted_score
169,4.05543550653271
408,4.041653470803222
64,3.9808590288681014
483,3.9447883375386867
318,3.9381153395072563
357,3.919725088419954
603,3.905713184750799
12,3.904742473224518
127,3.880683173429292
50,3.873746889352512
