item_id,predicted_score
408,4.750647795384225
318,4.674592750353529
169,4.667951655390026
483,4.6284414200361725
50,4.627941481860523
12,4.61049667242619
64,4.598301835608449
603,4.589196870431137
357,4.565392058777089
515,4.548114999494892
