item_id,predicted_score
318,4.832526129782091
133,4.746986794480861
963,4.679743659483837
272,4.676844717146443
174,4.67258164721153
482,4.606247291116619
313,4.572985584488377
302,4.569806459230984
606,4.535713729327003
423,4.526819038900267
