item_id,predicted_score
408,4.460082211942324
169,4.3942405841766465
483,4.349770007506161
12,4.332708994980557
64,4.3216402748784395
603,4.319724122232828
515,4.271502060435343
480,4.266422316639656
178,4.261177294406204
174,4.257250386938614
