item_id,predicted_score
169,4.363287450993759
408,4.363004579055927
64,4.301205278138479
318,4.263525649825474
483,4.2633751709713
357,4.240469023862433
603,4.227008337502447
12,4.217188262569485
127,4.194175498232323
50,4.190321974590955
