item_id,predicted_score
483,4.943686841142406
318,4.894771338594884
408,4.874112081567837
50,4.867885605464047
515,4.865412103280976
272,4.806530499636503
357,4.753070984210592
963,4.743108120576744
64,4.7416614346615615
169,4.714050836840109
