item_id,predicted_score
98,4.985521671487667
50,4.816676790891918
173,4.816030449380693
169,4.6799868428483915
127,4.659157502711924
185,4.601118547605018
64,4.589694204016006
520,4.572834409966072
430,4.550227506097781
190,4.545868017045608
