item_id,predicted_score
124,5.091028037459393
521,4.957268984720987
357,4.860424413124596
205,4.79254945043318
515,4.675505801400326
272,4.654380802993678
529,4.587868168993365
923,4.542596193089519
165,4.510102798474107
318,4.486310157220654
