item_id,predicted_score
531,4.739549634657596
132,4.721711307079518
198,4.6941190800841355
513,4.688213449220444
276,4.676172180980372
515,4.673271739178876
8,4.6647041049487505
421,4.575291878775202
189,4.557727106164693
289,4.550591170641454
