item_id,predicted_score
169,5.6721246390293665
315,5.629780960132905
302,5.529101967124664
328,5.5053169703257145
286,5.458757378026433
520,5.397381680641469
316,5.383189042804484
170,5.342892235999427
512,5.339578299420334
513,5.3362445845665185
