item_id,predicted_score
133,4.696733810412494
249,4.542606169076924
482,4.528334953073489
59,4.492491013306339
60,4.477194101815821
483,4.4560091520924825
134,4.448321192283407
423,4.413871244259956
568,4.3535319117152955
659,4.349860931039047
