item_id,predicted_score
408,4.495773989008739
318,4.4232807921772945
169,4.41777916900908
50,4.377138076921548
483,4.3750377124618645
12,4.359215619478418
64,4.348672660091164
603,4.3404323705635175
357,4.3144234657809815
515,4.296582004631052
