item_id,predicted_score
191,5.071041363414603
527,4.896822899057442
313,4.864807227183054
170,4.8157473440168435
199,4.775993972402482
315,4.743546887902788
198,4.715654209617929
269,4.654985319201873
268,4.637217158276345
190,4.58872277299
