item_id,predicted_score
60,4.641184694578934
209,4.609974972486135
59,4.51397003462282
190,4.513684236120927
134,4.493712550789389
223,4.4727582625922455
509,4.424661140207846
524,4.409509730719064
320,4.3951036222650774
20,4.3307522020837705
