item_id,predicted_score
408,4.523485676215083
657,4.444640514149895
168,4.364442932786032
7,4.323258917309209
9,4.3009257584566285
169,4.26812624588633
707,4.240536947462693
694,4.231472405993983
45,4.221644524403787
285,4.21737366586993
