item_id,predicted_score
408,4.361940203828942
318,4.28946937048917
169,4.285575653726682
50,4.246172294800879
483,4.245462643327296
12,4.231424014378402
64,4.218935547745263
603,4.210370812371125
357,4.186483150744631
515,4.162943710199832
