item_id,predicted_score
408,5.26644149220653
89,5.173618275368149
176,4.978774332458225
127,4.86994711029938
114,4.795055711951938
479,4.758343689708021
56,4.754644753687989
483,4.706934075395229
156,4.69818724754799
179,4.696240027329644
