item_id,predicted_score
408,4.178612178490038
169,4.10878592984717
12,4.050215638411063
64,4.037757825161637
603,4.03718773689798
357,4.010087860183124
174,3.9729169493426664
178,3.969408996882177
272,3.9643662064516416
513,3.9606825274645168
