item_id,predicted_score
289,4.28470520437163
318,4.26851622663913
427,4.266858259968017
496,4.215269279767991
132,4.204066849468889
498,4.202332968610821
169,4.184499841309611
285,4.146652760758732
133,4.126022879961328
633,4.104602060713863
