item_id,predicted_score
408,3.9249015559495724
169,3.921571266459129
64,3.8607084672006855
483,3.820807342194924
318,3.8178679564577234
357,3.796229158352306
603,3.7851513442623848
12,3.7764107321477405
127,3.752806530899073
50,3.7493831801908106
