item_id,predicted_score
408,4.1097335398011
318,4.0437111397146595
169,4.03567914769881
50,3.9963930451562666
483,3.994116176826297
12,3.9768855160447325
64,3.9653494940008724
603,3.9606090522088286
357,3.933891534095267
515,3.9138850373756844
