item_id,predicted_score
169,4.704110069245989
408,4.697399098193032
64,4.640599604437088
483,4.602955138755815
318,4.598926481743573
357,4.5771558821514
603,4.566523370520596
12,4.558969746412258
127,4.536005260688882
50,4.53179026176375
