item_id,predicted_score
483,5.096105032680823
50,4.887645066762092
515,4.858979117079237
134,4.852909879409703
357,4.8450321068649655
479,4.809195069092462
511,4.8068410787569
498,4.793308468743922
187,4.770612845271045
12,4.769433093200802
