item_id,predicted_score
408,4.5556093400537385
318,4.489633536018489
169,4.48145837323978
50,4.441876848174456
483,4.440439830921342
12,4.4228886594366985
64,4.410786170650803
603,4.406176802346767
357,4.379879937363134
515,4.359654846715004
