item_id,predicted_score
315,5.438981915841527
274,5.243486526741979
286,5.205171667778516
516,5.066609964925915
696,4.981289086613452
190,4.980062664267087
213,4.975971130344165
382,4.973428364050196
319,4.95998359740327
322,4.918844924489422
