item_id,predicted_score
515,4.554449745214054
408,4.426203385371725
513,4.425744918836316
169,4.423789344542383
320,4.40639522040219
143,4.357350724120398
641,4.344880302370221
216,4.337972083952974
87,4.3313713696605065
657,4.321155475485732
