item_id,predicted_score
408,4.657068500575098
318,4.593924411852755
169,4.582920343895628
50,4.5458886700314025
483,4.543990233720184
12,4.527188586960988
64,4.51513952183244
603,4.5086823320830245
357,4.48421020631701
515,4.462118284878431
