item_id,predicted_score
408,4.350932562883721
318,4.281505664086878
169,4.271572616496106
50,4.23291589337091
483,4.229005646284522
12,4.206257285857725
64,4.195998116219628
603,4.194709375259119
357,4.164715284226456
515,4.151798544261672
