item_id,predicted_score
64,4.994252380221667
269,4.878291328070357
81,4.703344849158659
652,4.637138795536903
50,4.625597897811605
169,4.611439181677298
154,4.608923160098142
197,4.607732730795008
238,4.573018618127944
480,4.543677473899418
