item_id,predicted_score
474,4.600802129876429
169,4.4946801315063025
408,4.451423843539131
60,4.416012050396495
211,4.3714112823156395
182,4.360101828713913
443,4.346648665264101
276,4.3218927086184715
179,4.3155450613424495
209,4.288487039945747
