item_id,predicted_score
408,4.471794539688037
318,4.4077149231809525
169,4.3981851863369625
483,4.358285295604107
12,4.340024416532425
64,4.32755555621804
603,4.32392856368335
357,4.297719751819238
515,4.276511318790488
480,4.2702092776215945
