item_id,predicted_score
408,4.572712761470457
318,4.513770876945869
169,4.503148104453765
50,4.465135741785162
483,4.462138069539563
12,4.446996719963724
64,4.435635368495221
603,4.429932354753057
357,4.404265144967104
480,4.382407451397092
