item_id,predicted_score
169,4.238335299283904
408,4.218063912029886
64,4.166576609455238
483,4.134186560647949
318,4.124116804360268
357,4.107523742738035
12,4.0972759881980965
603,4.096230827019267
127,4.072383688218133
50,4.065054834582594
