item_id,predicted_score
511,4.794702896291945
357,4.778695041290176
504,4.77066906085453
408,4.745570817104842
606,4.7175219549824705
647,4.679811958720523
100,4.66398272460427
523,4.641214573279448
269,4.627575439159117
896,4.6253382512862125
