item_id,predicted_score
408,3.9656818308491393
169,3.9634494856130336
64,3.9097826350454223
483,3.8704262999172707
318,3.866034404910837
357,3.84418084128042
603,3.836752891657746
12,3.8253258543302464
127,3.802416648929695
50,3.8000953289552672
