item_id,predicted_score
144,4.887887733727561
82,4.807461508243699
202,4.677652459186208
174,4.582854042159066
265,4.579009544086145
12,4.555910005105055
28,4.553986319116422
64,4.546998249510347
480,4.532599292349681
66,4.519505148245685
