item_id,predicted_score
408,4.647738354495603
169,4.58059029133728
318,4.574585868352923
50,4.529734408149108
483,4.526388030623414
12,4.50971774898398
603,4.503406210156533
64,4.499724796491553
357,4.466762280908999
515,4.452329680653543
