item_id,predicted_score
169,4.704837487720627
408,4.68355492594257
64,4.6367125361736035
483,4.599890333147504
318,4.592368475710408
357,4.571720429285348
603,4.562197072708433
12,4.5556569653340055
127,4.534726182800645
50,4.529224325524721
