item_id,predicted_score
408,4.4903209050164365
318,4.415310114239081
169,4.40899308453972
483,4.36783447372338
12,4.347917745055163
64,4.336953550650213
603,4.33253255022373
357,4.304859711437869
480,4.276680038541819
174,4.275986486149262
