item_id,predicted_score
143,5.2935276268134945
172,5.094402917904734
485,4.982612216975745
169,4.890415227285896
651,4.8010324920125536
515,4.628448679133914
285,4.59710767637882
189,4.575824143679278
95,4.568308835416096
210,4.493711980486247
