item_id,predicted_score
408,4.4804911477763705
318,4.410512156624161
169,4.404743817544965
50,4.364458027612394
483,4.3624924237786855
12,4.345509736915723
64,4.334050086538349
603,4.328807743389664
357,4.301896733637144
515,4.282667270546075
