item_id,predicted_score
169,3.957846878071575
408,3.9517512390070255
64,3.895693416076334
483,3.8581461018402106
318,3.8552458927780973
357,3.829377744404642
603,3.8220273389651904
12,3.8151010102679273
127,3.790976730782948
50,3.788359417568979
