item_id,predicted_score
64,5.408158023353629
318,5.185128005304499
12,5.174282472189459
357,5.110563976187253
100,5.056091048095308
56,4.9698089885927255
98,4.96716596195428
169,4.947277766060968
480,4.935343561937342
191,4.9130009487051876
