item_id,predicted_score
513,4.820192366575044
483,4.783244345079345
174,4.731340822606525
169,4.721968413053141
114,4.707092743647306
318,4.6970305530453995
641,4.672534925955873
480,4.6641893910338785
1449,4.656544064029738
89,4.644128658645024
