item_id,predicted_score
408,4.50014693252674
318,4.404992160383098
169,4.403191170493801
50,4.363374054054395
483,4.363284120731595
12,4.340222150644096
64,4.32902758911777
603,4.3204763989218025
357,4.294474102276706
515,4.285365111989419
