item_id,predicted_score
408,4.559344064905917
483,4.439924152909155
479,4.42360956989374
474,4.420247500029266
427,4.377268050195623
114,4.368749335075743
657,4.366765302915988
169,4.353943836006773
515,4.3514200494186115
480,4.340182634960116
