item_id,predicted_score
169,4.61803261560636
173,4.551003766632546
313,4.472376937480964
50,4.461887802054368
143,4.460083879683091
172,4.449988634154472
64,4.448331734805631
22,4.439081805105479
174,4.431808040648953
483,4.410430703106312
