item_id,predicted_score
169,5.247724894321667
1449,5.185978103173726
228,5.159092725749192
79,5.142791885650194
136,5.030841081116435
96,5.026690315773127
114,5.022541826273084
173,4.991405994791283
316,4.985562277761703
489,4.978269596799657
