item_id,predicted_score
408,4.425730874936166
657,4.354240458625328
1449,4.334117768131063
483,4.324531399069423
641,4.29862607755346
178,4.2235490159293345
316,4.197808292953747
512,4.190811025884528
488,4.190154334353743
19,4.183752154684707
