item_id,predicted_score
12,4.631219770479803
64,4.60418796432448
173,4.594171704523004
172,4.5827881274558875
22,4.465255663531881
302,4.459234750476959
190,4.448012976266665
174,4.427560018825218
427,4.3850322768650525
651,4.380051229480145
