item_id,predicted_score
137,4.927636320863499
13,4.730927755712509
483,4.6157525387354
515,4.511211349656324
134,4.457190496303843
276,4.43816123605782
428,4.384222666004083
641,4.366053947195781
165,4.345259415033331
192,4.294046178954323
