item_id,predicted_score
408,4.495046580103033
318,4.431492894559859
169,4.423298861043479
483,4.381194766866422
64,4.3521909683941145
357,4.321458026287385
515,4.30085086604287
480,4.295755907324717
178,4.280769009325022
272,4.272826919898191
