item_id,predicted_score
408,3.906842429056982
169,3.9059190711020446
64,3.8477924266331653
483,3.8087631387981276
318,3.805587503584562
357,3.785739927997341
603,3.7737300289203044
12,3.7624429322315347
127,3.7403190301127602
50,3.73638654085191
