item_id,predicted_score
255,5.238160287668473
845,5.092015325789106
484,5.043081034663303
483,4.9861847099653565
474,4.9858510263447915
1021,4.961212783241455
510,4.865992153313048
133,4.862307830032743
143,4.86089339453844
661,4.845840776451402
