item_id,predicted_score
408,4.203523265537879
318,4.152049555753696
169,4.137450159751552
50,4.098231433821229
483,4.095686960530426
12,4.085379898368248
64,4.075470128124664
603,4.062810673880378
357,4.040556588916718
480,4.025761158604888
