item_id,predicted_score
169,3.124148618859069
408,3.1196113804590797
64,3.065165356238045
483,3.02652823829255
318,3.0242603109716537
357,3.000922978890478
603,2.991028028814653
12,2.9795176131615304
127,2.9577963464316688
50,2.954638453413122
