item_id,predicted_score
408,4.09956223354353
318,4.03489327042887
50,3.986440467042529
483,3.9832503775174306
603,3.9510680754151637
357,3.922362904012118
174,3.8911372051340254
178,3.884339519896147
272,3.87483972863862
513,3.8705898085006414
