item_id,predicted_score
169,4.230667144009552
408,4.223856349425474
64,4.16537751579132
483,4.127823884894613
318,4.125532963689803
357,4.101165000668305
603,4.090773137198681
12,4.0839996360845365
127,4.060428564696858
50,4.056709685651629
