item_id,predicted_score
169,4.414873808364192
408,4.412762429048606
64,4.352315264100775
483,4.315630687846708
318,4.313593460239596
357,4.290741942591815
603,4.279455533824073
12,4.272596599106558
127,4.24817648982936
50,4.244366279195575
