item_id,predicted_score
169,4.063425295667643
408,4.061159116284984
64,4.002013198176301
483,3.9638680164378766
318,3.961770362072611
357,3.9387951335957756
603,3.92787199027511
12,3.918889168709178
127,3.8957363366564146
50,3.8922078801793294
