item_id,predicted_score
408,5.037101073260148
169,5.024287075203435
64,4.968486937943048
483,4.9306607828272275
318,4.929072348006097
357,4.90764292344581
603,4.896637352466569
12,4.889057895273891
127,4.862621320306306
50,4.859906812326558
