item_id,predicted_score
408,4.478531812022938
169,4.2641273954253585
50,4.178816592944626
189,4.102826402680014
192,4.075415128793081
114,4.069066518502595
480,4.042273960085081
641,4.033179804651497
183,4.0257588331561545
478,3.9951607537056186
