item_id,predicted_score
408,4.175042610457847
169,4.090925794105307
50,4.054996804266843
483,4.054196928714665
603,4.014609952663181
357,3.9907796937912563
515,3.971458016358719
480,3.9605758725226115
272,3.948887225962796
513,3.944530653295362
