item_id,predicted_score
408,4.523884667596799
169,4.438435928642688
318,4.430297546218981
50,4.393353425842896
483,4.390146518003188
12,4.3698395610224
64,4.3595578278232585
603,4.3590692518692515
357,4.325505293867766
515,4.313924603809819
