item_id,predicted_score
483,4.8873454772601574
50,4.78393704816834
408,4.75135655692117
172,4.723785003356807
613,4.709345669116062
511,4.691164422856831
484,4.682363868589645
12,4.678538669092286
64,4.674307064084542
169,4.67171826605659
