item_id,predicted_score
169,4.93260277573566
168,4.760449339882246
12,4.714733546878799
1449,4.714147918084735
512,4.6543627654046915
661,4.645934122627583
483,4.628844619287314
195,4.620661696264674
199,4.591321616171251
64,4.566449252834132
