item_id,predicted_score
64,4.810910260618656
318,4.769493585812577
357,4.736369872622104
483,4.687049407029718
199,4.682290952863825
178,4.56984563509374
515,4.526947960110798
12,4.492933510166341
28,4.4902350062214085
522,4.487552247742896
