item_id,predicted_score
408,4.673162513955767
169,4.667244356872466
64,4.608368756880528
483,4.569560328360454
318,4.567046892215401
357,4.547992918755229
603,4.534467265015769
12,4.524696503200975
127,4.501219463172395
50,4.497041878940468
