item_id,predicted_score
174,5.641328100665524
313,5.639286573126517
64,5.598119857607994
50,5.585186481143141
144,5.428473144788429
318,5.35382644541315
169,5.333680586809518
357,5.297147245142481
173,5.285819641257783
96,5.197451754474779
