item_id,predicted_score
228,5.157886092998725
96,4.855845517245786
190,4.8189225484941325
705,4.809651039654644
732,4.776928421532246
403,4.633424760092165
966,4.629029182331377
485,4.623040600294908
659,4.592921514887906
863,4.590421200361321
