item_id,predicted_score
408,5.154416317614357
10,5.091338357774424
169,5.066738272958701
1449,5.046978953353878
180,5.010241688382088
647,4.923100956052319
187,4.894011858222163
318,4.759899585362324
178,4.745765149412236
511,4.7381639157870605
