item_id,predicted_score
408,4.358522297519613
318,4.233436668626443
483,4.184190125353987
12,4.125026711700187
191,4.10808957966672
515,4.099647839106467
64,4.09950020032296
127,4.084406850054238
357,4.046881850886945
56,4.03886126312937
