item_id,predicted_score
169,5.015955126599181
408,5.00698032989682
64,4.950772109875733
318,4.910948784393988
483,4.910854998668489
357,4.885873963638311
603,4.873236802803716
12,4.860981118196504
127,4.840889476043288
50,4.837102018834576
