item_id,predicted_score
169,4.132393714678317
408,4.11872783057886
64,4.066899531082447
483,4.031097846125028
318,4.029909444917765
357,4.010089344882915
603,3.9935510057012187
12,3.98217666906145
127,3.9623059081949847
50,3.9561338035271625
