item_id,predicted_score
242,6.153572281829108
485,5.9127070335439615
83,5.901937386003835
515,5.899716363546962
276,5.89375187089189
641,5.82342565784757
300,5.735766846762543
657,5.732726973424263
320,5.6664842798062125
133,5.645342060175317
