item_id,predicted_score
169,4.071112107205164
408,4.0604609382861225
64,4.007227012284777
483,3.969229656326283
318,3.966023636509548
357,3.9429966593608827
603,3.9324180303571787
12,3.923005712508174
127,3.90148851432196
50,3.8973866737117717
