item_id,predicted_score
408,4.275791427544804
169,4.2059228203037
318,4.199253722937678
50,4.158027483539367
483,4.152620141669932
12,4.137844439509354
603,4.129717428342082
64,4.1290310081099575
357,4.094178647763084
515,4.0783162873295105
