item_id,predicted_score
483,5.290749602125023
408,5.268491919994074
479,5.1732111466823385
641,5.098559745056619
357,5.086641055236921
478,5.074106217673162
657,5.052179975564461
199,5.021890896560443
173,5.02134856876898
1142,5.019696114129216
