item_id,predicted_score
169,4.373986036274264
56,4.369588147731621
12,4.3214408829269075
179,4.281715341506027
408,4.227044771028822
513,4.202197703999331
1449,4.172050844236732
187,4.169868885848256
64,4.165778037271562
199,4.1451740168624225
