item_id,predicted_score
169,4.278160918918986
408,4.270894515131551
64,4.219203921735684
483,4.179046710395133
318,4.176212670890209
357,4.151299413550421
603,4.143437721288245
12,4.130787166536151
127,4.110107599362742
50,4.1076010594990615
