item_id,predicted_score
474,4.761783126829183
654,4.645471599388676
320,4.601315963565647
427,4.544078199429982
134,4.535806271830719
56,4.52998103859564
513,4.487498286423357
23,4.487225868357187
408,4.485558005307393
60,4.470404421584391
