item_id,predicted_score
169,4.4422572486736085
408,4.433752648346123
64,4.383091680159182
483,4.343272440337223
318,4.340539896280979
357,4.317176305178068
603,4.307528578964544
12,4.2938647915766905
127,4.27406608686835
50,4.270827888186144
