item_id,predicted_score
64,5.642317577838043
22,5.547618034558782
272,5.144227569842743
180,4.998557991950128
89,4.945740614161571
114,4.94063580400367
511,4.933325148089449
193,4.908616047658669
521,4.874384340736114
1449,4.852554255577582
