item_id,predicted_score
659,4.589066989204204
408,4.5781517095399575
483,4.509646544924512
357,4.503217774507082
272,4.498439261407595
427,4.494944237036838
1449,4.494391845886349
482,4.46940263855817
98,4.462815414698863
511,4.460011196084406
