item_id,predicted_score
169,4.214399536190504
408,4.210136272457779
64,4.1455706041740195
318,4.110191772147673
483,4.1079861805877025
357,4.08935992541591
603,4.069444426748956
12,4.059018347141645
127,4.0378331018433276
50,4.031726730944904
