item_id,predicted_score
169,3.8007906069559683
408,3.792535263309441
64,3.725861926721652
318,3.691403420554488
483,3.691328958936523
357,3.6724366540240925
603,3.651584657948722
12,3.6476890023002637
127,3.6239973527153593
50,3.61635567786759
