item_id,predicted_score
169,2.896094932373634
408,2.8854659611835367
64,2.831342735492372
483,2.7935353148091395
318,2.790409386064922
357,2.766601054493088
603,2.756532738364204
12,2.748222492444451
127,2.7260696674745724
50,2.7221407801218045
