item_id,predicted_score
408,4.664444521749723
1063,4.630709975887172
427,4.562049954999479
479,4.535784801918582
483,4.474591781593603
208,4.469158639305929
511,4.4496088434417445
178,4.4429751297254585
651,4.419903214301517
496,4.419249241214154
