item_id,predicted_score
169,4.853018417818096
408,4.852599558898098
64,4.793650702024257
483,4.754670520762844
318,4.751533817208709
357,4.728277811533746
603,4.719354507001474
12,4.710260008417334
127,4.6868171538171355
50,4.68396990365349
