item_id,predicted_score
474,4.8901964644248395
89,4.790827963943036
657,4.690895464962675
1449,4.688387858387415
318,4.6795385588689244
528,4.673918245853213
408,4.67378318337002
603,4.6575820799572005
479,4.641995833737023
190,4.624343644903876
