item_id,predicted_score
408,4.3190087250286275
169,4.253382581350786
318,4.240182616790093
50,4.201509989349782
483,4.195680100090448
12,4.180477270724351
603,4.177938599770671
64,4.171342195974893
357,4.137738649799149
515,4.122073997774707
