item_id,predicted_score
408,4.381040400188126
318,4.318246220854751
169,4.305413500643082
50,4.270486359748202
483,4.266564128530652
12,4.24811633693593
64,4.237103165868161
603,4.23173202559037
357,4.206056287363862
515,4.185627037632676
