item_id,predicted_score
318,4.849188481506538
408,4.846132027477154
22,4.823061302316303
114,4.786750386400589
169,4.780284867714072
357,4.755703133976814
181,4.7443627675496876
174,4.734867989639758
427,4.649483281186664
12,4.631412274677914
