item_id,predicted_score
408,4.9416964374103625
474,4.836238865327473
483,4.8128272828232905
169,4.776202177993562
191,4.753622678331421
513,4.738046333158902
318,4.7374032538489805
64,4.722366496669373
1449,4.7176403599819885
48,4.683807442165644
