item_id,predicted_score
515,4.398073553775894
302,4.281346452879156
114,4.041964040403022
83,4.030734338222443
22,4.021212934845717
887,3.999868864623503
42,3.991744125348179
57,3.976552383951433
641,3.9322014872167794
169,3.9244993910888204
