item_id,predicted_score
169,4.546368720215696
408,4.534906926559451
64,4.484495746504143
483,4.445788777562914
318,4.442525100429831
357,4.4193666964222835
603,4.4093969948806
12,4.3978245921951595
127,4.377456170552825
50,4.373660622479574
