item_id,predicted_score
318,4.056412858179892
64,3.980223333835546
603,3.974429651230416
357,3.9487356064887824
515,3.9275681874251114
480,3.9223678027433975
272,3.899752016602183
513,3.8900256863124514
427,3.8660293871363534
657,3.8558690955891426
