item_id,predicted_score
408,4.560781804821582
169,4.484256435226554
50,4.444234041696043
483,4.440997569027137
12,4.422695975825203
64,4.412012296654134
603,4.408257513300365
515,4.362416510408271
480,4.35325231053538
174,4.350212478608208
