item_id,predicted_score
408,4.397739661247494
515,4.240005828632435
318,4.225407170956704
169,4.22513615004101
513,4.20865565234042
1449,4.175566412569697
357,4.156064098669235
657,4.155477673203856
480,4.139060659257758
483,4.130423533535261
