item_id,predicted_score
408,4.604640383368443
169,4.6045170916507105
64,4.54441985152148
483,4.506011516527799
318,4.503803322555323
357,4.481423609701463
603,4.47042818944399
12,4.461088891168729
127,4.437783419037811
50,4.43435097224798
