item_id,predicted_score
408,3.953053375197364
169,3.869885210435589
318,3.8686250344074695
50,3.829740372265564
483,3.825716818391956
12,3.803516641964214
603,3.793625228857001
64,3.7923791776250404
357,3.7613168967050097
515,3.7467065807920936
