item_id,predicted_score
408,4.40213976608459
318,4.3403660703890345
169,4.333354394866983
50,4.291739812470033
483,4.288433002833628
12,4.2689319847533
603,4.259308807151127
64,4.2574513103639555
357,4.227998942792575
515,4.209541391972111
