item_id,predicted_score
515,4.460589379191772
132,4.321000792385192
114,4.233823607453226
169,4.231661536822178
197,4.178289922831141
478,4.1680572740688735
198,4.1545580612360355
483,4.149703790539842
313,4.146085602226666
208,4.135974180686493
