item_id,predicted_score
408,4.144241206344522
318,4.071343537810039
169,4.069738053245601
50,4.028890463168286
483,4.024967357433715
12,4.007914664675541
64,3.9970778762942776
603,3.995087903605159
357,3.9650112640139463
515,3.945715722038405
