item_id,predicted_score
408,4.276343899356692
318,4.203856411277363
169,4.197896992228935
12,4.135053245837572
603,4.121067344377558
480,4.064446577008948
178,4.051065828910935
272,4.04791479461388
427,4.01322342534416
114,3.9970358467887928
