item_id,predicted_score
408,4.623074139051737
169,4.542679269130981
483,4.503714465494096
12,4.482740245195508
64,4.470214564702542
357,4.440232620654667
515,4.4222708933749635
480,4.409082961046038
174,4.408591897697902
272,4.396692706174587
