item_id,predicted_score
408,4.956626701835784
320,4.886977773988745
59,4.768995825439124
169,4.721337822265237
474,4.715532921325407
134,4.714352755467816
191,4.703693561148473
1449,4.699630242505678
182,4.686344854247562
275,4.680027618397291
