item_id,predicted_score
408,4.61503638356128
169,4.609838900493185
64,4.569858458881339
483,4.527270766178177
318,4.524850648355466
357,4.496995171887958
603,4.496743118439921
12,4.476000264593695
50,4.4575879558702685
127,4.455864736697293
