item_id,predicted_score
98,4.918126496506513
96,4.911928550170756
186,4.7703420317513805
169,4.714285198332187
181,4.691096126325031
480,4.6755880643142715
357,4.629876464254489
166,4.59152821757447
1142,4.567596774828045
28,4.5535688487153525
