item_id,predicted_score
318,4.791367969398505
12,4.718078264478212
480,4.6349129711007
923,4.577179193191647
408,4.573633510054807
515,4.569387851120428
320,4.560306423191732
22,4.514544338912451
169,4.486145360169431
251,4.471048527093479
