item_id,predicted_score
408,4.835821338151128
315,4.783165180526738
169,4.762363361120203
515,4.730694325496534
170,4.701167374651468
15,4.652127408432514
513,4.626298766660098
660,4.5813996654972575
286,4.568410925977465
114,4.551954843739473
