item_id,predicted_score
408,4.5582601063820825
169,4.480648447955326
483,4.441443360234155
12,4.4230358326736
64,4.411520502251414
603,4.404390115867824
515,4.361231508244163
480,4.353419975223663
178,4.340147297718467
272,4.331610429406036
