item_id,predicted_score
169,4.440708145758039
408,4.4349102665833815
64,4.377724197095023
483,4.338606292319006
318,4.33585392172738
357,4.3132195427007
603,4.3020758661000755
12,4.292185725298562
127,4.2704008435708785
50,4.266521712027952
