item_id,predicted_score
89,4.920061030935875
483,4.74088578878003
408,4.727757019143586
318,4.725310356231952
302,4.710754270446727
286,4.695163860769213
513,4.683073613356109
114,4.669521768447933
963,4.654578279382596
15,4.625355496573216
