item_id,predicted_score
408,4.404199700973651
169,4.390922259230557
64,4.343956247643336
483,4.304714657970332
318,4.300784328319369
357,4.281120154962851
603,4.273078517575381
12,4.260246255800455
127,4.236106462466835
50,4.234281354980741
