item_id,predicted_score
408,4.438395320956576
169,4.437115421076436
64,4.378116127802031
483,4.339357417793425
318,4.336898593828391
357,4.315273819434605
603,4.304087557772873
12,4.29400670126909
127,4.2709857797267485
50,4.267521462395741
