item_id,predicted_score
408,4.770624842257341
169,4.748380354415406
64,4.6985061923995355
318,4.657976185813734
483,4.655999349749024
357,4.636992801882869
603,4.622994568050349
12,4.606646187683346
127,4.583754703168367
50,4.581829631076495
