item_id,predicted_score
185,4.987246692480593
135,4.904481642076891
195,4.860126263295047
172,4.848604844646631
89,4.7956201447844204
169,4.774797796393343
12,4.678798807700418
174,4.64569786497788
483,4.636890170388366
432,4.626486412117642
