item_id,predicted_score
318,4.479095131694157
190,4.473097836615509
513,4.416201990015834
169,4.408029484669701
528,4.389366859973082
189,4.38217489105099
173,4.354367766344927
657,4.351772138504634
483,4.294350198571397
641,4.290741289728351
