item_id,predicted_score
483,4.6981115268594005
50,4.35144938597926
427,4.342601183852729
357,4.282079597874088
275,4.252793953372248
272,4.24961291759741
479,4.20372059262194
320,4.194433111318493
205,4.183794204098197
98,4.1793420852011955
