item_id,predicted_score
408,4.252043246753182
318,4.185720951718326
169,4.177849510327012
50,4.13768644639541
483,4.133971065265774
12,4.116688028476154
64,4.106674042211997
603,4.10191802696673
357,4.073609928232956
515,4.05636781430273
