item_id,predicted_score
64,4.542470087379816
527,4.5014979125310655
191,4.494300379705305
170,4.431070225337329
42,4.229978467688145
408,4.1241180182193755
463,4.075972027815739
303,4.054298480465581
251,4.050642711468275
269,4.041511029041501
