item_id,predicted_score
408,4.772071642136006
169,4.695844322855991
12,4.630162092294169
64,4.619964836813775
515,4.572971834823129
480,4.559695360872787
178,4.547454295327201
272,4.544188067592738
513,4.542688582538334
657,4.501994804931378
