item_id,predicted_score
172,4.770117025844028
12,4.596315310904922
199,4.55982862557245
64,4.5528851242508
963,4.530478976623753
408,4.512881227007247
205,4.482784494464097
515,4.481510575764531
606,4.474437531838848
1142,4.449540088633253
