item_id,predicted_score
169,4.397151656249439
408,4.382850103037045
64,4.336959706773454
483,4.297903430718948
318,4.292877366558038
357,4.269243591241519
603,4.262036718602169
12,4.250092981518004
127,4.230156423602886
50,4.226901408686893
