item_id,predicted_score
276,5.639396620285526
488,5.508024944755144
408,5.2502706000046615
60,5.188546535329692
302,5.180730889822819
242,5.163822880423985
283,5.15600500079648
474,5.1557985229048455
483,5.06061174199445
654,5.049053526313326
