item_id,predicted_score
408,4.373074538066885
318,4.3009054333616845
169,4.298181434779798
50,4.257885304568136
483,4.253522824968397
12,4.233120430021682
603,4.22392086859761
64,4.221966048456905
357,4.191811747054028
515,4.174304976714986
