item_id,predicted_score
483,4.953563015157026
191,4.884509520013205
64,4.842780782219267
318,4.835311960817505
12,4.821069692630018
251,4.737060802744267
143,4.710723622108187
50,4.672397322292437
134,4.65282087896062
357,4.639347615413406
