item_id,predicted_score
432,5.291544095022257
179,5.003106473385477
156,4.969530736556317
657,4.934732688038228
641,4.929784249686125
434,4.929246961718647
169,4.921641652741382
488,4.89217287752944
646,4.879478286868564
654,4.857591238935998
