item_id,predicted_score
408,4.733945256411752
318,4.681302499232693
169,4.659802940390886
50,4.627891373067483
12,4.613056178661494
64,4.598270225304285
603,4.586687273406909
357,4.569995267070841
515,4.542398467123193
178,4.528446278994188
