item_id,predicted_score
173,4.737866546359708
169,4.526908612365586
222,4.524216692670107
12,4.355361937805034
7,4.333804592368265
114,4.269228924507829
96,4.2228292294194025
79,4.221272511471625
165,4.2141545494186845
1449,4.213302775243171
