item_id,predicted_score
133,4.562082750351083
223,4.462604273990218
318,4.414216674710257
59,4.394232594872012
272,4.349197573529234
320,4.336727011339946
511,4.332885072089168
923,4.329540975446888
187,4.3215092406515465
285,4.3070334666342225
