item_id,predicted_score
294,4.952934757804643
603,4.9494858146351985
657,4.9167127753527895
64,4.8377278787102025
12,4.8333689384147425
126,4.760315963894646
478,4.750824323252054
1449,4.728632917557338
173,4.6966470394127215
136,4.674226317031338
