item_id,predicted_score
408,4.513005395571293
318,4.444680989564502
169,4.436343898776775
12,4.377101929020229
64,4.364672656510778
357,4.335607446632813
515,4.314732469380583
480,4.306966288365765
174,4.301977045557823
272,4.29446397047443
