item_id,predicted_score
272,5.208136840696055
169,5.198102627814547
64,5.133104857836579
408,5.107249292705624
320,5.0669991908205185
1449,5.036801892086536
22,5.00765564270435
302,4.989150468600445
12,4.973818297483772
480,4.9495022197084335
