item_id,predicted_score
1449,4.7775672621749985
59,4.7068870604912965
513,4.680448553057635
408,4.660249049515326
213,4.643968438778379
921,4.641064810497919
512,4.613324868293539
251,4.6080931119394295
169,4.5894373340278936
632,4.587802997259766
