item_id,predicted_score
408,4.466473435417572
169,4.385969928744025
318,4.38360236656013
483,4.342097804244377
12,4.323438297495128
64,4.311734412605745
603,4.310051915303832
357,4.2799692273837815
515,4.261863502182043
174,4.252016463948622
