item_id,predicted_score
318,4.659580724901496
50,4.616565676120764
603,4.582899943604793
357,4.552440685724832
480,4.522219306305474
178,4.509434001954113
272,4.506374968262897
513,4.502541711865174
427,4.471786071850718
114,4.461119452783727
