item_id,predicted_score
187,4.9906827539775644
173,4.9557707945354075
89,4.833013012474585
318,4.68375730778763
408,4.675995756057409
182,4.666680302168458
127,4.663343925343756
56,4.608699448468634
8,4.550795943746536
203,4.5188022188817865
