item_id,predicted_score
408,4.706360116203438
318,4.6374873852922285
169,4.631786709352322
50,4.591745315574624
483,4.585373954596738
12,4.56396408925888
603,4.556883989872247
64,4.55468849607612
357,4.523201378844533
515,4.50923365578299
