item_id,predicted_score
64,4.239744461349184
603,4.2378028952194216
515,4.189151812409232
480,4.183260003906979
178,4.165204864543366
272,4.164016180347679
513,4.157321952950082
427,4.129595609912205
657,4.1191676300485796
474,4.10969450729334
