item_id,predicted_score
169,4.364717526838716
408,4.362900202960642
64,4.30345309107007
483,4.264097647378704
318,4.262666891434349
357,4.236254811780407
603,4.22805942221004
12,4.219180883395004
127,4.195629319183428
50,4.193443434911011
