item_id,predicted_score
483,4.840817448623051
169,4.763605754509224
64,4.745441459116314
199,4.739285182775066
178,4.6772020821267475
302,4.654375920081002
408,4.651958387598667
515,4.651471325453779
427,4.618707056859012
12,4.613017209379806
