item_id,predicted_score
531,5.0808760232752785
208,4.944115431108348
12,4.922110542799533
64,4.91451661367348
511,4.89358857732348
272,4.846710520502569
215,4.795455138478951
483,4.771856787849993
316,4.7577339419631635
191,4.754817094620589
