item_id,predicted_score
174,4.616419968656513
22,4.37069114217374
64,4.331163567435202
318,4.285049582243478
169,4.2738539549526875
963,4.254011080247659
176,4.250694231671345
496,4.225602698500429
12,4.19228251408143
8,4.1390077309671645
