item_id,predicted_score
408,4.993915834653755
169,4.914415529591991
483,4.877591125236992
12,4.8631449401048785
64,4.851370654889824
603,4.837097514131638
357,4.817387476738721
515,4.7961780166111
178,4.775018016449575
272,4.764755819033912
