item_id,predicted_score
408,4.382632686745038
318,4.315983988058711
169,4.308076761080721
50,4.269402710118615
483,4.266931694835766
12,4.249201553194853
64,4.237512098138574
603,4.23338915568063
357,4.206488363228068
515,4.186250375425
