item_id,predicted_score
169,4.542911271001338
408,4.530806566749072
64,4.487648992887432
483,4.446914368658251
318,4.437940288612661
357,4.413618466680207
603,4.412816824556107
12,4.401598487995955
127,4.380708321045941
50,4.379188208667294
