item_id,predicted_score
318,5.170350356458668
114,5.1306918146404685
357,5.126398671582737
12,5.115782566596514
127,5.110493543948897
511,5.094588011047372
480,5.094199481867095
408,5.091205930632011
483,5.085314010105649
100,5.084739416927617
