item_id,predicted_score
408,4.413863236541376
169,4.401756231720314
64,4.347674944819845
483,4.308426102604986
318,4.307323679917562
357,4.287247470917804
603,4.274586861551231
12,4.262916522769176
127,4.238991131042112
50,4.235934997306822
