item_id,predicted_score
408,5.402855893858085
127,5.331921353250638
199,5.25048488394784
513,5.237329493002924
56,5.22047071606776
12,5.209849962515216
169,5.207070615566454
515,5.205194260702488
50,5.198940736845663
272,5.171721322799421
