item_id,predicted_score
169,5.000621691536237
408,4.992507763401009
64,4.942520666159917
483,4.9052973066387935
318,4.900768903428388
357,4.878265811424865
603,4.870261325040805
12,4.86016100416111
127,4.837988629310202
50,4.834694835660946
