item_id,predicted_score
169,4.476948209446672
96,4.418506679593686
79,4.373860749185751
64,4.355010268900702
204,4.222405143322262
316,4.196461355257352
7,4.174138361151217
186,4.171533030025315
228,4.1644460966045145
190,4.145632485518216
