item_id,predicted_score
483,4.063607538750156
603,4.026717493987661
515,3.9844686438407537
480,3.9705877738479947
178,3.9581676336768354
272,3.9552167794517947
513,3.953050851895346
657,3.915685975599865
474,3.9069199792809273
114,3.904354553905011
