item_id,predicted_score
169,4.7169408135280015
483,4.600677656644472
173,4.545356517141926
1449,4.544883075860756
189,4.5301149154650435
318,4.526416257847855
408,4.519263188235269
513,4.472412878097422
524,4.459229487984428
199,4.456224067262504
