item_id,predicted_score
50,4.890949482735944
302,4.7314593577343
169,4.674063157639016
318,4.646354737758728
483,4.557081184705958
313,4.496057432020998
166,4.452376534052037
172,4.439263632685657
963,4.430713877118443
462,4.4123684848767954
