item_id,predicted_score
408,4.710592930135553
318,4.630163293946454
483,4.584283301609866
12,4.564011745016258
64,4.552653388091834
603,4.541449073147609
357,4.519188030640008
480,4.490517403744484
178,4.469205203839253
427,4.437668190102105
