item_id,predicted_score
172,4.365491069355323
483,4.325842785649493
408,4.176383780522667
12,4.063596423464286
613,4.054953614355437
478,3.9796680424426927
320,3.9738599910209906
132,3.9722981401627404
604,3.963261297888738
143,3.9491758442854383
