item_id,predicted_score
408,4.755514384940269
318,4.684527456678214
169,4.6793745198007075
50,4.639389094317214
483,4.6370421581054675
12,4.62043319290499
64,4.60917319832014
603,4.603620780596505
357,4.576688536523877
515,4.557205054752276
