item_id,predicted_score
12,4.824100542783144
124,4.744350961739016
127,4.7363538335274376
272,4.6769213811342505
408,4.66915558627814
699,4.65008646408223
165,4.644902390841137
169,4.6095729713886255
515,4.5834439454532365
487,4.562870150016112
