item_id,predicted_score
9,5.427431618550761
641,5.243593247810075
199,5.180137276711062
515,5.1518922527745685
408,5.129534636317702
750,5.0892102381343856
194,5.074943634442579
657,5.031275526227222
1449,4.9999469330850195
83,4.9696386736478875
