item_id,predicted_score
98,5.287541790632508
12,5.094957284958664
173,5.036886209889046
169,5.032092567998658
64,5.031024603042461
100,5.009352958077564
511,4.930088637273954
165,4.915923802014561
50,4.850575331437711
114,4.84972393329384
