item_id,predicted_score
169,4.258551784040608
408,4.252244114907362
64,4.194496082035824
483,4.155168496335142
318,4.154697442439192
357,4.131931774575474
603,4.118014136967029
12,4.106004319250479
127,4.085512671003307
50,4.081169415520101
