item_id,predicted_score
246,5.136222263136994
20,5.093902642688592
320,5.028265164624237
654,5.004301560857015
611,4.982671305642688
657,4.966922905906322
511,4.921511077692152
690,4.890113878647372
902,4.880255979735624
178,4.869727505088943
