item_id,predicted_score
56,4.441984602375367
482,4.293801708302761
22,4.292401416299594
483,4.255732923821534
190,4.2481219857986865
515,4.241607708934046
187,4.227999292568738
408,4.217792807166832
114,4.2171057770180465
12,4.20715648228986
