item_id,predicted_score
408,4.6336162465348885
318,4.5521517468398836
169,4.5505492348012
483,4.510220091704421
50,4.510010710073962
12,4.489930675540258
64,4.476616311243635
603,4.473163012361964
357,4.446175786733891
515,4.4283800337449755
