item_id,predicted_score
169,4.765485242433868
408,4.715788850866493
483,4.664799380288272
1449,4.647586251528926
313,4.581988522428424
114,4.5687505882567905
480,4.561459115023919
513,4.5589717775667875
318,4.542173346732068
199,4.523938556153141
