item_id,predicted_score
169,3.9526555505885153
408,3.9473177124334704
64,3.884255031691913
483,3.845576220453133
318,3.843822101117432
357,3.8250926571189665
603,3.807519985617322
12,3.7983336912257606
127,3.7771378276881022
50,3.77092080549796
