item_id,predicted_score
408,4.686112474118101
657,4.578710405513447
192,4.532498925420037
313,4.485194358408679
641,4.480945244987365
238,4.469055457373526
199,4.468331054735808
126,4.466885446129321
474,4.4457302113263575
1142,4.440422932677969
