item_id,predicted_score
408,4.590486351420565
169,4.503678350501199
50,4.46745105617372
483,4.463220074600176
64,4.430953106771699
603,4.424746782272799
357,4.397247448345004
515,4.387059158170171
174,4.371857222330124
480,4.369628442681233
