item_id,predicted_score
408,4.537684678471216
318,4.481801777307965
169,4.459497381909092
50,4.429080306884973
483,4.425311565770544
12,4.406839707336498
64,4.396351081961531
603,4.385341128156158
357,4.364402347461424
480,4.344432564916474
