item_id,predicted_score
169,4.890875770503484
272,4.812555533203893
302,4.771468015169603
1449,4.759621304985565
408,4.7275833177737026
427,4.717623056141952
9,4.6627015722202945
132,4.644357267235225
515,4.643603976000386
474,4.632996320085945
