item_id,predicted_score
408,4.267543382312269
318,4.203322422458212
169,4.200060245878737
50,4.1577188524521445
483,4.155444651658065
12,4.139521234544069
64,4.127237480383612
603,4.126767286364142
357,4.097238502877428
515,4.074587510954771
