item_id,predicted_score
408,4.082145710927182
318,4.012347775213453
169,4.002890441395539
50,3.964747144775787
483,3.960830765626514
12,3.9398839668498113
64,3.9296837800176565
603,3.9263812296288565
357,3.897652308808007
515,3.8830245421120044
