item_id,predicted_score
408,3.9281549212321583
318,3.8602577655055303
169,3.8571732753014976
50,3.8148767049194574
483,3.812364749235871
12,3.7957193530045163
64,3.7841038978333095
603,3.7824874650959877
357,3.752945791085495
515,3.7327341775004954
