item_id,predicted_score
192,4.611358785472069
134,4.588286411155065
169,4.497838890953424
475,4.493682516371613
480,4.468839505456614
180,4.462139285310199
357,4.452827794801417
179,4.441681940334718
408,4.437346951424236
185,4.43345309379542
