item_id,predicted_score
408,4.627287571325641
172,4.5692681758463864
69,4.559268971321761
169,4.5558068426871925
318,4.495924841695938
174,4.474536205718188
173,4.366718056812606
12,4.365904099736703
265,4.363955035552929
96,4.301982617348274
