item_id,predicted_score
318,5.101347672993695
258,4.973513084643489
191,4.964239611879006
169,4.948346023810785
512,4.936904673736387
59,4.894262100885516
483,4.861995868983068
531,4.8419389035986375
127,4.83737026293293
190,4.832085102939096
