item_id,predicted_score
169,5.062609367248406
313,4.968283586562704
333,4.94743097989741
210,4.877499251066068
189,4.7443059717470515
302,4.73638404546102
96,4.664665446552258
174,4.662106550444278
1131,4.637002523508626
1019,4.634132742525226
