item_id,predicted_score
169,4.2645528917639846
408,4.256815331084755
64,4.202605763106789
483,4.165067289613202
318,4.163338978887594
357,4.1381676529976525
603,4.12874313877279
12,4.119389091727655
127,4.09683141176006
50,4.093688754043062
