item_id,predicted_score
318,4.836531954815392
1449,4.743610234339295
169,4.7221535816620595
83,4.711508098692939
190,4.665608276270723
8,4.649812992025175
483,4.624278447094663
657,4.611059527891058
316,4.584056766480036
603,4.562167123487303
