item_id,predicted_score
169,4.691455934001295
408,4.671316771652631
64,4.623197886264571
483,4.585009682119899
318,4.581324538634336
357,4.553741514906904
603,4.546862074349693
12,4.539317264020982
127,4.51800927148378
50,4.514705439060029
