item_id,predicted_score
408,4.828151395115643
318,4.74948873732472
169,4.744314938161337
483,4.703558696463197
12,4.684594936746447
64,4.673488800859707
603,4.666418834260393
480,4.611686526505191
272,4.597523765382084
178,4.59387732272822
