item_id,predicted_score
320,5.21182681111177
408,5.127815587703781
479,5.049776792388218
657,5.039889465517311
251,5.015315671752127
963,5.0141554871472085
269,5.012964038133559
641,5.010087635239601
1449,4.9753674274825
513,4.973596589815931
