item_id,predicted_score
408,4.99532302467954
515,4.965570682009168
302,4.933818089118979
22,4.905664452999986
169,4.896427755082735
313,4.885760013971857
272,4.8475826610338455
114,4.834595495855891
12,4.79045113517742
1449,4.790271716489147
