item_id,predicted_score
143,5.854818271206572
485,5.789646095373347
515,5.777631823931859
197,5.637210212546616
357,5.62905911292304
507,5.427648336471315
276,5.376650502815146
318,5.367199069562754
216,5.345865994856528
651,5.334810698059372
