item_id,predicted_score
169,4.199097068261404
408,4.198796728653567
64,4.147944531700217
483,4.107768549762862
318,4.103989222651562
357,4.079429378996255
603,4.074523729110589
12,4.060577542745707
127,4.038847452353201
50,4.037694661073826
