item_id,predicted_score
408,4.369192995658989
169,4.288605610157943
64,4.216219710719792
357,4.183739795233042
515,4.16723106607251
272,4.1398516696497145
178,4.139147863939741
513,4.135703975746087
427,4.103213921417072
474,4.08821446302801
