item_id,predicted_score
22,4.7061170163648
156,4.701540058646462
531,4.68314231593739
187,4.623710307021954
12,4.6236217690992785
483,4.60776408019226
127,4.59523906258573
963,4.529510151802983
192,4.5256262410647405
433,4.511901863692039
