item_id,predicted_score
408,4.153545752345296
169,4.141308638903159
64,4.093222806572121
483,4.0536648657426735
318,4.047765921432062
357,4.026025411970549
603,4.022013458330982
12,4.012439625175795
127,3.986639984920838
50,3.9857638039963317
