item_id,predicted_score
496,5.028358243702396
313,4.875767143091452
357,4.778487255622857
185,4.590129552983449
169,4.550975354550911
127,4.519601598712191
515,4.507668420422553
659,4.460301171988432
603,4.455214242445798
526,4.449228580477895
