item_id,predicted_score
408,4.775703700441205
169,4.763190015017655
64,4.707858462511773
318,4.670010117545481
483,4.6659078073360485
357,4.648836417277631
603,4.630864451937956
12,4.612436001110116
127,4.592420704666773
50,4.588987993730487
