item_id,predicted_score
408,4.573113207689171
318,4.509300776651255
169,4.499296690881867
50,4.462743935283224
483,4.461213262212475
12,4.436744271604083
603,4.427135610712896
64,4.422165222466173
357,4.397724288852056
515,4.376757720235459
