item_id,predicted_score
408,4.883140957632922
318,4.81932681715071
169,4.805929625938885
50,4.768606316728168
483,4.766324893662739
12,4.7495608066294785
64,4.739105579280005
603,4.729247525419135
357,4.705561009564512
515,4.68735175451203
