item_id,predicted_score
515,5.849583964792551
408,5.7280707991525945
483,5.578354806298212
474,5.517960462159299
357,5.497236937809924
251,5.492474210891868
1449,5.465793726546618
463,5.447781680846509
923,5.432254539732605
657,5.4281212252855635
