item_id,predicted_score
169,4.238013834186327
408,4.229670962298672
64,4.176994970783833
483,4.137671512323029
318,4.134655040090208
357,4.113413941178509
603,4.1015006269860335
12,4.088652152060886
127,4.068805832730036
50,4.064542741149484
