item_id,predicted_score
50,5.013763739071361
127,5.0029118237873345
185,4.9257341240729735
100,4.897724038628383
480,4.830470808576462
474,4.815914220756671
408,4.814167890052235
488,4.7874340981872106
318,4.7838305828269885
169,4.782211808037111
