item_id,predicted_score
483,4.797551598950487
98,4.743118297820522
318,4.740943293796694
1449,4.676598040692448
320,4.662807427499554
357,4.644555797268664
511,4.6255030268167765
191,4.62234170699283
408,4.61860092263236
479,4.58811529622234
