item_id,predicted_score
64,4.699459929905135
169,4.657850863576316
234,4.64442095895787
318,4.6147905560668
480,4.548026342433339
302,4.520213290643036
763,4.478516647485995
179,4.476834582248295
659,4.472654531705899
474,4.444729465683971
