item_id,predicted_score
408,4.080206730570785
169,4.0801057681449855
64,4.024387306321127
318,3.9844549711922275
483,3.984178639966687
357,3.964191804717783
603,3.9491366180523495
12,3.9313595828344106
127,3.9126281537977468
50,3.9086213107284475
