item_id,predicted_score
515,4.769367470212529
12,4.723717503246545
1449,4.64749025042748
408,4.64281806722736
474,4.640912636093418
64,4.632825895122179
603,4.617102860076971
1019,4.613437134291482
641,4.613265035177816
921,4.611628144929061
