item_id,predicted_score
408,4.433810997319305
318,4.361899059725697
169,4.357862912715342
50,4.317696246439718
483,4.3156144019269425
12,4.297207093469373
64,4.285118355686175
603,4.2827073915071106
357,4.254409362950482
515,4.2348760257584015
