item_id,predicted_score
408,4.555628791082864
318,4.488610218969617
169,4.479509926278829
50,4.441379127335649
483,4.438933960441637
12,4.421119780779605
64,4.409731915324527
603,4.404195712557584
357,4.378078709409937
515,4.358643496696349
