item_id,predicted_score
169,4.864351154283725
1449,4.650106124201093
8,4.635780912954066
96,4.632975931816143
114,4.580857812661878
513,4.571224246364939
408,4.543865471815769
313,4.502924852467243
56,4.4792316328381805
71,4.47191512039061
