item_id,predicted_score
357,5.060656814187529
98,4.9822812823734575
22,4.965900016832569
511,4.9443035246764815
64,4.9055422183152535
318,4.893289903383977
114,4.891140020991412
515,4.876495472557377
408,4.837572026309684
483,4.831172624059843
