item_id,predicted_score
408,4.1201487473299485
318,4.0558138375209065
169,4.046498702402179
50,4.010363840372595
483,4.006865798673326
12,3.9887886043372762
64,3.976864917968701
603,3.9738327562958036
357,3.947021729471076
515,3.9246565680863763
