item_id,predicted_score
169,4.407091239067399
408,4.405820488613192
64,4.345529812976882
483,4.306258302512942
318,4.305102581498275
357,4.282362118974989
603,4.270045970641102
12,4.259264422744227
127,4.237161591764179
50,4.233497673083005
