item_id,predicted_score
56,5.0033855508299965
318,4.762387495301945
513,4.704479254737124
302,4.654511434293694
190,4.638182533644002
408,4.620203957162844
357,4.5982037732049585
320,4.597776966319259
963,4.594363208695596
114,4.590718024754463
