item_id,predicted_score
408,4.419670003021171
169,4.34313679198099
483,4.3029049719656385
12,4.281670452057378
64,4.269685405107323
357,4.240698422520395
515,4.221457667787826
174,4.208125455485959
513,4.199686079686757
427,4.160049458964659
