item_id,predicted_score
64,4.317889346496028
143,4.298345134503851
173,4.281235660399869
174,4.201462344635858
15,4.20067243638673
169,4.158832312065748
408,4.140913835549897
190,4.14082764521334
528,4.134130098860975
272,4.105993350206754
