item_id,predicted_score
408,4.437108721592913
169,4.362277169779432
483,4.321721450306046
12,4.3060750872935625
64,4.295228592851945
357,4.262387534794753
515,4.241575032837869
480,4.240016838264022
178,4.218798515748103
272,4.214415856168891
