item_id,predicted_score
143,5.194433419558658
408,5.029406818666834
50,4.993141345532662
174,4.851521973594131
169,4.842914884569088
651,4.792706425375241
515,4.776367019733108
483,4.769240535955129
181,4.746498309467457
479,4.727343365753279
