item_id,predicted_score
408,4.6254748277348146
169,4.617294741319087
64,4.57468274018627
483,4.532955418664741
318,4.530338404949554
357,4.504294230011845
603,4.501956779240945
12,4.484091757683156
50,4.4632431797519
127,4.462401295831711
