item_id,predicted_score
169,4.48143705534996
408,4.4675551787685395
64,4.415163001431801
483,4.378033719763399
318,4.371722661264778
357,4.346718477449557
603,4.341042692122726
12,4.337172399971832
127,4.313044785002348
50,4.30968684534614
