item_id,predicted_score
357,5.214374714736442
313,5.196562918234117
511,5.096247333608386
429,4.679936779843866
205,4.673587182021212
272,4.630178380872738
12,4.574276883477967
178,4.55022430222469
487,4.480474743430649
1,4.4746278692241725
