item_id,predicted_score
169,4.702071731888029
408,4.686450470070486
64,4.635599218171723
483,4.59555799697569
318,4.593384915762136
357,4.565249310855581
603,4.557714091084804
12,4.5476676206112385
127,4.527099873813087
50,4.524349423616401
