item_id,predicted_score
169,4.566306953862018
408,4.500162331820855
1449,4.439530961443426
168,4.409602247061105
272,4.379095162016524
178,4.3580746332682585
318,4.329684491075952
483,4.3235564062660155
83,4.295816147535099
89,4.2939390952728855
