item_id,predicted_score
408,4.799644268114611
479,4.598109413263444
483,4.595624171800299
197,4.572237298671641
320,4.551299703647671
1449,4.509454377127665
178,4.493557626384435
14,4.491264908064819
318,4.458049232113778
12,4.437952283810827
