item_id,predicted_score
408,4.788801850699403
318,4.722760687015669
169,4.714190636397113
50,4.678241784648859
483,4.676126296783711
12,4.6551892204634875
603,4.642050016508637
64,4.641450932400772
357,4.614557987641934
515,4.591731498056629
