item_id,predicted_score
483,4.919899680242647
50,4.858051148043822
172,4.828773336629185
511,4.80364087430834
56,4.764398942160252
357,4.748402306710377
408,4.732964100188213
100,4.72381096123903
320,4.7164670592451365
285,4.708498605324127
