item_id,predicted_score
169,4.261118491128691
408,4.260093519548672
64,4.198573674546995
483,4.163609119014748
318,4.157631776614125
357,4.137619033733845
603,4.128102272684416
12,4.126018922340232
127,4.099060312696549
50,4.0947409809981234
