item_id,predicted_score
408,4.82837829043757
318,4.763054662778489
169,4.754193016496103
50,4.715889906991602
483,4.713178657777844
12,4.696544797154078
64,4.685273105573203
603,4.679480803549918
357,4.6534213646239895
515,4.632788804657236
