item_id,predicted_score
169,3.7904350728012557
408,3.773823685719841
64,3.72237009050062
483,3.685173857374255
318,3.6813633523760667
357,3.659962717862505
603,3.6471678010950144
12,3.6385199462977305
127,3.6179607885443956
50,3.6124376973271035
