item_id,predicted_score
408,4.01595938257024
318,3.9512244061358244
169,3.9412288191197526
603,3.866884647055732
480,3.8160987060431735
178,3.7975116238447946
272,3.794549431345562
513,3.7860587454658243
114,3.7390650173545015
285,3.7336922527289027
