item_id,predicted_score
408,4.5554711265122325
318,4.483019570232235
169,4.4734747275201165
50,4.438452763566176
483,4.43312699534914
12,4.412759508254636
64,4.403019700360742
603,4.398082612228587
357,4.370374073871516
515,4.354314222768663
