item_id,predicted_score
169,4.598161590110796
408,4.587371919101414
64,4.527204583853182
318,4.492616893019729
483,4.490343318751729
357,4.470740798472623
603,4.451055047460078
12,4.440614015206779
127,4.420294319875339
50,4.41391645632046
