item_id,predicted_score
169,4.3414185876950855
408,4.336237957520573
64,4.282408387666042
483,4.243294101163292
318,4.240793066056285
357,4.217793466668238
603,4.20774750078998
12,4.195570247951342
127,4.174428919556357
50,4.17116950887742
