item_id,predicted_score
127,5.094589385877372
187,4.837973692575424
515,4.550396300873001
333,4.545614391617567
182,4.509133311126085
513,4.508709654371142
480,4.506504280401797
427,4.4999571463732435
1449,4.461989265800561
1073,4.456636554701017
