item_id,predicted_score
408,4.3628915864781215
318,4.320315726886104
169,4.303572352991989
50,4.2632151066122015
483,4.260450535938138
12,4.247462675854996
64,4.236753665554361
603,4.230719731916082
174,4.167560121878108
272,4.143242938020255
