item_id,predicted_score
408,4.365978685198004
318,4.3000417400179405
169,4.296822893079247
50,4.253741641507847
483,4.249311805787894
12,4.23468180843115
64,4.225073671622182
603,4.221783386982927
357,4.191354421383003
515,4.172492263054669
