item_id,predicted_score
12,4.886908201420262
174,4.8300826696870525
202,4.7853270235235374
313,4.776971100743092
272,4.618047810408616
169,4.613226558010529
172,4.600434051826182
181,4.598593742404209
496,4.595731435856769
480,4.592947177696682
