item_id,predicted_score
169,5.460858223639198
408,5.289405594591213
1449,5.2536750702267545
56,5.174602829076368
12,5.136117217970348
185,5.115347723528764
603,5.1108013206040726
23,5.109238803514161
488,5.085874038060398
174,5.079397220239065
