item_id,predicted_score
64,4.661907252273269
12,4.651227384013577
313,4.595358864465023
302,4.561954038735382
79,4.4777628348103775
22,4.4520452101909855
69,4.402908772106786
210,4.382840941887158
318,4.245353380176346
739,4.241141637276755
