item_id,predicted_score
64,4.3136970592319805
191,4.273232718040788
357,4.228759038133703
302,4.223553660293187
114,4.214155713997438
408,4.159637626751316
288,4.159597173456437
251,4.137533000453363
320,4.133684164590041
190,4.096060316853552
