item_id,predicted_score
169,4.374764583982462
408,4.367305105799444
64,4.3110787076342705
483,4.2718672195397325
318,4.268195002495606
357,4.247454157173026
603,4.235165158581745
12,4.224861179367725
127,4.203890980688996
50,4.1992561736956855
