item_id,predicted_score
169,4.808572733737871
408,4.805763599100957
64,4.745706185495705
318,4.706929350114016
483,4.706042208881511
357,4.683123893564934
603,4.669146043204971
12,4.656583748469372
127,4.635670063446733
50,4.631868722550227
