item_id,predicted_score
408,3.7827915245327657
318,3.7159260842674207
169,3.713868075542205
50,3.6752139167815003
483,3.674240344241847
12,3.658092674187373
603,3.643537124413049
64,3.6431102595991027
357,3.6163935377222796
515,3.5875048950921
