item_id,predicted_score
408,4.811333457921732
603,4.6602026051678145
515,4.614572331918212
480,4.608058319029804
178,4.591827525524875
272,4.586285264610034
513,4.578798857275031
427,4.553144880686459
657,4.54642034343459
479,4.534648906020248
