item_id,predicted_score
408,4.868464721031925
1449,4.8145801006665705
64,4.797477250075523
12,4.759746154474978
22,4.749344531976878
272,4.742458516610639
173,4.737013994020845
169,4.729753852796421
8,4.713400076613583
190,4.713258801543335
