item_id,predicted_score
408,5.2831666131388895
318,5.214498055893138
483,5.214322567493646
320,5.17247599490136
169,5.163802926095079
513,5.162121107563025
474,5.161783286031796
657,5.12300153988162
1449,5.122414815209109
357,5.101550872617101
