item_id,predicted_score
408,4.734332616079779
318,4.661262430147235
12,4.6007365419569695
357,4.556870143579125
515,4.536570808087783
480,4.531216173376708
174,4.526956101268671
178,4.511232771106157
272,4.508515661039866
513,4.496605300633857
