item_id,predicted_score
408,4.343852800184128
169,4.331621330527797
64,4.283273944846413
483,4.242950615373043
318,4.241265673937197
357,4.218862079828685
603,4.21059557260899
12,4.196264711721293
127,4.172995049682546
50,4.171709719968907
