item_id,predicted_score
169,4.779414240844638
173,4.747851472469017
1449,4.735731049893277
313,4.7225637378524405
114,4.715604041538183
408,4.6694127528804765
12,4.618782099063108
1019,4.599062717062888
966,4.573346809343788
489,4.571307149223943
