item_id,predicted_score
169,5.076965893759998
173,5.013761378649204
64,4.9719387287690555
174,4.934157605303635
408,4.9223894394495575
313,4.875242594449435
144,4.874465207075335
96,4.857283243161916
187,4.855657674746187
127,4.834574026221631
