item_id,predicted_score
408,4.291259038092308
169,4.217712168641604
318,4.215304063047782
483,4.174699212051773
12,4.157821375552305
603,4.1448067417063355
64,4.144457377328192
515,4.091349728190508
480,4.085013264114363
174,4.082156609477544
