item_id,predicted_score
408,4.5774796586082385
318,4.508346415019992
169,4.501922129553078
50,4.4618643454817795
483,4.458983361479296
12,4.442056422453776
64,4.431354225116982
603,4.425956385522792
357,4.398536084563611
515,4.380169023718546
