item_id,predicted_score
408,4.349030167558576
318,4.279886993839167
169,4.27187091715618
50,4.23273179731162
483,4.2278080669281906
12,4.206366548745788
64,4.19655969383411
603,4.195933046590959
357,4.164871632318709
515,4.150883848214526
