item_id,predicted_score
169,4.262579110161504
408,4.26042408290218
64,4.202780766798873
483,4.164232617916047
318,4.160520324755747
357,4.139516228037779
603,4.128790121045161
12,4.119043192286282
127,4.0964726353123755
50,4.092670880757129
