item_id,predicted_score
408,4.744871375213936
318,4.6651689108347085
169,4.664721565388832
50,4.621973201170047
483,4.617398050852061
12,4.599363686675618
64,4.59053457980213
603,4.586414145097541
357,4.555218573171443
515,4.542373738160047
