item_id,predicted_score
313,5.10589740596664
121,4.986994632992239
79,4.950740403967779
114,4.801184904456088
12,4.7904136384968625
966,4.751666947006062
169,4.7341423006850585
117,4.7167138348441915
210,4.704298427867893
187,4.703601555732128
