item_id,predicted_score
408,4.085267763063465
318,4.014626288116419
169,4.007782229681444
50,3.9645753946746876
483,3.957049609545754
12,3.933881657558731
603,3.9287252316394565
64,3.927366811030806
357,3.8925086958602595
515,3.8871908745678643
