item_id,predicted_score
318,4.363993854486384
190,4.336238534008449
180,4.2985887239944685
408,4.256435494877005
135,4.1941543832221555
272,4.184962853275552
1449,4.174390219372825
483,4.1726312837071395
511,4.170234680295031
9,4.1284624685995315
