item_id,predicted_score
408,4.758006762786392
318,4.68655933203872
169,4.680226833049871
50,4.640561895078782
483,4.638479209310633
12,4.621113573481204
64,4.6099217315894165
603,4.6037549093283126
357,4.577278538060562
515,4.558951814602578
