item_id,predicted_score
169,4.302815246612976
408,4.286375084992225
64,4.237602930978707
483,4.199493404677753
318,4.196788663911258
357,4.17116083507106
603,4.162081354102326
12,4.152024302105064
127,4.131447021549068
50,4.127797738703317
