item_id,predicted_score
313,5.696152040328654
64,5.58911268684543
496,5.4990748490636605
98,5.483291788674706
603,5.465587653038074
11,5.384734992916289
659,5.283021401027254
479,5.240907655302136
480,5.233606767381371
515,5.221167049418294
