item_id,predicted_score
95,4.761931107880789
515,4.752595099788441
313,4.729013671234643
15,4.713595973979343
318,4.6900529057705365
117,4.608489421912693
144,4.584144027026668
22,4.5569001773041
174,4.536696262773536
11,4.52875911193901
