item_id,predicted_score
56,5.395341105994555
318,5.040084105971572
408,5.006632143263619
357,4.993724928911863
483,4.980654269007574
285,4.852472026324091
98,4.821777333143099
64,4.812611199790207
652,4.678725138138936
511,4.656297828391569
