item_id,predicted_score
474,4.00968977725943
408,3.914632639984302
513,3.8749635786891083
641,3.8747027727048615
320,3.8725545755822224
56,3.866062792702907
657,3.8421439593140394
482,3.8409993266692606
8,3.8199481908860493
1449,3.813850961867765
