item_id,predicted_score
258,5.527139547627909
1063,5.221753352291286
271,5.118192055583668
732,4.949199084079925
313,4.782660065910379
531,4.6469586232352516
661,4.635503811019445
966,4.633959725086448
736,4.615481712467986
530,4.554140343654925
