item_id,predicted_score
408,4.445552171319227
318,4.384099775216146
169,4.368691838783404
50,4.329579210624185
483,4.327175597789739
12,4.311666407365496
64,4.302759992105921
603,4.289821179227421
357,4.266585306598924
515,4.251393541375034
