item_id,predicted_score
408,4.285092106064795
169,4.272834535288653
64,4.217519346265175
318,4.178857554141734
483,4.17866864310825
357,4.153765419854506
603,4.144503512264939
12,4.135544758507667
127,4.109516795561147
50,4.108026635446902
