item_id,predicted_score
408,4.466543865079025
169,4.438107303719506
64,4.408519289388489
483,4.365562803562241
318,4.364818878860189
357,4.339059068851881
603,4.33832262879881
12,4.316989505740384
50,4.296376129365858
127,4.293164442024179
