item_id,predicted_score
169,4.7180820775809895
408,4.706147705105991
64,4.656064119198041
318,4.617342603620068
483,4.6167268236160925
357,4.590592750715054
603,4.579770583205573
12,4.56535021897502
127,4.546132032737079
50,4.5430956154526525
