item_id,predicted_score
169,5.047639155618759
1449,4.887648170955243
408,4.835974169670689
513,4.835939427977182
64,4.80382698664627
483,4.797081985102434
199,4.789874152867829
302,4.738698138645578
272,4.730053876248235
515,4.679151553932682
