item_id,predicted_score
408,4.2068977629883415
12,4.069990926719158
64,4.05841738162843
515,4.007202236437753
480,3.9992239420724456
272,3.980837373411196
513,3.9732025816604284
427,3.9450677019851526
657,3.9369357485502126
114,3.9236599241280934
