item_id,predicted_score
408,4.7593523602318415
169,4.685745362120738
50,4.642739341412693
483,4.640099595034808
357,4.579841812953925
515,4.560862988514919
480,4.5515432445911435
174,4.550154285077921
272,4.532877825905517
114,4.485967139227915
