item_id,predicted_score
408,4.5582601063820825
318,4.492476306423863
169,4.480648447955326
50,4.443063025703621
483,4.441443360234155
12,4.4230358326736
64,4.411520502251414
603,4.404390115867824
357,4.379744940115702
515,4.361231508244163
