item_id,predicted_score
213,4.029626774912728
258,3.932809208925201
524,3.90694321646892
199,3.8381712837530486
60,3.8004689013290847
223,3.793638419882166
190,3.788545890914238
1449,3.770742889628107
59,3.757331005197506
178,3.721455801939983
