item_id,predicted_score
276,4.48294594852451
185,4.441525304416992
135,4.412592893334089
183,4.400888715978615
483,4.385740480524529
56,4.31031370919852
641,4.2933352876291835
1449,4.228210069385424
434,4.225188699470403
661,4.208535428609269
