item_id,predicted_score
408,4.58286461450014
169,4.579214265358708
64,4.5126550087282125
483,4.475894711635558
318,4.472730713362916
357,4.45374872494321
603,4.439044268172514
12,4.43589400402062
127,4.409705769737346
50,4.404412750679957
