item_id,predicted_score
496,4.649666342208336
169,4.634435680507988
1063,4.408354415730939
659,4.310841561102763
208,4.2817856914564985
294,4.219868545810845
185,4.197399967290662
603,4.1918185336898155
313,4.173978429389637
378,4.166016419626785
