item_id,predicted_score
408,4.70740002921775
318,4.65819563007988
169,4.644964542264198
50,4.60545721771596
483,4.601121506165388
12,4.585675199786483
64,4.575136203310674
603,4.572793748995841
357,4.544445577572774
480,4.524451827054829
