item_id,predicted_score
408,4.502767845610586
169,4.49573611917875
64,4.445555226906697
483,4.408396486017272
318,4.403165797496008
357,4.389450560870155
603,4.37587770545073
12,4.362675537652475
127,4.340404849752005
50,4.3356178890783275
