item_id,predicted_score
56,4.766662921524466
12,4.720213862731778
408,4.709837482779564
50,4.694269478788116
357,4.683181239930535
318,4.666112215176078
320,4.574256094359513
269,4.561790176254615
169,4.55879610529069
172,4.5573281086134525
