item_id,predicted_score
169,4.264115648528494
408,4.256850664679557
64,4.199816202781517
483,4.164742431362297
318,4.160810124185576
357,4.137464102447233
603,4.1283088588169745
12,4.1244331376894685
127,4.099006184911021
50,4.095095948067044
