item_id,predicted_score
114,4.594962410072973
603,4.449085582271717
134,4.435032757634168
313,4.425008398224824
528,4.407689586820702
135,4.392654515389228
641,4.383471210005741
60,4.368341787897203
479,4.367824875676729
1449,4.353582797287564
