item_id,predicted_score
56,5.016308961316949
474,4.934974233235183
211,4.924238651857772
654,4.870388047522091
511,4.859965186310016
285,4.827726929164179
320,4.787974015070249
272,4.752341478502963
169,4.73540544376578
199,4.6896761692200535
