item_id,predicted_score
408,4.928997946769399
318,4.857069728657587
169,4.851317988366688
50,4.8102258329343455
483,4.8074111399915305
12,4.7906647126146895
64,4.780678435707029
603,4.7737330387299535
357,4.7463327437546114
515,4.730174719511289
