item_id,predicted_score
408,5.164149020583954
169,5.015573084654278
483,4.947326656152498
1449,4.869442633996956
199,4.8374049376551485
173,4.778942226645805
174,4.763397361901298
172,4.758177235612272
480,4.754261208731527
178,4.7473614328681375
