item_id,predicted_score
127,5.1633425647050775
496,5.150844995713508
169,5.133350812943396
318,5.078885305975519
1449,5.057053416732209
474,4.962872727690566
48,4.960359151920617
513,4.93004873472095
191,4.918242125397313
258,4.917956370818742
