item_id,predicted_score
169,4.165209571119068
12,4.113599111206026
1449,4.102882797765721
173,4.100126525557298
408,4.067240665654519
318,4.061950090364346
124,4.016111917534547
357,4.005520852574672
114,3.997085317463358
515,3.957013329339835
