item_id,predicted_score
408,4.4906852290452495
169,4.480643331229472
64,4.415446225108067
483,4.376096998531573
318,4.373643562453837
357,4.359627875302425
603,4.3394492046287
12,4.3317685763092575
127,4.308082079402484
50,4.301432838524405
