item_id,predicted_score
512,4.847811459822091
474,4.7562559501705515
151,4.747446325054637
285,4.6595961987480825
497,4.658386881568063
1449,4.486867111050067
603,4.446595519533012
136,4.4379069287371475
923,4.431162510044451
483,4.4307962521792845
