item_id,predicted_score
169,4.223975773283593
408,4.222919733706439
64,4.171182361248076
483,4.130144521076964
318,4.126164428603442
357,4.099187260912104
603,4.096485148833274
12,4.083980166302006
127,4.061593156430408
50,4.061221770949796
