item_id,predicted_score
408,4.935585692361644
318,4.87354915844859
169,4.864636795148984
483,4.820110576334562
12,4.801792980931362
64,4.791587111363948
603,4.78979953686545
357,4.759949763959817
515,4.742475853782953
480,4.735461080927679
