item_id,predicted_score
408,4.395813411547834
318,4.324241179964619
169,4.319852013345176
50,4.278781592013451
12,4.257719393940756
603,4.243643745013072
515,4.197404095569228
174,4.185550562692857
178,4.172677997784426
513,4.16250411641427
