item_id,predicted_score
169,4.742931850754701
408,4.735537504360773
64,4.6810182925010695
483,4.6448364661276615
318,4.6411827963477075
357,4.6170764305241585
603,4.608883823236408
12,4.602480117200658
127,4.578242129034346
50,4.574935713094293
