item_id,predicted_score
408,4.363705053671288
318,4.297511752831664
169,4.286719735903593
50,4.249860819659353
483,4.247253160789958
12,4.22844866479797
64,4.216961175968478
603,4.21165756509145
357,4.185836209311824
515,4.166579166628037
