item_id,predicted_score
408,4.182042419242256
169,4.180772548028024
64,4.128585674325721
483,4.089444369108794
318,4.082196721169743
357,4.0644133437547065
603,4.05641315113203
12,4.044638233722365
127,4.022450081464843
50,4.01912883127119
