item_id,predicted_score
408,4.124547936581589
318,4.056412858179892
169,4.049607177755238
50,4.010242359090213
483,4.00877702561964
12,3.9923036367426175
64,3.980223333835546
603,3.974429651230416
357,3.9487356064887824
515,3.9275681874251114
