item_id,predicted_score
169,4.794891625700526
408,4.773610975717103
64,4.734309021447608
483,4.695549947153504
318,4.691888618205027
357,4.664601854821992
603,4.659195781406844
12,4.645640521084185
127,4.626989058015735
50,4.624477202729258
