item_id,predicted_score
357,4.697309475119787
12,4.681592349252884
127,4.668826704193216
114,4.552840583501791
178,4.551352672200916
515,4.526248744562696
483,4.474570910219922
1449,4.4704537021501345
169,4.457927195185663
190,4.447947142121219
