item_id,predicted_score
408,4.531931416711231
318,4.4485976067751345
169,4.44852068141246
483,4.407895563430571
50,4.407629914410756
12,4.388262347121093
64,4.374932664288749
603,4.371089151917932
357,4.344140588848346
515,4.325922852871913
