item_id,predicted_score
169,4.517258293101435
408,4.422801351033678
1449,4.294817741651613
173,4.262197429899608
114,4.256450730197246
175,4.236024639100897
56,4.225593385739873
98,4.2148146631887995
603,4.185962281697714
12,4.170372279602267
