item_id,predicted_score
408,4.598706068603628
169,4.518320380678331
318,4.518287570515777
50,4.476176155779081
483,4.470877702972682
12,4.453495230332137
64,4.445069091005556
603,4.440401248892725
357,4.409209030391402
515,4.395919518687462
