item_id,predicted_score
169,4.478385653634296
408,4.468413537556412
64,4.409437228501962
483,4.371053462538916
318,4.369225295264553
357,4.345080337337397
603,4.332823800309396
12,4.325604308528065
127,4.303271859246869
50,4.298823551272658
