item_id,predicted_score
169,4.63754753979641
50,4.600650267516691
64,4.576973239906385
172,4.576422234506932
285,4.519430499760211
181,4.489945140707212
515,4.479854232574796
357,4.446712236605059
419,4.438322482314902
318,4.416688729153089
