item_id,predicted_score
320,4.582566546227801
511,4.494510491151651
168,4.4874694906430275
514,4.4755831600115314
178,4.441963477119922
480,4.437493314003245
357,4.435428495650741
191,4.398772948794264
427,4.3543358476473415
1449,4.353454666458097
