item_id,predicted_score
169,4.42840997545345
408,4.427106437666216
64,4.370198583478091
483,4.330951987855881
318,4.328198007909915
357,4.305545745175687
603,4.295793037425629
12,4.284600328409749
127,4.262390951003727
50,4.2593572988999515
