item_id,predicted_score
169,3.876491679982622
408,3.8732778886751347
64,3.813866512458672
483,3.7759962958734077
318,3.772700361490951
357,3.752312207123033
603,3.739783712618775
12,3.73126672450295
127,3.708452680987639
50,3.7038985431091693
