item_id,predicted_score
169,4.581675566247263
408,4.557701540409437
64,4.515945733500514
483,4.47506039851578
318,4.4713701031409565
357,4.446602766469141
603,4.437095409927172
12,4.422107655535303
127,4.405866526246652
50,4.4017416277218
