item_id,predicted_score
169,4.225462129755079
408,4.2199440933618035
64,4.164352807951912
483,4.125828558518009
318,4.123217495378494
357,4.100693415835398
603,4.089795645043716
12,4.079237551872511
127,4.0574729822049616
50,4.053734927140579
