item_id,predicted_score
408,4.423753657052548
318,4.356204503997417
169,4.353421209971267
50,4.310048202548895
483,4.308837156827228
12,4.290392099869218
603,4.278622526593145
64,4.277599523870394
357,4.248329047370401
515,4.228389548984959
