item_id,predicted_score
408,4.269412565307682
169,4.197881927522631
483,4.1541572126655595
64,4.1285923279254195
603,4.122627268803274
357,4.095494528783488
515,4.075489259001857
480,4.072949336891429
178,4.055739747538972
272,4.044564821213562
