item_id,predicted_score
408,5.013145105197887
318,4.938812629869436
169,4.927033811372254
483,4.890223660392174
12,4.868525980687697
64,4.857000179879587
603,4.849650893258272
515,4.809613131966314
480,4.795828561333039
174,4.79544579917432
