item_id,predicted_score
169,4.623203502779357
408,4.6001356517422325
64,4.549098603991201
483,4.513596023219588
318,4.508280639844926
357,4.482334592939213
603,4.474263103580034
12,4.472736063498884
127,4.44904539282086
50,4.444326110602174
