item_id,predicted_score
483,4.993346466338673
357,4.8647642233172395
98,4.835723596353552
318,4.824070814515737
427,4.7700592564707724
169,4.72538612564027
320,4.71957652067086
50,4.7076186174026375
185,4.698501272331544
124,4.6914973491238925
