item_id,predicted_score
173,4.803494922116505
12,4.625304633342111
174,4.62065035435127
50,4.57729228207032
114,4.480794083914015
144,4.465701503734276
169,4.46337784587003
64,4.432084625043718
313,4.427341479635775
96,4.3484178654468195
