item_id,predicted_score
408,4.303753791678553
318,4.2312933449256045
169,4.226622612625386
50,4.187161322065939
12,4.166047437466733
603,4.151148723234446
272,4.0790303770338046
178,4.077149691651197
479,4.02312510982157
114,4.019737378178097
