item_id,predicted_score
269,5.1204768981588344
318,5.073323708843113
320,4.995473870796326
169,4.953124165867963
133,4.950853741752243
408,4.938067736747016
498,4.9369623798437825
194,4.912080761911724
513,4.908155871616541
64,4.899226783850948
