item_id,predicted_score
173,5.318667976772166
100,5.0661286735058875
408,5.045988835355009
169,5.039465209532635
9,5.0263520460816355
168,5.011840058265893
1449,4.970517889845485
209,4.9352059207983885
194,4.915858835098715
524,4.9126432936363456
