item_id,predicted_score
408,4.601655289908083
169,4.524416589858697
318,4.51290380512045
483,4.470502677587121
12,4.452683751795644
603,4.445415454591184
64,4.443343325561504
357,4.4084606731971325
515,4.396869177523999
480,4.377756188236664
