item_id,predicted_score
169,3.932578799108995
408,3.9242437717174523
64,3.871350261672471
483,3.833452493924414
318,3.828935236869294
357,3.8046047591330967
603,3.7976273103322264
12,3.7897335307812576
127,3.7666293787911305
50,3.7636902178555536
