item_id,predicted_score
285,5.194395883548859
185,5.026324893676933
178,4.9513201607388435
169,4.901854373787267
408,4.892317698892924
357,4.880285864418151
483,4.845463035586472
427,4.814882613660458
127,4.811906291704469
493,4.793819781063739
