item_id,predicted_score
408,4.731516620279212
169,4.724416924302695
64,4.662588130945582
483,4.627681080044238
318,4.626941118526287
357,4.60848284986091
603,4.591935251665737
12,4.586195270565341
127,4.560097069670863
50,4.554858766682375
