item_id,predicted_score
143,4.661332618412
483,4.658043977468452
484,4.633771398547828
318,4.631162090377014
64,4.624837605528542
657,4.611926121268973
251,4.561271852552899
169,4.553697496595347
603,4.548185013954612
513,4.543730978370593
