item_id,predicted_score
408,3.968510749665132
169,3.8866466376288695
483,3.8434414166713338
64,3.8137875665330676
603,3.8098184361565623
513,3.736679394275584
178,3.7326817443025035
427,3.7026675850646766
657,3.6975153827634
474,3.685017704500998
