item_id,predicted_score
408,4.000803912385785
191,3.968064408009617
64,3.940255535232104
483,3.9283518240418096
60,3.87909253811989
169,3.8749782492645095
190,3.851812532532583
272,3.8387397585624377
306,3.8321780733598665
48,3.81650062691752
