item_id,predicted_score
169,4.407770507263269
408,4.385511910998077
64,4.328576955566634
483,4.294587094129961
318,4.2893243996789305
357,4.270371371140593
603,4.253961847920008
12,4.253414980646968
127,4.230329777044128
50,4.2222208835444315
