item_id,predicted_score
963,4.723438111657659
641,4.694972473177404
135,4.646028220848995
483,4.641929857612378
513,4.508567392728756
30,4.473027510666478
528,4.453133906679632
1142,4.447201496732422
419,4.437083958839383
480,4.426411748242337
