item_id,predicted_score
483,4.7304212198895215
50,4.657390775611773
185,4.631885299907653
178,4.446325985289384
100,4.421394785431698
134,4.404196759385586
98,4.379365437341315
1142,4.341520519367863
511,4.340706641079226
357,4.333039302344193
