item_id,predicted_score
169,4.4351675972935585
408,4.430146376500255
64,4.3758888654154235
483,4.336771822619273
318,4.334379493388756
357,4.311023240822945
603,4.301159258286272
12,4.289296982719344
127,4.267945656831967
50,4.264782937577055
