item_id,predicted_score
408,4.077376976755035
318,3.992223746807746
169,3.988536023050575
50,3.951775113585737
483,3.9516111605958977
12,3.9290793586984316
64,3.915520601475312
603,3.911317926748553
357,3.8856785919276216
515,3.868365251728829
