item_id,predicted_score
98,5.2527930141045465
64,5.072190044050639
659,4.988070429433593
603,4.963718111305861
178,4.9286647229627505
169,4.927252618492827
199,4.898455971679461
1449,4.894795251783522
83,4.86669611995242
1142,4.849400969212172
