item_id,predicted_score
408,4.389926376036763
318,4.32902377986864
169,4.315155179691574
50,4.279686253340637
483,4.278200030435797
12,4.260483988296974
64,4.247976771727075
603,4.241178428566608
357,4.217885678223424
515,4.195407429309924
