item_id,predicted_score
408,4.176617138864715
318,4.105549956616193
169,4.102820544319814
483,4.058008774999556
64,4.030787858515466
603,4.027760332809576
515,3.9791567110359187
480,3.9730889792691446
178,3.953620482890781
513,3.9429155929814823
