item_id,predicted_score
919,5.270101969639235
180,5.159930966960823
182,5.121866855105502
511,5.071934926862857
480,5.06178836568822
318,5.039959506929769
408,5.009659328933979
521,4.911295806472641
197,4.820753415577485
193,4.79914570666536
