item_id,predicted_score
408,5.29425293101711
289,5.273319646267103
230,5.196962092244935
896,5.094641322784847
228,5.030150607668077
651,4.99793538354906
531,4.994631761061881
150,4.945441152210259
328,4.940733893365595
705,4.938700115455761
