item_id,predicted_score
133,4.221681324827577
963,4.093633035288658
91,4.093144561054577
50,4.052243981822755
320,3.972547645550418
302,3.9512139212286375
641,3.916166059175943
419,3.9125596762519717
498,3.8593955182053987
143,3.8391403661657213
