item_id,predicted_score
173,4.748817282261589
191,4.637661835484607
318,4.535051014458942
190,4.423879679642169
408,4.41658205229857
527,4.3773910891359185
194,4.306803310962555
213,4.269837496528489
659,4.25039606256904
143,4.237939950408543
