item_id,predicted_score
408,5.1187579549989355
64,5.054531981368114
169,5.018945575439543
483,4.915086776289486
12,4.882056428736817
513,4.8409695570318565
172,4.8347603460238195
318,4.807015497027197
528,4.806006579180813
199,4.804779734852743
