item_id,predicted_score
56,4.906322404553951
134,4.43548664705198
475,4.426607356570802
203,4.330249263322442
483,4.243422762019694
589,4.177484344531809
205,4.1686619544293535
172,4.135308010049468
246,4.130900863480587
251,4.103985640981981
