item_id,predicted_score
408,5.273238979292126
64,5.257833669176309
169,5.224268790802126
483,5.20610020535
199,5.186202099163744
318,5.1457625574679255
313,5.135148271447473
1449,5.134231549788251
641,5.1320285728307535
316,5.107009568074598
