item_id,predicted_score
173,5.113979794557319
313,4.824366874178223
169,4.766145397781114
96,4.692927068175564
318,4.688591083651897
966,4.682187078805116
228,4.68088001234435
195,4.662416659737811
190,4.656617839280572
1449,4.644620328856319
