item_id,predicted_score
408,4.380193301423745
318,4.300882334019981
169,4.287078660288617
483,4.253345407522082
50,4.252282521504874
12,4.23467509222262
64,4.223262036924634
603,4.2057899984733345
357,4.187862575895548
515,4.172937404413945
