item_id,predicted_score
22,5.5074790890665275
515,5.443563286120007
96,5.377214794157604
114,5.375949994495989
1449,5.329609109940866
923,5.32833555067983
174,5.3215822860634
588,5.318956100518136
251,5.304755975041702
408,5.292801625583905
