item_id,predicted_score
515,5.406574558275937
100,5.187433231921789
178,5.082473641038687
381,5.052231809403374
200,5.026127448164352
603,5.006860619392092
1449,5.00624150168208
657,4.971190924945194
709,4.963965929446188
136,4.958901387916783
