item_id,predicted_score
408,4.7375885001131754
318,4.678609296429982
169,4.672555081687083
483,4.6260425406219685
64,4.600138100077089
603,4.597906659526318
357,4.568394931296423
515,4.547961794878973
480,4.544548723902771
174,4.535731903627534
