item_id,predicted_score
657,5.03491418481801
173,4.939533079748132
408,4.928551905678622
1449,4.801462025913188
183,4.791071023403217
427,4.790813216389699
318,4.7818630155169295
480,4.7730196028464995
357,4.770330958573074
479,4.76680469911613
