item_id,predicted_score
60,4.0081095036025225
59,3.9624621433983283
408,3.859663626184572
286,3.7398108564541865
462,3.4991949582858584
134,3.401969564590631
169,3.3747269211086284
154,3.3575384254641385
498,3.336400528050106
61,3.332414059006908
