item_id,predicted_score
408,4.7577421411138445
318,4.687557702377294
169,4.681163761090732
50,4.641879795077985
483,4.639060991721597
12,4.6207072019376865
64,4.60948979858612
603,4.605614755586615
357,4.5777947879318015
515,4.5594087422205964
