item_id,predicted_score
408,4.608696613800358
318,4.544937860990695
169,4.537400069622516
50,4.497285901575591
483,4.493857702279072
12,4.477442438543862
64,4.466717855211726
603,4.462817377755647
357,4.434691399790749
515,4.41485561922411
