item_id,predicted_score
169,4.091618158352801
408,4.069512384145322
64,4.005215137051206
483,3.9715727177442526
318,3.9645929789770125
357,3.948567478195683
12,3.9338959987274364
603,3.9293678207200244
127,3.9092437798642403
50,3.899385116205284
