item_id,predicted_score
408,4.565433021681531
169,4.564295551393878
64,4.49820267957412
483,4.461262861494982
318,4.459328355246204
357,4.43978532072988
603,4.42424186340513
12,4.418620107492352
127,4.393974201512562
50,4.38862943771095
