item_id,predicted_score
408,4.463269346981928
169,4.385716458860781
483,4.341579692414422
12,4.3261510942291075
603,4.3080694480014605
357,4.281124091211015
480,4.255925003369037
178,4.238571179933935
272,4.231876994325641
513,4.22103145630746
