item_id,predicted_score
64,5.7283337996120824
496,5.088830107636447
199,5.001485997688766
303,4.9828224019091145
513,4.861867644526507
28,4.804520854978476
87,4.776592478322135
19,4.768556651698542
306,4.76220265808613
963,4.754577425965108
