item_id,predicted_score
169,4.140794448023998
408,4.132693564382503
64,4.076857955444073
483,4.040827796557472
318,4.037087711967692
357,4.014033406413083
603,4.004340629898268
12,3.9985619842263165
127,3.9744269527832543
50,3.970431551527371
