item_id,predicted_score
169,4.714564876799188
316,4.634292201972377
190,4.582788075427933
513,4.5774879953295295
515,4.513014147981404
524,4.51008999770786
251,4.508336317756193
199,4.486246510473905
483,4.481857061798017
114,4.481057365538507
