item_id,predicted_score
408,4.0363069761977
169,3.96835223917838
318,3.965523629967406
50,3.9190580172800593
483,3.9157816875072102
12,3.899707734309867
603,3.8909829206475224
64,3.8899802516796123
357,3.8563559881998306
515,3.8416003058275003
