item_id,predicted_score
168,5.233052241761041
89,5.095654696102481
169,5.09457860904724
657,5.015928527298824
173,5.003733246656714
408,4.99599071877751
513,4.986355599223478
432,4.971713522483921
613,4.967592395381374
178,4.955327446384458
