item_id,predicted_score
64,5.060050434592567
172,5.0233372709702415
357,4.999029752183805
98,4.982044938444104
12,4.909376386684118
313,4.856609594848308
79,4.842258394589383
174,4.815669222421463
114,4.81507315339788
22,4.802039557601662
