item_id,predicted_score
190,4.569865598752694
22,4.552927767249865
83,4.460011253451458
588,4.4443202228147625
320,4.412380127321473
59,4.402710029563759
191,4.355085954911635
210,4.3542377743776015
169,4.352008664172914
496,4.346558368318487
