item_id,predicted_score
408,4.953925205968778
169,4.738153709912045
199,4.7132287717940375
1449,4.706732074955502
320,4.597409340544879
694,4.593400941726058
483,4.58785823536884
114,4.587287449582928
182,4.586187439254279
89,4.585654074880742
