item_id,predicted_score
515,5.14103352202028
408,5.041406776540083
64,5.0257509231651625
12,5.0151933652609175
98,4.997708026972982
357,4.969588947705598
318,4.916559959073727
480,4.915837621982732
603,4.905500325289734
114,4.890576194105265
