item_id,predicted_score
169,4.396664271118341
408,4.378781244531834
64,4.320674925613974
483,4.284695338985812
318,4.283932121275694
357,4.260493939183449
603,4.244382765521857
12,4.239296314617836
127,4.217337275829824
50,4.210995247106177
