item_id,predicted_score
408,3.121572253105079
318,3.054075522929211
169,3.0483636570526866
50,3.0071252940231936
483,3.0052486744540423
12,2.987669800446312
64,2.975901920112209
603,2.9728968677095193
357,2.944766240635726
515,2.9254698790879337
