item_id,predicted_score
169,3.250176135832629
408,3.237333858031867
64,3.186483476059786
483,3.1480061658554463
318,3.146922129507433
357,3.117893593438235
603,3.1109581784817566
12,3.1012166598379864
127,3.0793861366381483
50,3.0771984608282343
