item_id,predicted_score
1449,5.018321343298064
483,4.986957218807678
408,4.973056323568752
272,4.964308605869211
22,4.964275816048567
190,4.952836257745393
515,4.921938101356385
64,4.897766979528558
12,4.892072738440426
114,4.891574195013603
