item_id,predicted_score
12,4.775179143324809
64,4.670353134861036
50,4.647927655000614
483,4.557104632448604
357,4.522722154109237
181,4.4988244025143125
172,4.488702893905874
169,4.463188896159711
313,4.4492614018014995
174,4.448246874215777
