item_id,predicted_score
408,4.738798218343928
169,4.659168020898561
12,4.603154050633022
64,4.590611881755148
515,4.539145237456263
272,4.515894519102212
513,4.509327106058286
479,4.458043024548127
114,4.453473991547019
285,4.453066798854902
