item_id,predicted_score
408,4.2832669387225035
169,4.269837008677079
64,4.223685267818827
483,4.185253459423975
318,4.180910639466066
357,4.1586775587363745
603,4.154009064012986
12,4.143461510053919
127,4.11751243752426
50,4.116805527571786
