item_id,predicted_score
408,4.335711736487174
169,4.259164869227941
50,4.215479592565948
483,4.215335526164457
12,4.196123897349427
64,4.184383796313702
603,4.1804951540758895
357,4.152453523511185
515,4.137459922142339
174,4.123398789480722
