item_id,predicted_score
408,4.178612178490038
318,4.123193285308466
169,4.10878592984717
50,4.073503525835457
483,4.070150009299234
12,4.050215638411063
64,4.037757825161637
603,4.03718773689798
357,4.010087860183124
515,3.987521768613594
