item_id,predicted_score
408,4.954194671882012
318,4.877068385420962
127,4.8366859475298805
50,4.810067696643816
174,4.77925561984227
64,4.772173899171987
187,4.7667410128312
169,4.7660152570708245
114,4.75283130322472
313,4.748582717821451
