item_id,predicted_score
408,4.219389299254714
169,4.219302012325839
64,4.157184850382097
318,4.119675275744013
483,4.117874856404618
357,4.095728389255567
603,4.081193466302149
12,4.068778395957796
127,4.0472094564015135
50,4.04354352451202
