item_id,predicted_score
169,3.6821497873635565
408,3.674779803623338
64,3.618686134120743
483,3.579701524291048
318,3.577503496768624
357,3.554600279211563
603,3.5429204248120465
12,3.532397622656767
127,3.511147612715126
50,3.5071292987665443
