item_id,predicted_score
408,4.214179740725862
169,4.205881223515149
64,4.1493266471893095
483,4.112087111930215
318,4.111853829226681
357,4.0893895006700705
603,4.0775533009652305
12,4.068379475754291
127,4.043225279593595
50,4.040314342067103
