item_id,predicted_score
408,5.415944204320172
169,5.240338405736951
302,5.188966467033837
483,5.174243770344844
641,5.139373525349148
89,5.131894347242648
114,5.129910547732423
98,5.125140158768201
488,5.121829740618104
178,5.108948588587933
