item_id,predicted_score
19,4.727857698199722
483,4.681761308485387
515,4.610094399642899
187,4.5640333476698105
408,4.5628068226496605
315,4.539864784123689
12,4.483945885469465
56,4.4815368602900465
242,4.479494670547915
318,4.474238360669918
