item_id,predicted_score
56,5.726267678517995
408,5.453564997206386
89,5.441595731205006
182,5.425062168730237
285,5.407672706530515
169,5.35184351371817
156,5.345478579685832
513,5.303740852929375
173,5.289060982574514
114,5.28385970675871
