item_id,predicted_score
169,4.483872372831772
1449,4.448260620417782
408,4.348839683849341
659,4.225907147917419
474,4.2015158467959
524,4.1927056278528445
114,4.180736621777551
98,4.180468258767223
11,4.17283600671972
170,4.167013150520514
