item_id,predicted_score
408,3.8556326430549213
318,3.785680322811145
169,3.778389992999876
50,3.7395647027080545
483,3.737527187788445
12,3.71890531636731
64,3.7071313931779097
603,3.7027419304395095
357,3.675926031089978
515,3.65704356775292
