item_id,predicted_score
64,4.503665483507049
98,4.443952546123555
427,4.426942962722781
173,4.369289646748422
483,4.35862943617927
651,4.327633670536345
22,4.311541225811164
172,4.260777279307107
178,4.244514071737284
1142,4.223219213736437
