item_id,predicted_score
169,4.458865213280761
408,4.443564979742458
64,4.383753916136073
483,4.347679629159981
318,4.346603143907694
357,4.31507604378068
12,4.308192133972695
603,4.307939976385046
127,4.281866555654271
50,4.278963439628716
