item_id,predicted_score
408,4.460081237261628
56,4.342259387748669
1449,4.33263496659847
199,4.305063696932985
483,4.293180044368388
318,4.292920017356104
114,4.292438421393515
513,4.286492602247291
89,4.280793549942103
169,4.2682628953987205
