item_id,predicted_score
185,4.661979244431501
483,4.646760651949026
169,4.600022811739209
302,4.527985547925529
50,4.525369565426696
174,4.504364653073948
488,4.472162403286319
432,4.466406012972146
320,4.4384905816518
135,4.424690601449851
