item_id,predicted_score
22,5.443795404399024
357,5.348097150636962
496,5.249186332422663
174,5.248997917986147
64,5.21925701606913
50,5.200970301132558
114,5.198133048698813
318,5.19564532397754
173,5.194749015845817
1449,5.146044498782692
