item_id,predicted_score
173,4.504881680914728
64,4.484508152474546
250,4.227983948471123
144,4.172830912724953
96,4.049174747880283
187,4.04764321231281
195,4.005813246087662
56,3.9740631906960253
22,3.9456164202284207
238,3.8938265677892945
