item_id,predicted_score
169,4.439032432387761
408,4.4366342857906735
64,4.381909299155764
483,4.343841758910413
318,4.340884408495306
357,4.318236680454505
603,4.309019933672985
12,4.298126498418099
127,4.275586054500426
50,4.272581460560497
