item_id,predicted_score
408,4.668691542737785
318,4.592785380768672
169,4.592672847264457
50,4.549920257581019
483,4.546676932173491
12,4.529396944845464
64,4.518767931151049
603,4.516337891350659
357,4.485850930761502
515,4.4686953242723675
