item_id,predicted_score
483,4.779629766367778
408,4.752799660747995
515,4.729851032828808
657,4.6784915918035885
178,4.667909739607254
488,4.624329364748779
320,4.619921620040181
89,4.616698211864571
474,4.5904183454663645
513,4.5694880616547895
