item_id,predicted_score
268,5.113732138072178
286,5.056556058217915
64,5.0083968317145136
246,4.96129395464518
408,4.903705209763399
750,4.890835984198594
285,4.865453668426649
19,4.835646438736119
427,4.8336388075665635
306,4.759346819149445
