item_id,predicted_score
318,4.979998367787475
603,4.908302456514178
173,4.9075497310778395
169,4.862858716768453
132,4.861120982167932
357,4.855411380046944
64,4.838689451017721
1449,4.8005771092482865
191,4.70904508359145
512,4.693694096441438
