item_id,predicted_score
408,5.01336402205942
318,4.938660076046502
169,4.933203686929416
50,4.896397689770691
483,4.893120795897566
12,4.871307759501048
64,4.859094064018262
603,4.858893802070962
357,4.829845115020899
515,4.811410037707295
