item_id,predicted_score
408,4.500819293625361
169,4.415383899217423
483,4.372860421435945
12,4.351518638012106
64,4.341165258434048
603,4.335488554797161
357,4.307500909899509
515,4.296106601086588
480,4.276827439095822
178,4.26812850046477
