item_id,predicted_score
187,5.1885718741855005
8,5.06827623973581
22,5.0321184962079535
169,4.996019173954582
64,4.974779743191815
100,4.948145585222358
127,4.897975907664909
318,4.89253021664719
603,4.889309688296054
923,4.83961851590371
