item_id,predicted_score
156,5.915038691211184
1009,5.59631366412677
660,5.562530130331769
753,5.552117355014314
750,5.532802014618602
114,5.514304664813302
22,5.439462469769051
328,5.378533449317747
479,5.368031165723895
655,5.321688577761485
