item_id,predicted_score
408,4.716993537714178
169,4.709130904412818
64,4.65558967829033
483,4.615558412277761
318,4.615453132317206
357,4.594474580301625
603,4.581486156760221
12,4.566440712875563
127,4.544831781390161
50,4.541845613248305
