item_id,predicted_score
408,4.646741806798955
169,4.618618900125072
64,4.581832752954063
483,4.542466906140009
318,4.538526173102687
357,4.5207886762658305
603,4.513953416598087
12,4.49947500314563
127,4.473346277365843
50,4.472844680963454
