item_id,predicted_score
408,4.520826764608275
169,4.5195620294557415
64,4.471300783424409
483,4.435507983487463
318,4.425019246805465
357,4.404508518595917
603,4.404225972875886
12,4.3984369120437465
127,4.371734363835107
50,4.3702609177244325
