item_id,predicted_score
408,4.485816458944576
169,4.478321750991791
64,4.42524998770135
318,4.384295247636936
483,4.3837038119105065
357,4.364134548723871
603,4.3494985955661996
12,4.331261584128988
127,4.311715065493043
50,4.308432455906762
