item_id,predicted_score
408,4.572413067471811
318,4.497298381331393
169,4.492732607975871
12,4.433500861015328
603,4.415581038121166
480,4.36024843172248
178,4.3452834369003055
272,4.342264126742203
513,4.3361912254829305
427,4.3066599554736635
