item_id,predicted_score
169,5.30839170300288
408,5.306630253633173
64,5.2508692069924825
483,5.212081761689668
318,5.209306644520033
357,5.1872352549770575
603,5.17709543822705
12,5.165448679571953
127,5.143466939870305
50,5.1402415461436135
