item_id,predicted_score
318,4.836449908625635
127,4.807858018439987
191,4.788934912652117
169,4.678590204355434
1449,4.662068571177482
8,4.657293769602615
515,4.6072625552200845
511,4.4790572643718765
496,4.468785559905827
286,4.456301626590275
