item_id,predicted_score
408,4.5062874170589655
169,4.428867417319927
318,4.415554727981697
483,4.372890103388934
12,4.353743630012226
64,4.3446198946514425
515,4.300745458494328
174,4.291072707848514
480,4.276868333007094
513,4.266255078479242
