item_id,predicted_score
318,4.897225753802873
258,4.795903513696373
173,4.7339491912714315
169,4.68398669546391
190,4.6672605935008304
64,4.665661789674251
208,4.606823071282459
1449,4.592646449315946
202,4.563123543640953
144,4.523555654750194
