item_id,predicted_score
408,4.4778092830287415
169,4.473700742851457
64,4.411315549746375
483,4.374191280536633
318,4.370420771455269
357,4.352709913322425
603,4.338420289868365
12,4.33240724686973
127,4.307470866492654
50,4.30234170362098
