item_id,predicted_score
408,4.617544182442124
318,4.5414189956462305
169,4.541068364370433
50,4.496942200944588
483,4.493157013438593
12,4.475691029942152
64,4.4662041060716975
603,4.463286751393171
357,4.4318286018910635
515,4.417636099081931
