item_id,predicted_score
169,5.038235319972352
313,4.781178070157877
12,4.689409562459237
166,4.674658385117741
8,4.640357848451931
408,4.583988613442463
272,4.575479430440207
1449,4.567775119311699
83,4.499045865984205
302,4.477414963321018
