item_id,predicted_score
408,4.290771290582304
169,4.281970274638886
64,4.2298747937598655
483,4.188536091467338
318,4.185863953440716
357,4.163478472531458
603,4.155165191435122
12,4.141820491192235
127,4.119104710737061
50,4.117390073074035
