item_id,predicted_score
408,4.791573277430218
320,4.713161992463
56,4.667115860108513
169,4.661044276639892
64,4.634311427001017
199,4.60882784959329
480,4.596018327817839
318,4.579758646803396
1449,4.571037892613472
50,4.555649509952537
