item_id,predicted_score
169,4.821925048264449
302,4.64776070067323
963,4.647413139627412
114,4.634356515752315
392,4.60264903345854
83,4.585421797692516
73,4.541587956034687
966,4.525485279152895
866,4.492459982577913
166,4.44376252214747
