item_id,predicted_score
408,4.121652554741198
318,4.055043781583053
169,4.048242273859785
50,4.007440652223259
483,4.004340958978757
12,3.988515447416332
64,3.978219985950016
603,3.97231482284975
357,3.944820655912306
515,3.9262368458928103
