item_id,predicted_score
408,4.96334928587634
169,4.849773495403606
318,4.811411890897268
513,4.79480280962444
474,4.793735520007011
272,4.75179291698924
483,4.734243650064987
1449,4.697265255319075
56,4.694419221346827
488,4.693669626869082
