item_id,predicted_score
191,4.307244778117355
190,4.211427583926848
513,4.079429165108597
1449,4.074713827210312
234,4.067794175351351
169,4.0546853673761465
427,4.028973028682319
320,4.023024518190212
496,4.00585571334629
48,3.9817173294845114
