item_id,predicted_score
408,4.648683824885342
169,4.575085601236398
318,4.573951929769751
483,4.528631924155032
12,4.510502086079662
603,4.499618128589288
64,4.49893235199218
357,4.467817360098772
515,4.449706327524823
174,4.43870944047731
