item_id,predicted_score
286,5.5685683630188345
242,4.880241896078442
320,4.824298621688424
427,4.82204528403223
216,4.817946313934284
127,4.790571939247318
660,4.782751761472831
513,4.773282897886196
527,4.7591196147646935
200,4.744412281786269
