item_id,predicted_score
408,4.5308889520883
318,4.450568025999813
169,4.444751036102833
50,4.406978421788321
483,4.405379129699399
12,4.3886195305842435
64,4.377900882155916
603,4.366205275530598
357,4.342816223826779
515,4.325773777919014
