item_id,predicted_score
56,4.606837724816298
887,4.210890879893862
641,4.147714909125872
180,4.139534726976237
59,4.121160686495799
515,4.118802641692939
199,4.104621476400552
114,4.077435677907631
286,4.076612960386585
42,4.075365624936575
