item_id,predicted_score
408,3.964792853507633
169,3.9529260673085087
64,3.897994609682486
483,3.858941135479744
318,3.854317696414001
357,3.8372897513247834
603,3.825318787321675
12,3.816316504245903
127,3.791539456247299
50,3.7877433605736814
