item_id,predicted_score
408,4.73659134859341
169,4.731458233585666
64,4.673419974310001
483,4.635172709646948
318,4.632762119864506
357,4.615336455767481
603,4.600238092509848
12,4.589163293121426
127,4.566516844559494
50,4.561715430178872
