item_id,predicted_score
408,4.058973713553816
318,3.9946249466537416
169,3.9865679415759723
483,3.944219766583554
64,3.9168953277536396
603,3.910771204509119
515,3.8645785319119828
480,3.859635078798176
178,3.8467207404537915
272,3.8318976930236817
