item_id,predicted_score
169,4.545592135680585
408,4.531903370945012
64,4.481511495740223
483,4.442027981539844
318,4.4415012839791155
357,4.418515653500397
603,4.4045401730434675
12,4.3896341200727775
127,4.371697349217118
50,4.36704886064711
