item_id,predicted_score
408,5.064630525344091
169,4.99916154293655
318,4.999020556497205
50,4.952946046972963
483,4.949837451099807
12,4.936365454789146
64,4.925843500538727
603,4.9242149202333465
357,4.892856999187212
515,4.872581075512788
