item_id,predicted_score
169,4.750334061140743
408,4.744827290303792
64,4.689781187926756
483,4.649850875779498
318,4.649075582981754
357,4.624602939479951
603,4.613639374819688
12,4.600454795956295
127,4.579975494493633
50,4.576852607603438
