item_id,predicted_score
169,4.772239971337216
408,4.771674586539173
64,4.714991719211878
483,4.6741030070872585
318,4.669779443237988
357,4.646652639492159
603,4.63932715543891
12,4.628114519816861
127,4.605961661093064
50,4.603628239513412
