item_id,predicted_score
187,4.928215694789693
192,4.857517976780454
179,4.822062716150573
408,4.748074505126723
127,4.721054709130592
191,4.699771590390213
483,4.6776955982571415
12,4.6270562613021315
169,4.601102860170303
205,4.600006984867016
