item_id,predicted_score
408,4.5554711265122325
169,4.4734747275201165
483,4.43312699534914
12,4.412759508254636
603,4.398082612228587
357,4.370374073871516
515,4.354314222768663
480,4.345679109640371
174,4.3417051322120015
272,4.334059012783127
