item_id,predicted_score
408,4.331845844906438
64,4.30928791523822
169,4.228708329620772
318,4.172191889131697
1449,4.12518855192657
480,4.1178386820541855
313,4.090906260529377
272,4.061824241501357
320,4.048931271454663
12,4.0448711171986576
