item_id,predicted_score
408,5.090527786924794
169,5.013345737368546
483,4.968982942868333
357,4.906864787104999
515,4.889957232544944
480,4.87652945341649
178,4.86417510488286
272,4.861038711213558
513,4.858020631210757
427,4.825651673453577
