item_id,predicted_score
169,4.676014608710172
174,4.588810912906479
408,4.579442393668564
318,4.538209052485277
143,4.536000506243358
12,4.521527915345078
515,4.510414178998305
272,4.498088900822659
179,4.496070948188601
1449,4.490634500288751
