item_id,predicted_score
172,4.7165108934579685
357,4.70606782661041
180,4.624880352179771
114,4.590964210229767
187,4.586879969559524
318,4.569006684816554
408,4.555188380941895
515,4.541939563999938
98,4.522851371372646
483,4.471156707653791
