item_id,predicted_score
488,4.474896849119877
169,4.467826079904603
408,4.451198039665364
519,4.339795105596001
694,4.315644568997001
641,4.313779993010268
178,4.307906459574637
1194,4.304243744607742
1449,4.3025299189286805
134,4.301338493992044
