item_id,predicted_score
191,4.665853488947543
64,4.547264752439585
190,4.534511264706353
357,4.374327368205648
98,4.28558756995025
56,4.249226132398207
272,4.216809701291887
69,4.212125163197076
129,4.192719351121821
1449,4.1646619208644875
