item_id,predicted_score
408,4.198571503171703
318,4.1246449441713295
169,4.122035670451588
483,4.078576084611311
12,4.061066049220658
64,4.049285376285971
603,4.045479113818871
357,4.017332877705342
480,3.9884289529463803
174,3.9874717281010486
