item_id,predicted_score
408,4.321365189344054
483,4.208401064453886
320,4.1395721419264
223,4.098420566639916
48,4.095517307037676
1449,4.058598121327334
607,4.043511803735944
124,4.02832002895027
191,4.016745449508441
15,3.9698788358117647
