item_id,predicted_score
408,4.3697131293410125
169,4.291799159915734
318,4.291544696227596
50,4.249827940375762
483,4.247720367193045
12,4.2291829620685935
64,4.217310019693626
603,4.215673706206555
357,4.185885919943863
515,4.1678413676882275
