item_id,predicted_score
169,4.358388996927161
408,4.356110839283062
64,4.3015065687249585
483,4.262857102782702
318,4.259671177936553
357,4.236297067972891
603,4.2281073672967535
12,4.217180479762263
127,4.194622908241253
50,4.192009530949621
