item_id,predicted_score
313,4.997185770058499
302,4.905472753648779
963,4.89760354983793
316,4.7453038266107335
272,4.640541535756606
83,4.6120410072831985
166,4.599145322894942
315,4.544198803352382
482,4.52614237079082
30,4.507771780433
