item_id,predicted_score
408,4.058542825011476
318,3.9851519541557243
169,3.9794956294769053
483,3.940420011173942
64,3.9087633143530525
603,3.9049216360494676
357,3.878668720694726
515,3.8576864130768174
480,3.849298086309881
272,3.836270224126906
