item_id,predicted_score
515,5.00891105161574
408,4.991139370699876
483,4.941311540724338
657,4.911210882682737
169,4.890555257261496
474,4.866447467786869
513,4.829272912705602
272,4.819008533534439
1449,4.795764960542406
357,4.764438298952838
