item_id,predicted_score
134,4.342222688048944
483,4.327186450115365
132,4.239527475057135
50,4.144383041311034
191,4.079337249473953
187,4.0760709737927705
127,4.055602396765452
169,4.039350374120855
603,4.029966972262417
408,4.015578242883775
