item_id,predicted_score
515,4.752951171762344
143,4.667899317372468
132,4.662941890354648
64,4.630849628693362
659,4.593467076436088
313,4.537977511516134
83,4.497843332247519
496,4.47337342374254
11,4.429422446260666
174,4.416721716214305
