item_id,predicted_score
9,6.246374267928077
56,5.989844064326011
318,5.72188149851132
59,5.682506450125636
216,5.5110096101319055
657,5.461515630076329
42,5.4460914214104035
190,5.4251250604096235
515,5.407657806399855
64,5.399469365313521
