item_id,predicted_score
313,5.056709236037393
269,4.656625945707298
302,4.649914775969433
480,4.621366397213418
169,4.552776591592616
357,4.510262247527095
42,4.506315817970691
408,4.493314204952067
199,4.46437397471922
272,4.461089812465165
