item_id,predicted_score
408,4.1702600528732345
169,4.159499031948794
64,4.100981049054703
483,4.062616326815502
318,4.062362974244652
357,4.042821244895316
603,4.027552169457972
12,4.017792215843185
127,3.993421483228428
50,3.9893490077196745
