item_id,predicted_score
659,5.187457335246549
1449,5.149788456242281
258,5.119796170103895
301,5.027529012514247
213,5.0041745986705575
169,4.982392115007863
966,4.92764376136742
707,4.913311990480007
863,4.905444469475011
318,4.90188814623999
