item_id,predicted_score
483,4.636892835757615
474,4.624781454486527
134,4.591257238314316
479,4.5575189905929765
603,4.53117003234427
654,4.502627621686705
197,4.403854134133407
192,4.386225086322473
185,4.359662642715542
408,4.32203848684414
