item_id,predicted_score
408,4.3101440121896
169,4.242863293732715
12,4.181636086448096
64,4.170306033003058
357,4.137815642561781
515,4.117268968766716
480,4.112583916263818
178,4.101282439568295
272,4.081570810353157
513,4.069475879527168
