item_id,predicted_score
56,4.755149022115466
144,4.68688239356327
187,4.580060262380454
177,4.526667937379054
276,4.5188623538617785
474,4.507054476379535
1449,4.481417377046958
659,4.480801788118884
60,4.471345119367441
174,4.461927436606018
