item_id,predicted_score
408,4.404372447466899
169,4.330295419682744
483,4.289140418258359
12,4.270400727885266
64,4.258339468593376
603,4.25611570953637
357,4.228338229676712
515,4.208023690697879
480,4.200614404540267
178,4.185117631776457
