item_id,predicted_score
169,4.609381396822591
408,4.596114749846921
64,4.539049371226631
318,4.504246199539983
483,4.503605119670727
357,4.4791154096939465
603,4.464780350356708
12,4.458011568775308
127,4.435347554289055
50,4.430344667245046
