item_id,predicted_score
408,4.609530300241873
515,4.544687344298848
114,4.504098360680949
169,4.475232846476159
513,4.465811272362342
657,4.423696543821085
489,4.41921225897581
12,4.401930362239075
1449,4.393146149818859
56,4.388708954130828
