item_id,predicted_score
169,4.422414359173167
408,4.421125850403934
64,4.358790857571711
483,4.322342754190867
318,4.318882155628414
357,4.298992181041217
603,4.286086261707065
12,4.2802942878652885
127,4.2556956728931405
50,4.250869168344053
