item_id,predicted_score
919,4.96230751019106
357,4.5920374670422115
114,4.4758647191635585
169,4.460784563808092
408,4.402041876560936
378,4.332692982228927
487,4.308720408813722
521,4.304973501231546
272,4.304010942275479
419,4.280991021781729
