item_id,predicted_score
313,4.490258206259142
333,4.3117497085447285
318,4.302972278418995
1142,4.230075449088969
489,4.229912217542003
1449,4.216438508212332
525,4.189774846717283
496,4.18743985715816
527,4.154411035542436
513,4.153203142447994
