item_id,predicted_score
483,4.913928656165624
199,4.893462250750904
169,4.843898292605945
1449,4.8110737919554225
513,4.803291634355917
318,4.794236903426498
100,4.788085153008122
170,4.762621669153419
114,4.734847229240869
302,4.726755262398379
