item_id,predicted_score
408,4.455563707024262
169,4.433579557895946
64,4.396904788885779
483,4.355346559139544
318,4.350974900396932
357,4.328853568719614
603,4.326594475912162
12,4.31034055300874
50,4.2868654310757135
127,4.285784725840292
