item_id,predicted_score
302,4.668714741202103
483,4.608816394928078
204,4.603542934320015
315,4.599386036455924
316,4.575942468794817
251,4.475557632964593
169,4.4530550250081165
114,4.446361045959354
64,4.44560561627065
427,4.444957020285508
