item_id,predicted_score
408,4.179121192756517
318,4.112353948192101
169,4.108147218801471
50,4.066672642256022
483,4.064068493913802
12,4.049137849728276
64,4.037872953917059
603,4.033512612615782
357,4.0056409107513495
515,3.984315991945327
