item_id,predicted_score
169,3.901370036932139
408,3.898330167027401
64,3.8415668622013506
483,3.8029224996563014
318,3.799833068706262
357,3.7768880717500113
603,3.767392530509022
12,3.757638649943508
127,3.7349360696470155
50,3.7317419867169694
