item_id,predicted_score
276,5.691646454485692
91,5.278317906371944
137,5.235953492936877
9,5.220190097620582
285,5.150170715881366
340,4.954001604190975
93,4.723375414327635
14,4.666792496714839
100,4.632206771818197
179,4.627726535564455
