item_id,predicted_score
408,4.971557913765968
320,4.791694293557506
657,4.769183957112264
242,4.7434184064423395
169,4.733195983742908
641,4.728131156807581
276,4.7202860957882145
515,4.69037030227066
478,4.638155775856134
83,4.6377406383194675
