item_id,predicted_score
408,4.451841249165165
169,4.12380726221179
340,4.099614586940129
182,4.071452802271308
8,4.056708500074384
272,4.0552552122991425
174,4.0402066142121695
357,4.0252887524118055
180,4.02044963243877
191,4.000049388084156
