item_id,predicted_score
9,4.752784165998535
14,4.409624970605871
124,4.385915169142928
408,4.382377381385103
134,4.297186842759008
169,4.289237590754918
179,4.1975177852700565
132,4.179168353736386
98,4.177145378014453
340,4.1251937315341305
