item_id,predicted_score
408,4.706380337468158
169,4.694830364311521
64,4.643947958147187
483,4.604926199714986
318,4.603898381715243
357,4.583235102246523
603,4.571874200115768
12,4.558475072435588
127,4.535075615419378
50,4.532580319749957
