item_id,predicted_score
169,5.018231910450269
408,4.905231410512086
513,4.881224551307941
1449,4.837746560455415
963,4.825314058612498
516,4.723850714541161
268,4.706710862216482
1194,4.704278386764605
199,4.703305236054896
19,4.701955462645777
