item_id,predicted_score
98,4.804687113719546
302,4.704228341260718
408,4.690796676286463
178,4.642234721774693
258,4.602702464405843
269,4.591361962336868
114,4.557752012543197
272,4.512460381081739
268,4.504204346223225
483,4.499364109031653
