item_id,predicted_score
169,5.318084062502411
483,5.255748964754771
174,5.244119889336094
408,5.16638183538246
1449,5.096558158714548
963,5.095658097576063
64,5.086289764909328
181,5.071944762716072
272,5.071358713047873
923,5.056341857153316
