item_id,predicted_score
143,5.334835087616551
313,5.321834236444487
169,5.265142136850541
692,5.24195537593173
189,5.075941406656278
690,5.008605516209529
316,5.002267147557013
434,4.983399628427445
429,4.9654702806012505
258,4.962474710141371
