item_id,predicted_score
318,4.5750824296335
64,4.536442714700323
408,4.521250480504598
320,4.454381332500143
515,4.421641619402099
169,4.4187219908055155
56,4.4038973814852564
357,4.395702139567629
657,4.38583886106566
8,4.362510193051732
