item_id,predicted_score
408,4.116863911809268
318,4.068572185243408
169,4.056479217681843
483,4.020627094497707
50,4.018442901285709
12,4.005379643811758
64,3.988331622496959
603,3.987384141174331
480,3.9349371176037193
515,3.9313273437018594
