item_id,predicted_score
483,4.450870473334532
50,4.432667118843258
169,4.399741918525433
357,4.372514894439195
172,4.34335434353094
181,4.305005158409796
64,4.301189768919472
12,4.293169569114825
511,4.29108690392643
1449,4.288354804733846
