item_id,predicted_score
408,4.442846279206914
191,4.363005316071029
483,4.310217811403081
185,4.302847312436564
169,4.277632211129284
1449,4.262546292890545
493,4.19762928443006
603,4.19388740707514
134,4.19369236058085
178,4.190119200023465
