item_id,predicted_score
169,4.077802994857055
408,4.063701004322462
64,4.017028894319818
483,3.976227222308962
318,3.975917989942773
357,3.9465331179856076
603,3.9395700205968303
12,3.924520609543621
127,3.9057149960714415
50,3.90397427225646
