item_id,predicted_score
300,5.123348593678605
690,5.00870236610293
316,4.929188643968911
613,4.84344278743197
866,4.80224460742893
265,4.797743810216878
1016,4.749946851490612
736,4.740879778852857
8,4.725507520990912
315,4.721752821524037
