item_id,predicted_score
127,4.847502409246988
408,4.754164748754996
357,4.7460908885267665
172,4.651553739185345
318,4.65043608472111
285,4.631362290978105
483,4.609799413767893
22,4.604172518926005
100,4.590407100230642
12,4.582398298623946
