item_id,predicted_score
318,5.0731263278700025
357,4.91019751247136
515,4.809870252560761
408,4.803718124201243
12,4.785118830487658
320,4.772942416709987
480,4.75816228287564
313,4.7375022514547815
22,4.734052680608136
169,4.712011466593111
