item_id,predicted_score
408,4.509927516635213
318,4.446396952570767
169,4.437010362369287
50,4.398898719358848
483,4.396404587556282
12,4.379297903292428
64,4.367524597494629
603,4.3629494167925635
357,4.336708254593153
515,4.3152858185904766
