item_id,predicted_score
408,4.421207055441315
318,4.348716217908864
169,4.339374938432349
50,4.30344691192826
483,4.302145604317824
12,4.2818952981707445
64,4.269265937413664
603,4.263713957905965
357,4.238985462918401
515,4.219693422192221
