item_id,predicted_score
302,5.155944841719657
483,5.144474781093906
12,5.053982038840861
320,5.037012968606324
50,5.030715255319816
169,5.019862230803363
134,4.964992062618573
488,4.963743279774163
923,4.950659327035429
242,4.948038024598725
