item_id,predicted_score
328,5.705117070456347
15,5.6602235604688085
22,5.598288508370998
121,5.371523814394312
118,5.295443566877362
313,5.257261260592633
161,5.249314258096373
282,5.21763933992604
866,5.204620197849171
255,5.2030869922106255
