item_id,predicted_score
169,4.5668121355696405
408,4.565741281425534
64,4.508679294594874
483,4.468946612864894
318,4.466365958433624
357,4.444372796478199
603,4.433739973970729
12,4.421535156947186
127,4.399995673686572
50,4.396731906091943
