item_id,predicted_score
408,4.219596876651784
169,4.174246638705296
64,4.144351111261608
483,4.10320368597221
318,4.099447696109317
357,4.0825446946053585
603,4.076981668803533
12,4.06258540606396
50,4.034768255139031
127,4.033720405456201
