item_id,predicted_score
169,3.9548566980704902
408,3.9538514762205876
64,3.8968512594810085
483,3.8576357452091914
318,3.8540466256828134
357,3.8329942975988427
603,3.8226216836774616
12,3.8114332436924245
127,3.789384768082395
50,3.785906269569738
