item_id,predicted_score
127,6.652675183507559
357,6.573257606432776
187,6.519794524070122
12,6.4496425490889155
199,6.416523766221899
89,6.389887941695171
480,6.328648579452931
98,6.319099609496031
511,6.298877166525138
180,6.273666039993024
