item_id,predicted_score
408,4.122867411144711
169,4.115665399716723
64,4.064342012168191
483,4.02439893799563
318,4.021835528574317
357,4.000475480072015
603,3.9912107237071783
12,3.9774639479907514
127,3.9549889257638458
50,3.952777330026978
