item_id,predicted_score
515,5.236945518786171
496,5.1393308495484
485,5.129614305626271
205,5.051109541212909
521,4.994478700079929
357,4.993275770870844
169,4.962527186993085
276,4.961329319988353
659,4.958343405660754
216,4.861140660907681
