item_id,predicted_score
408,4.403135587498469
169,4.321176778160305
318,4.309010156802872
50,4.271397777890174
483,4.268121980956593
12,4.248447370322961
603,4.240687859462434
64,4.238826795503062
357,4.203942710250338
515,4.194565117205293
