item_id,predicted_score
408,4.641905360932113
318,4.557436458236781
169,4.553690385774243
50,4.512604283330567
483,4.512307060771198
12,4.496232655630752
64,4.486029496447325
603,4.472140469390688
357,4.448877695644228
515,4.434968894343405
