item_id,predicted_score
169,4.528430299136576
483,4.48707679270035
357,4.4258835692576595
480,4.399558242849943
178,4.384958812386517
272,4.378804089977406
427,4.345149482847144
657,4.338862074513251
114,4.329742043114451
474,4.328946715504758
