item_id,predicted_score
180,4.833973270987785
286,4.794153751133029
127,4.632738116366143
515,4.607506133218242
690,4.534037990500157
48,4.520258335962065
709,4.418723979265307
408,4.403243639330793
357,4.3688545266215195
340,4.353078948686545
