item_id,predicted_score
12,4.291485593512161
64,4.279491420677697
318,4.181595975924067
603,4.076463761463779
98,4.071351046636067
100,4.041488082719473
607,3.9929423884982156
1449,3.9843816592001953
483,3.974534738975598
515,3.9726435498418287
