item_id,predicted_score
127,4.6187762022686885
169,4.584185200865976
408,4.5758305316913495
1449,4.573869350092283
318,4.549906970909455
483,4.452840680614956
515,4.446204183802212
320,4.434634109702026
603,4.415404758952743
513,4.413582087343653
