item_id,predicted_score
408,4.8864110775469065
169,4.880652668302557
64,4.822995339849356
483,4.781606047181776
318,4.7781209454845825
357,4.758709287485319
603,4.746761187033326
12,4.734792747446102
127,4.712796591448533
50,4.709218418821234
