item_id,predicted_score
8,4.333324351237555
22,4.157075789277026
237,4.139180937780818
275,4.12634543541896
588,4.093594106183186
408,3.979348100863107
285,3.9278453969656812
1449,3.911765039710828
524,3.90918934749594
659,3.8920348016282693
