item_id,predicted_score
408,4.239671227997552
169,4.173575907255576
483,4.132205762824749
603,4.101857625476602
357,4.075080169198563
480,4.052534715522729
174,4.038246260139178
178,4.0335993078369485
272,4.024103595236469
513,4.011421163171187
