item_id,predicted_score
408,4.2015819880060015
318,4.160242129468128
169,4.144710099342965
50,4.108362393172467
483,4.104627841098731
12,4.091996929040625
64,4.079625270163379
603,4.0765491235476725
357,4.051300248658041
480,4.033830848266378
