item_id,predicted_score
98,4.599092487371488
134,4.357144498615506
302,4.349801447212132
127,4.322434304003682
483,4.297834087182527
408,4.291431256874892
488,4.282827405288139
114,4.267622322936894
654,4.234078078143073
1449,4.230353488040527
