item_id,predicted_score
408,4.295287147580609
318,4.226933014348947
169,4.218583805525726
483,4.179686859612755
12,4.163364099361964
64,4.151460566924672
603,4.14429104845695
357,4.119844506176526
515,4.097499333161031
480,4.095218674192852
