item_id,predicted_score
408,4.089192507057754
318,4.025386727022367
169,4.024285299360212
50,3.974856418855585
483,3.9688425058330243
12,3.954526577866218
64,3.9477280853827628
603,3.9463809044685147
357,3.9109621710078053
515,3.8989015047255027
