item_id,predicted_score
169,4.395319622874303
408,4.3913202069812876
64,4.3319658442680025
483,4.291358990704733
318,4.290745078332345
357,4.268356228610073
603,4.254396325165755
12,4.2415070031872055
127,4.221368697529651
50,4.217196485906653
