item_id,predicted_score
427,4.354929335741367
603,4.082537176845769
169,4.047883012573733
302,4.005047101696085
482,3.9862750152337503
242,3.9818032785365327
83,3.97126951591257
14,3.970481771339567
408,3.942162637314001
132,3.924051099716192
