item_id,predicted_score
169,4.7489109661767674
1449,4.748279164120222
114,4.70567237225262
64,4.63440918002847
22,4.620115294505474
513,4.5489400919115734
100,4.537603863888471
199,4.516947660251957
272,4.509135700581846
603,4.504493192332022
