item_id,predicted_score
169,4.260061420394237
408,4.238416398686073
64,4.197397560339391
483,4.157138996354235
318,4.153495853893082
603,4.1202895352267905
357,4.120233649780564
12,4.109754363449842
127,4.089225566202485
50,4.088845905507379
