item_id,predicted_score
199,5.005377936682995
474,4.879064914822806
1449,4.842670880599068
408,4.841567305371214
64,4.819712989505273
178,4.78266168445607
89,4.753034907983456
50,4.745853981594966
480,4.718475984443266
45,4.7183276962850496
