item_id,predicted_score
127,4.874600622437775
408,4.817404493211495
483,4.742035544377057
169,4.735936009623545
187,4.698484611829618
480,4.68704544471083
357,4.664201527504097
23,4.638204229664408
654,4.632875311421892
474,4.621024412168636
