item_id,predicted_score
169,4.665778999461065
408,4.661832882941598
64,4.605989378616954
483,4.5682730928199575
318,4.56589058887087
357,4.5422992409838985
603,4.532691303907511
12,4.523121687807459
127,4.50018034210086
50,4.497015080220108
