item_id,predicted_score
408,5.096238858034384
169,5.021705316326058
50,4.981775657030415
483,4.980219873690383
12,4.965845983225475
603,4.945496855798691
515,4.900496961900989
480,4.898180400663691
174,4.889229955048401
178,4.87994179336949
