item_id,predicted_score
408,4.518173611688688
169,4.517181600706368
64,4.453807023168001
483,4.417074163145464
318,4.414380867700579
357,4.39486421145626
603,4.380841309956149
12,4.374477069484604
127,4.349929993525983
50,4.345008651649615
