item_id,predicted_score
408,4.854198346507314
318,4.786896033060098
169,4.773079126882352
50,4.739665613169789
483,4.737716502902332
12,4.720056184817826
64,4.708288783401358
603,4.6979176119724375
357,4.676338689298855
515,4.655181211907791
