item_id,predicted_score
408,4.791251524719546
169,4.715852048041041
483,4.673406835275924
64,4.645052408609662
174,4.5819892660942605
178,4.568901953555053
272,4.5661972972546305
513,4.557625651988251
427,4.532287666404923
479,4.513640184357588
