item_id,predicted_score
408,4.531050357805665
318,4.46704041623118
169,4.454941467388888
12,4.396653894064879
64,4.385777451748092
178,4.313627296010394
272,4.307296584741325
513,4.300832486212045
114,4.254755629926811
285,4.2502495546629335
