item_id,predicted_score
408,3.6324547394686104
169,3.631732401513113
64,3.5619622017300783
483,3.5219750695773326
318,3.520939845065326
357,3.5048359430925586
603,3.4835845648656463
12,3.474065761820556
127,3.452938746920344
50,3.4458377310005774
