item_id,predicted_score
408,4.895306756666328
169,4.790353752373791
1449,4.735145513760367
114,4.673776286128921
251,4.657361644026381
474,4.656164935325859
302,4.649580688697649
659,4.6363600418202395
272,4.6302549792434275
14,4.578049857729553
