item_id,predicted_score
408,4.755514384940269
169,4.6793745198007075
603,4.603620780596505
272,4.529580813989939
513,4.520187549781807
427,4.495952554725677
657,4.4870799139021935
474,4.476429192373646
114,4.474838685278393
285,4.47200194539985
