item_id,predicted_score
408,4.651160081461816
169,4.644474313065076
64,4.583181617238018
483,4.5463082869685145
318,4.544168460879909
357,4.527527982967331
603,4.510682688272196
12,4.50291031757169
127,4.478509266479226
50,4.472960895560597
