item_id,predicted_score
408,4.51977628179125
318,4.453307514613337
169,4.446870476624589
50,4.405729926553885
483,4.403335612625591
12,4.386583071072162
64,4.375477230059249
603,4.371212295926032
357,4.343360692982151
515,4.324366191766978
