item_id,predicted_score
169,4.552534409582955
408,4.548318180510199
64,4.487197727751337
483,4.447468409601518
318,4.446238722348203
357,4.42314162358268
603,4.410176563819286
12,4.400392104959711
127,4.378608569547756
50,4.374500665881624
