item_id,predicted_score
603,4.699370871270707
515,4.657603243729785
318,4.657140865427444
1449,4.630739598496581
657,4.617559497873807
483,4.570102789507754
479,4.565141852115043
357,4.548397668789748
320,4.528828829810846
165,4.510742299176646
