item_id,predicted_score
513,4.872300942770695
199,4.841480694698591
272,4.716713744683928
306,4.696196970665946
1449,4.663494219173902
126,4.662178029263864
921,4.644672212838478
483,4.632202437928167
963,4.6157222165455245
83,4.603102214283097
