item_id,predicted_score
408,4.871953813122331
114,4.832540555294227
174,4.8311738571629235
187,4.830291063753538
511,4.798214318114503
12,4.7806264821169355
169,4.7525226935306
98,4.741773625679252
176,4.718084561058205
89,4.712860285697458
