item_id,predicted_score
408,4.492163884725752
169,4.491632394270911
64,4.432243140723361
483,4.391441087082437
318,4.389920900955307
357,4.366524289433425
603,4.355800063300625
12,4.3435937393207515
127,4.321951145391646
50,4.319061815695961
