item_id,predicted_score
408,3.993414379697629
318,3.922375891011133
169,3.9114904495943574
50,3.875213333313258
483,3.873453792570246
12,3.8541489634691004
64,3.842619701854781
603,3.8348084924231354
357,3.8105898620965895
515,3.79278577729702
