item_id,predicted_score
318,4.4284729352527465
191,4.341002151457543
83,4.263390633538699
8,4.246809395770492
190,4.246276146834515
1449,4.237071514794715
12,4.196691270765537
320,4.166279592161531
316,4.162635868006311
169,4.15044790685851
