item_id,predicted_score
408,4.379658492773605
1449,4.309430251586258
12,4.186149587836731
179,4.161229749135766
169,4.160188101241562
320,4.146080829562274
607,4.121768516604736
923,4.117709344017484
603,4.115733392713628
191,4.11487838356203
