item_id,predicted_score
408,4.339025015125508
318,4.264337329570542
169,4.2569285725791675
50,4.219469614424862
483,4.217182611375195
12,4.197165993154783
64,4.185674451962925
603,4.1803810444129565
357,4.15395909492969
515,4.1368932665128355
