item_id,predicted_score
313,4.361072170518533
318,4.130576951198894
199,4.129748107472982
1449,4.108912843081992
42,4.003700460970654
1142,3.9687534171834358
328,3.9338623595282844
175,3.9228431576221965
496,3.91128224529492
170,3.8750372995482087
