item_id,predicted_score
408,4.826503062675659
318,4.750810672007965
169,4.743272424467053
12,4.687685963257361
64,4.674303354313765
603,4.6666244469093305
174,4.61103539298091
272,4.598457514914629
178,4.595249787700573
513,4.593223462613425
