item_id,predicted_score
408,4.237922736621408
318,4.180358464495742
169,4.169890464841182
50,4.131375471733005
483,4.1295345761881705
12,4.114724780444247
64,4.102387953861727
603,4.097051322273727
357,4.072025698802996
480,4.048842505666013
