item_id,predicted_score
190,4.032013963984857
513,3.872131273382048
265,3.8575904249560953
282,3.8256919949366583
274,3.759403045737697
291,3.7556293494413997
216,3.738069947510354
1449,3.7292675300883533
429,3.72704876723795
690,3.713394210336892
