item_id,predicted_score
64,5.1477633450353935
169,5.035556496696046
313,5.0253487574736475
98,5.010819509765944
651,5.007776185845172
173,4.947273744563153
603,4.904508868211911
79,4.862016441261465
1063,4.858498535164392
143,4.848705465781978
