item_id,predicted_score
408,4.495396197691632
318,4.429055139078127
169,4.416011549035808
50,4.382412399181785
483,4.381298178980325
12,4.362562624169153
64,4.349442109368781
603,4.341968882546227
357,4.319757911870049
515,4.296949291809427
