item_id,predicted_score
169,4.62280286947789
408,4.60830224596746
64,4.5606512261282335
483,4.5228692136474375
318,4.518281732227336
357,4.495838409736565
603,4.486512106242973
12,4.475854268233339
127,4.455404512046093
50,4.451286407559646
