item_id,predicted_score
408,4.297649835239838
169,4.280858990615459
64,4.231842646223842
483,4.196774664362542
318,4.194556335197604
357,4.174879854612967
603,4.164857300408083
12,4.157111254465116
127,4.129240905003151
50,4.126821850568644
