item_id,predicted_score
483,3.9516111605958977
515,3.868365251728829
480,3.8498803181966115
272,3.8482923638543256
178,3.8323700986813445
427,3.8004764943432887
657,3.794751427749254
479,3.7840446780105568
285,3.7837560988802577
488,3.7825202512588807
