item_id,predicted_score
408,4.064430109337659
169,3.995902415521181
318,3.9905990242433513
50,3.9439858764273112
483,3.9391119112027457
12,3.9240441625096407
603,3.9166035661228578
64,3.9165409688458346
357,3.8797852802640813
515,3.8690316270649348
