item_id,predicted_score
408,3.7118036721590966
318,3.6447326155188087
169,3.628974834619941
483,3.597410086358926
50,3.5966826909592786
12,3.5802094524631785
64,3.56667829257635
603,3.553513171353666
357,3.5357264181900363
515,3.5120399400217606
