item_id,predicted_score
169,4.51633478432555
408,4.489439421292008
64,4.442656337035922
483,4.408469620377582
318,4.400325947238898
357,4.382191232462617
603,4.369375002190843
12,4.365968720881912
127,4.344635731532421
50,4.337107013534766
