item_id,predicted_score
408,4.123090452875194
318,4.050300568736403
169,4.044138497311531
50,4.004553244225509
483,4.002390289139718
12,3.984134083466303
64,3.9729666956092498
603,3.9673888424076655
357,3.9404725891107444
515,3.923060644338263
