item_id,predicted_score
12,4.737239193850419
64,4.553960325798774
169,4.5071176584175285
1449,4.50689440024225
165,4.492265736230227
483,4.468335865963211
302,4.464685571411862
966,4.448463021548552
921,4.438395114207517
114,4.422585630150408
