item_id,predicted_score
408,4.329188392070168
318,4.264416531107907
169,4.251101732799853
483,4.213731457485603
50,4.213272454518164
12,4.196398461619595
64,4.1839902748695
603,4.173964569482318
357,4.15212724706815
480,4.125144065434677
