item_id,predicted_score
408,4.80418094785616
318,4.748282977279739
169,4.743773554160008
50,4.696247681266391
483,4.691431663317138
12,4.678019683167892
64,4.669489854944667
603,4.668338441680848
357,4.635221012590584
515,4.61803298311536
