item_id,predicted_score
408,4.463269346981928
318,4.388744135152355
169,4.385716458860781
50,4.3435644461175515
483,4.341579692414422
12,4.3261510942291075
64,4.315625159924563
603,4.3080694480014605
357,4.281124091211015
515,4.263551283925597
