item_id,predicted_score
408,4.331547741677743
318,4.25740707762133
169,4.252011912568721
50,4.212567158209941
483,4.210310564493339
12,4.192040107916608
64,4.180827930294721
603,4.175359883011063
357,4.148339374270114
515,4.130773514766471
