item_id,predicted_score
357,3.7814513489885972
127,3.7734155910867777
408,3.762030233352085
313,3.7356506207719438
56,3.7239427228710746
515,3.618433038715152
187,3.5986666676316537
272,3.5849420152096543
513,3.5774874271948898
22,3.564667605387917
