item_id,predicted_score
242,4.558691325863061
169,4.448810253034704
181,4.415810563868228
316,4.302520552297252
485,4.297305287219537
531,4.274362244160614
257,4.260059081838093
408,4.235894577978497
1,4.221766647658512
430,4.212530722119087
