item_id,predicted_score
169,4.112935754741229
408,4.108794200805969
64,4.055708451403656
483,4.016351917081878
318,4.013185871842204
357,3.989605875551324
603,3.9813833614440415
12,3.9693075151822463
127,3.9477506343251116
50,3.9451139238993016
