item_id,predicted_score
408,4.303728452987562
169,4.301821371314985
64,4.247492004779591
483,4.208935762783532
318,4.206134162766034
357,4.185037891669705
603,4.174899039420518
12,4.162430205621486
127,4.140126035254915
50,4.137104435012892
