item_id,predicted_score
408,4.412973792589463
169,4.410926673717968
64,4.353446171163373
483,4.312393873340984
318,4.311294721459107
357,4.285498218560584
603,4.277274217466299
12,4.265146551057285
127,4.24275646249903
50,4.241060796440567
