item_id,predicted_score
169,4.519326183440466
408,4.510286590506801
64,4.454856210718287
483,4.4162307195969035
318,4.413336886494336
357,4.391025236177242
603,4.37923710311332
12,4.369449669926621
127,4.348176873243841
50,4.343804553642424
