item_id,predicted_score
408,4.488337221764886
318,4.414451218347333
169,4.4136017251003805
483,4.368078883825386
603,4.336980397610433
357,4.307047480178503
515,4.289454121849189
480,4.277825372963751
272,4.258121143666208
513,4.252697616283739
