item_id,predicted_score
408,4.2918414392376505
318,4.227820780435096
169,4.221852223651508
50,4.180365870796419
483,4.178226293091728
12,4.160903511592459
64,4.148927430523541
603,4.147483716768394
357,4.11863255949678
515,4.098094262347582
