item_id,predicted_score
1449,5.21840497551415
169,5.196785964430048
603,4.967853631823276
168,4.948799000713547
432,4.940697280037076
615,4.882320628350661
57,4.880494818851006
258,4.864159663219326
320,4.857339971587455
100,4.848184908369315
