item_id,predicted_score
357,4.647699200423927
313,4.443058273834902
408,4.4268259830064425
511,4.395015504796815
480,4.304222995133315
64,4.298376870748061
482,4.274394652581272
474,4.26724927887282
427,4.231531054344276
272,4.208705334980593
