item_id,predicted_score
408,4.284242598963515
169,4.280745625838798
64,4.217948768872154
483,4.179475113561407
318,4.177702106568536
357,4.15791019172809
603,4.14324300159895
12,4.134918368878637
127,4.111260050105061
50,4.106615098767296
