item_id,predicted_score
408,4.49947851796432
169,4.424924372647852
483,4.38245692794969
64,4.353841791025109
603,4.3496376955371385
357,4.322217625563182
515,4.302243661239223
480,4.295544868533281
174,4.29063763467561
178,4.278966546096385
