item_id,predicted_score
408,3.2396332120111833
318,3.1691395781425817
169,3.1631722858312235
50,3.123856398613678
483,3.1208949781181845
12,3.1025178676503145
64,3.0913047500901665
603,3.0877795658679226
357,3.0596847520040567
515,3.0412068298004136
