item_id,predicted_score
408,4.566953970743484
169,4.487903163468332
318,4.485906296261306
483,4.440609834089488
12,4.419698712542742
603,4.408359486193604
64,4.407967421398251
357,4.376185316948262
515,4.363829345303574
174,4.350813805820306
