item_id,predicted_score
408,3.9541862148518603
169,3.871860783565101
12,3.821052690751679
64,3.8101340583928742
480,3.7570861354051113
515,3.755583205986326
174,3.743231723069817
272,3.7381811388505413
513,3.7255704255936903
178,3.725346832203136
