item_id,predicted_score
169,4.319480758308219
408,4.3162333262107655
64,4.258183447060809
483,4.219154350517848
318,4.21644583570251
357,4.196664259920194
603,4.183083377268917
12,4.171572577688475
127,4.150486764495349
50,4.145836350644796
