item_id,predicted_score
408,5.103169447577797
318,5.098662114347179
64,5.021637274367557
272,5.006457649346953
50,4.988765722366109
22,4.974710898799773
483,4.968227932477415
191,4.914030999077413
169,4.897228215261583
133,4.879482875650606
