item_id,predicted_score
408,4.528449685932811
318,4.467501582500929
169,4.464530414555587
50,4.419643433260923
483,4.416900258917693
12,4.40241615878771
64,4.391175370657498
603,4.390559434563276
357,4.359814112341428
515,4.338411497399912
