item_id,predicted_score
408,3.9914006998641636
169,3.988149695642632
64,3.9310396863066543
483,3.8930975197631885
318,3.8906951290088125
357,3.871238032798278
603,3.858381193189032
12,3.8474395323040307
127,3.8245495016379976
50,3.8205239357668317
