item_id,predicted_score
318,4.651190501605573
174,4.391940487725732
83,4.343594027979346
1449,4.312318533308347
12,4.289796141577274
923,4.288933426965775
613,4.283279768347559
320,4.272897935561574
190,4.26361442929886
114,4.25177960899924
