item_id,predicted_score
169,4.244181380306392
408,4.24334343944955
64,4.186258106497721
318,4.146305554071673
483,4.145242022722179
357,4.123595206253272
603,4.10950241693417
12,4.092457856142222
127,4.0735021001504
50,4.070045883652663
