item_id,predicted_score
515,5.329599942264841
56,5.316401794015617
483,5.201933133956482
408,5.1500054077606325
1449,5.137291863889112
50,5.104681725836841
64,5.099053046185132
114,5.098578820440278
169,5.089677382973801
199,5.052176525915616
