item_id,predicted_score
408,4.746053925097262
707,4.235476304843867
694,4.187533262129537
654,4.136972037152332
114,4.0989806015618715
320,4.064454765583176
192,4.0180063577489395
1194,4.014001751972422
283,4.005609555825068
641,3.9931371477649344
