item_id,predicted_score
408,4.2881175435973535
318,4.196322676521866
169,4.190311053454386
50,4.156819952999656
483,4.156614997558439
12,4.137509088891858
64,4.125635293944411
603,4.11048743146937
357,4.090749078574772
515,4.074141816472861
