item_id,predicted_score
474,4.924918448863898
408,4.89731974778789
302,4.794027828134636
127,4.762330464592782
513,4.742595405037788
488,4.6904099980738145
641,4.69028122894139
179,4.68606755501891
480,4.681704105842104
169,4.662721230222146
