item_id,predicted_score
408,4.55594123713016
169,4.480426857441689
483,4.438453935967876
12,4.420928243131282
603,4.404930554414415
515,4.3586709609617245
480,4.351651507975839
178,4.335272015907161
272,4.330767496856551
513,4.323379766093083
