item_id,predicted_score
64,5.754181153307597
12,5.56993394797002
408,5.332839358869266
483,5.273810029882926
318,5.251711787013819
169,5.21292773155167
98,5.187070497581891
272,5.162362326881799
603,5.150665615941401
357,5.143111361722052
