item_id,predicted_score
474,5.060997170091909
56,4.855878244879709
64,4.84729731946189
11,4.7867510061059555
496,4.708023755234168
527,4.685007784487391
505,4.666924567705997
357,4.656970310509369
480,4.654014327126556
318,4.651815925628819
