item_id,predicted_score
169,4.268206179000741
408,4.246962544176271
64,4.198450838506079
483,4.157972886546979
318,4.153871475901003
357,4.130653060391933
603,4.119184158020749
12,4.107761616053916
127,4.089834529285519
50,4.0848092208529465
