item_id,predicted_score
169,4.111127496052478
483,4.072439697369612
480,3.9811599093641594
272,3.9667538838923133
427,3.9276097294704924
657,3.9222763064194055
479,3.9092900871089222
285,3.9055483647174367
134,3.904792296298906
488,3.9041192196523116
