item_id,predicted_score
98,5.142068915970878
64,5.134380491945735
173,5.011455655908414
197,4.987500139951253
169,4.974816535630329
191,4.943428711916626
313,4.905975128415469
12,4.869999412844369
480,4.869740094407333
114,4.801658590886345
