item_id,predicted_score
181,4.622711780452412
64,4.585463809015226
316,4.533467617676089
169,4.49863476602657
272,4.399384099791693
258,4.393009801908183
69,4.349155126019596
265,4.347885243491082
15,4.341248521901015
282,4.3333574726987445
