item_id,predicted_score
285,5.122086384315612
132,5.090450694732981
208,4.961541338001857
178,4.9477397229944255
483,4.935041741859218
268,4.926020191411899
498,4.891504108589016
633,4.886907384378408
1449,4.877985652453025
197,4.873817073479919
