item_id,predicted_score
56,4.969266718678015
134,4.816227943194513
319,4.796011592290839
511,4.786296707899411
963,4.729991591746096
320,4.715292277997236
427,4.707524273914781
272,4.656044028358476
50,4.653466096265313
251,4.636370465688235
