item_id,predicted_score
408,4.302732528596204
318,4.238296208480939
169,4.228811962751752
50,4.190964811113572
483,4.1883695816795425
12,4.169961850384504
64,4.158082096751617
603,4.154676306416965
357,4.1278095222404465
515,4.107263517024231
