item_id,predicted_score
15,5.102688653422879
286,4.916198650634369
268,4.802849775587715
205,4.494921889988939
169,4.477714568809756
408,4.467701876346427
285,4.435088586662224
313,4.354180771102622
357,4.293703992450898
315,4.281180651513752
