item_id,predicted_score
169,4.1537885119213875
408,4.143894284908872
64,4.07819831640626
318,4.042774664972743
483,4.041959795003485
357,4.020672435602936
603,4.001825132615343
12,3.996952731632099
127,3.9739390371437358
50,3.967328985534956
