item_id,predicted_score
408,5.7397734649243874
89,5.667717979589114
318,5.607502505093612
127,5.592006228338823
285,5.561674572924966
511,5.556744251811243
483,5.480346199068399
156,5.476675213398918
169,5.446184942960347
276,5.4423634735454645
