item_id,predicted_score
169,4.520817737198194
408,4.511901837347054
64,4.459964388048695
483,4.422328520777981
318,4.418839014733411
357,4.394260713577614
603,4.386450111103781
12,4.37739670880698
127,4.354850260750574
50,4.3518379295210305
