item_id,predicted_score
408,4.599472475679836
169,4.548694493497379
318,4.542199941921671
50,4.49661172719711
483,4.492957071576303
12,4.481546914936251
603,4.477197818486039
64,4.470145396181717
357,4.439962444252007
480,4.415941498896331
