item_id,predicted_score
408,4.39318795753505
318,4.3231141691425625
169,4.321672165661987
50,4.276725970645146
483,4.271692514107356
12,4.252281103860996
603,4.245272454049387
64,4.242970785414066
357,4.21043684234331
515,4.197092731103364
