item_id,predicted_score
169,4.397271341756893
408,4.393534649011903
64,4.329068155962167
318,4.296053842923764
483,4.292001220171947
357,4.2695293219415555
603,4.25355719115728
12,4.244745543575864
127,4.221664054949098
50,4.217535999061398
