item_id,predicted_score
408,3.954357671879598
318,3.8923365967629495
169,3.882094230420763
50,3.843681026290598
483,3.842567357297615
12,3.8264988595884044
64,3.8140439230514223
603,3.8077637811019014
357,3.78332445203338
515,3.760539211935853
