item_id,predicted_score
408,4.3877949092114985
169,4.38557753341436
64,4.325950951825039
483,4.287139675412372
318,4.283864071378599
357,4.261936715248588
603,4.2518761294679965
12,4.243554497457583
127,4.219520160090413
50,4.216283603219656
