item_id,predicted_score
408,4.363346710429574
318,4.301822289656487
169,4.293450249640414
50,4.2529740155681335
483,4.24927091583671
12,4.232473982602514
64,4.221950181517294
603,4.218958776208854
357,4.190133082315247
515,4.170853589316881
