item_id,predicted_score
318,5.119513454827004
127,4.962559260073867
480,4.8700032895344005
187,4.869663540653017
408,4.794019251737354
64,4.775773282569246
750,4.771755300965509
511,4.7606175705070095
357,4.749597977938266
191,4.729266790437434
