item_id,predicted_score
654,4.953264507834728
1449,4.896030395625584
169,4.889938900458056
258,4.883108308661814
114,4.8825270182809986
408,4.838642793076448
963,4.805046806562333
647,4.799266609306729
272,4.758109981576643
23,4.753302465101975
