item_id,predicted_score
408,4.164917782269912
169,4.087835579035017
318,4.085367564462417
50,4.0437199729112905
483,4.039154604085678
12,4.021943075817913
64,4.0126257769101965
603,4.010599870043819
357,3.978095365464405
515,3.9634779559177775
