item_id,predicted_score
408,5.312442668785077
89,5.007701844606145
320,4.981465825519451
169,4.970475003081026
178,4.967430726197895
483,4.962394992384926
641,4.914561112343016
1449,4.911143280041698
114,4.896860167423977
478,4.871434799931874
