item_id,predicted_score
408,4.103520256335814
318,4.039177556323541
169,4.033837671723385
50,3.9946411829097315
483,3.990862598028187
12,3.9748051801431017
64,3.963224340551504
603,3.961376612295093
357,3.932703554985056
515,3.909694705861359
