item_id,predicted_score
169,4.9369825399887555
408,4.9310140247480465
64,4.876269819142205
483,4.837749562728441
318,4.834574022755755
357,4.8110326009150945
603,4.801900622751914
12,4.79210623285217
127,4.769825055930196
50,4.766595780113212
