item_id,predicted_score
408,4.22941254022104
318,4.154499238799398
169,4.150363800932679
50,4.110294414206371
483,4.108400715871697
12,4.089262965998319
64,4.077457626524506
603,4.07398765673897
357,4.046035065469956
515,4.028332538948015
