item_id,predicted_score
174,5.293388076490808
172,5.238306285574803
187,5.167938105970294
199,5.152635286532718
173,5.105347698699017
144,5.038763132828267
96,5.015979054306149
966,4.992037268920993
228,4.960247264341312
480,4.9024435874999215
