item_id,predicted_score
408,4.595638761424183
318,4.523482372407736
169,4.522385657244828
483,4.474805390853546
12,4.453765008278148
603,4.44719727817294
64,4.4431239155520466
357,4.412697598808851
174,4.38483603756115
480,4.382491597578078
