item_id,predicted_score
169,4.890932944726081
408,4.874638571555349
64,4.825770264633502
483,4.7883862071399
318,4.786533500122912
357,4.764547021342432
603,4.750834671957367
12,4.738549230133786
127,4.719483710635204
50,4.714254298041159
