item_id,predicted_score
408,4.9888061271237705
169,4.915853304339559
483,4.880494458964655
515,4.798567412691471
272,4.768183474534165
513,4.7526173912042475
657,4.739093999044273
479,4.720208443571351
114,4.717170844409627
285,4.714834472965608
