item_id,predicted_score
56,5.038332252548003
64,4.969056099686238
238,4.86552289123235
603,4.803692228817236
11,4.801564888760225
12,4.771124242940776
357,4.749324882982901
657,4.717625997101575
480,4.701915491205502
182,4.67532376989741
