item_id,predicted_score
408,4.680958700341888
169,4.605604283744186
483,4.564157069231913
515,4.483996014501708
480,4.476804462582974
178,4.461667896478847
513,4.448380376512666
427,4.42187906477557
657,4.413575899494227
114,4.407324028240799
