item_id,predicted_score
408,4.677429540768924
318,4.608934977874095
169,4.601506119234002
483,4.558041646079002
50,4.556587959966657
12,4.541411737625497
64,4.529725931322136
603,4.521349674445606
357,4.4961183010796235
515,4.480614689003187
