item_id,predicted_score
408,4.482518560402958
169,4.410319061178142
12,4.351761440531866
64,4.340819350741775
357,4.3095392944983795
515,4.289772864513543
480,4.285913557526853
174,4.276134036241857
178,4.27152969723766
272,4.260865971481754
