item_id,predicted_score
169,4.13588520251772
408,4.10478592537292
483,4.061449523180381
302,4.0156499495994336
313,3.9696996112091645
513,3.9285405326426988
1449,3.8967276835647366
199,3.8819044184945213
318,3.8621535764151655
64,3.839360356071317
