item_id,predicted_score
22,4.736766679694982
12,4.672905649907722
313,4.667016912186798
114,4.655943843669494
64,4.639107691446668
1449,4.611623014799145
318,4.606701413630401
483,4.606115026611223
169,4.600256185092399
357,4.5881646886940075
