item_id,predicted_score
408,4.377374211249783
318,4.295954340574295
169,4.289944605456157
483,4.249805674381831
12,4.228962030404697
64,4.218369582587177
603,4.211574692280138
357,4.184966266074476
174,4.158575458815809
480,4.155724906594474
