item_id,predicted_score
408,4.846534371046308
474,4.75957989979145
427,4.745688530002365
480,4.702681563791769
357,4.692298381500971
313,4.653151693805661
479,4.614047408751022
657,4.598912613631363
114,4.5926674492889425
302,4.569463031791949
