item_id,predicted_score
408,4.496306095783177
169,4.491199769795913
64,4.435435576975632
483,4.395895114359846
318,4.395869622586579
357,4.372631870177826
603,4.3612324518299195
12,4.3481770626058704
127,4.32573576236014
50,4.323157395468803
