item_id,predicted_score
408,4.121357040556925
318,4.038603520297372
169,4.036785093202136
50,3.9936236145695263
483,3.9901534733299218
12,3.9698065617013794
64,3.9609397838458285
603,3.9561459066435223
357,3.9253718295471853
515,3.916162328235498
