item_id,predicted_score
408,4.5681982092000695
318,4.498811152350888
169,4.491103953125574
50,4.452054982370618
483,4.4502044915614904
12,4.432143676779758
64,4.420508281362951
603,4.415131962119416
357,4.388830552774921
515,4.369984138139773
