item_id,predicted_score
408,4.629993653974206
169,4.476685826167973
1449,4.473185179090598
320,4.402009900205434
12,4.344774467812378
127,4.343078387005166
480,4.332949003800244
647,4.3219499121670255
258,4.310545470903333
513,4.285881041785184
