item_id,predicted_score
50,4.518445611814251
483,4.501471733284717
127,4.43885711281097
134,4.4014788877469115
169,4.396576925209485
191,4.390046714489285
1449,4.3651713856019505
357,4.332409251413425
114,4.3283613096061995
89,4.324969278847256
