item_id,predicted_score
408,4.830938102622343
318,4.765980678076013
169,4.759382763853056
50,4.717480314924529
483,4.713792416364566
12,4.694806797484648
64,4.684336934441915
603,4.68387128556799
357,4.652921841425331
515,4.6364943148833815
