item_id,predicted_score
198,5.522133389074655
300,5.515811993292319
11,5.380782308328502
313,5.136058916698561
357,5.130409150606919
515,5.129810639867377
640,5.1051585469957415
51,5.0740031690380665
22,5.0718552986312835
408,5.065338061160509
