item_id,predicted_score
313,5.259366627009278
173,5.166466537812001
169,4.952119114033689
199,4.9045641960697575
328,4.85868508373706
64,4.845020757648656
177,4.794954568265441
408,4.79068680686994
126,4.786962532647394
222,4.782645765107277
