item_id,predicted_score
408,4.645669776401877
318,4.589445501175228
169,4.573911518998679
483,4.534364218375698
12,4.520853831262954
64,4.5111548276569025
603,4.499880128647063
357,4.477052829582053
480,4.460798391555389
174,4.442933850231314
