item_id,predicted_score
50,4.709160026773281
12,4.65580658435817
190,4.5397364712986
202,4.537077271074239
192,4.525697314743592
169,4.51066549208151
134,4.494805540055155
1449,4.489451661010134
603,4.485117796167017
195,4.470575105212787
