item_id,predicted_score
318,3.9829245425390134
169,3.976725656920535
483,3.932615718591769
64,3.9030838485013906
357,3.8709578485473113
515,3.8547890531332887
480,3.8437337957637143
178,3.8324243793674406
272,3.824232686485115
513,3.8208757038010055
