item_id,predicted_score
408,5.403553409074695
483,5.373957763501004
64,5.298396913337901
12,5.294448011038553
963,5.269170231550108
191,5.263060093776351
127,5.247829128088515
318,5.247590078969709
89,5.243065847208125
320,5.229278364437661
