item_id,predicted_score
408,5.02347150789343
169,5.015269761904218
64,4.959513904213874
483,4.921053737070696
318,4.91878453985757
357,4.89725631969286
603,4.886887385433136
12,4.877586536308039
127,4.852804000188421
50,4.85002969805658
