item_id,predicted_score
169,5.143736094607035
408,5.140133752017872
64,5.083743057637465
318,5.043482751313653
483,5.04305328580185
357,5.020732813187155
603,5.006794057638483
12,4.990972252638559
127,4.971919712667573
50,4.968155908049388
