item_id,predicted_score
408,4.614680985656391
318,4.547245837092768
169,4.543148889684423
483,4.497063238728455
64,4.469849611668291
603,4.467300880089559
357,4.4372914354471105
480,4.411811441555528
178,4.3995100873911
272,4.3872404433133125
