item_id,predicted_score
408,4.7367615980444215
318,4.66731696258823
169,4.658104561674317
12,4.599505957893443
603,4.583446564509252
272,4.51515159040017
513,4.5105105605820635
479,4.456068136443957
98,4.452181764710715
114,4.4518251408977845
