item_id,predicted_score
408,4.712940017198826
511,4.692981118058281
318,4.653375864908383
199,4.585220999327321
483,4.565075458001113
114,4.559802099574609
357,4.533863736556086
187,4.521555322518219
89,4.512896802055267
1449,4.50950974234562
