item_id,predicted_score
114,4.67941361069283
408,4.514348505683288
483,4.491995094062126
12,4.483407162705095
515,4.460780263434027
98,4.436800394622866
1449,4.427196216470742
603,4.385907990430571
511,4.370805207389528
156,4.364912024424235
