item_id,predicted_score
408,4.239671227997552
318,4.1838652267610845
169,4.173575907255576
50,4.135326827398642
483,4.132205762824749
12,4.116848091470311
64,4.1048722808830735
603,4.101857625476602
357,4.075080169198563
480,4.052534715522729
