item_id,predicted_score
408,4.324629735553627
318,4.2579366665119665
169,4.238682461677563
483,4.211994023822456
50,4.210515365583491
12,4.192473640583535
64,4.177408823164172
603,4.164527484839426
357,4.148930112299431
515,4.12325830902637
