item_id,predicted_score
408,4.2976274728437955
318,4.233578995894313
169,4.223802755310782
50,4.185813644029172
483,4.183200286744719
12,4.164697308775093
64,4.152919266649216
603,4.149509863279142
357,4.1225607145298255
515,4.102367069107021
