item_id,predicted_score
483,4.70788937330235
408,4.678834718795675
657,4.632739456689007
603,4.62012913766384
641,4.61784003655041
479,4.610937244377452
320,4.574288095373052
478,4.57138001819348
169,4.5706862568194015
357,4.551808004380892
