item_id,predicted_score
211,4.665652889748044
169,4.643235358988224
408,4.584952389269866
474,4.581007634635401
98,4.482801274059762
483,4.470109928738158
1449,4.461792036360043
59,4.455550189458015
520,4.4518012121054085
513,4.420698210045905
