item_id,predicted_score
408,3.091059144266486
318,3.0182993793112245
169,3.0128184235334547
483,2.970066269242008
178,2.8662267553789658
272,2.862001497505415
474,2.812135081647539
479,2.8102378725647688
114,2.8096985735688924
285,2.8079170901882775
