item_id,predicted_score
313,5.710200945546214
22,5.151960451514989
302,5.015109589293477
357,4.895140004691491
96,4.854043273375545
173,4.782831326472449
480,4.671865408209622
269,4.651021316231395
114,4.545480150585859
273,4.5155966133914
