item_id,predicted_score
408,4.407729435543497
318,4.3504417626954845
169,4.3444049830706915
12,4.2855591087578695
603,4.2722079831607305
357,4.243283543467682
480,4.22164262193411
515,4.219118384340259
174,4.208230899910683
272,4.189720995759931
