item_id,predicted_score
408,4.750839421680833
318,4.676647948801729
169,4.670195424288797
50,4.630548312689246
483,4.626912821846181
12,4.610098384110049
64,4.600871664993131
603,4.5921844222050865
357,4.56538992907502
515,4.5502284132774475
