item_id,predicted_score
408,4.203905511104636
318,4.135676229241473
169,4.127535062202849
50,4.089608096966885
483,4.087033459184765
12,4.068466774213094
64,4.056758637080011
603,4.052693037755902
357,4.02586078594252
515,4.006202398694953
