item_id,predicted_score
474,5.151836731169952
9,5.103623648662565
127,5.095066636291988
357,5.08326430587919
60,5.061978779300209
180,5.06109030877773
513,5.026544532253599
654,5.025253635849272
657,4.999840342137233
1449,4.9687671427954685
