item_id,predicted_score
169,4.209586882449695
408,4.20313392646393
64,4.147400048911115
483,4.10911441766722
318,4.106325365341404
357,4.083596813842333
603,4.072821634031294
12,4.06311251595337
127,4.041075611675712
50,4.037247406933277
