item_id,predicted_score
169,3.722456174092756
408,3.7202776917825333
64,3.6632023002440746
483,3.6249577790282794
318,3.6231926318340575
357,3.598665796979327
603,3.5894836687458893
12,3.5796195456177373
127,3.556488818970424
50,3.5537821191759216
