item_id,predicted_score
22,4.487922699105544
11,4.417676387268303
15,4.4027087126334346
408,4.300016797247168
272,4.221337115595813
357,4.188744684768052
96,4.187644387690993
215,4.1607467931605475
8,4.1512591963595185
963,4.150781386615068
