item_id,predicted_score
408,3.594394057231413
169,3.5326973410397637
50,3.494732826204645
12,3.471503206319161
603,3.4626721408829235
64,3.460059520088721
357,3.4322030369622256
515,3.408820962059897
178,3.3955315317878934
174,3.3948391041878483
