item_id,predicted_score
483,5.699263273008797
64,5.594310608534099
318,5.544760510464411
50,5.524883004919408
1449,5.524539689014926
515,5.503003406932107
408,5.488445481202229
22,5.478934588190542
169,5.464064860789033
427,5.458396362118183
