item_id,predicted_score
408,4.660410548366835
169,4.591742405063612
318,4.59114994539153
50,4.5467888022126886
483,4.54181172444313
12,4.5227555172061304
603,4.517234572873352
64,4.5124576868668616
357,4.481616412008608
515,4.465322174861738
