item_id,predicted_score
408,4.458910946600094
318,4.394742547096067
169,4.385487039775414
483,4.347061553379787
12,4.330604603517641
64,4.317994449956647
603,4.312756425513825
357,4.28799981003668
515,4.263600515886268
480,4.263032148871993
