item_id,predicted_score
313,4.983314372201301
434,4.658128338651914
1142,4.543906207509319
174,4.474845046963009
199,4.438000041265514
83,4.4298982933284226
169,4.4207304338602835
522,4.3978324193316976
661,4.384527092298342
513,4.384131641464254
