item_id,predicted_score
475,4.75631104397247
60,4.741588508414896
134,4.704702537953601
647,4.673536042527683
318,4.6697079087265845
654,4.644574419934573
135,4.6356231666084025
64,4.617822439311517
1449,4.582488564140718
512,4.5713037660277696
