item_id,predicted_score
64,4.631773250473299
478,4.609297434152737
98,4.591529103826463
169,4.5862407790609385
199,4.562661876920356
83,4.5489912760063325
318,4.5473718764722575
496,4.540660874746248
657,4.540352382591582
1449,4.52786212414412
