item_id,predicted_score
408,4.086710687941885
318,4.032083667714373
169,4.007712808373067
483,3.980625772503324
50,3.9789278659816523
12,3.9657134053433496
64,3.951542288847507
603,3.933823721952128
357,3.921122769207642
480,3.899092483398301
