item_id,predicted_score
408,4.275791427544804
169,4.2059228203037
483,4.152620141669932
12,4.137844439509354
64,4.1290310081099575
357,4.094178647763084
515,4.0783162873295105
480,4.0700208703254335
174,4.069655666036354
178,4.052355029996159
