item_id,predicted_score
185,5.171953620744063
23,4.92628743139428
134,4.737120566664172
357,4.723982128929038
483,4.723615701846183
427,4.63781773691251
654,4.6205200776450335
165,4.558220492336134
12,4.526278940600333
474,4.516108657629424
