item_id,predicted_score
515,5.512518009917258
64,5.37401938833777
56,5.373240418969783
408,5.331790508974402
170,5.293433347072995
474,5.263166847067028
1449,5.252311022322551
483,5.225338290809195
169,5.21164011844366
12,5.208868347317253
