item_id,predicted_score
114,4.439944109798436
515,4.433624291647174
483,4.421746712236018
316,4.3728076374844225
1449,4.329241745284728
657,4.324819108002957
169,4.296628325920372
513,4.292869584641183
79,4.28113408768673
1131,4.280405473707271
