item_id,predicted_score
178,5.020259453968817
408,5.014955889559102
169,4.945691891378106
1449,4.937860915606304
483,4.929840349015073
357,4.906864093160465
427,4.901287273832274
98,4.89658597227894
480,4.893690137394548
64,4.892461127999943
