item_id,predicted_score
190,4.918420941438848
515,4.8909608685232175
114,4.8054308677726985
251,4.7775977215175915
136,4.772123142585206
657,4.750050862969004
408,4.731457840866786
483,4.715634280380539
479,4.690403005943274
317,4.6558033078362655
