item_id,predicted_score
50,5.294470940205848
515,5.253761948031218
64,4.9945177383734345
641,4.972102112877995
183,4.957211615134954
199,4.939098550396151
178,4.9330222756569
269,4.881054522051797
1449,4.878819326213208
12,4.878613415762284
