item_id,predicted_score
169,5.167557674940611
285,5.143056155153945
408,5.110125918923176
474,5.085643850716902
50,5.06958835853023
657,5.052391538379764
185,5.051820482546939
98,5.048734647800459
519,5.043811184482877
483,5.043588694987938
