item_id,predicted_score
408,4.265749269280966
318,4.187489875750382
169,4.177494286593638
50,4.142441458845314
483,4.1420465073259916
12,4.120495296960127
64,4.107890076987605
603,4.099733004395492
357,4.076668979955331
515,4.059838124371827
