item_id,predicted_score
169,5.09796257983477
408,5.096527167456264
64,5.045765940849405
483,5.006768433337472
318,5.004913027351587
357,4.976981104785848
603,4.973114528332251
12,4.960425650774226
127,4.937597037967843
50,4.9371740933990464
