item_id,predicted_score
22,4.678974785055342
320,4.588702181783905
750,4.566810489874146
318,4.562284464219614
127,4.540569715381437
963,4.5396990860845765
515,4.517999622845099
513,4.509748756203845
408,4.480168960317913
114,4.454284352985361
