item_id,predicted_score
408,4.375150975743833
169,4.308127417881339
318,4.307068840068369
50,4.259750819199539
483,4.254483485934185
12,4.236379391572374
603,4.231494208035477
64,4.227600994272907
357,4.194471044151371
515,4.181693115443797
