item_id,predicted_score
64,5.2927655740791675
98,5.172083887622548
318,5.143033210375117
408,5.13102078437323
12,5.126643707668019
357,5.122078521188794
480,5.0698108779937705
1449,5.0675551153751766
56,5.056278562133507
657,5.041410217431408
