item_id,predicted_score
408,4.389113079958103
127,4.326021863064204
56,4.261712803486197
318,4.168904326459853
187,4.120632125590129
50,4.106352333860074
180,4.09425223281653
64,4.093346691902368
483,4.086476542246289
515,4.072082722458074
