item_id,predicted_score
12,5.0049748118046615
100,4.960705491750832
50,4.884412424379046
127,4.753722835373003
179,4.753653225199722
318,4.714975781845075
191,4.648100753722668
64,4.641961792595416
169,4.612709729006973
223,4.604389533013382
