item_id,predicted_score
408,4.9335223209860946
641,4.768031555403535
515,4.766678154119778
169,4.707818476186819
479,4.707000461943496
513,4.7032708406728885
320,4.682682883883534
528,4.68130352608409
1449,4.6774341595271975
512,4.6370194675383996
