item_id,predicted_score
408,5.461513812663984
169,5.277455653291168
174,5.244465676690552
96,5.201688350205389
173,5.14364096889345
272,5.093525341598705
480,5.078834819514834
50,5.0780868552681735
1142,5.0723032793047444
19,5.06747246131422
