item_id,predicted_score
483,4.22125836144771
100,4.195508893053288
515,4.1254200935356655
251,4.086825091273704
199,4.034076812244132
513,4.032654485151016
1449,4.024317668143694
169,4.0225476612281295
302,3.9664616455294213
114,3.9449500775769577
