item_id,predicted_score
64,5.346609327167306
169,5.3032307542123664
408,5.252364467860652
480,5.220312773508581
50,5.198721274685485
12,5.188469805564796
238,5.108976964495691
187,5.087163453543528
176,5.081846703624633
318,5.0777428656219055
