item_id,predicted_score
408,4.736345088374775
318,4.666438411846422
169,4.6587656242382
50,4.618811544137462
483,4.616204603779228
12,4.599218800115696
64,4.588921749453321
603,4.58160118657392
357,4.555117663849053
515,4.538198219247999
