item_id,predicted_score
333,4.8132736478067795
79,4.559585410120646
22,4.537391935335598
190,4.457654664377896
114,4.436897665600858
198,4.436827299344116
169,4.382165603295293
129,4.334754197296796
117,4.321586870551978
175,4.294087034052855
