item_id,predicted_score
408,4.19778506936079
169,4.188061655341729
64,4.131154936640358
483,4.090338466817109
318,4.0901691902536115
357,4.070206050589314
603,4.055441928374466
12,4.04192537218392
127,4.019892330223797
50,4.016264508661933
