item_id,predicted_score
313,4.4412013404124036
169,4.2928855040210046
143,4.267557729468981
237,4.2581536161325
316,4.251053691186564
172,4.242538211215298
22,4.198335293761324
604,4.1761746731563
50,4.163757715902843
613,4.149041210251504
