item_id,predicted_score
408,4.432731655890824
318,4.368334808149494
169,4.357094368234602
50,4.320752108295903
483,4.318376171360025
12,4.2996506233247445
64,4.287598462279258
603,4.282932074178781
357,4.257404410795331
515,4.236589314367463
