item_id,predicted_score
272,5.237488677147461
100,5.189082093130659
169,5.114149996697475
483,5.105538304495637
1449,5.053026354075113
64,5.043697442401481
12,4.993185300948743
318,4.987737415192764
313,4.983495583996041
515,4.9822077265716604
