item_id,predicted_score
173,4.5334553836047675
12,4.442963514139982
174,4.397827813289249
169,4.390493434450499
511,4.379793880921431
318,4.362189388495338
483,4.359147327722665
98,4.34828750946415
172,4.323812968600274
302,4.32345862224109
