item_id,predicted_score
173,4.58933116205754
313,4.537139532280582
199,4.519900623250928
966,4.428803896086492
1142,4.410707998516638
520,4.380467228946749
98,4.3766024768316605
186,4.3207320464596295
161,4.290813299695108
64,4.281295366716858
