item_id,predicted_score
169,4.052558996955177
318,4.050508202050201
483,4.008592827501252
12,3.9905233685899635
64,3.9781610417982383
603,3.9759604199653538
357,3.9466607827692797
515,3.9281812976260486
174,3.917822786373335
480,3.9150589737992396
