item_id,predicted_score
173,4.425966390962475
169,4.315775017437518
1449,4.280042988545923
1019,4.076052783757287
12,4.065726711210246
83,4.055650621576701
64,4.032951030069742
175,4.026946896120553
429,4.023092840876697
96,4.013645358733768
