item_id,predicted_score
408,4.088219509855471
318,4.0307152663218275
169,4.020020996774883
50,3.9784382901499793
483,3.9782394185460377
12,3.964499745966322
64,3.9525167770486616
603,3.944465881936661
357,3.9203896972321663
515,3.8980247537840302
