item_id,predicted_score
169,4.815934707917617
408,4.786595873574425
64,4.745569353086388
483,4.70750717955297
318,4.703393470793723
357,4.6742024609158825
603,4.668539052311594
12,4.6601498470460125
127,4.640550543766807
50,4.637167188957067
