item_id,predicted_score
173,6.151365524042855
126,6.037597218319651
301,5.679183390008051
729,5.569525992099716
59,5.354924087349898
516,5.138477635242039
166,5.127497886924124
866,5.1236887632351
589,5.020188253273516
287,5.007199184476683
