item_id,predicted_score
56,5.093100348872347
357,5.001988709871328
427,4.995694230113854
474,4.965368993488616
185,4.894963376172854
483,4.859871721638199
98,4.825356235285611
285,4.808694849663936
887,4.741781985264099
23,4.7272683278714975
