item_id,predicted_score
408,4.389217686924376
318,4.314091124523
169,4.3111349145248825
50,4.271330509904433
483,4.269083946645709
12,4.249541671011551
64,4.237354552275584
603,4.235829200865502
357,4.206937316427247
515,4.188192149581358
