item_id,predicted_score
408,4.358446523028237
318,4.29248808948258
169,4.285892319961836
50,4.246718143633661
483,4.243896003873233
12,4.228224591985828
64,4.216808211194351
603,4.2117730368875455
357,4.1850388862834595
515,4.16320882268544
