item_id,predicted_score
408,5.145781457444192
483,5.134543063538549
169,4.9557523159675165
427,4.922900134521129
320,4.904577944151287
479,4.900617066219281
511,4.884696406997073
64,4.868741984144737
603,4.861452566552836
12,4.857566860557807
