item_id,predicted_score
169,5.757469680255787
408,5.694699391386813
50,5.594778137201949
272,5.554080489064188
1449,5.528450832973398
199,5.509369010246174
12,5.461649097887235
64,5.457681080947962
174,5.456525732438399
480,5.4556323958923265
