item_id,predicted_score
408,4.723008019969819
318,4.650337588286363
169,4.642977394872319
50,4.605591125674926
483,4.604003733122686
12,4.58483210545977
64,4.572512985751524
603,4.567371331811603
357,4.5417031568118436
515,4.522226924255736
