item_id,predicted_score
357,4.89155673461485
408,4.83682178121388
114,4.81515843860455
98,4.730458026756542
483,4.699629104414534
1449,4.675717058886663
134,4.630029953858682
488,4.626957826496065
515,4.623359891907689
169,4.609420904418687
