item_id,predicted_score
169,4.835334842856831
408,4.821872393018098
64,4.764970664720484
483,4.728292169334515
318,4.722143337706404
357,4.703916047879254
603,4.690148872205189
12,4.685408851631054
127,4.662970904338064
50,4.65645711146944
