item_id,predicted_score
408,4.058973713553816
318,3.9946249466537416
169,3.9865679415759723
50,3.945694344832197
483,3.944219766583554
12,3.9283869446975865
64,3.9168953277536396
603,3.910771204509119
357,3.884703423814349
515,3.8645785319119828
