item_id,predicted_score
408,4.205494092719692
318,4.141843474722207
169,4.133428816856746
483,4.090090225296858
12,4.072470276739047
64,4.061975310534748
603,4.059057621211602
357,4.030288312520269
515,4.011317949074746
480,4.006299872754759
