item_id,predicted_score
408,4.833257241312791
318,4.768272568519001
169,4.763695615359193
50,4.723754207231288
483,4.719968606184268
12,4.701690506458455
603,4.691256487344452
64,4.689745440083307
357,4.6605863314338025
515,4.638994415109862
