item_id,predicted_score
169,4.8887215499026055
408,4.879549352241523
64,4.824986736478812
483,4.789365238080643
318,4.7848874341891685
357,4.762538780583764
603,4.752997697660064
12,4.747470219452602
127,4.723363542532407
50,4.719154030946085
