item_id,predicted_score
169,4.50393828926988
408,4.4987144847796845
64,4.438161857696961
483,4.40012345159187
318,4.395178787980305
357,4.37556489827658
603,4.363244106309385
12,4.357045187746914
127,4.333781722861758
50,4.3287098770426375
