item_id,predicted_score
408,4.9888061271237705
318,4.936164234252488
169,4.915853304339559
50,4.881908352376177
483,4.880494458964655
12,4.866072380475812
64,4.854662300117423
603,4.841366189176535
357,4.8221625013598315
480,4.8031864344469355
