item_id,predicted_score
408,4.590286756254543
318,4.512135181079174
169,4.497987605068814
483,4.471127861051547
50,4.467142225042445
12,4.450331069174642
64,4.434265049904643
603,4.420828110329139
357,4.40540079667842
515,4.382364465618107
