item_id,predicted_score
313,5.130732001730763
604,4.991226037005781
64,4.9723154225076
96,4.969993064995503
302,4.960805223525366
169,4.947058723063099
603,4.946113719610557
318,4.906909074408725
483,4.90382980829543
641,4.894475321813372
