item_id,predicted_score
318,5.621716925463355
515,5.2415035136041395
133,5.153903200174346
56,5.095866251100124
190,5.045756118221285
496,5.008537959798279
9,5.007438765148953
64,4.948801212226057
1449,4.93821189250045
191,4.929109675563611
