item_id,predicted_score
408,4.052494224241745
318,3.9759892930759007
169,3.970711594867372
483,3.9382524308949622
50,3.935651830759361
12,3.9185052663309907
64,3.9015500487125037
603,3.897395185433201
357,3.8755822097804766
515,3.848575181772091
