item_id,predicted_score
408,4.180398138264395
169,4.108328694998746
483,4.058530789846564
12,4.039318652481716
603,4.032373838891826
64,4.0288890816511636
357,3.9973068941858814
515,3.982235591312449
174,3.9706308654584577
480,3.9675832613653617
