item_id,predicted_score
56,5.255699619705514
408,5.250758361778102
1449,5.162888274326433
657,5.08684482289616
199,5.079589692852566
357,5.07382676008008
114,5.063861429344755
64,5.060893837159376
169,5.038869242502809
515,5.0385668055981165
