item_id,predicted_score
50,4.653181103463417
127,4.6371066690073945
100,4.563802492768467
12,4.501200933051611
172,4.486145999190778
480,4.4272610831697286
64,4.422407140776854
169,4.411563235309525
199,4.409338809808869
408,4.408359747727988
