item_id,predicted_score
408,4.013382034365999
318,3.9552011509211744
169,3.940829111917844
50,3.9027941113876152
483,3.901543407868915
12,3.8863724784651774
64,3.8750480649221135
603,3.8651863601201613
357,3.842454985413659
515,3.8213081777947147
