item_id,predicted_score
408,4.757567553902127
318,4.708707733515205
169,4.689967272623808
483,4.6552774167397315
12,4.6409643181825775
64,4.627883210491148
603,4.618987892041023
357,4.598651589012052
480,4.578345830681087
515,4.5700558817914585
