item_id,predicted_score
408,4.655478975888067
318,4.594924531166243
169,4.5861660800959365
50,4.548274465931947
483,4.545269444745778
12,4.530075405625541
64,4.518186701668214
603,4.513779785942653
480,4.464810090698413
515,4.463226933047788
