item_id,predicted_score
169,4.3787333428312465
408,4.3464479312236755
64,4.303135152212441
483,4.264809749436771
318,4.264531461429752
357,4.231531437297793
603,4.223948008044823
12,4.215439680008273
127,4.196340417772881
50,4.1930268847802905
