item_id,predicted_score
169,4.623899285775058
408,4.619902619593424
64,4.561286172490681
483,4.5259048069324646
318,4.524716018390636
357,4.503371482363659
603,4.489571166876163
12,4.481549177012732
127,4.457972727013043
50,4.453248460068099
