item_id,predicted_score
169,3.828162497863176
1449,3.63246473012208
408,3.61654565707604
96,3.554018036213497
8,3.5450930601204
513,3.506471096646478
657,3.49744737511865
114,3.495851805843907
79,3.4510300794497404
611,3.4345015870116824
