item_id,predicted_score
408,4.568023359787082
169,4.495155881695435
483,4.451849726093001
603,4.418650155605396
480,4.369378430679341
174,4.361413907830645
178,4.357363796614595
513,4.331091117418528
657,4.308912545752519
114,4.301223214338271
