item_id,predicted_score
408,4.84077540001659
318,4.763542748575156
169,4.75599723980591
50,4.719785218482732
483,4.719010870583342
12,4.698545123688039
64,4.685754992437799
603,4.679438290586388
357,4.655033323680252
515,4.636454736362142
