item_id,predicted_score
302,5.235035439091589
134,5.005737958727256
357,4.987876689421002
483,4.987673041065001
408,4.9568604772249705
285,4.812697018940782
114,4.806690702460055
89,4.711927157092119
100,4.700755384758575
641,4.683756003609124
