item_id,predicted_score
1449,4.643068250111042
98,4.612488326641683
483,4.610476821034919
127,4.588560296973959
178,4.586520599237821
647,4.563479772185561
285,4.548149775542871
654,4.537364914102525
474,4.519159987554796
511,4.495701171432785
