item_id,predicted_score
98,5.236511859501574
187,5.077943760670019
514,5.0745971487965305
511,4.925208205979865
185,4.808426924156917
169,4.758249712028863
654,4.745471299584099
427,4.7413740521505305
180,4.7275802947127925
408,4.71001843830982
