item_id,predicted_score
169,4.368352594371872
408,4.362579396696312
64,4.303225375983203
483,4.268654018872717
318,4.266271897237828
357,4.2431842033943505
603,4.231893269757427
12,4.227827627615895
127,4.202306564279464
50,4.197994494686065
