item_id,predicted_score
408,4.560028246191505
169,4.483931700005607
50,4.447085700319119
12,4.4315776285615245
64,4.419689710834064
603,4.408197850396493
357,4.386959049136184
515,4.364665240778145
174,4.352477729152115
272,4.334902629161376
