item_id,predicted_score
1449,4.675980733343484
143,4.670598147939371
483,4.658852351438604
641,4.615560515889217
213,4.6097658654334275
190,4.558852024310196
169,4.4902939623257785
83,4.479796967946925
489,4.472273134502494
79,4.465625444595976
