item_id,predicted_score
408,4.740874064536519
169,4.728638448467491
64,4.677249236952993
483,4.636464498241341
318,4.631077295268166
357,4.613088464905026
603,4.6037376587926815
12,4.592284690183745
127,4.568561801829159
50,4.565824083362476
