item_id,predicted_score
96,4.87195300303544
11,4.717942573731306
385,4.662478941075932
271,4.575555136669247
121,4.537302751014855
300,4.533982790251359
588,4.487901821474568
117,4.471581016264349
144,4.456556144113389
313,4.3760143898041
