item_id,predicted_score
408,4.754846453417589
483,4.633357566313024
12,4.613454988778733
603,4.605558505826412
64,4.603095655034116
515,4.556202940672115
174,4.54427201375843
178,4.529770607760287
272,4.529297373680045
513,4.528080584632297
