item_id,predicted_score
408,4.22941254022104
318,4.154499238799398
169,4.150363800932679
483,4.108400715871697
12,4.089262965998319
64,4.077457626524506
357,4.046035065469956
515,4.028332538948015
480,4.016327741126375
272,4.00154219427049
