item_id,predicted_score
318,4.371699040988913
483,4.323365615059175
12,4.3044589789649415
603,4.286608284896887
515,4.242293316031264
480,4.234778100173854
178,4.214792574858556
513,4.212613966439957
427,4.180411574035773
657,4.1763478240437175
