item_id,predicted_score
316,5.380874281053944
161,5.340881134568328
265,5.289074666032954
515,5.275335727918497
95,5.2555117643961555
79,5.21874213305391
408,5.213239699403312
641,5.205873727939879
241,5.197185960114029
83,5.173459904571508
