item_id,predicted_score
408,4.477068965251943
318,4.4114569118815945
169,4.4043476198303635
50,4.362986710940744
483,4.360598423615266
12,4.3455403490453195
64,4.335023359045589
603,4.328112008357302
357,4.301438804901685
515,4.28235072677153
