item_id,predicted_score
408,4.5895692518220175
169,4.50995794072945
12,4.445610516749303
603,4.433368667087942
515,4.388553741990558
480,4.372374861463617
178,4.362158197534419
272,4.3614071524514335
657,4.31698918885707
114,4.313493509035961
