item_id,predicted_score
657,5.055729063331271
474,5.033725495941321
169,5.014555550102609
357,5.012440447820779
187,5.00446231170036
513,4.997092086081696
1449,4.982044278028326
484,4.967443973164346
192,4.963286489753909
320,4.9595500693824635
