item_id,predicted_score
408,4.437393154517947
169,4.39890501447631
64,4.362987058581027
318,4.326119864090898
483,4.3246869234902015
357,4.308358288665693
603,4.29616761182938
12,4.280608771208793
127,4.2532516924323245
50,4.252498422102197
