item_id,predicted_score
408,5.1583542715291495
1449,5.049532119376745
12,5.0384048141569835
474,5.026819360301065
169,5.024454280233793
603,5.002582299133023
56,4.992576645346698
114,4.984043298789351
483,4.975128798529695
357,4.965701306952202
