item_id,predicted_score
408,4.495773989008739
169,4.41777916900908
603,4.3404323705635175
357,4.3144234657809815
515,4.296582004631052
178,4.271929888954815
513,4.255249836164367
427,4.234480575478196
657,4.229399411307066
474,4.215896398063568
