item_id,predicted_score
169,4.486102238305472
408,4.475620993080161
64,4.4223022201497395
483,4.385600913644001
318,4.385561283406865
357,4.364354368412364
603,4.348419510068192
12,4.3359037449516356
127,4.315967909095025
50,4.3105861181385245
