item_id,predicted_score
408,4.5276227454294355
318,4.464744863062425
169,4.463624702421679
483,4.412168978555551
12,4.39488181817093
603,4.388510961726215
64,4.384802186208964
357,4.353323601340092
515,4.336921688654393
480,4.326852609672301
