item_id,predicted_score
408,4.5166397577311255
318,4.447509788955116
169,4.439393164413895
50,4.402581575984026
483,4.400612091279595
12,4.382889682680632
64,4.3705654479594775
603,4.365017696640626
357,4.339863106086499
480,4.313047076645776
