item_id,predicted_score
408,4.155936710488412
318,4.087769387141659
169,4.078579881346421
50,4.038301502155175
483,4.036056204387009
603,4.000905678681547
357,3.97438853608156
515,3.958517967665724
480,3.94894224933114
174,3.945266015250922
