item_id,predicted_score
169,4.3758246182745415
408,4.373937474830738
64,4.313294860522037
483,4.276028577297935
318,4.275678964279923
357,4.25438911312936
603,4.239548268926867
12,4.229468674913698
127,4.207012528686233
50,4.202377003652352
