item_id,predicted_score
408,4.507932757442759
318,4.434144681915927
169,4.432835581942709
50,4.390357399918524
483,4.388135718822231
12,4.37038938588762
64,4.358796811821454
603,4.356917000353055
357,4.327187771040136
515,4.30883570674094
