item_id,predicted_score
169,5.256825907697282
258,5.214016559604932
313,5.16900991237319
1449,4.913801491598586
272,4.763072610177485
12,4.756860487703406
45,4.667452315488364
136,4.6287679208892705
430,4.62446679509366
166,4.610013537969872
