item_id,predicted_score
408,4.182549530450965
318,4.113246687946234
169,4.10592621440851
483,4.06201047677488
12,4.044220961755579
64,4.0344789248068205
603,4.029140963866141
357,4.000816550904134
515,3.984957700280594
480,3.97642052869474
