item_id,predicted_score
64,5.687924466774971
69,5.679326782590499
174,5.494401500618718
50,5.464107509213235
651,5.4024970953968445
1063,5.310426677340751
172,5.253935113835408
169,5.245383270433629
144,5.193018772471394
423,5.187871656754007
