item_id,predicted_score
258,4.705398702336075
313,4.57237071427023
408,4.565435806810127
79,4.55690156124018
302,4.5559972950316885
1449,4.548283627589144
185,4.535929189993342
98,4.533385320760213
427,4.5292227163676815
96,4.517063190651448
