item_id,predicted_score
12,4.6123432654602645
56,4.499409870813562
408,4.455996249835928
196,4.393927724213508
14,4.340175268939965
251,4.335530806574865
64,4.333923242353292
15,4.306893282074311
320,4.297101972365702
318,4.272899391840587
