item_id,predicted_score
483,5.052215911179447
98,4.8376776679229545
169,4.809970207601448
64,4.793320912325924
50,4.789476660738446
318,4.7882002779415895
357,4.764483132519007
408,4.762032681985254
1449,4.751393595308146
427,4.747738050892834
