item_id,predicted_score
408,4.8672007576709415
479,4.81894026219182
89,4.7976940555757075
493,4.767977818779843
59,4.729294146248222
513,4.717941419686442
114,4.674928514592833
474,4.6705620819129665
528,4.665865451779728
196,4.6583339994116555
