item_id,predicted_score
408,4.505787166992474
169,4.433531254033425
483,4.392126255102285
64,4.363069228945117
603,4.358945994489968
357,4.3323220994624165
480,4.306109713016177
174,4.298737306929239
178,4.291922759233868
513,4.274190474886628
