item_id,predicted_score
169,4.963660467113311
408,4.950525188221106
64,4.898932445781184
483,4.861785648180024
318,4.858144234556839
357,4.832538585352495
603,4.824845013272294
12,4.8177716181406245
127,4.794950899690029
50,4.791624684128994
