item_id,predicted_score
143,4.884681303969426
515,4.729141449581123
657,4.688551506496341
15,4.664469123504052
14,4.645631312266682
641,4.617820357379489
478,4.614324761169198
285,4.590410568017208
320,4.5676179620053325
479,4.544879326181362
