item_id,predicted_score
199,4.602429932276503
134,4.593195034483837
179,4.560048056264457
483,4.553298107330156
408,4.55245737408398
511,4.5397368111890675
178,4.504538189162644
320,4.479930742484949
168,4.461135632900424
513,4.457352039496298
