item_id,predicted_score
318,4.064031961281294
12,3.9988861259844968
64,3.987138237784172
178,3.9125713920229206
272,3.9105188825814943
513,3.908243276936743
427,3.8741481021299395
657,3.864138225603671
114,3.8641117990395712
474,3.861062808270338
