item_id,predicted_score
340,4.135467171132055
408,4.134305912454608
285,4.062027343453684
423,4.012261966463629
114,3.9293163263057194
511,3.920188196755354
482,3.8952187958748756
313,3.8900249953356654
199,3.849530569593935
527,3.8445339933765212
