item_id,predicted_score
408,5.576806361174888
479,5.444674074743309
919,5.4169980320730495
285,5.38092559625931
641,5.111160890914383
192,5.102303414605592
1021,5.036934053216164
654,4.981638552601549
606,4.944020208531919
89,4.933945199783472
