item_id,predicted_score
408,4.744046440648327
169,4.669529663068601
318,4.666762378701096
12,4.604831162075561
64,4.593593962052499
357,4.562258057867794
174,4.533728252579654
272,4.519613665833908
178,4.514114191533893
513,4.513685140087596
