item_id,predicted_score
169,4.584202547812116
408,4.583928332585388
64,4.527446105782639
318,4.4883077041448765
483,4.488123910624199
357,4.46026645099636
603,4.453083347704991
12,4.441243281218484
127,4.418307678189874
50,4.417124658272723
