item_id,predicted_score
357,4.804564702223093
302,4.606489217198481
12,4.324103877492135
181,4.245595795504445
114,4.205162428974607
48,4.1773183465872155
511,4.1666015952567665
515,4.159447066470567
50,4.154253844346096
408,4.111337859714634
