item_id,predicted_score
98,5.290807888233221
357,5.1923045042388924
302,5.160839470048225
408,5.1336763095445255
127,5.048856935009486
12,5.039742974517048
114,5.019952730004979
64,5.018363264648927
272,5.015708045315661
480,5.004211316900788
