item_id,predicted_score
408,4.444890994066064
169,4.380366556349454
318,4.375417934863985
50,4.329789368977047
483,4.326918483514204
12,4.312428153203342
603,4.303962615005026
64,4.302135041783665
357,4.269020944377399
515,4.251875441289258
