item_id,predicted_score
408,4.448180338148052
483,4.384446335909646
169,4.379643380408902
1449,4.367162832830696
513,4.312803184890974
320,4.306355756817314
64,4.296710175345185
12,4.295629114485464
199,4.289262355420268
45,4.279057840809807
