item_id,predicted_score
9,4.621522410084223
59,4.4534163655770955
514,4.408074657591056
196,4.386142275591931
200,4.349351813002325
655,4.347488629518885
408,4.345496360310108
753,4.325142357687805
1142,4.305323732189844
216,4.300100002106375
