item_id,predicted_score
169,4.109502285725487
408,4.092606971848631
64,4.046727036686636
483,4.009344928715464
318,4.003561753271627
357,3.9791099559381475
603,3.9729769562074964
12,3.964589107724505
127,3.943006496869637
50,3.9396265417041585
