item_id,predicted_score
408,4.281023803719956
318,4.212485752979513
169,4.207790562963847
483,4.162880555433479
12,4.148368456605446
64,4.138036425052278
603,4.131042806460069
357,4.103793421434163
480,4.080497116907016
178,4.064633589565474
