item_id,predicted_score
1449,3.5810040610981795
170,3.571410692968989
64,3.565933955748926
213,3.5511799918389544
408,3.547798429362459
527,3.534178745461407
659,3.508483386057922
190,3.489729846884879
251,3.4890549257022117
515,3.4856070902226186
