item_id,predicted_score
169,4.7198641859324795
408,4.718743499915142
64,4.664857788001526
483,4.624260949284177
318,4.620096418280534
357,4.599023438471406
603,4.589962273457129
12,4.576085441798655
127,4.555406093638528
50,4.552476160326214
