item_id,predicted_score
169,4.178368877048586
408,4.164324921588384
64,4.104053556281939
483,4.068368091599892
318,4.0667051999359245
357,4.044569275366738
603,4.028757543974775
12,4.024676780491598
127,4.001614213674035
50,3.995310552005409
