item_id,predicted_score
169,4.9399666128172
199,4.807235658081191
408,4.7472978672816994
1449,4.743878886296321
513,4.74113350729479
641,4.706340305037005
661,4.6970863312484585
64,4.682935514462173
114,4.670310952471114
496,4.669544187114818
