item_id,predicted_score
96,3.785707621551944
169,3.7391581116988895
633,3.709785562985892
97,3.6030844162876807
659,3.59906547103211
56,3.598792838163872
211,3.5288972430135086
177,3.504773714336623
482,3.5047498355833455
699,3.468897848982232
