item_id,predicted_score
483,4.576914757903895
22,4.498901174459356
515,4.425793871866571
174,4.405995203152801
318,4.380960381306759
50,4.363912760920641
64,4.362888174088508
313,4.3586617793697195
963,4.351551714740671
114,4.343788570774297
