item_id,predicted_score
515,4.5487865921733555
169,4.468110833677615
64,4.458023363681446
603,4.4567784129874735
318,4.456656287714398
12,4.445327564473209
1449,4.4210295952545415
408,4.410539001660501
98,4.349114223546803
357,4.345645355948486
