item_id,predicted_score
169,4.084000253738951
408,4.075520457483578
64,4.024809811172227
483,3.9869037248904933
318,3.983751509741449
357,3.9600123706778674
603,3.9513667660042007
12,3.9403358798545884
127,3.9187555894449
50,3.91560783110975
