item_id,predicted_score
302,4.7352817045811575
483,4.733822091463655
269,4.695897707249443
313,4.650104810187563
515,4.613405571144902
1449,4.612635854317055
863,4.600360505570099
272,4.574307357370951
427,4.554754835848661
474,4.548109060079067
