item_id,predicted_score
408,4.404172159166515
169,4.318204393585936
318,4.31250319245575
50,4.274861386948072
483,4.272049208980658
12,4.252599422202526
64,4.242079801057545
603,4.239160432810055
357,4.207889807648496
515,4.194732583690465
