item_id,predicted_score
408,4.261117690439711
318,4.190076639459045
169,4.174899914292622
50,4.139779037951034
483,4.136341671997389
12,4.117410009809571
64,4.1086269281749255
603,4.095636589753907
357,4.072637086046154
515,4.059665218782307
