item_id,predicted_score
64,4.2821942747894575
318,4.187073502566122
483,4.113022524533422
320,4.059892240707646
169,4.059588481743958
191,3.998306473643771
251,3.9923225765442067
258,3.985869376054451
1449,3.944904152688104
178,3.927469129773333
