item_id,predicted_score
169,4.077161790035717
408,4.072566222005706
64,4.014673503974639
483,3.9731554328655485
318,3.9725579203995025
357,3.949358999893742
603,3.9363301397251385
12,3.9221836562389365
127,3.902751529609731
50,3.8990210333026405
