item_id,predicted_score
408,4.080103584322806
169,4.013515728051622
12,3.9570141663292944
603,3.9403632938770246
357,3.9148576983754766
480,3.897161652084986
515,3.893288270012377
178,3.880556429313878
272,3.8623526101732617
513,3.8492519954384203
