item_id,predicted_score
408,4.1658952467422585
318,4.074673613759118
169,4.073065870828289
50,4.034531966364082
483,4.034431863808839
12,4.013289232471192
64,4.001103993676343
603,3.9930476346315924
357,3.9679644274999126
515,3.9537952598768062
