item_id,predicted_score
169,4.154129640714775
408,4.153405025707899
64,4.095294272648739
483,4.056669059595225
318,4.054263618406789
357,4.032172941769756
603,4.021364471354543
12,4.010727741672371
127,3.9881719996993787
50,3.9847807029848514
