item_id,predicted_score
136,3.926542889703099
1449,3.919180447009045
169,3.9158276103553904
183,3.8083786375560456
429,3.7770577036951196
168,3.774384759735505
174,3.741208824536924
603,3.7329735540871254
633,3.702989229352815
432,3.6891369071447326
