item_id,predicted_score
408,4.27598717799444
318,4.21709465031171
169,4.207581632433603
50,4.168780037295523
483,4.1672559412238765
12,4.1514951099871675
64,4.138675128358396
603,4.13482098577802
357,4.109148578715407
515,4.084552601536585
