item_id,predicted_score
408,4.622591159275496
318,4.555214008313977
169,4.544398809820184
483,4.506534496445986
12,4.487079726533943
64,4.474640637807708
515,4.424349949943286
272,4.399795107811525
513,4.395324771704707
657,4.355195963729788
