item_id,predicted_score
408,4.649596504464372
169,4.638071260363617
64,4.584871317283195
318,4.549894883228427
483,4.547255648277945
357,4.526991762499738
603,4.513270307493221
12,4.5000794547883025
127,4.476209002464849
50,4.473614027622197
