item_id,predicted_score
127,5.118065176323308
187,4.950800207862146
100,4.921230841399768
475,4.864055191685733
134,4.837632861800029
64,4.805759671025324
1449,4.803790447375399
169,4.803508929372165
483,4.792703962488665
647,4.736655380456675
