item_id,predicted_score
408,3.985923717550747
169,3.90636529993391
483,3.8585265709975234
12,3.842441840936126
603,3.8269355775525002
515,3.7821528995061313
174,3.772474971554223
480,3.768011221257979
178,3.754001017460537
272,3.7482690115745267
