item_id,predicted_score
408,4.389926376036763
169,4.315155179691574
50,4.279686253340637
483,4.278200030435797
64,4.247976771727075
603,4.241178428566608
515,4.195407429309924
480,4.192433158009124
178,4.175320587504939
272,4.169569912896577
