item_id,predicted_score
292,4.643305476359027
427,4.595556540147339
242,4.574912212361549
963,4.570274593244308
8,4.559690655002591
655,4.550328604764469
251,4.525098143534246
190,4.52481473728091
316,4.510527366436432
114,4.494017808545264
