item_id,predicted_score
408,4.3290775413647395
169,4.319366381029557
64,4.263421183267307
318,4.226947338012347
483,4.223650123383336
357,4.201808637118291
603,4.18870686954968
12,4.174885423362455
127,4.15196310012486
50,4.149829008034546
