item_id,predicted_score
408,4.447329579704978
169,4.379402701092342
357,4.274489271202924
515,4.255471064210618
178,4.239289222084564
272,4.220919734803496
513,4.210077857435909
114,4.1880769956343915
657,4.1837989591147124
474,4.176839062210778
