item_id,predicted_score
100,5.1562167919996345
483,4.903987643155588
320,4.757833286726662
272,4.704530439104712
1449,4.70031684352114
474,4.696989067432425
513,4.692073043151942
408,4.6828391101052285
511,4.654547344016353
199,4.644112284914884
