item_id,predicted_score
169,4.51892640159158
408,4.516640686198828
64,4.458862818885547
318,4.423098473176669
483,4.42299574917095
357,4.404592921274153
603,4.3870778075670955
12,4.374649839256507
127,4.353352329361646
50,4.347755717211535
