item_id,predicted_score
13,4.633119465404765
86,4.60743451751871
205,4.586845962084086
56,4.574796943484335
180,4.538907575146527
607,4.476633909001762
64,4.471104711272226
707,4.467323875453461
485,4.460029822265452
346,4.455493774021595
