item_id,predicted_score
1449,4.822513845897337
15,4.762993046398739
169,4.704788604183041
11,4.674418674324784
606,4.573474133582713
255,4.5540448043621655
611,4.542212317644377
22,4.5251634253322095
488,4.51517437395298
659,4.4984275360053285
