item_id,predicted_score
169,4.485792002395131
408,4.475732294131693
64,4.415002808613789
483,4.376869895805765
318,4.3765973737870905
357,4.354055871776502
603,4.337938802272296
12,4.329502428024038
127,4.308176332637543
50,4.302609665775606
