item_id,predicted_score
185,4.690013556251147
320,4.49674767290058
488,4.4228214957443255
135,4.357117935558338
408,4.345227351600873
178,4.327331093671867
169,4.322534874347329
23,4.293273085241511
589,4.287358038314389
285,4.278925069181661
