item_id,predicted_score
408,5.447024146133892
169,5.441686952126494
64,5.38963584402223
483,5.351107728024438
318,5.346594151744832
357,5.329254955186856
603,5.317937945051973
12,5.305135136651164
127,5.282824831426736
50,5.279090495755126
