item_id,predicted_score
169,4.498600587866491
408,4.49509111621367
64,4.435369566429082
483,4.39693893182121
318,4.395190994333443
357,4.371675594080027
603,4.360380340527472
12,4.351679067109869
127,4.328716298984878
50,4.325067992794358
