item_id,predicted_score
408,4.5366556739746935
318,4.466735135725485
169,4.461483050223767
50,4.421234459179284
603,4.385965011862874
515,4.339047512586438
480,4.3320379156257784
174,4.327444504192699
178,4.314907152344619
272,4.311191445860054
