item_id,predicted_score
408,3.73994162864714
169,3.661540823553124
114,3.4590105677233676
316,3.387656800241086
251,3.3721740880371014
520,3.3652678872043986
223,3.3563663632616945
1142,3.3461180677763984
487,3.3239902774745005
659,3.3103343947900066
