item_id,predicted_score
169,4.582107573768993
408,4.580470203286433
64,4.52230307597599
483,4.484382531008032
318,4.479690245823345
357,4.458767610534877
603,4.449145546025685
12,4.441250366392101
127,4.41754232597535
50,4.41385563491168
