item_id,predicted_score
269,5.3813922076267175
496,4.965589358046573
199,4.914895359670466
483,4.8999850259457105
863,4.879892988705985
262,4.866306787687369
178,4.8549101923576705
648,4.842258052069351
200,4.836015103013644
474,4.820779234283058
