item_id,predicted_score
169,4.350021529368666
408,4.347643696134085
64,4.290802327636553
483,4.252045474428457
318,4.249089333525241
357,4.226420291238997
603,4.216655151026951
12,4.206386338910298
127,4.1838580101668414
50,4.180650349019924
