item_id,predicted_score
313,4.7413560345573025
79,4.697386254327873
114,4.468850492173957
613,4.42768847626944
924,4.403944199232514
83,4.396505168352373
966,4.3657088033017475
316,4.362714426146482
603,4.359192710997219
423,4.345918628575476
