item_id,predicted_score
132,5.302255492686281
135,5.224356004870798
604,5.1880139286801565
963,5.034687644662848
483,5.021445111103615
613,5.020027286870033
96,5.014552488722516
1142,4.999836623978896
230,4.955795241322137
183,4.931101744023323
