item_id,predicted_score
64,5.385063008460772
169,5.368017427677906
603,5.337547546176286
1449,5.329182182537708
483,5.307024138101854
12,5.296427895253396
318,5.290013360137574
357,5.288555111143335
114,5.283751347703908
98,5.2818653486529685
