item_id,predicted_score
408,5.026887343506925
318,4.953043216274136
169,4.945659443085913
50,4.906613682826552
483,4.904586689494728
12,4.885543966781356
64,4.874581539246883
603,4.868066431205162
357,4.841702808501314
515,4.825686669263403
