item_id,predicted_score
408,4.685443097019111
318,4.611995836930131
169,4.606856902475766
50,4.567758258915072
483,4.5649536809038125
12,4.545371807730091
64,4.533904232883224
603,4.531155131326888
357,4.502689354250329
515,4.4850174867449875
