item_id,predicted_score
340,5.387079908376906
191,5.301484147777054
318,5.298388133586167
482,5.288143477421892
272,5.217592049115359
269,5.206478934411341
313,5.178549352704529
483,5.137884485832699
496,5.10923657594508
133,5.053968647038225
