item_id,predicted_score
169,4.814588751059643
408,4.798222534363613
1449,4.679305442777505
318,4.678656196234006
659,4.662728759495046
483,4.58901335122472
12,4.587036439959306
98,4.575793952289478
923,4.570968388789542
272,4.562020563490475
