item_id,predicted_score
185,5.135419407399521
23,4.958897421014228
357,4.661526106025
511,4.660837500859073
197,4.634529327133158
427,4.6334237448682885
7,4.6139149609176355
12,4.570814057321655
98,4.564852356321753
1142,4.564473017197663
