item_id,predicted_score
408,4.03187177501996
169,3.956495689747741
483,3.9127094167258263
12,3.895818277635268
603,3.8800223866445416
357,3.8521164555878538
515,3.8343014379289717
480,3.8263005331604023
178,3.811502230400451
272,3.8036000326950985
