item_id,predicted_score
269,4.903887868158902
169,4.623390677991539
302,4.6167283599893745
285,4.590098471489793
408,4.5262845929725515
320,4.477844983047617
178,4.467726834529269
238,4.454921553923106
211,4.454022689934633
1449,4.413053719729891
