item_id,predicted_score
64,4.313605202446931
320,4.189053069109425
251,4.157469963176807
143,4.150646075962783
318,4.1374025888164
483,4.1141001296818125
133,4.081511880630129
242,4.0645329617739305
12,4.046327359498242
657,3.966621532422595
