item_id,predicted_score
313,4.852682575955539
300,4.656488941028147
318,4.553661533464876
12,4.493839634375765
169,4.483530047150092
114,4.4573922563948525
144,4.414657503897227
684,4.4111422483242135
190,4.323439625047588
966,4.314084472285784
