item_id,predicted_score
22,5.720103094031314
172,5.085258979524071
174,5.064794387298392
531,5.042903257390792
204,5.024503082269405
511,4.976295519447211
69,4.95792217937151
215,4.918256827156203
588,4.776930306569072
333,4.776009819049451
