item_id,predicted_score
169,4.533207190428222
408,4.512955429990753
64,4.461320608756632
483,4.423646495847685
318,4.418962551664366
357,4.397228105205856
603,4.384629902284611
12,4.377555243750914
127,4.35713011094767
50,4.351240991749502
