item_id,predicted_score
318,4.270123556521738
50,4.223475020843658
12,4.203403732308945
64,4.19246799927813
515,4.141580710031998
480,4.134383909786253
174,4.129448660654945
178,4.117831646921256
272,4.1130976582133165
513,4.10551028471989
