item_id,predicted_score
285,4.898340413655491
185,4.788395145102157
474,4.704221747157712
493,4.66912042219593
169,4.6335164989838775
408,4.560553270383606
603,4.556107330536038
178,4.555579599333652
1449,4.545853378274431
197,4.517384200073955
