item_id,predicted_score
169,3.5855408112702265
408,3.5784318110332367
64,3.5262528153788377
483,3.4877817872515955
318,3.484663288443427
357,3.458234117697374
603,3.4523024273229654
12,3.4428037299968235
127,3.419964411255196
50,3.4179523890202455
