item_id,predicted_score
169,4.432562208103658
408,4.422745076653762
64,4.370185005047124
483,4.332128209549133
318,4.330242194483346
357,4.30466366360571
603,4.295598904583141
12,4.285559965936583
127,4.263737657236637
50,4.260644119591289
