item_id,predicted_score
187,4.681596832228383
22,4.625520121660134
272,4.5909215303622375
137,4.577108858399807
114,4.491957567540517
223,4.486052185124672
169,4.456321280108495
50,4.453785787885457
963,4.428717267450482
302,4.415089512801645
