item_id,predicted_score
408,4.3081072149542745
169,4.300705442162793
64,4.245347038261555
483,4.207129481820632
318,4.205876804201114
357,4.182934369199842
603,4.172935106684441
12,4.163031821277268
127,4.138383412726746
50,4.135981380507566
