item_id,predicted_score
408,4.38945565550384
318,4.347506050917216
169,4.321325197306986
483,4.293091720521786
50,4.292640755634679
12,4.278977744705372
603,4.251593386674847
480,4.216709733255203
515,4.203936557303025
178,4.1929248915233535
