item_id,predicted_score
22,5.565320496873067
114,5.33696475110119
483,5.327780925937523
318,5.322710457814574
64,5.29424655927815
174,5.280067642294875
313,5.258949691704136
12,5.2552645203698045
480,5.247446886310058
357,5.206081269495075
