item_id,predicted_score
408,4.8210823082699665
318,4.736713852802969
169,4.734043849774437
483,4.694358315236616
50,4.6940858275723665
12,4.678745011999007
64,4.667215690480747
603,4.654294522354825
357,4.631764052648533
515,4.614231151685281
