item_id,predicted_score
408,4.1766218294389095
318,4.106602275909472
169,4.102188558017051
50,4.062433623098622
483,4.060204794748155
12,4.042413930248794
64,4.03018337889306
603,4.027827830372229
357,3.999775859615155
515,3.9788909159977894
