item_id,predicted_score
169,4.053584512823248
408,4.036087395686241
64,3.9820960168443476
483,3.9434240060986823
318,3.9407614386328955
357,3.9180598251159164
603,3.904291456809126
12,3.895436479653852
127,3.875545455457372
50,3.8699671532921043
