item_id,predicted_score
408,4.849315237660088
173,4.737642798836064
357,4.723604729333775
197,4.696871070220498
169,4.692248833243255
480,4.6765492514074545
603,4.661269318880951
56,4.640887342925374
64,4.620450076649464
1449,4.61741836343614
