item_id,predicted_score
96,5.3550902506393
316,4.8440636530695995
172,4.7256954745927136
187,4.715766162204778
134,4.693742730646681
97,4.683175292079358
8,4.559334706805751
204,4.53208151154406
963,4.504288972049745
895,4.493755736908456
