item_id,predicted_score
408,4.693255659844754
318,4.6160550606369295
169,4.606495024649846
483,4.575241726618497
50,4.573741228500417
12,4.5607318886246695
64,4.546787554384518
603,4.530558055337999
357,4.5142848174781065
515,4.488443261887318
