item_id,predicted_score
641,4.42447030984688
1449,4.387092528930111
483,4.3690147956757714
86,4.345292668235055
515,4.275002285723397
428,4.272983020885639
513,4.2495180006660185
1194,4.24006865455245
488,4.239407897322575
694,4.236743541221963
