item_id,predicted_score
408,4.594631087512942
169,4.584037180776978
64,4.527639067807598
318,4.489193094316546
483,4.489012961804352
357,4.467488348099778
603,4.45443880144474
12,4.443796150139795
127,4.419431118532848
50,4.416392413111126
