item_id,predicted_score
98,5.492399895549496
302,5.384609975997698
272,5.3014487944180555
242,5.18501839944957
286,5.101997999892882
151,5.073502562761047
432,5.066475460939715
213,5.059718430182233
408,5.053806659337563
22,5.048638862234264
