item_id,predicted_score
483,4.9886902062613
114,4.944591242868764
169,4.941896966241264
408,4.934869980701511
318,4.932089111852011
174,4.92078178980824
316,4.918270672961236
357,4.896117750114473
515,4.87872398762097
50,4.831890736848685
