item_id,predicted_score
100,5.180905696326116
56,4.837131407707936
276,4.803012392631038
357,4.779729930978851
137,4.698983688865713
179,4.6937344740307445
475,4.692085975754431
654,4.691920950929544
60,4.6586251852673755
474,4.6491716658378985
