item_id,predicted_score
276,4.642233427792808
657,4.485977714465334
48,4.421704510968385
91,4.395659189891662
320,4.243670901925954
474,4.23870172312876
641,4.224488690013601
509,4.215423352581075
57,4.207740328468054
661,4.20303544552408
