item_id,predicted_score
190,3.4560031114047085
511,3.4488919882537146
258,3.42713355826346
1449,3.426029084890254
98,3.3743773694255563
127,3.355855754417097
187,3.3499385514068485
408,3.3420806468957127
89,3.3064446130105196
427,3.3013832022659235
