item_id,predicted_score
408,4.4958580040571015
318,4.420240887524872
169,4.416458233636057
483,4.369837363391415
64,4.341931575449033
603,4.338196619869471
357,4.307188713576619
515,4.295085883408378
480,4.281382250171124
178,4.267993377037149
