item_id,predicted_score
228,5.30984943972452
89,4.939651813757311
192,4.781757072808007
187,4.779846937485216
114,4.758912341774628
357,4.734284885533928
520,4.722881919484822
530,4.677989218770793
478,4.669802994287007
408,4.657134196675024
