item_id,predicted_score
357,5.070696123561139
408,5.025409880888185
56,5.017788246514578
1449,5.016235266719228
169,5.014269036343002
603,4.991765599710161
483,4.9871823009416
12,4.942605151740736
480,4.918939750386035
479,4.91529494616685
