item_id,predicted_score
100,4.214962734292669
318,4.206748683760833
357,4.153837138625386
483,4.106891598677659
408,4.095113338238429
479,4.093921513395269
12,4.065367505310617
64,4.057347685463276
515,4.029870911573117
1449,4.024536658083109
