item_id,predicted_score
169,4.456013497155691
408,4.449685250201265
64,4.39186948861389
483,4.355747960395497
318,4.3518216441867885
357,4.327305696469277
603,4.319344852238816
12,4.315342505143192
127,4.2898628128182485
50,4.286541674860406
