item_id,predicted_score
408,4.668756773185136
318,4.599226532360969
169,4.591767419797948
50,4.553229632067724
483,4.5508426526235795
12,4.533533204083072
64,4.522197762392367
603,4.516185926457218
357,4.490062160053809
515,4.470587582908291
