item_id,predicted_score
483,5.35514205762173
408,5.229488979992878
320,5.16131086316758
302,5.125195930187668
169,5.112450599858599
137,5.1110607683805345
114,5.089826849557696
1449,5.088123753373948
511,5.071794566632717
100,5.067329009438787
