item_id,predicted_score
515,4.840541977116508
318,4.821152891225113
169,4.741051237866965
272,4.730346129740019
316,4.729045685400209
114,4.719050244507978
408,4.707135944943599
251,4.684768745673729
357,4.663710826993341
1449,4.655261509787732
