item_id,predicted_score
408,3.929753060874657
318,3.8763225871248532
169,3.865411398320976
483,3.825804101541493
12,3.81346814426829
64,3.800616695204558
603,3.7941208460374876
357,3.770549602299255
480,3.7497525798653966
515,3.7419747165079666
