item_id,predicted_score
169,4.578678458665455
1449,4.498946336175713
483,4.431203369248889
484,4.425572884817056
199,4.387858522985509
191,4.327139243615274
186,4.32509997726773
132,4.315322836501652
1142,4.313552105190507
510,4.296262557188089
