item_id,predicted_score
408,4.490073262779937
169,4.411320566977497
318,4.409380276777207
483,4.3697138612092035
12,4.346688161550652
603,4.336563823800808
64,4.331745140661634
357,4.305413697208104
515,4.285929618493065
174,4.273435687786884
