item_id,predicted_score
175,5.9937249053104384
319,5.49952738142508
56,5.423516975638835
8,5.361828169143974
9,5.342892467274186
508,5.327654070820663
135,5.316041723693628
509,5.311636472049377
963,5.297087213930722
320,5.250305715090114
