item_id,predicted_score
64,5.066651092471333
12,4.856399987963898
313,4.81058530466538
98,4.708719028447344
357,4.606784565824287
483,4.5924625020020065
480,4.588918605815119
172,4.521755558184119
50,4.516992477071026
169,4.51255417124666
