item_id,predicted_score
172,5.864908481940791
50,5.719657394196246
181,5.652398089899845
98,5.5820612310113775
174,5.542124428130911
64,5.4725242482216085
483,5.416180176429385
96,5.416029867519564
12,5.336230398155863
357,5.323200865234477
