item_id,predicted_score
22,4.958805345180458
187,4.8613116108466885
12,4.837120135197034
114,4.83275586519602
302,4.798588780037121
357,4.748978857647352
483,4.746496881306441
96,4.726274610268857
134,4.720649339768245
963,4.708036416310685
