item_id,predicted_score
50,4.4320021957433084
64,4.344975437920551
174,4.259057440310285
12,4.246296622619502
181,4.191265532651418
408,4.144936213596404
1449,4.120193420817894
480,4.096498073771113
1142,4.092915157911628
22,4.049090031441824
