item_id,predicted_score
59,4.5174489791957235
60,4.324442875160997
514,4.300937882919435
484,4.175787936110859
9,4.065084059595891
168,4.057881683205868
20,4.053846003240865
654,4.042762437786744
589,4.04047503147493
510,3.9708422165521258
