item_id,predicted_score
408,4.68692968246916
137,4.243289438941835
474,4.17184049945156
479,4.137380613579282
919,4.073090819069997
124,4.023116113388034
1194,4.02187497980594
86,3.986709863558556
14,3.95651020855608
694,3.921699153359826
