item_id,predicted_score
1449,4.18224144344306
199,4.079843339755435
408,4.078609838442677
513,4.07584142618662
657,4.07121203913548
83,4.049452519989884
169,4.043119922122545
641,4.027900122541471
320,3.9796259917952987
515,3.974032658567047
