item_id,predicted_score
408,4.6476913120625385
169,4.563275037243951
318,4.506047274948903
320,4.493746073400363
483,4.489257900599042
1449,4.488057165753926
513,4.466368065380326
127,4.436677209261244
89,4.419356649841191
178,4.416271162972012
