item_id,predicted_score
488,4.129092860509689
408,4.078517111067679
169,3.9820970663593958
485,3.9055788207848607
641,3.90244907031805
493,3.853609092589129
969,3.755201853143329
83,3.736578077118982
432,3.729080215965189
114,3.706123441545232
