item_id,predicted_score
286,5.102610570560868
169,5.025466334707324
318,5.020634941132061
143,4.923121245169281
174,4.871454337292391
133,4.845749049208768
520,4.804327853376418
408,4.79400499602518
64,4.783369269517645
568,4.773640588513804
