item_id,predicted_score
169,4.500899365659304
408,4.476685635847523
64,4.425366661035677
483,4.388002060107362
318,4.386687233247414
357,4.36031996170007
603,4.347568597530243
12,4.34053411660134
127,4.320286011938344
50,4.3149628165581095
