item_id,predicted_score
408,4.386826196189512
318,4.316574917711119
169,4.309917871038317
50,4.27067432367457
483,4.267711474485867
12,4.249352749056812
64,4.238357268044797
603,4.234155732866685
357,4.206358811606919
515,4.188405231886519
