item_id,predicted_score
269,5.1365091352971035
56,4.951924073070239
199,4.937432307569469
302,4.897851009617137
1449,4.838416576221462
318,4.8120249561016895
513,4.79899955769257
474,4.787665134739985
408,4.783635794740402
661,4.765920891593888
