item_id,predicted_score
190,4.9356372292449
197,4.802253548148095
357,4.745658517665785
526,4.698432988168814
498,4.616845713688041
603,4.613124384161693
79,4.5966267229176125
493,4.582493219373459
657,4.559169804624101
443,4.558878920527692
