item_id,predicted_score
408,4.407890801634818
318,4.340922859315086
169,4.3335757675454945
64,4.263054996727575
603,4.2583510582008275
357,4.230854897357747
515,4.211726669071785
480,4.2060854097128795
178,4.188984454223093
272,4.1836355176430775
