item_id,predicted_score
127,4.758059167822294
12,4.74838777072828
483,4.719100472885373
963,4.663235474528362
302,4.593841130411401
750,4.5317675763871375
186,4.514633703529472
520,4.5061376933234145
87,4.495995707236041
19,4.4812780212360375
