item_id,predicted_score
408,4.241181508094731
169,4.162985431700743
64,4.096966325371597
603,4.087071881020322
357,4.062723934413264
178,4.020431886385699
272,4.0178735733295365
513,4.007220202237001
657,3.987414961860313
427,3.98567085152228
