item_id,predicted_score
408,4.604524951649823
318,4.517553417350699
483,4.475679440745251
12,4.450809045623718
603,4.442909089350226
64,4.438518466388914
174,4.383628466129992
513,4.3820843508549405
272,4.372625559645358
480,4.370621630201884
