item_id,predicted_score
169,4.66087712658798
1449,4.652011781378275
408,4.533672073280916
513,4.523668892031646
483,4.5210985204939105
98,4.4945780501777834
657,4.475326777922043
272,4.468609097455124
515,4.459592683126905
114,4.44518664220939
