item_id,predicted_score
313,5.517758052487348
161,5.422423959224018
64,5.253187132120942
22,5.185466887566724
143,5.024254010013885
318,4.932794503958011
210,4.917109052627908
966,4.91520030191244
69,4.900368584478892
96,4.87408056286063
