item_id,predicted_score
192,4.72267599977658
60,4.6820819476480136
134,4.630208147055704
474,4.53835169351176
483,4.515744805131334
603,4.515105423480353
98,4.470298383191468
408,4.450543452728142
23,4.441360566225066
199,4.441053498674072
