item_id,predicted_score
174,4.7547436788676976
98,4.688749264245877
79,4.680067205144733
64,4.639679707635228
357,4.613955786223013
316,4.613207842844732
172,4.610670438660106
96,4.598416065303432
318,4.573296125294027
313,4.56301265888321
