item_id,predicted_score
408,4.628974336564616
318,4.55731133602182
169,4.53774542623316
483,4.5125098510035055
12,4.487870499249159
64,4.471660056407943
603,4.462128324916465
357,4.4453768890638035
515,4.423356469236039
513,4.409735976316987
