item_id,predicted_score
408,3.9678730374143467
318,3.8907858896243623
169,3.8875619326161575
483,3.8429210532723266
12,3.8211021111821872
64,3.8104621140296078
603,3.810207709598269
357,3.7787756664045133
174,3.7523247426123234
480,3.7476282913988848
