item_id,predicted_score
169,4.223404433558672
408,4.213426233629533
64,4.164527582934053
483,4.120350229895144
318,4.11796791658927
357,4.0890529602212355
603,4.08437624946194
12,4.068312983242884
127,4.049968335249957
50,4.049053879059399
