item_id,predicted_score
56,4.736089890449996
169,4.67579310672903
515,4.527666649571485
1449,4.483658393963466
408,4.467865216397114
513,4.460574202035123
641,4.3739681130774155
316,4.364356733419251
114,4.3463658741204005
474,4.344888779697046
