item_id,predicted_score
408,4.401180243638897
318,4.330149702196246
169,4.326109563513059
50,4.2864863584254635
483,4.2853417911581175
12,4.271997048020929
64,4.259885722471581
603,4.251112249914481
357,4.227019219265929
515,4.203295214001757
