item_id,predicted_score
318,4.504196737488212
169,4.499966315801149
12,4.433731902943438
603,4.425225427956758
64,4.423208481906857
357,4.3924774157201325
515,4.376025249085025
480,4.364746920998143
174,4.363039875823099
178,4.354059168213027
