item_id,predicted_score
408,4.133142957857028
169,4.08010811654422
318,4.079903696351884
50,4.031101935499516
483,4.026129574778159
12,4.0129319199484685
603,4.008255562815723
64,4.002695220024429
357,3.9719450880888756
515,3.9500458168985544
