item_id,predicted_score
169,4.387350462480238
408,4.379709342027928
64,4.321680808861449
483,4.283416790838492
318,4.280286110271864
357,4.257821589494862
603,4.246253360096796
12,4.238478440806409
127,4.215993898869521
50,4.21162670295669
