item_id,predicted_score
408,3.372092855233638
318,3.3037008892867528
169,3.2976129097537994
483,3.2590901278075495
50,3.2588717028022938
12,3.24432359812513
64,3.230748253044725
603,3.223287076762008
357,3.2001129561311896
515,3.174991915045487
