item_id,predicted_score
98,5.373428285591263
127,4.96465598305438
357,4.715381344100711
514,4.71142260174766
318,4.701954243676906
496,4.646121806920854
427,4.617341412895196
187,4.615018352198227
191,4.600181891734919
302,4.593242356935773
