item_id,predicted_score
272,4.054896098537957
114,4.008227499026984
285,3.9995839670648565
313,3.9501784136488016
963,3.9383514248756444
316,3.9255484841297115
251,3.915251393032396
496,3.906786840741634
528,3.9034208047417587
923,3.9000508505131206
