item_id,predicted_score
302,4.494661507866663
169,4.226134325143512
483,4.162181445397431
496,4.159456720378788
15,4.158607193723462
963,4.145641856486883
1449,4.109036116367967
282,4.101732674277153
318,4.081055476522368
328,4.056332762640125
