item_id,predicted_score
64,5.444256035757656
169,5.13120969051878
313,5.121401731582843
483,5.09375546252163
22,5.062401644246387
531,5.050190397074237
651,5.012442451308095
318,4.961326086144007
272,4.960452985341576
12,4.874703161875633
