item_id,predicted_score
272,5.045010665733198
306,4.9604348561015
50,4.851742199719393
83,4.83855237370224
333,4.833616023711178
181,4.828255514397207
176,4.786808359715003
735,4.77859965806606
114,4.768522574612171
526,4.766762672068558
