item_id,predicted_score
357,4.970767995149819
313,4.929710667125181
64,4.922232099939525
169,4.872880770341486
408,4.843810269217335
50,4.830827391143478
269,4.812673521100465
483,4.802954220047274
56,4.787723890634209
320,4.784590064620849
