item_id,predicted_score
408,4.341069600414952
318,4.272304875596504
169,4.268921594172868
483,4.226379071980797
603,4.19497813904885
515,4.144462388879157
480,4.136083210295554
178,4.122085049738965
513,4.112509655359774
427,4.0822882011195105
