item_id,predicted_score
408,4.742286386546839
89,4.5697212467334465
320,4.50860116136845
483,4.487361270386459
1449,4.482364765146685
127,4.472500374888837
641,4.448769678638784
513,4.43880906962465
478,4.435460311977575
114,4.415310636439319
