item_id,predicted_score
408,5.027776290713682
169,4.953906219317929
318,4.947196117701836
50,4.904065027502424
483,4.899442827464627
12,4.881665720827579
603,4.874820658091114
64,4.873188969817598
357,4.837938151806612
515,4.827457703257535
