item_id,predicted_score
169,4.155894453981424
408,4.151094474687852
64,4.092016517473277
483,4.053788283370618
318,4.050961134191541
357,4.0286936560921305
603,4.017149163895201
12,4.008987585605154
127,3.9861383745614534
50,3.9820186170103615
