item_id,predicted_score
408,4.808952869811629
169,4.725267285121349
318,4.72050935260317
50,4.6832005306665465
483,4.682286478779656
12,4.663368475046811
64,4.650636961155786
603,4.648095562611946
357,4.619044249276358
515,4.601043078593924
