item_id,predicted_score
169,4.608764521813838
408,4.60353990883008
64,4.5461686082749155
483,4.506457237016462
318,4.505961360495249
357,4.479250055556591
603,4.469786110821057
12,4.459187287870137
127,4.43716922368973
50,4.43462031233271
