item_id,predicted_score
169,4.155626551687648
408,4.151011240057808
64,4.094399285060328
483,4.054894586903298
318,4.0515528242182794
357,4.028860034624397
603,4.018907469422648
12,4.0086663198171495
127,3.986784715298199
50,3.983327738116417
