item_id,predicted_score
408,4.480240444185461
318,4.405015989310479
169,4.403526898292908
50,4.361718719643708
483,4.3588307487186855
12,4.339555563472261
64,4.328222336134643
603,4.327551667552614
357,4.296877656790391
515,4.279924380855779
