item_id,predicted_score
408,4.87406298154755
320,4.797429255288163
318,4.79505535109676
657,4.76764320449728
479,4.735743095311013
1449,4.730991308823777
199,4.710149989308793
483,4.705328725415162
641,4.700618276453654
64,4.693301324898797
