item_id,predicted_score
169,4.061940016188815
408,4.056747886951602
64,3.9993975240037494
483,3.9612103430434065
318,3.9586573067615425
357,3.936038256708148
603,3.924856930039847
12,3.91565573968127
127,3.893207799350966
50,3.8893187046947992
