item_id,predicted_score
408,5.112988995802505
318,5.035405684120129
169,5.031734006098299
50,4.99374888830127
483,4.99179756133196
12,4.969701259298741
64,4.956694855229949
603,4.956694654658668
357,4.927868194748667
515,4.909491831300234
