item_id,predicted_score
169,5.35847306729297
313,5.35421584805444
408,5.3231388255950876
168,5.1608344818480685
480,5.131243176073933
513,5.11908774337999
22,5.098967001615898
1449,5.0908112475907625
272,5.083080856408562
921,5.066051746230896
