item_id,predicted_score
408,4.601321059989138
169,4.593399138579502
64,4.534500446411303
483,4.498063013528015
318,4.4952390265660345
357,4.477491519126609
603,4.463241964655207
12,4.456278696183206
127,4.430801345235974
50,4.426125216158824
