item_id,predicted_score
408,4.704333156978683
318,4.638742093132273
169,4.6323393964010116
50,4.591359093041391
483,4.587682711482064
12,4.567491965440132
603,4.557645945864706
64,4.556379093555962
357,4.526305957888751
515,4.509188748023954
