item_id,predicted_score
199,5.5944847838660285
169,5.497791015191841
513,5.460636672541787
1449,5.275754586678974
114,5.225871973413242
1240,5.222525930484158
69,5.215433851504313
250,5.197276724102679
64,5.187358566696534
963,5.178953284303661
