item_id,predicted_score
199,5.250246081601521
169,5.237378225017842
1449,5.233379436048672
313,5.2267583827239426
408,5.225099034447674
302,5.189505130621867
83,5.1756005204791595
488,5.146192459376889
657,5.144790882887161
641,5.138965559842792
