item_id,predicted_score
408,4.578522340590805
169,4.5773066328765
64,4.516759603384471
483,4.479833133535499
318,4.475995708320277
357,4.45910663566064
603,4.444391300308484
12,4.435884962717872
127,4.412549255843142
50,4.407165334305681
