item_id,predicted_score
98,4.981574902894915
318,4.954836872782886
1449,4.942833208044927
357,4.918162768652217
169,4.901499560853786
127,4.883761901789547
56,4.857228142005864
603,4.842110487969061
408,4.807440281365176
64,4.805990118928049
