item_id,predicted_score
408,3.9645452666125074
318,3.898098025467959
169,3.886894762627338
483,3.847855351504845
12,3.8304956430864556
64,3.8191326825146588
603,3.811045923265
357,3.7868776124404406
480,3.7619771726563123
174,3.7545409409730874
