item_id,predicted_score
22,5.2935919612634095
313,5.260360870017641
64,5.081938041011078
12,4.949756115646169
302,4.8626576215977035
15,4.859010790481487
272,4.836404206012384
258,4.758595486424528
300,4.7145187256607315
328,4.702441031160258
