item_id,predicted_score
169,3.9636988670487345
408,3.9602205034516387
64,3.9028315333232038
483,3.8652294915743246
318,3.8625232855839
357,3.837417008133861
603,3.829494640547739
12,3.8221105790968726
127,3.7978399188469742
50,3.7952007002877908
