item_id,predicted_score
64,6.039739975421043
313,6.0338614439265355
238,5.76052117636814
12,5.63105205773631
480,5.579597077687733
98,5.57511834085025
11,5.544629027242413
496,5.502013153603517
408,5.460867141406856
357,5.32041548155845
