item_id,predicted_score
513,4.185707467806441
127,4.161969802445647
483,4.148368953487685
56,4.096276144176872
408,4.063681558700227
316,4.045567355285521
657,4.001886733275426
124,3.982617461840416
169,3.9666544358032376
268,3.958338736141433
