item_id,predicted_score
408,4.0997308575363105
169,3.953339150650755
320,3.9029039887654484
50,3.885954677859414
173,3.8769589965861786
513,3.8747628210858385
483,3.868173134557331
318,3.862212263781259
1449,3.846026360310759
199,3.7967465145398256
