item_id,predicted_score
408,4.347166551748075
169,4.333811049958621
64,4.270182739032204
483,4.234865295198273
318,4.23449147163627
357,4.218250917396241
603,4.19881504819332
12,4.1946112936973705
127,4.167400732600172
50,4.16139485696638
