item_id,predicted_score
483,4.817123815272149
191,4.751026721473742
127,4.748187116139763
318,4.714904575541772
197,4.690051439404687
23,4.613399829994995
185,4.610720284752344
12,4.557412569572106
357,4.545727741972588
480,4.5432647789444855
