item_id,predicted_score
513,5.016202689487
1449,4.980842978081638
408,4.965483681602024
199,4.919015846768564
169,4.9066749040658255
64,4.906252839006613
515,4.889083515825999
22,4.83078230583398
963,4.8297605596366715
474,4.81840901872329
