item_id,predicted_score
272,4.950597841919939
97,4.906378203329238
181,4.906142437770258
660,4.884954661911679
429,4.849715919660515
659,4.814974970733149
126,4.787885563394873
511,4.786330209630943
302,4.767409426023722
313,4.75286749029816
