item_id,predicted_score
253,4.991073728011061
432,4.8667924385459855
1449,4.8558979092577745
745,4.829750853133381
408,4.71969919274267
160,4.681329836945965
512,4.667041016419814
516,4.6668896447668695
488,4.656718407541906
499,4.6305424620727305
