item_id,predicted_score
45,4.491152321654864
483,4.4755213204653845
313,4.458810320017869
328,4.4408438231532905
198,4.396242019642956
223,4.315985469456244
270,4.314403313109672
48,4.27553603949206
191,4.265562113802554
513,4.258223278035198
