item_id,predicted_score
408,4.591054961824315
169,4.513558294314002
483,4.470182248866942
12,4.453105427074857
64,4.441587466412946
603,4.4369493073389625
357,4.40907035492826
480,4.3809920264756705
174,4.3796802907396755
178,4.364313042059016
