item_id,predicted_score
169,4.730113039209111
408,4.599595957641054
302,4.535999141847212
114,4.4094002001825725
316,4.401795030911265
12,4.380162502466798
79,4.362869382104339
483,4.3483447677851625
98,4.339124198681094
318,4.33468261822658
