item_id,predicted_score
408,4.6065715873242254
12,4.438846270122509
1449,4.4380575951360015
127,4.390964382734548
114,4.373199575644093
357,4.340690002164655
14,4.3316619480029885
187,4.322807571794468
272,4.301325836554883
515,4.277364113831516
