item_id,predicted_score
127,4.619806653510796
100,4.55443840071152
483,4.535534715203691
357,4.401721976410604
192,4.391710323913267
479,4.3265368935939295
302,4.302897122263462
197,4.27558203608656
185,4.2738925444142595
474,4.25463772938842
