item_id,predicted_score
269,6.031592212914612
98,5.661022083233515
56,5.596084005481568
96,5.487255567687547
182,5.29116265092574
79,5.281339987082401
19,5.196649184646198
64,5.139303110688703
735,5.129806187791502
127,5.125224467388211
