item_id,predicted_score
408,4.589908805829372
318,4.543826732166452
169,4.531986594429827
483,4.488990152954177
12,4.47850004554295
64,4.467007644600483
603,4.461260688182121
357,4.435904650998492
480,4.419286278254868
515,4.407568374387286
