item_id,predicted_score
169,4.2257203782485675
408,4.220051042348936
64,4.163016519536086
483,4.124476623583978
318,4.122090695171148
357,4.101079519031316
603,4.087971556811397
12,4.077225609108369
127,4.055960004236705
50,4.051397519581213
