item_id,predicted_score
357,4.143193233924542
169,4.1039806063272986
511,4.063736433427332
493,4.050010578500467
429,4.031657245906059
272,4.02388166029098
435,4.016408179759184
315,3.964467274809475
736,3.9626925958066543
257,3.9430520763509382
