item_id,predicted_score
408,5.022533827476763
318,4.963522926120853
169,4.954221219125626
50,4.914796413643772
483,4.911041953481288
12,4.895607125569981
64,4.884862016287561
603,4.880802509079077
357,4.8531766910591205
515,4.831518082289349
