item_id,predicted_score
408,3.6704026332367414
318,3.601640206713578
169,3.595776724094065
50,3.55518431114184
483,3.5527273893889246
12,3.5358738687529754
64,3.524770184468383
603,3.5199960773695396
357,3.492442544780287
515,3.473498898234069
