item_id,predicted_score
408,4.6726708304687925
169,4.6025713566856306
483,4.557775537732374
12,4.539806321968504
603,4.528326882240884
515,4.478337143393066
480,4.470461287068295
178,4.458464201136566
272,4.4492303934927895
513,4.443939906467828
