item_id,predicted_score
169,4.619288081366333
408,4.6145015612918066
64,4.556614333752343
483,4.518814251649851
318,4.516207693958607
357,4.493538771086221
603,4.482484239254377
12,4.4740053261248445
127,4.451057869781056
50,4.447178515110468
