item_id,predicted_score
169,5.042732838330815
483,4.9974464091501885
114,4.994788133781382
408,4.9880367595731725
12,4.931562831037341
318,4.913122761605614
357,4.8913403114574905
98,4.890060802790492
1449,4.889804905711284
64,4.869910158578187
