item_id,predicted_score
169,4.287645887871534
408,4.279699026999244
64,4.232095923608428
483,4.190619420801849
318,4.186400191111351
357,4.160432745641785
603,4.155947066997451
12,4.141650377647525
127,4.121681547936048
50,4.120269746464913
