item_id,predicted_score
169,4.408368816689983
408,4.401030469412052
64,4.345089427626483
483,4.307181694699229
318,4.304807462724631
357,4.281735086366948
603,4.270557285725624
12,4.261311547892642
127,4.239148348795939
50,4.23518005156243
