item_id,predicted_score
408,4.7147960979731565
318,4.653808843105537
169,4.636030337161335
483,4.603398361522981
12,4.581287704462602
64,4.568125032728396
603,4.564388531177933
357,4.540959123030919
515,4.51800749655178
480,4.51327340337299
