item_id,predicted_score
127,5.716632983621436
187,5.433079597946115
56,5.411288840489453
179,5.270712327234792
318,5.259024328066784
408,5.194030930667705
272,5.180542171569887
205,5.167246334075988
180,5.15069495221924
357,5.125667675929278
