item_id,predicted_score
169,4.222433868683014
408,4.22106355314185
64,4.1640263896014265
483,4.125862502352771
318,4.122100521914348
357,4.100054728482697
603,4.090860830644131
12,4.081598076568547
127,4.058302242919942
50,4.055100644069402
