item_id,predicted_score
408,4.584916453387098
127,4.464088385766763
187,4.428536053632465
12,4.39028232162673
98,4.3541046789873725
479,4.32362435939086
114,4.315320684130447
487,4.299109238481209
1142,4.285668611754078
515,4.275799844551409
