item_id,predicted_score
408,4.336554512741467
169,4.330243122101911
64,4.27829105877627
483,4.23865946399861
318,4.235820819097415
357,4.214212069160278
603,4.20534469189091
12,4.1923884518855
127,4.169600005520628
50,4.167383758714174
