item_id,predicted_score
408,4.053799807003406
169,4.052470550117376
64,4.003375246514043
483,3.9632919226607464
318,3.961783057265434
357,3.9328330764941315
603,3.9304233658440006
12,3.916009893765892
50,3.893942459269756
127,3.893427519802477
