item_id,predicted_score
320,4.510930274067403
318,4.453911139537493
302,4.433982868451504
513,4.409249712251005
114,4.385834617205119
1449,4.3847962353966885
963,4.3759899458521385
242,4.350921572289144
488,4.33490469984023
251,4.319374809562172
