item_id,predicted_score
169,4.6732992452263264
408,4.667874099475206
64,4.6112706451484415
483,4.571309936019255
318,4.566718566601844
357,4.540763178831438
603,4.535313886824771
12,4.527988833477543
127,4.504413852692585
50,4.502309262648255
