item_id,predicted_score
427,4.766177415213927
272,4.708694502611815
963,4.686200187266974
169,4.621726444893101
316,4.619711014034649
22,4.593834709076791
97,4.576656847510179
1449,4.575981412642578
511,4.557766136190083
498,4.543063533294507
