item_id,predicted_score
408,5.347657128312423
286,5.238675726045647
182,5.011210302372826
114,5.002277289342455
187,4.93495888549867
750,4.922920729372839
89,4.898160430986419
488,4.852907925396431
124,4.847654320342126
654,4.840411093712025
