item_id,predicted_score
98,5.387697052433763
127,5.238171418671496
262,5.225472881549604
169,5.083451694345535
316,5.070245855172715
513,5.058184916293251
134,4.976738947361284
302,4.97303656167656
408,4.968136636702975
183,4.941182895684088
