item_id,predicted_score
169,4.355765803300777
408,4.35025003472532
64,4.293635724207237
483,4.254542357001013
318,4.25221128881106
357,4.229490441318431
603,4.218179833837965
12,4.2074925810204045
127,4.185976307047873
50,4.182180691931293
