item_id,predicted_score
169,4.396688459842778
408,4.391387629122997
64,4.334980833524022
318,4.297259054248998
483,4.29608428443687
357,4.270934138856639
603,4.25944340826316
12,4.247076373332518
127,4.2257919451129515
50,4.222875530660061
