item_id,predicted_score
515,4.609876184798619
483,4.520553377501951
269,4.445866440954826
64,4.395715220385884
496,4.389504360346745
178,4.344019988750157
190,4.344006931402489
513,4.270972996106238
480,4.2419169260248335
427,4.241764697012672
