item_id,predicted_score
408,4.730230408521543
318,4.656998823137352
169,4.6503473623253875
50,4.611420916811982
483,4.608557282312946
12,4.588684768564325
64,4.5777217920707445
603,4.573749932597197
357,4.545737693795528
515,4.529568325074831
