item_id,predicted_score
408,4.466417252907007
318,4.40159207541216
50,4.354615469850969
483,4.353273976920443
603,4.319489884211804
515,4.270885134962876
480,4.2631393297160205
178,4.250376302087654
272,4.244402490300358
513,4.239931591863946
