item_id,predicted_score
408,4.704491157351009
318,4.624863271523195
169,4.623842072264196
50,4.582482660296571
483,4.580960196264336
12,4.561894964532292
64,4.549996514925093
603,4.546709813605678
357,4.518153692960798
515,4.501131536481052
