item_id,predicted_score
408,4.73267266640864
169,4.668688329687334
182,4.587997680365521
313,4.542472427120546
173,4.542389822901233
176,4.518931964396492
64,4.486053873546646
480,4.475420583631281
496,4.446217154582146
199,4.4114121794023955
