item_id,predicted_score
408,3.59435021414543
318,3.5178610484297503
169,3.5141420427783046
12,3.4507521110436525
64,3.4390520233205057
272,3.369095759724506
178,3.3617257124114595
657,3.319521101363556
474,3.3138978603320894
114,3.309756190315474
