item_id,predicted_score
483,4.469980912842738
64,4.4447196127660655
408,4.4441953678585255
169,4.430154591736476
316,4.383421213911737
651,4.376494165246691
272,4.364091848501244
1449,4.363722541490911
199,4.347725684369735
613,4.339241704385067
