item_id,predicted_score
169,4.66483421586432
408,4.652752012261976
64,4.5957161187817
483,4.557573185020599
318,4.554013869070201
357,4.535061215015654
603,4.51934075028462
12,4.510523830674358
127,4.490042638754142
50,4.4837115039658055
