item_id,predicted_score
169,4.688907359917901
408,4.686348103048814
64,4.630365013092495
483,4.591230502256263
318,4.586599852160521
357,4.564395363021977
603,4.556197260475394
12,4.546581451320691
127,4.523815956445192
50,4.520796074572596
