item_id,predicted_score
9,5.135854465241377
408,4.906828904333382
169,4.796805475571646
268,4.7744527532989505
180,4.718980379510748
320,4.583883560213124
56,4.578534955196108
175,4.540959545059783
318,4.540165612224421
1449,4.539111596684306
