item_id,predicted_score
515,4.529059881155131
64,4.472385987057053
357,4.3916662316810555
313,4.383927695579881
272,4.301520309162301
709,4.292363761990878
199,4.290388821955206
1449,4.274873348111898
251,4.2614592187134015
198,4.2349979009504555
