item_id,predicted_score
408,4.745708226741518
318,4.6883878309580185
169,4.675217328978012
50,4.637490896713144
483,4.63408773886116
12,4.616856373529956
64,4.6059793144711465
603,4.601273212385929
357,4.574795296477653
515,4.554413750815915
