item_id,predicted_score
408,4.518366480835191
318,4.451104033070651
169,4.447694293887084
12,4.385073557827717
603,4.374228867247673
515,4.322783322990683
480,4.313485312998691
272,4.2965925131147085
513,4.293082471313299
427,4.260926915308787
