item_id,predicted_score
318,4.8953083351245406
169,4.688895295834476
83,4.65861038900784
168,4.643648850454356
963,4.606428581520773
408,4.5467347138965355
320,4.524886561536668
22,4.511013309274673
114,4.504813263578979
1449,4.483006194752655
