item_id,predicted_score
408,5.604325115808243
641,5.594678269867944
479,5.553235975569397
22,5.450400109830179
603,5.4496321630097375
753,5.421448140545582
320,5.420876184014232
660,5.414969198772361
242,5.405907570864257
528,5.404651908007697
