item_id,predicted_score
408,4.60458469425627
318,4.537077758556049
169,4.528430299136577
50,4.4894941843864205
483,4.487076792700351
12,4.46891586663749
64,4.457686794579262
603,4.452633320402601
357,4.42588356925766
515,4.40745878168642
