item_id,predicted_score
408,4.578155609084187
169,4.515100486798311
318,4.507294313859171
50,4.46424818264232
483,4.4596250598954
12,4.444489180778165
603,4.440002889422685
64,4.434645361634171
357,4.402071485456114
515,4.385020041791432
