item_id,predicted_score
320,5.272984789413621
923,5.2114875153124505
169,5.174343628417362
60,5.169981157848513
132,5.159892428187781
483,5.136585166353718
582,5.136049303924628
607,5.1273499637120326
408,5.116895822130772
512,5.083365185982315
