item_id,predicted_score
408,5.0107604123146
169,4.99511366598244
64,4.944055601626363
483,4.906945685428703
318,4.901372427222814
357,4.885277108983891
603,4.874706177188256
12,4.867255966902762
127,4.840513183404882
50,4.837067469782467
