item_id,predicted_score
408,3.6408156640651117
318,3.571142613111704
169,3.569578923551461
50,3.5303245953149487
483,3.5250468514737547
12,3.506714113376115
603,3.497813303232938
64,3.4953140874295454
357,3.465731256611686
515,3.444166031687679
