item_id,predicted_score
408,4.43847390669936
318,4.369447444088798
169,4.364864443805876
483,4.320896400974256
12,4.304675052200618
64,4.293321793536173
603,4.288476629284919
357,4.260828588858383
480,4.234318914652056
178,4.221551651532608
