item_id,predicted_score
408,4.333133339215273
169,4.257013983208727
515,4.132444840763873
480,4.113856859039034
178,4.107182320320753
513,4.101740259251685
272,4.100019043899702
427,4.067237952255316
114,4.064546714576797
474,4.057406746233847
