item_id,predicted_score
127,4.903248275814954
320,4.892929994789526
408,4.852045134806123
9,4.821511366305866
134,4.819218667945828
511,4.755169969827023
178,4.747778838536862
192,4.656028910921336
302,4.6504307320525
169,4.640222900142905
