item_id,predicted_score
56,4.583650632408057
408,4.542429677846048
513,4.511023884746057
657,4.497292443371396
182,4.489691715945116
483,4.442711168604531
89,4.410274449334306
1449,4.390673280018849
641,4.382489864616477
474,4.3815358302360865
