item_id,predicted_score
474,4.876425450991822
199,4.796686743019232
169,4.648986643487025
475,4.628527297580044
408,4.606825166822114
513,4.5884177736375085
179,4.552228237254993
1449,4.52469421763175
93,4.505575012306567
175,4.504556551649879
