item_id,predicted_score
408,3.684544246065113
169,3.6744589683707765
64,3.6198394481651395
483,3.582222209701184
318,3.5820311225961845
357,3.5647342491980356
603,3.54808244216639
12,3.535035797473829
127,3.5122529052325615
50,3.5076923676107494
