item_id,predicted_score
169,4.78651312358524
408,4.778736961373154
64,4.7239176175078725
483,4.683914513205045
318,4.682547005441819
357,4.659284721851565
603,4.6471449957548465
12,4.634199581575111
127,4.614315092748837
50,4.610449599481006
