item_id,predicted_score
408,4.563665278171766
318,4.49540613161871
169,4.490473540771247
50,4.449469112679534
483,4.448040697313118
12,4.43132748388603
64,4.4191140666994935
603,4.415371421123406
357,4.388089884898659
515,4.367240114727097
