item_id,predicted_score
408,3.803484748114785
318,3.7292103968137678
169,3.714948314448448
483,3.6830078886339233
50,3.6815188893809316
12,3.664623272226413
64,3.6515184475292224
603,3.636705219970649
357,3.619071495335472
515,3.5992072809991242
