item_id,predicted_score
242,4.596494557145248
432,4.576439756418816
169,4.5654011571512045
185,4.50445365966439
488,4.498793222398822
302,4.498097395234852
408,4.40412712058961
178,4.295970325814184
923,4.280502957414227
1063,4.275220915339917
