item_id,predicted_score
121,4.401096630462934
195,4.353516112046817
313,4.316745967225341
588,4.059567261105061
966,4.038965094179183
316,3.986342870651751
531,3.9662340188969036
95,3.953570776514497
378,3.9291957743598998
169,3.9188907796727643
