item_id,predicted_score
408,4.50668338317578
169,4.41697450739884
318,4.414947980807164
483,4.3784856710309
50,4.377364099598603
12,4.358603185468989
64,4.344754723541335
603,4.338570542395867
357,4.313406108348804
515,4.295198153332373
