item_id,predicted_score
483,5.082742629311604
14,5.038898725538065
515,4.966170147173639
178,4.8623339539316
641,4.831655518424507
606,4.8276727562867405
246,4.7319351928707265
320,4.7285803107126
100,4.72073852799823
134,4.720337736078058
