item_id,predicted_score
408,5.274729879397246
114,5.258568305953949
483,5.217425238891039
187,5.198346772091794
357,5.197568082196031
479,5.148843829548341
134,5.137054564949854
1449,5.127594094095756
474,5.106751609900099
127,5.099897604661079
