item_id,predicted_score
408,4.589892748717317
169,4.5878177042848725
64,4.544638989280544
483,4.503207764906052
318,4.499514222755398
357,4.472457660514858
603,4.4719972106867685
12,4.454087697839407
50,4.434134260532787
127,4.4331500003595155
