item_id,predicted_score
408,4.505792285943479
169,4.430766355261028
64,4.3646626460851445
603,4.357519387885302
515,4.310344387036854
480,4.308601592231323
178,4.289041853892739
272,4.286828621879489
513,4.276647726270115
427,4.249108520402941
