item_id,predicted_score
408,4.687158593596892
169,4.685907080008301
64,4.630534449749246
483,4.5907850601425935
318,4.5886034563081095
357,4.565444652269087
603,4.556335835574019
12,4.543556630491521
127,4.521540313500786
50,4.519129315640844
