item_id,predicted_score
1449,4.432649085693302
114,4.411206931213798
272,4.306181772933084
166,4.291140158783536
528,4.270791908496443
136,4.254687370521399
529,4.194714229118533
489,4.148503580105138
57,4.143593220457676
45,4.137151118324896
