item_id,predicted_score
408,4.1317941303172026
169,4.052301917691582
50,4.01798159615067
483,4.015765179818804
603,3.978090498638719
357,3.95402017732676
515,3.932782158632968
480,3.9270673520270236
272,3.9119199210431326
513,3.9055463003797244
