item_id,predicted_score
408,4.605310824442465
318,4.535882793252233
169,4.528748261006779
50,4.490030796733494
483,4.487465699103809
12,4.468308339835529
64,4.456619183428518
603,4.453581451303335
357,4.425839155904191
515,4.407080998182361
