item_id,predicted_score
169,4.653027926570889
12,4.594035657825084
64,4.582350429252186
603,4.577477062735328
357,4.550941972708272
480,4.523994417514522
178,4.509004491915766
272,4.503372953556675
513,4.496828401488738
114,4.4547652647124725
