item_id,predicted_score
408,4.002775935507166
318,3.9388084007772246
169,3.930417894611869
50,3.8938324545704055
483,3.8934157412688064
12,3.8797216857014196
64,3.866043708782368
603,3.857869738042587
357,3.8358862077108378
480,3.8115420057324747
