item_id,predicted_score
408,4.28729320591576
318,4.207651228657028
169,4.2040679675802854
483,4.161165401190044
12,4.141611413749099
64,4.131116986913136
603,4.125842120406125
515,4.083282011661078
480,4.068740047358986
272,4.055520152362092
