item_id,predicted_score
408,4.745319512579732
169,4.733930815491083
64,4.674386850842328
318,4.638897881535168
483,4.637307913125716
357,4.615373907520568
603,4.60195253034072
12,4.594684135702734
127,4.568214099430086
50,4.565213270633538
