item_id,predicted_score
923,4.484167048317634
483,4.4728405224475045
1449,4.453267698046764
659,4.435549918914929
272,4.385758225235087
408,4.356396325408625
963,4.339806732667203
427,4.323920001042111
169,4.3047682446473585
320,4.300182276097741
