item_id,predicted_score
191,5.049579491127108
200,4.798682070332329
748,4.7645708643582285
272,4.672641460249875
42,4.6640307944201895
56,4.648126624956596
1449,4.632306638510572
12,4.618247795398221
519,4.5952223691547776
1142,4.580875842583681
