item_id,predicted_score
408,5.060147673737006
320,4.885055631863117
180,4.848028121722807
269,4.7660990810834365
175,4.733682036124364
178,4.701306089460086
183,4.684285589948812
478,4.676004271592847
272,4.6533729055848525
9,4.650735481358657
