item_id,predicted_score
408,4.631619040871956
318,4.554275251479962
169,4.55369857920542
50,4.509534029226924
483,4.505171588678333
12,4.484666793122901
603,4.475571830312978
357,4.4419297386665395
480,4.412750849633234
178,4.404117174013488
