item_id,predicted_score
408,4.922407588603677
318,4.855886215243351
169,4.847008729151838
483,4.809305690233601
50,4.808757573521629
64,4.778602470048495
603,4.7721307961529735
515,4.725529285245316
480,4.7199260081834495
174,4.71312120459084
