item_id,predicted_score
169,4.468756035232282
114,4.423887742462662
1449,4.40417229521193
190,4.398217146759819
173,4.379547228508585
12,4.356557958866291
64,4.345254299441168
483,4.3376387958957165
98,4.327984058415883
603,4.282979213847977
