item_id,predicted_score
169,4.158722729566822
408,4.154718087710297
64,4.093253324691324
483,4.058137566758518
318,4.052503856217033
357,4.036063958286129
603,4.021624893653785
12,4.017615534992468
127,3.9929153474190953
50,3.9866450989270645
