item_id,predicted_score
408,5.125739280114126
114,5.04112372129644
169,5.031563416817294
272,5.012735569748306
1449,4.994900208638199
357,4.946551900998943
657,4.938484264313708
318,4.937289785122198
479,4.925803265867459
515,4.910087614627382
