item_id,predicted_score
408,4.415966940972916
169,4.414376848990818
64,4.361665117397289
483,4.321655136651431
318,4.319649928161592
357,4.294594177434512
603,4.287882094333007
12,4.274209089366602
127,4.252116475876643
50,4.250771668613813
