item_id,predicted_score
1142,4.667590457624858
272,4.591972413760906
963,4.560906371162681
1449,4.5309804542807255
79,4.520030079245325
435,4.506071944367964
511,4.488893285292561
114,4.48288245206757
194,4.451472968603497
479,4.449792252250388
