item_id,predicted_score
169,4.036360635336717
408,4.029914325603068
64,3.975088312809321
483,3.93818608623503
318,3.932745736897974
357,3.9138849211402227
603,3.9025022382317434
12,3.894266335300109
127,3.871673708896791
50,3.86680111160592
