item_id,predicted_score
313,4.26348069697046
169,4.163078338918507
83,4.073049843207227
174,4.007488616446721
316,3.9913884980027468
692,3.9688273430210543
496,3.9421360684108175
603,3.941433961367471
641,3.918222368179281
966,3.9117888619214822
