item_id,predicted_score
169,4.299925785350949
408,4.292853789125709
64,4.231031246544603
483,4.1944406158031
318,4.190127268572688
357,4.172568719119237
603,4.1566747982805765
12,4.151302693880596
127,4.128206501881046
50,4.121662175699337
