item_id,predicted_score
408,3.954357671879598
169,3.882094230420763
12,3.8264988595884044
64,3.8140439230514223
603,3.8077637811019014
480,3.7580110724215365
272,3.731699575663736
513,3.7210640029178275
427,3.6995864153946534
114,3.687454276275532
