item_id,predicted_score
408,4.140264191418206
318,4.084678306030589
169,4.075210508280038
50,4.032853816501427
483,4.0314270658945555
12,4.0113774905422215
603,4.001681266681218
64,3.9983913927741797
357,3.9711364685560286
515,3.951035243216653
