item_id,predicted_score
169,4.444586235755918
408,4.430678926746654
64,4.37569199409123
483,4.337122940633322
318,4.3358133147818565
357,4.3141208674823215
603,4.2985821543637455
12,4.287617927553451
127,4.268168157225168
50,4.26248780888156
