item_id,predicted_score
276,6.088226099733257
192,6.061228049816526
866,5.890956725295997
483,5.755296113519751
189,5.672736446411653
242,5.601879154599223
15,5.594712959733831
300,5.438807770538991
265,5.388071725622005
315,5.337707736057955
