item_id,predicted_score
169,4.820925102499728
408,4.814004943823965
64,4.76049891392778
483,4.720609153800361
318,4.7183294911987135
357,4.69389474647662
603,4.684581593616271
12,4.672388139112617
127,4.6515863569278055
50,4.648627446099134
