item_id,predicted_score
318,4.362929285811017
483,4.312243233142755
12,4.296131195037289
64,4.284376906965473
603,4.280440426191708
357,4.253145295402196
515,4.232400828899442
480,4.227513837223479
174,4.219913546513124
178,4.216137943244239
