item_id,predicted_score
190,4.753289486318811
169,4.692640245920136
135,4.474935875584979
154,4.452930664191502
313,4.418309932968749
408,4.400135019132319
286,4.395886697295932
222,4.361747562381564
603,4.350595714668116
208,4.335093901062298
