item_id,predicted_score
357,4.248901170547263
98,4.227283660232817
318,4.182232448616897
127,4.105163882371765
427,4.103834023536821
169,4.090586535980349
1449,4.005555530475201
114,3.9928249206322173
190,3.978969801118113
97,3.964109613632008
