item_id,predicted_score
408,4.581264281568588
318,4.546131520251672
169,4.520745155755998
50,4.488186572029308
483,4.482772713596035
12,4.466910881218982
64,4.45643245083994
603,4.451219311271628
357,4.427064285005431
480,4.41198561555434
