item_id,predicted_score
408,4.558962430836303
169,4.547703913844774
64,4.482636302869141
483,4.444581193588665
318,4.4422310255818855
357,4.424380558404408
603,4.408198053458535
12,4.40431386038045
127,4.377676326729552
50,4.372496306862213
