item_id,predicted_score
100,5.633707433484222
286,5.088967629664449
475,4.742377976349122
474,4.709331957734064
169,4.6990035624663875
313,4.670057895847294
170,4.668414383633047
357,4.663736705927687
480,4.655812984894996
527,4.617012555416924
