item_id,predicted_score
185,4.757021407630866
488,4.740924640362088
320,4.697766802303642
178,4.691509113072933
135,4.686109403962332
474,4.596984490840622
199,4.559701570092813
60,4.53596505495267
511,4.507819388881545
205,4.501371283254223
