item_id,predicted_score
408,3.73994162864714
318,3.6675974632409307
169,3.661540823553124
50,3.6218310511653797
483,3.619733014541539
12,3.601765986459166
64,3.590532605716092
603,3.5849321240492467
357,3.5580785232366625
515,3.5402802590560625
