item_id,predicted_score
408,4.576462484728938
318,4.506247028701817
169,4.500577958973366
483,4.459663560572935
12,4.441861432175185
64,4.429000920525529
603,4.424561023949951
357,4.398389733347007
480,4.36850544540221
174,4.365839043130457
