item_id,predicted_score
328,5.2599697970774955
313,5.218728260122882
302,5.126709229016537
748,4.8819323897114035
12,4.85351698780885
742,4.824025832855053
301,4.812978798729941
488,4.703034393626658
516,4.667739805481747
641,4.657089458841116
