item_id,predicted_score
408,4.1972615393216905
169,4.1950594680770426
64,4.1351177816223075
318,4.096179410001651
483,4.095227129601461
357,4.072370586613645
603,4.059251466008223
12,4.046564045162923
127,4.024748282615586
50,4.0215850394581905
