item_id,predicted_score
408,4.7577421411138445
169,4.681163761090732
272,4.532630762933884
114,4.478965783159036
251,4.391977777629492
223,4.3743043942477495
1142,4.366887735110117
165,4.327094225655383
166,4.323788347637653
656,4.306560427121511
