item_id,predicted_score
923,5.149796224565088
269,5.060908817978349
12,5.00512843094913
272,4.9938189220610765
179,4.993547992399547
515,4.98175107485028
919,4.952983275208963
529,4.939349933567833
1449,4.930348737215652
921,4.923480494253098
