item_id,predicted_score
408,4.756637609493142
318,4.69178094849174
169,4.679493328691144
50,4.643755894017974
483,4.6411779161106566
12,4.624254033818008
64,4.613042025937656
603,4.604520243080211
357,4.5808246660085565
515,4.560140192516439
