item_id,predicted_score
83,4.848459320989327
432,4.636288176778597
265,4.566820667327755
234,4.565935806416954
98,4.546749795710036
316,4.5268154177593285
190,4.523545296907695
526,4.48140039270042
169,4.453571271777617
520,4.449623455115876
