item_id,predicted_score
408,4.062232402584349
318,3.9960310723631713
169,3.9907350282725704
50,3.949593068333546
483,3.944617291991756
12,3.92519708625376
603,3.9162573290665317
64,3.9150268082964788
357,3.8839181048524027
515,3.8672256717935363
