item_id,predicted_score
408,5.40055977056124
479,5.265279426636704
484,5.226058497664715
1449,5.100216862313992
199,5.063692286800169
269,5.012122779595584
246,4.9953928066294395
100,4.980468009701106
478,4.96409453608256
223,4.960537024532031
