item_id,predicted_score
50,4.987608565072536
318,4.96136636318529
181,4.915255194930393
483,4.807826551189414
172,4.778976780541593
169,4.7459496779613835
64,4.716742903074441
963,4.694288835139223
174,4.6820805204599525
408,4.639004993051993
