item_id,predicted_score
408,4.296799451306569
318,4.222178185360172
169,4.215598459821823
50,4.176614206799555
483,4.174797666208054
12,4.155357398884509
64,4.143923238152229
603,4.138410623433763
357,4.11177781353678
515,4.095161389345406
