item_id,predicted_score
169,4.775965051477873
427,4.773148317078461
510,4.767604718449833
496,4.70814232978296
511,4.681344257487743
1063,4.679003020430453
272,4.653659589345186
269,4.65206050958198
197,4.644275124013593
64,4.631681558155168
