item_id,predicted_score
169,4.8978175576222975
408,4.8793957374412855
64,4.835091361566404
483,4.79601618761538
318,4.794844821252744
357,4.767776204081608
603,4.7588768967613015
12,4.744679523018016
127,4.726252487598751
50,4.723168679245959
