item_id,predicted_score
169,4.440132805957283
408,4.435889854335561
64,4.3795119460816245
483,4.342488508961665
318,4.339048904605636
357,4.3178805861907525
603,4.306828888413693
12,4.298113012652302
127,4.2750747980959565
50,4.270980485624684
