item_id,predicted_score
408,4.745562404822147
318,4.675892706265414
169,4.670193938226364
64,4.597124167627589
480,4.53816696611058
178,4.524300433770453
272,4.5195093788186105
427,4.485604430203812
657,4.476881613839439
114,4.471964506738208
