item_id,predicted_score
408,4.505787166992474
318,4.441924628550188
169,4.433531254033425
50,4.393981242785808
483,4.392126255102285
12,4.375068223640939
64,4.363069228945117
603,4.358945994489968
357,4.3323220994624165
515,4.311301063824844
