item_id,predicted_score
169,4.981892830684925
173,4.965520792772476
127,4.899477179638289
408,4.896190080236744
187,4.845449465887452
318,4.83242709664388
114,4.825254918762617
12,4.821621128045083
64,4.752376714443746
174,4.704721992458211
