item_id,predicted_score
357,4.572742259254074
427,4.561898653981194
197,4.5376055754274285
480,4.5347405652304005
474,4.499498857620078
205,4.416685472484322
483,4.4143767633790585
191,4.405555108456379
174,4.377208675121544
408,4.351366496533118
