item_id,predicted_score
408,4.668691542737785
318,4.592785380768672
169,4.592672847264457
12,4.529396944845464
64,4.518767931151049
357,4.485850930761502
272,4.440485871711966
114,4.387925698222525
488,4.383402211991394
285,4.383289406563727
