item_id,predicted_score
169,4.370850752275882
408,4.363251441027066
64,4.307815156928824
483,4.269004089340336
318,4.26258631630771
357,4.242817086608409
603,4.232851821540891
12,4.224883297066886
127,4.202728995657745
50,4.198208702756999
