item_id,predicted_score
408,4.408939246928391
318,4.345723417013076
169,4.335933903234672
50,4.298192150981544
483,4.2935698208286075
12,4.27529022163331
64,4.264908277114835
603,4.26199684045123
357,4.2334667856047385
515,4.214485965435476
