item_id,predicted_score
169,4.709672658526781
408,4.705205435798203
64,4.659002844133741
483,4.620185228358541
318,4.6189134475492555
357,4.589759930075511
603,4.5867349706827385
12,4.572142092641759
127,4.550367858770284
50,4.5503317000488925
