item_id,predicted_score
408,4.440254968162147
318,4.367268730323977
169,4.3631304138409535
50,4.3222853538451345
483,4.31985517283929
12,4.30208387784859
64,4.290975382751077
603,4.286718621119844
357,4.258544788659752
515,4.240838394293345
