item_id,predicted_score
408,4.788055587315608
318,4.718324584692751
169,4.714438120945679
50,4.6732876449351055
483,4.669579199544875
12,4.652493709371047
64,4.641944162458175
603,4.639215465354433
357,4.609559842201525
515,4.591160823372499
