item_id,predicted_score
272,5.010004054848545
180,5.006423084853639
357,4.7706994522471255
318,4.738742700666158
1449,4.644787752751312
187,4.593879872077357
203,4.590551534471919
659,4.58174382357322
205,4.5740882165691295
515,4.564443737091591
