item_id,predicted_score
483,4.863229844679848
174,4.811731013034779
64,4.797039838368392
474,4.778946042862755
427,4.702946312011285
50,4.688818406911166
515,4.676750862492886
963,4.673248214435277
22,4.662179553760585
56,4.659189059075654
