item_id,predicted_score
169,4.51847445146194
408,4.518420268405082
64,4.459741370259039
483,4.419414937726006
318,4.41586998497012
357,4.393287123053539
603,4.384212554575429
12,4.37355407411408
127,4.351159468993844
50,4.348300513433466
