item_id,predicted_score
169,4.077340288521918
408,4.054740010473538
64,4.006547558500709
483,3.9676167093946053
318,3.966372393043429
357,3.9418492605438225
603,3.9282537983476518
12,3.916189732041081
127,3.8984032783735136
50,3.893121311540516
