item_id,predicted_score
408,3.770456754711579
169,3.6971030753212992
318,3.6946790014929425
50,3.6503258782308805
483,3.6493773893039485
12,3.6354179624474336
64,3.624361463463704
603,3.619148997331637
357,3.590038167245079
515,3.5719077824116754
