item_id,predicted_score
408,3.7889564866875283
318,3.7385247982467353
169,3.720199160110316
483,3.6847282525666945
64,3.6573843460142403
603,3.648412774964788
357,3.6275175950448575
480,3.607043527529667
515,3.6005623856924176
178,3.5860115777103596
