item_id,predicted_score
408,4.84077540001659
318,4.763542748575156
169,4.75599723980591
50,4.719785218482732
64,4.685754992437799
603,4.679438290586388
515,4.636454736362142
174,4.623799881814496
480,4.62377170826742
272,4.613834877187112
