item_id,predicted_score
408,4.187429755085782
169,4.1832663741546225
64,4.127129012351967
483,4.088820283150172
318,4.087008634244943
357,4.06534474543462
603,4.05432933880103
12,4.043398965257352
127,4.020025927776209
50,4.016951629801054
