item_id,predicted_score
408,4.604827802454178
320,4.528567627415816
483,4.512828705325021
89,4.478874833818789
513,4.411960822472981
191,4.368614142314911
318,4.3559865510324
251,4.343080170977934
641,4.340419556794343
1449,4.339581249980144
