item_id,predicted_score
408,3.87037353410131
318,3.811711053250284
169,3.805037890870505
50,3.764569631235822
483,3.760018885176946
12,3.7456369144655377
64,3.735043836571741
603,3.7327181597418044
357,3.703484336275216
480,3.682765282918659
