item_id,predicted_score
302,5.22968674533896
7,5.128173687634932
515,5.009411981049073
269,4.984444884451035
272,4.864708230487926
205,4.778541569085488
317,4.775539111482168
923,4.7556480281875775
357,4.705131303824668
251,4.618234826395493
