item_id,predicted_score
408,4.479134887078748
169,4.474690348686873
64,4.420151867146247
483,4.3810517722947715
318,4.378683666125984
357,4.355876634069535
603,4.347017291131137
12,4.335648329818221
127,4.3122893895291385
50,4.31000879051665
