item_id,predicted_score
169,4.681582996481732
408,4.681545581758892
64,4.622460535572113
483,4.583089337680603
318,4.581247178559914
357,4.55945782823797
603,4.547601133718564
12,4.53588313419232
127,4.514001866554075
50,4.510452732931254
