item_id,predicted_score
408,4.081980771207177
169,4.020603540845719
318,4.010405739597793
50,3.969030116033641
483,3.9632296082541787
12,3.9481627720039056
603,3.946326034758646
64,3.93872632291648
357,3.9062560724248523
515,3.889168466263122
