item_id,predicted_score
169,4.073939772846515
408,4.067515377075919
64,4.018442901678792
318,3.980796357147007
483,3.9802867815673575
357,3.9505400318867707
603,3.9453800121366647
12,3.9324061703999815
127,3.9102683923984087
50,3.909631881208875
