item_id,predicted_score
408,5.064930360492919
320,4.905442150794627
242,4.80519816043605
657,4.800052282842422
169,4.79761979142312
199,4.776023728210093
478,4.769397902341205
1449,4.768029419834343
114,4.765426713067504
966,4.729321961476225
