item_id,predicted_score
156,4.65980121962779
114,4.624825123366728
515,4.49870074752969
190,4.493210010254348
1142,4.446347221308993
126,4.427968583356524
1449,4.412517758934831
963,4.4052825585600885
203,4.351237829451062
22,4.334479991870588
