item_id,predicted_score
169,5.239558256412292
9,5.2315532389148816
96,5.206790823455749
408,5.139205721440323
79,5.054466379316759
98,5.007194060361114
659,4.982153021404358
1449,4.9455629577681925
124,4.927566831794256
603,4.926487612728408
