item_id,predicted_score
169,4.373011393131358
408,4.359680663318896
64,4.31508651925374
483,4.277026966637753
318,4.274315557688784
357,4.245301292884098
603,4.24164519346262
12,4.230277346183049
127,4.208706679950868
50,4.207427853357731
