item_id,predicted_score
169,4.629710389072922
408,4.622550960663447
64,4.568342810052369
483,4.5311812968429335
318,4.527303253612623
357,4.505047863137404
603,4.495286264594233
12,4.486824906127567
127,4.464017454534084
50,4.460172188615119
