item_id,predicted_score
483,4.665767499489039
98,4.655536526951226
511,4.620414624167303
64,4.489077247371707
197,4.4845298703955825
318,4.48329470848698
514,4.456787432310497
427,4.452543649337266
750,4.40380140635908
480,4.39850403878209
