item_id,predicted_score
408,4.385432216860256
318,4.315094783057382
169,4.307562328194544
50,4.266905237950277
483,4.262631886437344
12,4.243163434311489
64,4.233980563879583
603,4.229956771505736
357,4.200173251997541
515,4.187038418691372
