item_id,predicted_score
318,3.9178345673455994
169,3.908573462636022
483,3.86763109643838
64,3.838911433182006
603,3.833714276091008
357,3.807070295819751
515,3.787677602050658
272,3.761834985994449
513,3.7540570242686404
427,3.727395768306663
