item_id,predicted_score
169,4.4264987378560114
408,4.39229963442963
1449,4.353326622826656
83,4.300269352759216
657,4.299397772013233
320,4.29786278619985
513,4.293992098184065
641,4.292377583281908
64,4.290023307006674
199,4.2652537365070105
