item_id,predicted_score
169,4.380237884334041
408,4.37745851897717
64,4.318118081785448
483,4.279959845754539
318,4.27677754598255
357,4.254493183933882
603,4.243901588123503
12,4.235910800095867
127,4.212493224471042
50,4.208758963398046
