item_id,predicted_score
169,3.7724403597855054
408,3.7678868393481117
64,3.7101158048522684
483,3.6721976801739835
318,3.6691148658999233
357,3.6471537522415374
603,3.636005395163401
12,3.627388478545446
127,3.6045696755884697
50,3.6005562388262207
