item_id,predicted_score
169,4.855547871591721
408,4.835259089377331
64,4.793238644465122
483,4.755307779547964
318,4.7472310068031724
357,4.721825031443495
603,4.719212313077024
12,4.7116299787247415
127,4.6900412662266175
50,4.6873070933792444
