item_id,predicted_score
14,5.739327461692055
347,5.708051409628381
340,5.0934562068356595
427,5.005512326795656
510,4.842070836915801
86,4.814719947976476
371,4.796333854074029
320,4.73649253704292
242,4.703674560573932
305,4.700348855490619
