item_id,predicted_score
408,4.403280647616743
204,4.194593784993577
514,4.1936005032743875
211,4.137414266964649
474,4.099766111688954
1449,4.049062101389977
169,4.042664738882001
116,4.038050489528086
193,4.007552184199193
419,4.001517421935876
