item_id,predicted_score
408,4.657618318701546
169,4.580577873374971
483,4.536077416008527
603,4.50488931307862
357,4.47395478593272
515,4.45743595425037
480,4.444882194130395
272,4.431700119078013
178,4.429706646296
513,4.429460018984836
