item_id,predicted_score
64,4.822194416467815
22,4.7815135952272545
12,4.737814945878811
318,4.719316063017799
357,4.710301330043078
114,4.64713745674334
302,4.630626377068771
480,4.609264608368337
28,4.590467470449116
87,4.523908953114611
