item_id,predicted_score
483,5.191726085634545
64,5.18965018440244
302,5.1754108404456485
22,5.161845248411262
1449,5.119627530197053
515,5.113452423051017
316,5.0625570215113
963,5.0539629556378625
966,5.045197098708245
143,5.035491508928812
