item_id,predicted_score
408,4.493780568432155
169,4.413036461100978
483,4.3713924853381565
603,4.336534713794721
357,4.308584326859184
515,4.291095788844245
174,4.279297165934097
480,4.278313896806381
272,4.26589103863159
513,4.262474353560955
