item_id,predicted_score
64,4.862258152701475
313,4.659724230046119
169,4.438327921639201
12,4.428049750177619
143,4.401152569230275
318,4.334341208704411
480,4.255653628892842
408,4.230790384126326
294,4.220115352103765
173,4.187695019384812
