item_id,predicted_score
408,4.2589872467892285
169,4.253997937284366
64,4.199756561318708
483,4.164129965860959
318,4.159882405660587
357,4.143158207141369
603,4.130566675665206
12,4.121300450109524
127,4.09696375994794
50,4.09247764333576
