item_id,predicted_score
408,4.594150331645555
318,4.515205236694751
169,4.510645511858998
483,4.465273098067764
12,4.444346793191839
64,4.435113518168189
603,4.430559662574831
357,4.400459581275959
515,4.390609302059375
480,4.371424553999068
