item_id,predicted_score
408,4.555628791082864
169,4.479509926278829
50,4.441379127335649
483,4.438933960441637
64,4.409731915324527
603,4.404195712557584
357,4.378078709409937
515,4.358643496696349
480,4.35229462553036
178,4.335500749091408
