item_id,predicted_score
408,4.580475315073829
190,4.559170977779093
169,4.551200585363196
1449,4.545484993030811
173,4.502340171720699
178,4.4264734703762105
83,4.406444142684271
657,4.405011967985673
524,4.404348977633253
923,4.401747114246093
