item_id,predicted_score
134,5.078059576655731
133,5.0763687525089
64,5.036513919654456
357,4.990831668459208
613,4.974949728258304
604,4.971083914264023
530,4.961467417437579
651,4.960171493930577
96,4.942820077287726
197,4.934259328046884
