item_id,predicted_score
408,4.670520725259543
318,4.604165924117489
169,4.59796357568394
483,4.554319058912313
12,4.536736336844138
64,4.525542498898454
603,4.522928304257179
357,4.494144823677301
515,4.475124125196252
480,4.467900040504378
