item_id,predicted_score
285,5.630475787539331
408,5.474827803525329
50,5.26884079564687
919,5.196536565048137
169,5.15070795174764
427,5.093216125638232
275,5.014157679317937
172,4.983214679357535
474,4.96728396854272
923,4.959031557131255
