item_id,predicted_score
169,4.681876776773015
64,4.541029606176013
462,4.48598821151484
12,4.469886059757977
190,4.461293925109785
483,4.448423346848445
408,4.446679848918431
515,4.412258587353455
173,4.394489686187501
520,4.365364186876301
