item_id,predicted_score
127,5.0841521491538355
172,5.079131456724147
50,4.968730857780907
318,4.9030797181470795
357,4.895594597303368
205,4.752615467030156
408,4.737482057657067
12,4.725113617219214
181,4.707317050913324
185,4.7001205360362075
