item_id,predicted_score
64,5.061560321925092
313,5.041737925762186
22,4.92966536614642
161,4.9139618174598985
121,4.888882904484744
79,4.832162706016637
174,4.82273747865295
385,4.7873578228145535
181,4.779798072903057
265,4.776316290249532
