item_id,predicted_score
408,4.568968895614041
318,4.498395401863416
169,4.486249866242096
483,4.453863661566576
50,4.451308490516219
12,4.438851353721873
64,4.424677887171073
603,4.409643040095667
357,4.392875965878421
515,4.368154016199967
