item_id,predicted_score
408,4.080190451404041
169,4.069772632312844
64,4.016753903048561
483,3.9768177256216384
318,3.9734025487734796
357,3.9548331626518856
603,3.9434049875262405
12,3.9313219985277543
127,3.9080984858799006
50,3.904913529894333
