item_id,predicted_score
169,4.185838619835821
408,4.1798966309233885
64,4.124900927781757
483,4.084318691396108
318,4.083898886282718
357,4.056123810385466
603,4.0479764609364715
12,4.0357001933940175
127,4.014499383877524
50,4.012568350769331
