item_id,predicted_score
169,4.587055381236082
408,4.577353098325006
64,4.5205419842950185
483,4.4832149269432
318,4.480562109639224
357,4.458056050844269
603,4.445754196744546
12,4.4381472006666876
127,4.41576927343953
50,4.4110649276940554
