item_id,predicted_score
42,4.592095376879573
59,4.514404219842275
408,4.491062753670073
169,4.418230231687358
178,4.3619190247793735
493,4.355946000403422
205,4.3504254180290785
56,4.316934699224383
474,4.30242206070899
197,4.289512567079159
