item_id,predicted_score
64,4.959243837255223
169,4.782569357517099
318,4.7734959287535945
496,4.738762118321871
132,4.699318965046171
633,4.6867749281067175
657,4.662914800453189
285,4.662662212889642
98,4.650824151344655
357,4.643306259731335
