item_id,predicted_score
169,3.384853609200465
408,3.373185701027246
64,3.320799706653994
483,3.284620575664512
318,3.2799539492640006
357,3.2580110295945945
603,3.248037821743357
12,3.241120010755159
127,3.2182868395338815
50,3.213809775632488
