item_id,predicted_score
96,4.395252886315051
11,4.331933368222266
313,4.2872661008004735
173,4.252279362293172
318,4.157625622657627
15,4.154091646667704
117,4.137312642895473
144,4.127046557682981
924,4.092959961298775
192,4.054219333054627
