item_id,predicted_score
9,4.680953651437256
357,4.633184204182839
1449,4.613991190242863
124,4.578016680979915
515,4.570777548160777
199,4.5656794898403055
647,4.485920641985151
474,4.4713206884352505
694,4.46977816272404
178,4.456763604372477
