item_id,predicted_score
408,4.65276908383896
169,4.575212949698312
50,4.540169419756914
483,4.538219266518425
64,4.510487116207498
603,4.500991211578769
357,4.478607290322032
515,4.455288057552562
480,4.455248647835058
174,4.444061190943388
