item_id,predicted_score
408,4.431326558793575
318,4.364541249423316
169,4.359475044345083
483,4.31581333908997
12,4.299009893178661
64,4.287375703944309
603,4.284530845897674
357,4.256113957252791
515,4.236015646100857
178,4.2154715437371895
