item_id,predicted_score
169,4.092867033734356
408,4.091936324283035
64,4.033009356262479
318,3.996121524865216
483,3.995309565819767
357,3.9722481651875703
603,3.9594002346841966
12,3.9478257125838847
127,3.9254468001046066
50,3.9220302076927624
