item_id,predicted_score
318,4.0818466735605865
50,4.033460607186903
483,4.029015389285804
12,4.015581662973322
64,4.005656806033982
603,4.003257853270347
357,3.972882874268154
480,3.952763216440308
515,3.9515833284327724
174,3.9407274976022695
