item_id,predicted_score
408,4.83971720361106
169,4.839454868610879
64,4.7793287543566
483,4.74191279044574
318,4.7405281110396125
357,4.718265930752339
603,4.7062828103001175
12,4.697074584406861
127,4.673510190793712
50,4.669840118659586
