item_id,predicted_score
302,4.246038764020022
408,4.206502708575548
64,4.19762023153872
313,4.172010786150908
480,4.16082036873244
12,4.148903201692405
169,4.147020237906984
483,4.128335646618452
199,4.032501116350418
1449,4.003636870157719
