item_id,predicted_score
169,4.423880578582134
192,4.40313425893682
50,4.40274106374959
127,4.334322856662762
187,4.319187811696865
144,4.308162931766227
190,4.285628101221027
174,4.254115321130538
195,4.251308168955672
1449,4.238018735158134
