item_id,predicted_score
286,4.783023832555424
320,4.6951396810556
408,4.6655828657306015
133,4.546167744676253
513,4.422898302842872
191,4.399811220819323
641,4.399096148139193
483,4.392275157090825
190,4.381044276548134
1449,4.376560291919238
