item_id,predicted_score
408,4.8690311619903905
169,4.857699749751897
64,4.805974785733793
318,4.769731018191896
483,4.76900378756128
357,4.747107045470881
603,4.735687069838105
12,4.724045932815104
127,4.69917498100271
50,4.696910006428014
