item_id,predicted_score
408,4.05434898574362
318,3.985040166915476
169,3.977127015846963
12,3.9179698729554797
64,3.906960718331636
178,3.831818556548679
513,3.821464222357785
114,3.7738473429542956
285,3.7712410530109213
488,3.7695213212626535
