item_id,predicted_score
318,4.4464646861645845
169,4.4428951660134866
483,4.398051016399663
12,4.378469908059316
64,4.368369760583018
603,4.366763716355423
357,4.335913393326537
480,4.308640484283168
174,4.308493876596193
272,4.294425969223051
