item_id,predicted_score
408,4.586243396659634
169,4.584378420869668
64,4.534651740489655
483,4.497742053859851
318,4.494196644568333
357,4.469278956940428
603,4.465166137798874
12,4.4544646569930855
127,4.429928127265789
50,4.428962287791861
