item_id,predicted_score
169,3.9425300654143536
408,3.920787434368361
64,3.8733219260204654
483,3.8330643509944538
318,3.827662324385368
357,3.8050626820291487
603,3.7945742176661303
12,3.783877434486177
127,3.7656412846322116
50,3.7606122722871005
