item_id,predicted_score
181,5.152860686070705
22,5.056943753461319
239,4.696601289641838
732,4.6688759533809625
199,4.6232952368632
169,4.614003505693674
431,4.592185812127081
204,4.589265617048101
114,4.588380894659918
125,4.573808026017801
