item_id,predicted_score
98,4.7309433042675675
64,4.705007765214872
174,4.683016343967861
169,4.643100947552037
496,4.542200017575981
483,4.541829552461616
172,4.53323075304594
1449,4.523499536787666
427,4.486657416130604
963,4.472405285650705
