item_id,predicted_score
408,4.300879893953769
169,4.214394321624732
50,4.1827043086033
12,4.162877052964244
603,4.1385372998767345
515,4.097722262266201
480,4.091373877914457
272,4.0779017031425475
513,4.070457198383646
178,4.066670960685261
