item_id,predicted_score
302,4.655292998030809
483,4.628945766779788
50,4.479734524372388
963,4.45268802736702
1449,4.436881714161372
515,4.433296081414052
318,4.42080842088709
185,4.418639472690949
427,4.406675296321314
316,4.395737211801143
