item_id,predicted_score
408,4.522077437068473
318,4.448586308283303
483,4.402165744883052
357,4.340775955096299
515,4.322341894601353
272,4.2944911620158654
513,4.288458351846966
427,4.259334085098668
657,4.249471162975277
114,4.243909467332102
