item_id,predicted_score
169,4.214421320217883
408,4.1960178803532076
64,4.14538792875421
483,4.106236318102657
318,4.1029212425866906
357,4.074698338664536
603,4.067865952133058
12,4.060485136469917
127,4.039012447000806
50,4.035958462715794
