item_id,predicted_score
190,4.917891532794657
87,4.573427474159288
129,4.5580852592735415
276,4.525250768667323
251,4.461122240668245
515,4.377832710895469
114,4.331369876315954
1449,4.328629247831313
15,4.321797339121113
8,4.308826822250156
