item_id,predicted_score
169,4.482697617293906
408,4.470895285811421
64,4.42406533567623
483,4.382638778980122
318,4.376898369652738
357,4.349397897377312
603,4.347290612052799
12,4.335936203198135
127,4.315077626600626
50,4.313914087345621
