item_id,predicted_score
408,4.475287098210843
169,4.413438307772658
318,4.406634532909156
50,4.361412684549087
483,4.356761666367545
603,4.3385622933588
12,4.335180363041364
64,4.324400906189036
357,4.295841722802901
515,4.282728100763484
