item_id,predicted_score
169,4.726082351140294
408,4.7180010411158015
64,4.660719018728267
483,4.622814541957828
318,4.620233448434895
357,4.596346115914048
603,4.585691829113073
12,4.578138868716174
127,4.555296994769621
50,4.551382255991661
