item_id,predicted_score
408,4.302498890846065
318,4.235293208563735
169,4.226306265334767
50,4.1873298029611
483,4.185697957661919
12,4.168286846144624
64,4.156697168524559
603,4.150304059922798
357,4.124783079442451
515,4.1055031849736565
