item_id,predicted_score
408,4.536735004695939
169,4.514540869208826
64,4.465735674199956
483,4.424246643759134
318,4.418809938339069
357,4.398186652380776
603,4.392623298948194
12,4.384367010258915
127,4.357062014137798
50,4.356260936183127
