item_id,predicted_score
124,4.7833475424837
134,4.756988877568487
302,4.7215025671091055
135,4.695308810919793
165,4.674132942656931
8,4.646066544061764
269,4.633911867679127
272,4.604501633656158
475,4.585847560342409
1449,4.583289175192005
