item_id,predicted_score
121,4.349609436598528
174,4.222463933870298
96,4.14115880116834
169,4.068796335364184
966,4.021406956730702
166,3.9957739441053253
633,3.9349629458211854
588,3.9149806638571105
172,3.9129258546795964
195,3.9018961577327547
