item_id,predicted_score
169,4.5352202319139625
408,4.522636761943067
64,4.470776921056155
483,4.4328549690389245
318,4.42964953279437
357,4.406294338731034
603,4.395832974433377
12,4.3862624198041384
127,4.365097639126035
50,4.360943521989359
