item_id,predicted_score
408,4.494891335372541
318,4.445791349986816
169,4.426439768149442
50,4.388535697778392
483,4.384546324796559
12,4.3666378663324785
64,4.357134755066343
603,4.3513012499322885
357,4.324927582195378
515,4.307745596107537
