item_id,predicted_score
169,4.321200668549691
408,4.302742557946124
64,4.256741310135838
483,4.218633337084902
318,4.217857224406216
357,4.189416121956214
603,4.1811145366791775
12,4.169324396121339
127,4.149447334528464
50,4.14655615613185
