item_id,predicted_score
408,4.927302442664707
169,4.857900070750893
318,4.850049882515496
50,4.813087533568146
483,4.809768127216067
12,4.791872458396432
603,4.785518353449115
64,4.77896213621838
357,4.750471841269069
515,4.728369631706848
