item_id,predicted_score
408,4.1722917169130405
318,4.081702512444247
169,4.077074602151803
483,4.048024682163654
50,4.0461152043575215
12,4.027401846904049
64,4.01154428010925
603,4.0013971000533655
357,3.9825550190479486
515,3.958478227946278
