item_id,predicted_score
515,4.4847750169546075
480,4.4763162569267845
272,4.456113207348896
513,4.449609366629912
427,4.422580589814266
657,4.4120913530917685
479,4.40592576768862
488,4.4010769929801485
285,4.400895114365079
89,4.375674144271094
