item_id,predicted_score
408,4.9568081503397305
169,4.877419881788624
50,4.842120663032609
12,4.82607429937992
603,4.801999815694956
515,4.7583541252046455
480,4.756897301533231
178,4.733514020066032
272,4.733178683308333
513,4.719694240622409
