item_id,predicted_score
408,4.300895913908499
318,4.234546958679651
169,4.23221715140941
50,4.189770561262346
483,4.1835335124317465
12,4.165175349448211
603,4.15861671343069
64,4.155603796072337
357,4.124133890671086
515,4.106953350487344
