item_id,predicted_score
320,5.057460960633743
302,4.903210483101105
1449,4.874983980292679
246,4.846283611815281
434,4.81962192747778
408,4.812561343457928
178,4.793678881444689
488,4.790829956335749
9,4.753050194073408
192,4.713985748114292
