item_id,predicted_score
209,5.404910196830338
137,5.3346808897329545
185,5.28738990039282
313,5.287270819758624
100,5.232338336957843
258,5.216510585679154
168,5.213513421434876
483,5.204451769075271
190,5.191479075717588
169,5.179250545613178
