item_id,predicted_score
408,4.90163625104161
169,4.826868411224351
12,4.763043115550752
64,4.751466473924222
515,4.704530129994908
178,4.681408306839451
513,4.678689982401489
272,4.678202200739822
114,4.633792861352456
657,4.631674708035487
