item_id,predicted_score
408,3.6504345460599743
169,3.6449730604002855
64,3.5889236075482875
483,3.5516854623731926
318,3.5498948276394686
357,3.5275928972660693
603,3.517367162196409
12,3.5083278819606
127,3.483485673708499
50,3.4806694031192067
