item_id,predicted_score
271,5.29844186639775
512,5.198569157015541
923,5.193813708628413
9,5.155835638757928
195,5.036014230708818
235,5.020625957063983
311,5.01256298545065
97,4.993166721152589
258,4.928108820507077
171,4.9168079929133075
