item_id,predicted_score
169,4.791708661350006
1449,4.668757144157958
408,4.6334872062189705
427,4.5978492566842295
474,4.5717976366374655
488,4.545434806016557
483,4.535119060860241
185,4.534221000267607
320,4.513392893261309
479,4.491385140823289
