item_id,predicted_score
408,4.352618050130228
169,4.274715589525746
318,4.272680029512244
50,4.2308225654217635
483,4.226311608941946
12,4.207969410727767
64,4.198515975986265
603,4.197331648283686
357,4.164473915757388
515,4.150631985721572
