item_id,predicted_score
357,4.53651916632062
64,4.491442979955818
187,4.463406502235726
302,4.457233040592753
480,4.4406281655684285
169,4.376090686788712
12,4.366734604633224
318,4.352622771504331
23,4.345892014468234
427,4.318418282506131
