item_id,predicted_score
143,6.0552484466484895
603,6.029367576134057
83,6.0149280668370775
190,5.999065045791911
1449,5.955145334807234
192,5.802801204671792
169,5.802597157813031
12,5.777196240909987
515,5.776469488433963
209,5.752276607394917
