item_id,predicted_score
408,4.759410911786809
318,4.673249318900502
169,4.6723474083289105
50,4.633757319473088
483,4.633459119934548
64,4.599146901386044
357,4.568568332533973
515,4.550854396869754
174,4.539486386928339
480,4.533696741183881
