item_id,predicted_score
408,4.548900332144834
169,4.544572108134643
64,4.489313536414102
483,4.451768516032757
318,4.451587689326793
357,4.425894084777064
603,4.417429033436165
12,4.407344066686667
127,4.38269223318195
50,4.380982573709313
