item_id,predicted_score
313,4.70373755885374
496,4.663371664023447
98,4.646476279824038
64,4.5622222727866735
121,4.447788706415079
357,4.359874167599311
265,4.287662300429567
22,4.2817002115860445
190,4.210096496298243
526,4.186816639680258
