item_id,predicted_score
1449,4.697228461660935
408,4.657198019643583
169,4.656611825731728
659,4.62107641974433
173,4.59265646570063
286,4.589578269124394
318,4.561309967306995
12,4.513351814651408
190,4.50004678105393
272,4.4932182387662944
