item_id,predicted_score
169,4.501844984348301
408,4.483493552087058
64,4.427037200051423
483,4.389437207293602
318,4.379528954190271
357,4.359087915870458
12,4.350938609995186
603,4.350497688104943
127,4.326828568255786
50,4.321027516812581
