item_id,predicted_score
169,4.5222718132435205
408,4.518547883475802
64,4.460433012524821
483,4.423498664398629
318,4.423208900687089
357,4.3986912745134505
603,4.387204732611286
12,4.378078950678328
127,4.354794224510204
50,4.351361344938997
