item_id,predicted_score
408,4.338137844164112
318,4.260850903061407
169,4.2517348415860665
483,4.219838094869358
50,4.21570015510014
12,4.204894909188022
64,4.1900028545806745
603,4.173678314068452
357,4.157823885918573
515,4.13350703544756
