item_id,predicted_score
64,4.307950215202984
22,4.265294630835255
655,4.25389638727305
318,4.240291661052702
251,4.236750004995358
191,4.215212551284472
12,4.200937721744245
70,4.145906629411282
196,4.136405206441066
513,4.133914407693334
