item_id,predicted_score
127,4.2284232219204165
144,4.160915349780918
187,4.088487723305178
173,4.083726483469377
318,4.0742492426476
56,3.8878673204599075
655,3.8802760598235535
169,3.8592055499116014
97,3.8209624340543193
64,3.820598153572962
