item_id,predicted_score
127,4.681307690867555
180,4.594003513440784
195,4.542912011762371
169,4.507607946675348
114,4.436948046245684
8,4.435791464930722
313,4.425691342447581
408,4.424471388830239
521,4.403525778792397
285,4.367853389956047
