item_id,predicted_score
408,4.095828798740832
318,4.0229967160752444
169,4.022025997938363
50,3.9803642157529273
483,3.977100301641079
12,3.9614456467464056
603,3.947067363967185
357,3.917854641097611
515,3.897720191180034
480,3.89258139525732
