item_id,predicted_score
408,4.476331530135452
169,4.474969033848283
64,4.416786725446134
483,4.377972791707579
318,4.3759449045352925
357,4.35342427099822
603,4.3428658337041774
12,4.332302109929239
127,4.309317980997285
50,4.306238665777508
