item_id,predicted_score
114,4.434195521514429
169,4.353638903415027
22,4.275115299510836
316,4.135382006413001
492,4.121786672973559
357,4.088039502972439
8,4.082531151622508
250,4.0796447116678625
513,4.068384623153523
1449,4.053923855826405
