item_id,predicted_score
408,4.101628720631426
318,4.035023071589514
169,4.026561218138275
50,3.987013620173989
483,3.986170055843722
12,3.970912039193144
64,3.959083516742326
603,3.9505048039235846
357,3.926498936794676
515,3.905423524783634
