item_id,predicted_score
408,4.172277834522397
318,4.098810611574327
169,4.0899379658185895
50,4.053476644795051
483,4.051432840694269
12,4.031797354380736
64,4.020134856007459
603,4.013596772219801
357,3.9884357400085295
515,3.9704929175624812
