item_id,predicted_score
56,4.902399322905346
48,4.745917978906525
408,4.60359123852385
199,4.580106782313633
45,4.562131945601314
168,4.543420195595529
318,4.531686468789919
513,4.495945279168104
22,4.4696035183735185
1449,4.4629599935892195
