item_id,predicted_score
408,4.321791510290268
483,4.287258973788668
514,4.1655575483818685
187,4.158475644252014
657,4.075830329850638
60,4.065588707965278
654,4.063228310907903
511,4.063162467781297
251,4.051306570964701
114,4.037313830323774
