item_id,predicted_score
408,4.278310283435404
169,4.191466342042173
318,4.191418876456974
50,4.151385205544058
483,4.150126047465276
12,4.129060965262145
64,4.116936684150447
603,4.1132826450871045
357,4.085081281893165
515,4.069850825672518
