item_id,predicted_score
408,4.500520197345397
169,4.496430533960055
64,4.436566033384066
483,4.3992226561716965
318,4.395165198223067
357,4.375805885308612
603,4.364139872863017
12,4.357575205605214
127,4.3324795049675435
50,4.328355881406573
