item_id,predicted_score
169,4.121652876100392
408,4.116997801489874
64,4.0572064904744085
483,4.018615767258647
318,4.015851537520506
357,3.994534901063708
603,3.981782645777994
12,3.9730544550836355
127,3.950740635176796
50,3.946203977054704
