item_id,predicted_score
169,4.887231728742053
408,4.792367156482843
1449,4.703356775585551
56,4.653864159530232
513,4.622688960124262
474,4.60332330205672
657,4.558194016670102
318,4.548151803113188
357,4.546341304186494
114,4.536208040619647
