item_id,predicted_score
169,4.640604800814935
408,4.619953407999004
64,4.574437185163963
483,4.535118587159323
318,4.530121465268147
357,4.506516019110644
603,4.497466845286084
12,4.4864040305572255
127,4.467571965950896
50,4.463238751072847
