item_id,predicted_score
169,4.771265736693892
408,4.766730735482496
64,4.716470557107632
483,4.679347608123113
318,4.675443376841316
357,4.6526712700225685
603,4.645214232929684
12,4.634065591537178
127,4.61153367837311
50,4.60883731143638
