item_id,predicted_score
408,4.416768139676468
318,4.334664599343716
169,4.330141533858671
50,4.288084579140283
483,4.284188777885644
12,4.255131308125839
603,4.249903365160521
64,4.245169538100369
357,4.214464878771059
515,4.210118769379656
