item_id,predicted_score
408,4.565323976360124
169,4.501980295442547
318,4.501216027787219
483,4.4545518532504405
12,4.438107991716344
603,4.430457173997413
64,4.425630254046686
357,4.3971566033582965
515,4.3736585146142914
480,4.3692957261547445
