item_id,predicted_score
269,4.207336838503916
1449,3.977738993448183
257,3.928691484089536
186,3.919368811816281
195,3.8994585173672425
117,3.8624600412364245
282,3.779341205081544
97,3.745807494305755
1512,3.74083994096739
489,3.736169424305108
