item_id,predicted_score
318,4.273939973924459
169,4.267878882138009
483,4.221650023466608
12,4.202294680004815
64,4.192264894981844
603,4.191119293032628
357,4.159963050828771
480,4.132824004597513
174,4.131846564515734
178,4.125924618424125
