item_id,predicted_score
169,4.552399422204871
408,4.518694577237201
64,4.508482760177585
1449,4.44626140774724
12,4.409985687889708
79,4.378414029214142
69,4.372004437384511
966,4.371105979886822
659,4.359891420156588
199,4.356197271594101
