item_id,predicted_score
169,4.478440839886039
408,4.460727771354515
64,4.409518847188174
483,4.372846999974899
318,4.3713293405409726
357,4.343858595703121
603,4.334446172173973
12,4.327432595526839
127,4.30529155794716
50,4.301549673095464
