item_id,predicted_score
1449,5.520907590317588
169,5.483812085235479
659,5.372207955670939
408,5.362433018554897
64,5.358176427697824
170,5.285480796015058
489,5.274125320715301
513,5.272593759323604
603,5.264571428098085
98,5.263739218227884
