item_id,predicted_score
169,4.9510497164095355
408,4.933510345793583
64,4.885549639433475
483,4.846861651949985
318,4.842369199876423
357,4.812997911818858
603,4.8096340748754365
12,4.802785139506528
127,4.780308563501286
50,4.778339565696333
