item_id,predicted_score
169,4.68980725248329
408,4.675748007757189
64,4.621358216119357
483,4.584780973585841
318,4.579839783578531
357,4.553893814031675
603,4.547114712521141
12,4.544158071579776
127,4.519556859218785
50,4.516031558404366
