item_id,predicted_score
408,4.296542964691293
169,4.287720394861132
64,4.235563085070832
483,4.196133793011641
318,4.193526639467102
357,4.172699304998614
603,4.162842840341819
12,4.150525397745681
127,4.127141347382122
50,4.124685317704103
