item_id,predicted_score
313,4.483980067137138
69,4.426088956972679
174,4.321022230472422
98,4.293043575449209
169,4.29301218796817
316,4.290458567306415
1142,4.2695388613423635
408,4.25727044137208
966,4.239248854982306
272,4.237672182742914
