item_id,predicted_score
22,5.072378187822261
114,4.845449015275035
156,4.841164603496889
313,4.821189395840143
746,4.775723995626082
963,4.773617562548331
89,4.748675527051293
431,4.7480900523536835
241,4.738434204712847
1019,4.710769950425921
