item_id,predicted_score
408,4.655339704657196
169,4.585816168990617
50,4.55064746567671
483,4.548291289050822
12,4.5276451352433
603,4.515130294098708
64,4.513782141763289
357,4.488005071003367
515,4.463531375641006
480,4.458805675362137
