item_id,predicted_score
408,4.467697228997607
169,4.391377107664488
483,4.358611278709742
12,4.340240522789865
603,4.317878909860613
357,4.297869237844776
515,4.274170126117504
480,4.273260936969997
178,4.255399612282293
272,4.249878936929725
