item_id,predicted_score
269,5.344837175804535
302,5.0337924627733095
423,5.017981972951945
190,4.97343700451587
133,4.958595940962352
498,4.884790048152042
963,4.862477558968318
511,4.8231220342589785
127,4.817055468908816
316,4.809019267491217
