item_id,predicted_score
169,4.492203144208153
408,4.491830625237124
64,4.437561861727277
483,4.398831025584627
318,4.397073456001709
357,4.372254209721499
603,4.364547862841988
12,4.352194138057231
127,4.329682256327449
50,4.32778103608204
