item_id,predicted_score
172,4.291903388109812
647,4.217586628927323
185,4.16606554769035
169,4.1657031118237375
183,4.135030144975433
168,4.110718545797072
285,4.085496584924853
408,4.012126622821297
519,3.945131476865019
91,3.9315094173069864
