item_id,predicted_score
408,5.264736283858924
480,5.1169758134503285
272,5.091540085002896
427,5.0833706222188635
313,5.080880263181783
511,5.056929319738448
603,5.053152041506496
187,5.021179449444425
513,4.922325987738435
963,4.913491622774687
