item_id,predicted_score
474,5.308569087647698
185,5.270064076658881
654,5.176577023636471
408,5.151106059999774
427,5.138593633481593
302,4.994243122577664
346,4.942180102365534
56,4.922725057990811
134,4.8910343939667635
488,4.888351638012267
