item_id,predicted_score
408,3.5530704679541896
318,3.476316202388881
169,3.469539565860616
12,3.408408479027004
64,3.398956003455748
603,3.3914240672573364
357,3.3642399980880686
515,3.350230543867043
480,3.338900188392462
174,3.3381183338400846
