item_id,predicted_score
89,4.845085627401416
513,4.8353035639382576
966,4.831220861951993
189,4.823325578231271
434,4.812331326700538
83,4.8054231900246345
489,4.804094657197464
641,4.779809918481871
528,4.772616635124901
169,4.767934698160024
