item_id,predicted_score
483,4.940112729020649
511,4.896188265051373
318,4.830953289009585
50,4.790947707258259
114,4.755583123897682
127,4.721680024866155
272,4.698174611069872
963,4.676493266469569
1449,4.673154560570205
357,4.65631579139484
