item_id,predicted_score
169,4.081112227973792
302,3.903371305314599
1449,3.801074526410076
320,3.7856966861719563
483,3.74345918025556
613,3.6835282874756334
641,3.6767172959024768
178,3.6443334489633217
512,3.6391027165479612
1019,3.6273723692465447
