item_id,predicted_score
169,4.3894246280561475
408,4.387780460823428
64,4.328863511463045
483,4.289706399112642
318,4.287746265077367
357,4.265218419939346
603,4.253842146423544
12,4.243146199207252
127,4.220962870956689
50,4.217441175404918
