item_id,predicted_score
408,4.626905778829101
318,4.583237619709943
169,4.562226475104174
50,4.528356343085976
483,4.524459462470123
12,4.512972233039419
64,4.502690932933139
603,4.490630968324146
357,4.469888115199681
480,4.457178900454444
