item_id,predicted_score
408,4.317086820992015
169,4.238050281895057
483,4.196040449133972
12,4.17730521208245
64,4.166072028878908
603,4.161019930422038
357,4.133747816777492
515,4.116938858885906
480,4.105522550865952
178,4.091837502052909
