item_id,predicted_score
169,4.237965411244285
408,4.225913739293476
64,4.177759366665311
483,4.139810835915265
318,4.136906903116496
357,4.11555076554765
603,4.103765221282523
12,4.090275255365753
127,4.0709308288138955
50,4.06650202059236
