item_id,predicted_score
408,4.50330480136717
173,4.457801699785458
183,4.273399498310086
176,4.232871225077286
192,4.18132601554623
199,4.176595719360891
169,4.141276495918896
171,4.119378033204932
480,4.064534134867456
198,4.059886501745357
