item_id,predicted_score
276,5.975457373135631
258,5.869883361586773
169,5.360661965151616
301,5.310386121402812
257,5.285858580346124
302,5.242788698838657
693,5.126186160562722
483,5.103549380310017
661,5.071015881152118
242,5.030215845069124
