item_id,predicted_score
135,4.614715265710785
408,4.569864080147435
187,4.551282770997254
191,4.520135741644748
484,4.461198382407547
511,4.4553198428679535
346,4.4306708441816784
64,4.359461403106413
269,4.351047420145805
251,4.347078392167009
