item_id,predicted_score
408,4.722756500061567
169,4.649738426980942
483,4.608788614265916
515,4.52873710411793
480,4.52529358881924
174,4.515943067976239
272,4.501004066938033
657,4.461697747990685
114,4.450417626298862
479,4.449810928007487
