item_id,predicted_score
174,5.843098547180813
133,5.803218068384917
50,5.727609096037966
143,5.600641158434321
318,5.580790166591921
275,5.558551993024175
963,5.558308455439481
483,5.393571170655144
210,5.389672714121645
205,5.346290567501192
