item_id,predicted_score
357,4.983729943806783
318,4.961609716914275
50,4.960160170096554
174,4.899684623231225
64,4.898963163214432
114,4.829753719324911
22,4.823437973392764
515,4.8181512985447545
98,4.807943871062057
12,4.807748951948293
