item_id,predicted_score
408,4.6487025381033416
318,4.5994400879797315
169,4.579438089450133
483,4.543482428240272
12,4.528032683017942
603,4.5071742479974075
480,4.466219174043173
515,4.460685154317453
174,4.446777004625667
178,4.446703857321769
