item_id,predicted_score
408,4.440891783871092
169,4.438347905236105
64,4.387178601173114
483,4.347254667755632
318,4.343842721964884
357,4.3199256579068654
603,4.314083027184574
12,4.3007747598880295
127,4.278353270596288
50,4.277030581683289
