item_id,predicted_score
408,3.879171380089119
169,3.876025177442907
64,3.8229486804763284
318,3.7810288194372608
483,3.780672384080389
357,3.756574726899542
603,3.7463588399764167
12,3.7283548409210385
127,3.7088312161511205
50,3.707055826147841
