item_id,predicted_score
169,4.618509693620217
408,4.5926097578496305
64,4.548299964977622
483,4.5096649688370505
318,4.506214085430551
357,4.478642148197474
603,4.470711057176095
12,4.4613772105702605
127,4.442100484976448
50,4.438227359080876
