item_id,predicted_score
169,3.5266361058887696
408,3.5129840341323595
64,3.4524802352701247
483,3.4151721799420645
318,3.413132866211612
357,3.389598869600957
603,3.3755858699322587
12,3.37111553779313
127,3.348291392593706
50,3.3427340416164895
