item_id,predicted_score
56,4.9185286050140355
318,4.580590072187464
190,4.508829910066129
59,4.427750884491535
320,4.412654612879867
180,4.409646894372206
513,4.359396428468039
251,4.337993278137551
357,4.310678064510822
114,4.309411409796682
