item_id,predicted_score
408,4.1770944048790595
318,4.113510333085519
169,4.101784764695396
50,4.063324175653681
483,4.060461847077927
12,4.042523854660741
64,4.032014951091352
603,4.025685905295849
357,3.999493103257116
515,3.9819220856308113
