item_id,predicted_score
408,4.692874708295726
169,4.692568416992143
50,4.630043626591597
174,4.622220968984838
483,4.575277658594181
205,4.503695829432531
963,4.4869849367997405
657,4.457298583256322
515,4.448993334898671
178,4.442300057938618
