item_id,predicted_score
408,4.570167000925238
318,4.494047783699927
169,4.487877653480344
50,4.44987039254046
483,4.447131857305745
12,4.4261106247985715
64,4.414756911776561
603,4.411303777011622
357,4.383351410893941
515,4.367368218246719
