item_id,predicted_score
408,4.551742002570144
318,4.48411372891082
169,4.473969292956115
50,4.437450191398076
483,4.432883956138666
12,4.412241105620279
64,4.401775772896107
603,4.399150321153475
357,4.370604839505601
515,4.353761222065624
