item_id,predicted_score
169,4.191054408282287
408,4.19093500991156
64,4.126140104392207
483,4.088182547382398
318,4.086264301023642
357,4.068926522024502
603,4.0512631610364895
12,4.042096816920042
127,4.019858669739609
50,4.013796430125322
