item_id,predicted_score
15,5.53537966176294
56,5.446123687497712
515,5.245152127951883
750,5.2321994405606285
216,5.200563521824633
357,5.150484519346802
8,5.1503908886707634
318,5.141043940693823
198,5.134890570592705
173,5.087922677561002
