item_id,predicted_score
408,4.304279419245521
169,4.301947025858466
64,4.241471287831329
483,4.203536436711833
318,4.201245911724917
357,4.179925504685384
603,4.167978449544396
12,4.159718932085055
127,4.135639197496629
50,4.131855175542718
