item_id,predicted_score
172,5.26051692350492
357,5.224898890472659
313,4.934559326454082
480,4.934396025889891
64,4.925640825546121
169,4.914964295540389
318,4.901673956768722
22,4.841455826007859
100,4.8301324611095255
285,4.812118503198151
