item_id,predicted_score
114,4.571357435987887
483,4.538531125139953
98,4.489109288126494
258,4.482073332881979
320,4.461918228454431
589,4.4440742845991705
484,4.40068553466312
1449,4.3844897425853855
408,4.38350856043433
199,4.362547125176786
