item_id,predicted_score
169,5.111068399884971
408,5.1063887784717785
64,5.048931428326736
483,5.010549108053516
318,5.008252029932473
357,4.985256575837588
603,4.974277357021565
12,4.964769786438196
127,4.942348933728417
50,4.938654276891337
