item_id,predicted_score
169,4.584419794097647
408,4.576472181588737
64,4.516129557537262
483,4.477794617059973
318,4.477245754854865
357,4.4556245220862145
603,4.439576575476347
12,4.429990134595073
127,4.4088786642934
50,4.403434516418432
