item_id,predicted_score
408,4.4147946263051665
169,4.412814088597166
64,4.358040195265269
483,4.318611694621424
318,4.317186908052672
357,4.294700540720501
603,4.284242655639544
12,4.270511189763563
127,4.248857501051311
50,4.246156438700696
