item_id,predicted_score
169,4.959118417016679
134,4.810634481800488
483,4.792710865717064
1449,4.751228759255154
205,4.712056686905635
496,4.7060088556771085
480,4.704361904690523
511,4.699605587017001
427,4.695528099446407
178,4.692241281147761
