item_id,predicted_score
408,4.566789800450051
318,4.496311193503071
169,4.489750573451781
50,4.450724936595707
483,4.449845906958678
12,4.431947238326449
64,4.41928913854603
603,4.414259524881343
357,4.388590444136295
515,4.367982311399492
