item_id,predicted_score
169,4.819599770708874
515,4.753647163196913
1449,4.751919997150838
318,4.742994179287344
12,4.711513009643728
483,4.7063451820564515
408,4.688437242495534
603,4.656105367238547
132,4.654236639293249
320,4.650732236193593
