item_id,predicted_score
408,4.186859856086362
169,4.11049144116153
12,4.05235255817594
357,4.008375204655105
178,3.9661730893913676
272,3.9607174629683293
657,3.9244089789259164
114,3.904710404942254
134,3.8967789427239126
302,3.8761817807857954
