item_id,predicted_score
408,4.485782640492567
169,4.476475115925144
64,4.4214325603492
483,4.3819656387818675
318,4.380672246381297
357,4.359834472923375
603,4.347793866525664
12,4.3360258364969875
127,4.312579839444281
50,4.309591933388139
