item_id,predicted_score
408,4.578155609084187
169,4.515100486798311
318,4.507294313859171
483,4.4596250598954
603,4.440002889422685
64,4.434645361634171
357,4.402071485456114
515,4.385020041791432
480,4.375468615348818
174,4.375434101498746
