item_id,predicted_score
313,5.105680377075063
22,5.080394858692844
258,4.934740780832645
64,4.906704329006868
169,4.848782595058936
318,4.81075620958118
272,4.7718429076066515
98,4.763102798705074
483,4.752613953252213
357,4.75164621545243
