item_id,predicted_score
127,4.224424383368839
408,4.142920870374496
320,4.086101813839602
318,4.070141473339171
64,4.0628572253193225
169,4.062412868368991
1449,4.015998519140789
191,3.9987271636312545
12,3.9898284179600645
513,3.9466555427800127
