item_id,predicted_score
408,4.360242064674791
169,4.356451849605037
64,4.304253405985925
483,4.265471710559512
318,4.263563013404861
357,4.239625908045628
603,4.231973622412906
12,4.219362241525614
127,4.196280971606939
50,4.19459320231896
