item_id,predicted_score
320,5.214629635315685
22,5.19301007170329
661,5.133338530840092
923,5.122709897158247
963,5.121249191924385
432,5.106500150159039
242,5.080368407892854
1449,5.075785938074332
178,5.073602518710412
427,5.0697873912312925
