item_id,predicted_score
174,4.328269062879068
272,4.2944236504570314
318,4.207123472641774
1449,4.206868628347207
64,4.187101013057261
178,4.120381104163971
735,4.112492716422646
306,4.086316024614571
114,4.058643162607467
124,4.033005259013529
