item_id,predicted_score
408,4.0342703570574985
169,4.029017508609704
64,3.9755712128646863
483,3.9362951511069744
318,3.9342611599400983
357,3.9124062190077984
603,3.9024822541097417
12,3.889674201929144
127,3.8670050321957166
50,3.86449060715287
