item_id,predicted_score
100,4.4363461816620315
199,4.395199149292199
12,4.327036679761218
172,4.25666794817543
603,4.254788229691698
511,4.250733258995206
408,4.239315202690465
174,4.237431128054731
483,4.220847185988064
357,4.19226104559186
