item_id,predicted_score
408,4.421168483959282
169,4.329528276076203
318,4.324724129163586
50,4.288109273969874
483,4.286837471839458
12,4.265815710261017
64,4.254192557228804
603,4.249613892175529
357,4.2206810763872085
515,4.207634516501555
