item_id,predicted_score
408,4.493669274801519
318,4.4418615776925625
169,4.4381873934539575
50,4.390291363259893
483,4.3855070983771425
12,4.372936779828651
603,4.364811320084837
64,4.3635617743238795
357,4.330954854919054
480,4.31144233329953
