item_id,predicted_score
22,4.661919586370757
59,4.644118174287231
963,4.5312633626139345
521,4.525237856742121
211,4.515109091329
56,4.5026063299928545
69,4.464966911846423
513,4.4525718082692
127,4.449535081183002
180,4.447654591580328
