item_id,predicted_score
408,4.430401069288782
169,4.429300207324499
64,4.366708872114052
483,4.328613848955413
318,4.325858765643367
357,4.30744550957078
603,4.292458782880717
12,4.2837028323387285
127,4.260718315893312
50,4.255567614046197
