item_id,predicted_score
168,4.569398442483247
173,4.54771754269783
169,4.395346045626675
318,4.388123690196139
515,4.307162003710508
198,4.30130861312472
408,4.2972931672612855
199,4.292783574982981
1449,4.2893749635252485
921,4.282354403668831
