item_id,predicted_score
408,4.360500890725563
318,4.289391972108668
169,4.284295069335688
64,4.211598038369906
515,4.161996336665107
178,4.137448108847692
272,4.133980844090854
513,4.12886268929565
657,4.09068395982111
114,4.084449203487233
