item_id,predicted_score
127,5.174570913859953
192,4.922142422892374
285,4.911022497668558
197,4.904315262535395
408,4.878681535831086
493,4.854057664171498
182,4.808266943218089
427,4.8031791142089375
205,4.723040960321303
1449,4.708576864250552
