item_id,predicted_score
408,4.582726128866264
169,4.506659750322339
12,4.445833056832493
178,4.360404178532993
272,4.35568461412078
427,4.321890408173665
114,4.307094640089631
285,4.300548275873541
488,4.300064229154451
302,4.270954291908316
