item_id,predicted_score
408,4.43839526051953
64,4.391169841974107
272,4.386632792412331
511,4.304587659809958
480,4.214833444209755
1449,4.214544102805255
302,4.16576696711814
169,4.149953681744494
651,4.143697855205946
1142,4.134595025362081
