item_id,predicted_score
318,4.445830750122187
64,4.324975557435265
515,4.290515892029275
1449,4.269286988391894
114,4.264699922027421
169,4.260108082344632
483,4.255977730176991
657,4.228147247736243
320,4.215966133647677
190,4.204318854880138
