item_id,predicted_score
408,5.001207807243
318,4.933055777065685
169,4.917509069893978
483,4.882992091187024
50,4.881119844944508
12,4.868916132262572
64,4.857098137380205
603,4.83794250184715
357,4.821688035097211
515,4.8017447999289296
