item_id,predicted_score
173,4.9344519124089175
64,4.730778079573956
169,4.726176294439931
313,4.631174501090873
136,4.537105729613095
603,4.517739259172596
143,4.506410774299772
172,4.500814664609473
189,4.463884314052918
705,4.419849918743223
