item_id,predicted_score
408,5.2053144213394384
318,5.138395948665755
169,5.127382503193084
50,5.089543115196645
483,5.08761959427471
12,5.071091413160979
64,5.060238357208698
603,5.05072016898453
357,5.026840863897839
515,5.008047471060104
