item_id,predicted_score
169,4.644245251665432
408,4.633816353703152
64,4.583605723807527
483,4.546043119260264
318,4.543838501168298
357,4.519692061452638
603,4.509962353071016
12,4.498623416301373
127,4.477500100559273
50,4.474050677576863
