item_id,predicted_score
169,4.324769467464515
408,4.318849900354712
64,4.266580831807397
483,4.2279986424403395
318,4.224786340933008
357,4.204368561569808
603,4.192698075321222
12,4.179544144402219
127,4.159203673692647
50,4.155085396725338
