item_id,predicted_score
124,4.757981829507561
511,4.645639195475202
483,4.594287339279014
127,4.559473596391063
408,4.527306288661482
9,4.496708324514593
357,4.467585409650391
320,4.451592601954956
474,4.442512894439907
427,4.431071323487106
