item_id,predicted_score
408,5.41879847358033
48,5.201426494589109
12,5.164060430679017
320,5.115798028968179
137,5.0671429294298935
1449,4.986190571775258
923,4.958565750598171
169,4.912928426449123
251,4.910039906125376
919,4.9090506694641
