item_id,predicted_score
408,4.833075177473705
169,4.764361806085934
1449,4.736074130757871
511,4.708288448449191
183,4.707755602207842
483,4.687746545628952
114,4.675103498918576
603,4.654320220856468
12,4.653369100071772
98,4.6498801845044415
