item_id,predicted_score
408,5.156430904083042
169,5.154714959223303
64,5.094665243702488
318,5.054399703651939
483,5.054236898119062
357,5.026635123400375
603,5.018384157951456
12,5.008129115990539
127,4.9846693017843435
50,4.983160062507982
