item_id,predicted_score
515,5.05378611916179
357,4.796077305195355
91,4.7520336216925765
99,4.660732651770294
603,4.580789183436508
169,4.549926200569772
285,4.517720453620116
132,4.4707244750654205
191,4.440119317539956
1449,4.434381760146696
