item_id,predicted_score
408,5.567145297631231
181,5.4532093086494475
483,5.442570631288746
50,5.420747994844436
455,5.3886969361579595
169,5.275161498817057
223,5.24981195270366
12,5.221467810258994
480,5.173086049790001
515,5.15222625173176
