item_id,predicted_score
408,4.403839095456034
318,4.338474545045165
169,4.329789889630237
50,4.29222394465208
483,4.290586752922883
12,4.274400402490275
64,4.261975456239167
603,4.255838324913082
357,4.231192861035866
515,4.208049275305015
