item_id,predicted_score
408,4.489308934545257
169,4.473454105247563
64,4.43776415822879
483,4.393121650140335
318,4.39116429747651
357,4.363940088993734
603,4.3638949029238026
12,4.341778635780199
50,4.323526671346557
127,4.320882102892431
