item_id,predicted_score
169,4.69431877962147
408,4.688030458945743
64,4.631832685714373
483,4.592981350244739
318,4.589712401337623
357,4.566725604528642
603,4.5566542600211415
12,4.547284586865412
127,4.525150163775105
50,4.52150805215058
