item_id,predicted_score
174,4.035970251491735
143,3.860234841041905
963,3.821245672604896
483,3.79625309741161
1449,3.76856224844364
169,3.7649343211720105
64,3.7318178665232775
419,3.731458634889165
496,3.723373786168896
272,3.722811204064368
