item_id,predicted_score
1449,5.579179409285868
251,5.47585552048811
213,5.462452712602033
196,5.460381177486528
22,5.459111328475348
489,5.418133861645581
114,5.40587525733248
657,5.372945362732055
735,5.36631468470077
1159,5.361493414904643
