item_id,predicted_score
408,4.4156369976482885
318,4.35405649687852
169,4.343898564668854
483,4.300659800068813
12,4.2861449580882995
603,4.269013251700997
357,4.242547880901444
480,4.223709996882728
515,4.222852635756993
178,4.202319420934872
