item_id,predicted_score
12,4.182306446486448
480,4.111701627707492
178,4.095467154151917
272,4.095381050762046
513,4.090418158193285
488,4.036660002933428
285,4.035479870447251
98,4.035345812103572
134,4.033328593334243
127,4.031117020510125
