item_id,predicted_score
408,4.295549985464894
318,4.220579597452798
169,4.217760851508349
50,4.176425253284206
483,4.174153348944202
12,4.1556083310042755
64,4.144250392170142
603,4.1412042335041255
357,4.112257505702066
515,4.09505733852585
