item_id,predicted_score
408,4.187277608305098
114,4.159189269915571
169,4.103890751301303
1449,4.089769532668157
515,4.088094747326062
513,4.031499678431503
12,4.025304618544306
96,4.0252721732700385
489,4.021187369615162
251,4.008635141253693
