item_id,predicted_score
408,4.554669799142895
169,4.551205402699102
64,4.48987297350502
483,4.451067921399293
318,4.448615787567716
357,4.4268231354425245
603,4.415318371861839
12,4.407602278444981
127,4.383263501317144
50,4.379701407852107
