item_id,predicted_score
408,4.953018601412459
169,4.850750203016254
313,4.829436763917127
272,4.757503495933478
480,4.6773226697707475
966,4.676402095943808
183,4.672224978332943
11,4.670027764216426
478,4.656609717726511
520,4.620534056495459
