item_id,predicted_score
408,3.9223147528201374
318,3.8554206995493248
169,3.843361764118718
50,3.807716040713017
483,3.8064434358738435
12,3.790227168593011
64,3.7783958524901777
603,3.767733881288084
357,3.74593442478488
515,3.724423389384971
