item_id,predicted_score
318,4.198566288126191
483,4.150962155007694
603,4.112552015548433
357,4.08919010681116
515,4.069803121089816
480,4.062633939244245
178,4.043927252608355
272,4.042688724032224
513,4.034205473489848
427,4.006584902465924
