item_id,predicted_score
143,4.733631980501012
515,4.5885637179148855
496,4.524771277685911
1449,4.4022317607515316
318,4.4002459192993815
8,4.39477089220212
174,4.369056657021695
313,4.333278228841868
657,4.317358256442884
132,4.283438091841962
