item_id,predicted_score
169,4.563884286480741
408,4.541280382582936
64,4.491261390271954
483,4.4562383550641345
318,4.454343238654992
357,4.430002383580355
603,4.4168025239779
12,4.410439985639191
127,4.389169278451185
50,4.383450679112453
