item_id,predicted_score
483,4.226903384188675
190,4.208181265423087
213,4.160808006267725
482,4.089484276302941
632,4.065225048408696
921,4.059362776199463
59,4.058708364876754
408,4.045550092624568
498,4.029434421354042
488,4.016565858618404
