item_id,predicted_score
169,3.3839444585489575
408,3.2947224771232086
474,3.2281224407669065
512,3.2086023160681063
1449,3.206994617636655
318,3.195153962118337
603,3.183576005529303
513,3.148673507116793
173,3.145712847757965
657,3.14354633628189
