item_id,predicted_score
357,4.786871902793332
56,4.646942297039921
98,4.622603968393482
318,4.590722334361512
169,4.576503666078634
1449,4.573883772231722
114,4.56063792524729
100,4.542805750480671
511,4.533192245147646
166,4.5199477204151535
