item_id,predicted_score
98,5.280164859428869
64,5.154868423643541
474,5.122330279748256
11,5.090871536843041
427,5.079443956557272
169,5.06325825245954
408,5.058870322537716
357,4.980258317785072
285,4.9305931878164815
127,4.907170847386263
