item_id,predicted_score
100,5.720198508857461
269,5.6079355124928
186,5.374967827774629
246,5.259723160183554
153,5.138732882780037
248,5.137009954860816
173,5.097184435823804
1012,4.9897414258277
255,4.967271405981645
258,4.939904713106634
