item_id,predicted_score
408,4.626121469275131
318,4.553833947718596
169,4.5468248188357325
50,4.509911261893114
483,4.504861413840087
12,4.485129209660601
64,4.475033963416691
603,4.471831175627149
357,4.442867349460421
515,4.425978506534208
