item_id,predicted_score
408,3.664720600071703
318,3.5919135707029306
169,3.583640205114851
50,3.5466178667425234
483,3.5448774164317376
12,3.5265100282907187
64,3.5147505535485317
603,3.507429348208092
357,3.4827482498368645
515,3.463725093900207
