item_id,predicted_score
427,4.678843336090635
173,4.664006508372055
169,4.648033010183314
408,4.632883003503829
208,4.597456120306436
269,4.573322222983417
735,4.525932625958838
520,4.524833108783393
316,4.523420796700832
519,4.51735734402216
