item_id,predicted_score
169,3.8475118182372303
408,3.84622257780953
64,3.7964754230766555
483,3.7566397974118644
318,3.754535035868681
357,3.72756225181356
603,3.723227963330304
12,3.7087431176031216
127,3.6870053774202303
50,3.6864541792513945
