item_id,predicted_score
408,4.1127634440129
169,4.110133761767039
64,4.06045880410006
483,4.02284429187302
318,4.020743644729062
357,3.99655411677418
603,3.9900392093009915
12,3.976929141205446
127,3.9537606793888633
50,3.9523720114381184
