item_id,predicted_score
408,3.9281549212321583
318,3.8602577655055303
169,3.8571732753014976
483,3.812364749235871
12,3.7957193530045163
64,3.7841038978333095
357,3.752945791085495
515,3.7327341775004954
178,3.71151416511341
272,3.703468152279208
