item_id,predicted_score
169,4.200648251492675
408,4.191545263489558
64,4.144996191748948
483,4.10663441814947
318,4.103794253909991
357,4.077051571931623
603,4.071941705035039
12,4.059375549090681
127,4.037978063611777
50,4.036369690694825
