item_id,predicted_score
1449,5.283565038122234
169,5.191456412903572
483,5.160482669554382
318,5.160357924510315
657,5.152058920878702
1019,5.149048689507898
488,5.147394093054698
174,5.132475607173392
613,5.131124592575059
606,5.127536611940482
