item_id,predicted_score
127,5.381719863315295
50,5.208072965758428
483,5.196108401929087
12,5.190094147226191
64,5.166556233206287
23,5.152133315095576
100,5.129486735708781
134,5.087803648223742
427,5.034715511251498
197,5.012184617191682
