item_id,predicted_score
408,4.398259490003112
169,4.31730837112064
50,4.27867292991866
483,4.278611460162101
64,4.244119108143357
603,4.241094097694377
357,4.2148491007255835
515,4.196034039659421
174,4.182754723682435
480,4.181194970012539
