item_id,predicted_score
408,4.851616681482615
318,4.7752351272380595
169,4.7717866924035786
50,4.732084026978333
483,4.730204295664621
12,4.711097491264913
64,4.699129040995989
357,4.667795477070139
515,4.649650763710191
174,4.637940368851761
