item_id,predicted_score
169,3.8728281492654855
408,3.8672502112445706
64,3.8121022540703713
483,3.7723218875729927
318,3.768941578901318
357,3.745205875125304
603,3.7364269073757015
12,3.72584686865997
127,3.704130483778548
50,3.701109375209339
