item_id,predicted_score
318,4.228564544472303
483,4.181542032888877
603,4.145178719775076
357,4.117134264981126
515,4.104794482783156
480,4.0878979891826255
513,4.072797557787461
657,4.0383615490963445
479,4.020133445725397
488,4.019172271007348
