item_id,predicted_score
1449,4.743834886982996
511,4.613250955790366
483,4.58323935351813
169,4.582178315935804
272,4.555461752112222
408,4.545538180627834
275,4.541341597075143
318,4.540570680342454
320,4.520958320062136
963,4.501715130556381
