item_id,predicted_score
408,4.668756773185136
169,4.591767419797948
483,4.5508426526235795
515,4.470587582908291
480,4.46429749700671
272,4.44386069779842
513,4.435468458202901
657,4.402229070771605
474,4.390230789198013
479,4.389908511693937
