item_id,predicted_score
408,4.6752841122427045
169,4.672717968764303
64,4.614798729031001
483,4.576689764684027
318,4.574133707090363
357,4.553405611242603
603,4.541784110645318
12,4.531794832212935
127,4.508439941004368
50,4.504805573703547
