item_id,predicted_score
169,3.9275058625297734
408,3.91405930853047
64,3.8626473820815055
483,3.824281512337641
318,3.820707445581278
357,3.7970136623241455
603,3.7871460579285547
12,3.7776282321783317
127,3.756637825840606
50,3.752604463709944
