item_id,predicted_score
408,4.207111141252967
318,4.142400933504356
169,4.128888687030993
483,4.090474435996523
12,4.068465401336343
64,4.055894101503463
603,4.052211103881396
357,4.026476915294996
515,4.009851426693335
480,3.994986328350524
