item_id,predicted_score
408,4.428127963351013
169,4.423753148846521
64,4.3633089924211985
483,4.325938440212011
318,4.324845851060846
357,4.3018896615961575
603,4.290392532470458
12,4.283148813541658
127,4.257902318592251
50,4.254638392555306
