item_id,predicted_score
408,4.409801098789521
318,4.352704039121581
169,4.344897814762769
483,4.301262016556947
603,4.272647212180752
357,4.245727251470077
480,4.22651314841575
515,4.220831809135907
178,4.203704177781943
272,4.192823206205602
