item_id,predicted_score
408,4.011945178838866
318,3.941158418801107
169,3.9328956939490363
50,3.89520883086809
483,3.8928339963505825
12,3.8725936775812535
64,3.860804222850934
603,3.857279564775674
357,3.830150839640443
515,3.8122313755208777
