item_id,predicted_score
408,4.997847777022528
56,4.936587235516533
318,4.901891806434088
22,4.8860917852149495
357,4.8755763421594
187,4.873429879610035
427,4.866118883461044
114,4.833864285669967
474,4.8285060493599765
480,4.810390342650759
