item_id,predicted_score
169,4.212726921778371
408,4.208574432022582
64,4.151965367577099
483,4.1134273878471905
318,4.1112688123136945
357,4.090351414752674
603,4.0774357057203074
12,4.065788287009348
127,4.044590456049238
50,4.040275379014134
