item_id,predicted_score
169,4.287229304147333
408,4.280054373619582
64,4.226294294325509
483,4.187919698673333
318,4.184801434892113
357,4.159908720571326
603,4.15199872307382
12,4.142720409679367
127,4.120144352563458
50,4.117326375370961
