item_id,predicted_score
127,4.8390782984267995
56,4.767635150602304
408,4.648929220303038
12,4.630105374425445
199,4.625594218504126
23,4.61519606028047
483,4.609118133598194
513,4.589663810909392
480,4.549410785285347
64,4.532698302881521
