item_id,predicted_score
269,4.861418711260257
408,4.720800290448025
285,4.602621163051792
173,4.535619275735054
513,4.530789984977567
246,4.430003425092388
921,4.428384862970768
48,4.4170829521514365
641,4.404838469581334
19,4.394451975343088
