item_id,predicted_score
318,4.29248808948258
169,4.285892319961836
12,4.228224591985828
603,4.2117730368875455
357,4.1850388862834595
515,4.16320882268544
480,4.161071764856433
174,4.15212477144441
272,4.136949412105873
513,4.125040413602303
