item_id,predicted_score
408,4.35528473492608
318,4.269979521308438
169,4.26672481711707
483,4.233138299694377
50,4.2310753995497485
12,4.213334491469724
64,4.197960247822893
515,4.146143196627521
174,4.135298026805192
480,4.133062895713914
