item_id,predicted_score
408,4.436460872322918
318,4.364350695412619
169,4.354977984025066
50,4.316872624299968
483,4.316583011523343
12,4.2968374232371875
64,4.284402802388515
603,4.277667078774554
357,4.253190144765583
515,4.235496155381325
