item_id,predicted_score
408,4.326376776546061
169,4.2807821115636076
22,4.255057657445931
174,4.1768963343447565
50,4.137243944685572
313,4.129268171479123
181,4.113838446001328
12,4.111261201699348
15,4.098395296756669
483,4.0827468353649685
