item_id,predicted_score
483,4.733247209220749
285,4.7196238673529365
127,4.609493355312209
511,4.571216386134184
134,4.476711628130174
1449,4.4766055856085325
187,4.466291538987319
205,4.46162111129144
651,4.451459486393595
56,4.428652667362257
