item_id,predicted_score
408,3.8783461109156594
169,3.867082122982936
64,3.815504949468522
483,3.7760138378316306
318,3.773009681721847
357,3.7518581400028865
603,3.743035054651022
12,3.731876220018184
127,3.7074513522558217
50,3.7053942983354715
