item_id,predicted_score
169,4.208001430010088
408,4.197519536711149
64,4.144217052827377
483,4.106917300780737
318,4.1035261520105335
357,4.084244456073275
603,4.070122403000941
12,4.059483789873162
127,4.038973847384109
50,4.033428834281004
