item_id,predicted_score
169,4.60701752324909
408,4.59665302418742
64,4.538631072620654
483,4.501773117266018
318,4.497532763167029
357,4.477241112622489
603,4.464024493697404
12,4.4582354329415255
127,4.435432004112382
50,4.429832142970051
