item_id,predicted_score
408,4.202636561751093
318,4.123069673030428
169,4.116850675770616
50,4.075773796465237
483,4.071665372183946
12,4.052983974918153
64,4.04532008912472
603,4.035651268242339
357,4.007609337218882
515,3.9985781769251907
