item_id,predicted_score
408,4.655300865586423
169,4.644503919422151
64,4.5913789241305505
318,4.551915243309772
483,4.5518140956967015
357,4.531069676661958
603,4.517977775459741
12,4.504017739008918
127,4.481315619547642
50,4.478427293341901
