item_id,predicted_score
408,4.73867550496836
474,4.670806470012244
169,4.6059950337151285
1449,4.56875414440734
127,4.526404617929358
514,4.495579725407903
98,4.480858793213466
199,4.465910337795362
480,4.447581017280118
488,4.444352070814706
