item_id,predicted_score
408,4.566953631250311
169,4.485390269498712
64,4.4197374987956
603,4.409815368479316
515,4.367313061618365
272,4.342950440120879
178,4.342465296345142
427,4.303553133931622
657,4.3006128095329625
479,4.286296092315425
