item_id,predicted_score
357,4.774065714463326
124,4.767346384482596
318,4.6047819550452775
172,4.601693799978724
127,4.572188326721005
12,4.566974816797573
511,4.516363759249984
480,4.503491400800715
64,4.480843425698044
515,4.4715088403055665
