item_id,predicted_score
169,4.499984001619526
408,4.491872464366411
64,4.438701168644601
318,4.400399979886717
483,4.39970070635797
357,4.374728823353362
603,4.36308286356897
12,4.3493633281801625
127,4.3292532174716865
50,4.326064334511807
