item_id,predicted_score
169,5.479392572264581
272,5.375063057533139
515,5.375046835322812
408,5.369179711907413
1449,5.364537320219001
318,5.307501904875695
114,5.306169225104851
190,5.293854603911804
83,5.293397457904956
189,5.29257279082759
