item_id,predicted_score
483,5.079078217204097
427,4.900510259238896
22,4.890357171441213
98,4.87808258367802
318,4.875844549681287
64,4.842601888847801
172,4.8284223110074835
496,4.821499159524785
1449,4.8097998222383564
963,4.808532203135672
