item_id,predicted_score
515,4.55567306196841
169,4.5393596131012615
498,4.49430562993538
320,4.488058562185877
50,4.44443189795302
513,4.439469576241058
64,4.426809450140752
1449,4.382255778915231
132,4.381391393892749
408,4.374542874130592
