item_id,predicted_score
408,4.305926087599679
318,4.23146060928147
169,4.224867245996227
50,4.187102644470314
483,4.185658466013297
12,4.166809204273307
64,4.1546478793248784
603,4.14869690126759
357,4.123228160011867
515,4.10420949918882
