item_id,predicted_score
169,4.543713111608959
408,4.51824914813784
64,4.468757970342662
483,4.430862368546831
318,4.427612863960951
357,4.405526501456826
603,4.390643356480849
12,4.381842883853224
127,4.363351820243739
50,4.35671922763145
