item_id,predicted_score
408,3.57470429741142
318,3.514002277660926
169,3.503607013428959
50,3.4652624335189506
483,3.4643915420448836
12,3.453036752456795
64,3.4412230459128583
603,3.4291120803868185
357,3.4078582651295988
480,3.3881298045289543
