item_id,predicted_score
169,3.585897540413058
408,3.5793840936709085
64,3.5269883108273126
318,3.491455348671916
483,3.4896234275489566
357,3.4644826002382296
603,3.453657843739417
12,3.440285507967887
127,3.4190276572234475
50,3.416433614962143
