item_id,predicted_score
408,4.354609195622563
169,4.287317206987667
50,4.253192021505149
12,4.23298334305393
603,4.2166686544795215
480,4.170069422278984
515,4.16636428461752
178,4.150214126810742
272,4.143401319024863
513,4.13251720674122
