item_id,predicted_score
408,4.511488175266596
515,4.479634339739868
272,4.464804397366899
1449,4.435237762557509
169,4.418534397686045
483,4.394465830482553
251,4.385704320724343
923,4.361070926416229
64,4.355913860100574
513,4.311226296223083
