item_id,predicted_score
169,4.386276990546586
408,4.379645507592308
64,4.322112470360109
483,4.283771456738247
318,4.281535013281033
357,4.25993295620865
603,4.246870825244024
12,4.237030759257388
127,4.215456825021378
50,4.21085506449218
