item_id,predicted_score
169,5.274129848744369
96,5.1620732051817155
408,5.087040411024221
313,5.083541830940707
114,5.082193097108725
1449,5.075485981101383
12,5.067411460385815
174,5.064104363038018
64,5.001736131362092
272,4.968782718688864
