item_id,predicted_score
474,4.669765386438328
408,4.638123084966331
191,4.519233828888626
137,4.462862138912304
320,4.4530462845157945
511,4.435376591734596
427,4.421300024832339
1449,4.408181786785406
493,4.405344116329251
114,4.3885139970845914
