item_id,predicted_score
408,4.221341811273947
318,4.155954511970959
169,4.136829580395456
50,4.104741511993558
483,4.10360226464815
12,4.079398054112451
64,4.066786329364358
603,4.060581018321632
357,4.037804627776962
515,4.021248034993307
