item_id,predicted_score
181,4.736160737851548
174,4.601186866694236
64,4.467751173233338
496,4.463641687356905
258,4.4188822123878815
173,4.414827789414047
126,4.324034825703017
12,4.243324740032603
318,4.196971930630696
966,4.1941684272082735
