item_id,predicted_score
474,4.759594807042367
100,4.680424144712755
127,4.661039306881949
183,4.650849171367715
483,4.646517360183471
302,4.628034192783602
1449,4.606255961310685
174,4.582080135037174
64,4.549244293620916
340,4.542496912711391
