item_id,predicted_score
408,4.819219375474261
169,4.818654538244574
64,4.764465478816796
483,4.725201421173031
318,4.7249228945202715
357,4.698193445161857
603,4.690870073291089
12,4.677570643646512
127,4.6551921069079505
50,4.653931866666972
