item_id,predicted_score
408,4.224777529513223
318,4.153327881753068
169,4.145361923855886
50,4.10687326069279
483,4.104868093905233
12,4.0892727448963875
64,4.078595222309485
603,4.068335246795808
357,4.044298817659533
515,4.025406751029097
