item_id,predicted_score
173,4.734496960330143
313,4.627286463480162
69,4.506180541784813
429,4.4617765835046495
12,4.444573058669624
169,4.418281950582868
88,4.343235724049999
199,4.274659619424112
153,4.221590827884809
966,4.204436696769328
