item_id,predicted_score
408,3.7581317372841236
318,3.6900178003273143
169,3.6826801599516874
50,3.643191921781513
64,3.6131160113942604
603,3.6070022261653136
515,3.5610868792325294
480,3.555178387301566
272,3.532230419926113
657,3.49098427808077
