item_id,predicted_score
408,4.552557311023902
320,4.481786082101963
483,4.42852494835289
134,4.391552530693652
923,4.379478494637676
89,4.378380417623736
116,4.342364256910862
1449,4.33113466646667
246,4.303004781568925
178,4.268703899880121
