item_id,predicted_score
1449,5.212666845906056
169,5.141810699108989
83,5.078685829439382
657,5.011099006870918
1019,4.983616319690452
633,4.95443894299823
11,4.943757524629681
173,4.94284218690233
136,4.931283821759989
258,4.929942412455698
