item_id,predicted_score
169,4.256321658878598
408,4.246989103869487
64,4.199566111126884
483,4.158743815911002
318,4.158574286568621
357,4.130979817641803
603,4.123226492363197
12,4.106379715637916
127,4.087681423788378
50,4.085979180123049
