item_id,predicted_score
408,5.225378866565426
169,5.2049825734060855
1449,5.065100794387966
12,5.02300762003962
96,5.012537265478651
513,4.9644622678226895
1019,4.94698790062878
190,4.939125966927841
114,4.932825561811687
489,4.930351715256343
