item_id,predicted_score
313,5.273824971790131
143,5.263732322582596
12,5.210215812575652
50,5.201836311330871
64,5.13303986169139
169,5.1304903330018785
174,5.121595918995997
172,5.09348364040474
181,5.05768417742998
195,4.91933840321288
