item_id,predicted_score
180,5.022173288703326
357,4.95735818572454
187,4.955710761365276
114,4.930000444872507
483,4.905763633010973
209,4.889537127656113
427,4.873901826060841
197,4.8243285306245145
515,4.820889983595759
23,4.816483089944071
