item_id,predicted_score
408,4.272403664302262
318,4.202121259286391
169,4.195800036339911
50,4.156929155301606
483,4.155876654416802
12,4.1376075063589814
64,4.1247963097956655
603,4.1207530517242335
357,4.094608634428091
515,4.073722761250746
