item_id,predicted_score
408,4.687203257656838
318,4.624124478830536
169,4.613949509160995
50,4.574140402884357
483,4.571983436403472
12,4.556363061841264
64,4.545644725594856
603,4.537871290166322
357,4.5124895431764145
515,4.493140966545445
