item_id,predicted_score
169,4.320086203236919
408,4.317296664291529
64,4.261314687237083
483,4.222191529148074
318,4.2191874188426635
357,4.196685106719845
603,4.186868796842174
12,4.175741400464433
127,4.153765403861758
50,4.15055615936267
