item_id,predicted_score
408,4.531373905129165
169,4.5156244185860634
64,4.466582722822722
483,4.425726111347164
318,4.422447372007804
357,4.40305028401873
603,4.3934670816633705
12,4.380420579409462
127,4.356591052174686
50,4.3545420076837305
