item_id,predicted_score
408,3.708033207336296
169,3.630071936499717
483,3.5874438753791495
12,3.569027160905915
603,3.55366234306737
515,3.508194189381537
178,3.4823349345203938
513,3.4751023357951922
427,3.4451525347055596
114,3.428059961269681
