item_id,predicted_score
408,4.364462578550072
318,4.295655255559774
169,4.287352109854476
50,4.250009799159966
483,4.248501225564918
12,4.232226124707726
64,4.22010631267355
603,4.2123563650735205
357,4.188359968497032
515,4.166410888110976
