item_id,predicted_score
50,5.065177256966118
181,4.823155938265206
172,4.674436916042688
12,4.472578665768028
483,4.422029135421247
64,4.371229686922784
313,4.326037326458941
165,4.316758865570394
127,4.304726742543979
7,4.304524128811717
