item_id,predicted_score
169,4.548747069217493
408,4.548118744445561
64,4.490993674790783
483,4.45354712360991
318,4.449480403699082
357,4.4308218958311585
603,4.418751986407898
12,4.408498891805322
127,4.385895828339322
50,4.381506914067459
