item_id,predicted_score
408,4.3551588217734745
169,4.351965523581483
64,4.292144132656039
483,4.253686936654661
318,4.252168678192289
357,4.230843405638082
603,4.2181805926871005
12,4.208500308523755
127,4.185064415151884
50,4.181317648781414
