item_id,predicted_score
408,4.136852303531507
318,4.060828958345823
169,4.0589418485599404
50,4.0200349137326
483,4.015998350895598
12,3.999035852880763
64,3.9882025788799345
603,3.9842543801760675
357,3.9556587647350705
515,3.9358984981820817
