item_id,predicted_score
64,4.948528866351511
408,4.903419059731037
641,4.774528591686846
657,4.758258387998725
515,4.730399108048256
169,4.714804325423829
12,4.712116404232461
318,4.703913832224871
480,4.691980018737571
114,4.659745374382881
