item_id,predicted_score
408,4.745706683263696
318,4.690917388938663
169,4.683319523000804
50,4.64049259359785
483,4.63546822349624
603,4.610193489760265
64,4.610153698015279
357,4.578523182338554
515,4.55858230645379
480,4.55742330030504
