item_id,predicted_score
134,5.306467525837047
483,5.137280266271011
191,5.008492988525276
169,4.8712441352846705
187,4.859516283884495
427,4.848366254180406
178,4.832342463686915
185,4.822430642325886
484,4.802387519076758
89,4.7962799046951305
