item_id,predicted_score
408,3.945425581658971
169,3.9312350375857728
64,3.880450768589859
483,3.841833320570485
318,3.840863172244994
357,3.8205337643260893
603,3.8089369366128643
12,3.796686173236438
127,3.772275914624029
50,3.7697736707612983
