item_id,predicted_score
318,4.7324937056649174
100,4.704859555507598
357,4.691073721574751
14,4.664527704809864
127,4.643086667549561
191,4.634240477077762
483,4.622952654392552
320,4.606462346202337
242,4.593371663998333
9,4.581185298322419
