item_id,predicted_score
408,4.974369331843566
483,4.885928981846423
320,4.837456810197079
641,4.829612701231428
479,4.792973704721139
178,4.785785910792746
515,4.7565587544947965
169,4.746449279868497
12,4.716617576126598
606,4.715987753324232
