item_id,predicted_score
96,4.144759766376036
79,4.08345439953066
169,3.9865473828566778
228,3.9763956125038487
190,3.9431283170298452
657,3.917377248407222
114,3.8813345557200627
427,3.874351489441338
421,3.8563444547997463
265,3.855908485687827
