item_id,predicted_score
408,4.395243679958757
318,4.320082648941396
169,4.305788053953388
50,4.273992481544282
483,4.273418930530926
12,4.251804684596489
64,4.239101221130555
603,4.228786199026279
357,4.208119459182072
515,4.189934216162924
