item_id,predicted_score
408,4.080234584500644
318,4.024412049168209
169,4.01269684833024
50,3.973573869396279
483,3.9708736664183952
12,3.9571327501782276
64,3.946176299254779
603,3.9389275999710134
357,3.9138690841698205
480,3.8937979895277275
