item_id,predicted_score
169,4.78116316125001
408,4.6044473435797855
199,4.540018167552342
1449,4.511126397719874
488,4.48118344526225
474,4.47308816317476
172,4.453775725432903
269,4.443026448149663
659,4.433189873320061
485,4.416935176616278
