item_id,predicted_score
169,4.626090393166501
408,4.62443109331334
64,4.56904632008665
483,4.529813798198042
318,4.527566891596001
357,4.5034441800660945
603,4.494893638891943
12,4.483142036764862
127,4.460940236585892
50,4.458516053885255
