item_id,predicted_score
22,4.4265120332087715
318,4.062163284953902
133,4.052031284863955
28,3.965559785061249
531,3.8816764206006438
69,3.8360491497353193
71,3.804751794697362
161,3.8014338374419663
191,3.7790128229434714
143,3.7769481255082713
