item_id,predicted_score
64,4.831881328204893
313,4.780982340740753
408,4.7704704121835535
59,4.757385993287895
496,4.715923454416805
199,4.697859956516089
83,4.6700414476919745
1449,4.625928902505557
520,4.622853934618624
272,4.619252754917204
