item_id,predicted_score
408,4.524560545545608
318,4.470331659864695
169,4.459659587422157
50,4.42232756180584
483,4.4193984527833745
12,4.408448006888773
64,4.396758024393572
603,4.388462472656255
357,4.365011409805154
480,4.3476841247198195
