item_id,predicted_score
169,4.228189435266666
408,4.226727790053022
64,4.1679573341834
483,4.130362774545483
318,4.12708868247767
357,4.105532173797588
603,4.094866862665053
12,4.08648017108494
127,4.062887601471121
50,4.059153602027113
