item_id,predicted_score
408,4.351429613418483
169,4.350290169058477
64,4.292278235187645
483,4.252647212210679
318,4.24944241716263
357,4.224723864314479
603,4.217733691175175
12,4.208661876263892
127,4.1847622587445334
50,4.182785052299607
