item_id,predicted_score
285,4.858707776177059
23,4.809745790026524
357,4.794890260126122
192,4.759400953911548
654,4.721712481878878
408,4.720061371037764
169,4.671388826690231
480,4.6412672056942315
185,4.58952318836136
427,4.585348734674291
