item_id,predicted_score
515,4.821129861432135
151,4.6314014826661944
485,4.521680082822236
603,4.450614242359318
191,4.445524379504162
378,4.3888668399563535
402,4.367336985816735
169,4.363825519891396
486,4.298685020627446
12,4.295232710931141
