item_id,predicted_score
408,4.358818582614831
169,4.296047171704562
483,4.2486973261729375
603,4.225508481549989
64,4.221982756891585
357,4.192975420228719
480,4.16696909521581
515,4.166552689462352
272,4.143855243235155
178,4.143743923740399
