item_id,predicted_score
515,5.157290538657254
64,5.061838069684041
216,5.029910505843967
496,5.015715361850991
194,4.978354272632444
659,4.97509017191574
42,4.948071608091377
285,4.946738105780284
408,4.905751630802473
480,4.892584642055934
