item_id,predicted_score
169,5.116161694021183
408,4.9597467892415095
8,4.905775132248957
173,4.902955792167071
195,4.890863734597452
168,4.8787328964312495
1449,4.875944000566519
174,4.840494212815984
114,4.805320857227818
172,4.781379455534851
