item_id,predicted_score
169,4.290325958193821
408,4.280198637131554
64,4.21747598329522
483,4.179220817129746
318,4.175747159299802
357,4.152519492410154
603,4.140239689100406
12,4.136760439904477
127,4.113016512141663
50,4.1079862427112666
