item_id,predicted_score
408,4.052089313949999
169,4.04957546949832
64,3.987197569302457
483,3.94886348732429
318,3.9472774552410863
357,3.9273628203026685
603,3.9126781061481877
12,3.903712378175922
127,3.8804397467019984
50,3.8758002494047643
