item_id,predicted_score
408,4.333641851490413
169,4.332397446357231
64,4.274097460167491
483,4.233755271817426
318,4.232770954424314
357,4.209469480711327
603,4.198371257972889
12,4.18560831456913
127,4.163967602095508
50,4.161097764664514
