item_id,predicted_score
408,4.441529330596572
318,4.378871174095371
169,4.357127504068068
483,4.324110291631367
12,4.307039652580618
64,4.296898173116282
603,4.279944260107208
357,4.26218173590578
515,4.2435840766807775
480,4.242539735159269
