item_id,predicted_score
169,3.966893882982608
408,3.9634548194904955
64,3.9049985377318963
483,3.8660737211269853
318,3.8631007863851408
357,3.8414037696387315
603,3.8299397987444457
12,3.820208151978396
127,3.797993660043253
50,3.7940377180197555
