item_id,predicted_score
408,4.6606689717683505
318,4.596489359330848
169,4.5905964410567
50,4.548010647726634
483,4.546610003086113
12,4.534438879098949
64,4.523516177394381
603,4.514581070287186
357,4.489347716247249
480,4.46785803787805
