item_id,predicted_score
56,4.912249671355763
408,4.837865922275492
114,4.674692115088142
483,4.665635295544927
515,4.64256646099308
357,4.621770282059111
285,4.609648543679553
320,4.601138686636349
12,4.56691542205489
641,4.551637611418367
