item_id,predicted_score
169,3.9153794193314053
408,3.898720275536014
64,3.833793240649017
483,3.797411665774664
318,3.796845990527044
357,3.773992529159694
603,3.7556970286583624
12,3.7536305587895518
127,3.7306545809859224
50,3.723463553819208
