item_id,predicted_score
408,4.872264246530832
318,4.807343777504108
169,4.797028277034581
50,4.75751812891744
483,4.754257554755771
12,4.737156936597021
64,4.727287954780514
603,4.720385966314872
357,4.693643896099026
515,4.676852694820134
