item_id,predicted_score
408,4.682280730045362
318,4.612461078724426
169,4.607523845944147
50,4.566719997638969
483,4.5644476048496525
12,4.546788819941374
64,4.535266216792351
603,4.531949910701265
357,4.503726016877608
515,4.4847750169546075
