item_id,predicted_score
144,5.64657098926226
143,5.432290621131319
12,5.343130730437479
176,5.3242541530526655
174,5.312636241799309
215,5.267298723862642
161,5.209893394123437
64,5.205548003338576
318,5.078339137011371
50,5.065038339426335
