item_id,predicted_score
408,4.232343381739374
318,4.156575848629492
169,4.155884911308741
50,4.1135659854474715
483,4.113172808923077
12,4.099982910614008
64,4.088014005931115
603,4.079156315177251
357,4.054172430456795
515,4.032413449959632
