item_id,predicted_score
659,5.099026369753297
408,5.068032086045899
315,5.052842188999928
169,5.048474186497497
427,5.044147596971249
1449,5.028517734727565
302,5.01677911508688
251,5.006219855128505
272,4.9982257962257055
98,4.969081829013791
