item_id,predicted_score
483,4.774691016314871
251,4.753744703748359
515,4.730194174575516
315,4.62886389478329
428,4.525877754163312
22,4.517489273929885
272,4.517045276262785
479,4.515687257688862
317,4.512534778078491
30,4.502224590745282
