item_id,predicted_score
408,4.386826196189512
169,4.309917871038317
50,4.27067432367457
483,4.267711474485867
12,4.249352749056812
64,4.238357268044797
515,4.188405231886519
480,4.17978085436263
174,4.176115741499083
178,4.163327227957897
