item_id,predicted_score
169,4.217145470300189
408,4.19810067532183
64,4.144305011115708
483,4.109694075683914
318,4.10762474320812
357,4.082954113769784
603,4.07042692758398
12,4.066410536447208
127,4.043312861495219
50,4.037893399472522
