item_id,predicted_score
169,3.806379208027494
408,3.7968535421564833
64,3.7330969176499873
483,3.6960391697249935
318,3.6934175409493064
357,3.672901460229773
603,3.65687834081074
12,3.652662536249292
127,3.6294174812289004
50,3.6231035027154888
