item_id,predicted_score
169,5.027051564596167
1449,4.974705693230262
22,4.953290270941769
114,4.913637193160557
408,4.893656334375082
489,4.88078470182888
8,4.874180068861037
513,4.870225661411651
478,4.863603719352832
641,4.858553641752809
