item_id,predicted_score
64,5.357259735631712
12,5.0917909773996515
515,5.064997031428982
114,5.055069612345303
513,5.036349426794661
22,5.034853456551827
174,5.03195475693501
169,5.0038814668564875
315,4.986843920881499
79,4.981086582174826
