item_id,predicted_score
276,5.366197550554501
56,5.209342603536575
180,4.964328869013726
60,4.771927238527665
432,4.678340090358451
183,4.641942288827393
661,4.640822715850036
268,4.630081365749411
134,4.59826708148705
59,4.559117228966276
