item_id,predicted_score
169,4.5388466275946
408,4.534123350463925
64,4.475029589098017
483,4.439324943516622
318,4.436933529303422
357,4.4133070436246165
603,4.40286514161195
12,4.397567807336667
127,4.3725413282194205
50,4.3687290478778245
