item_id,predicted_score
169,4.466525658686807
408,4.463041201952293
64,4.405600898188932
483,4.36639460510464
318,4.364508032511662
357,4.340685821694176
603,4.330376807420037
12,4.319784778249972
127,4.297669972821875
50,4.294495093175992
