item_id,predicted_score
408,4.244238637719728
169,4.230767319184491
64,4.178959775846572
318,4.139780826731465
483,4.139598476888217
357,4.119835690160769
603,4.106188184280906
12,4.092077800035207
127,4.06902988826452
50,4.066074851176645
