item_id,predicted_score
169,4.29436794876023
408,4.28679399189764
64,4.222733645786481
483,4.184598017099212
318,4.183258540304089
357,4.161190454554688
603,4.145708140686718
12,4.1396590259853125
127,4.116897766376457
50,4.111354283783974
