item_id,predicted_score
313,4.769658039366382
127,4.462675595663779
100,4.424707601922757
511,4.420010392491571
480,4.416617759599186
513,4.396396830285579
408,4.389910361870974
482,4.362069380044387
12,4.348374168139341
657,4.335024961960713
