item_id,predicted_score
22,4.765435620760764
199,4.747485324198282
515,4.72753291329461
114,4.662942978137415
480,4.637641072302796
474,4.62055021784223
513,4.593830179093374
30,4.542198491334748
45,4.532543812753469
483,4.530120222568884
