item_id,predicted_score
333,4.936275095263276
22,4.85576493534745
210,4.829622414660275
28,4.825019496241388
174,4.806231552846544
83,4.7691783998538755
1449,4.749532288413957
133,4.716689892991164
213,4.715927646410388
963,4.697459933947853
