item_id,predicted_score
64,4.376594963392733
50,4.326165213472819
318,4.287381075029626
172,4.237960996163325
483,4.203291116665836
174,4.150939503425977
181,4.127276810034903
12,4.125071747510442
963,4.123430446261202
408,4.116781380077416
