item_id,predicted_score
173,4.7736542864390135
919,4.763584786383587
12,4.656361035307069
1449,4.518707642935761
408,4.489193176549126
603,4.47447337590241
190,4.474233041217352
169,4.451383876125864
8,4.438356272233413
1142,4.4165400627194735
