item_id,predicted_score
408,4.372590852761607
318,4.304192410380721
169,4.3006873581153355
50,4.2583785095767785
483,4.254528066752055
12,4.236342068253873
64,4.225738593756209
603,4.2255532144784125
357,4.194150814575775
515,4.176724264036509
