item_id,predicted_score
318,5.3107033717749275
357,5.244985881669519
483,5.189689235958202
272,5.1553006836253745
408,5.133173395086832
22,5.123085521247185
100,5.0738623401475405
480,5.018865346855673
205,5.006154258237175
64,4.966576954730552
