item_id,predicted_score
318,4.244526089012779
169,4.241155791628535
50,4.20033266480214
483,4.198954101737592
64,4.168888716823794
603,4.165169129902346
357,4.1375941686324555
515,4.118323017436297
480,4.108304532251735
178,4.0929197901274055
