item_id,predicted_score
169,4.221865731978102
408,4.21501329129003
64,4.16765914343102
483,4.129991978851096
318,4.125087170624176
603,4.096308868343532
12,4.0913573053092245
357,4.090111936012906
50,4.066409439691629
127,4.064238767498275
