item_id,predicted_score
408,4.6959756745731305
318,4.624658306531713
169,4.6157206374774775
50,4.579214734458372
483,4.578133696016505
12,4.562591737257388
64,4.550697654816935
603,4.539722948075611
357,4.517682755548945
515,4.4960312056834235
