item_id,predicted_score
258,4.840067543331091
169,4.811536804180042
488,4.715823045000634
432,4.7032914156893515
408,4.688076426626419
318,4.657506308683161
168,4.621588732443803
133,4.61692550815261
513,4.59542740556377
611,4.581232446287574
