item_id,predicted_score
169,4.409841176501725
408,4.408470540433362
64,4.348894373173004
483,4.310754942792702
318,4.306152250562867
357,4.288991857326068
603,4.27512378783686
12,4.265580350622288
127,4.243385074508744
50,4.238115848378575
