item_id,predicted_score
169,4.314346586943768
408,4.3023481072572896
64,4.25377972387426
483,4.214551437423426
318,4.206063624582026
357,4.18348429990509
603,4.179146757133953
12,4.171289051209596
127,4.149138472696681
50,4.14612740799438
