item_id,predicted_score
169,4.85141004715278
313,4.812549027900696
172,4.7301161279015576
496,4.717215624909447
257,4.672956244450436
86,4.573995349578546
22,4.566982990937887
165,4.551037439396394
963,4.531292568252991
483,4.5273700577581515
