item_id,predicted_score
408,4.745542023061838
318,4.6737500216399495
169,4.659291864784982
483,4.630062220393874
50,4.6298262946409885
12,4.6137605993851825
64,4.599978731678077
603,4.584881882778314
357,4.568768812321934
480,4.543605868282405
