item_id,predicted_score
483,4.549221824125595
50,4.531303311069491
64,4.488640352005731
12,4.459717525798993
172,4.434528945235211
181,4.421286680712487
531,4.405887082386691
169,4.401199056562546
174,4.393201480083263
1,4.366444312864949
