item_id,predicted_score
318,5.069209661440316
64,5.03888387165358
408,4.992344929433414
169,4.928047704155402
168,4.854485774689787
1449,4.836088125947365
320,4.833579731968992
483,4.826651176310888
191,4.82237978463575
480,4.802213082659694
