item_id,predicted_score
408,4.041780686739495
318,3.97224585635248
169,3.9632885920147944
357,3.8605623175907713
178,3.8175456891845876
272,3.8167074528603164
513,3.8122850691478116
427,3.780604986068647
114,3.7599436313979213
285,3.7574057899527102
