item_id,predicted_score
474,5.028781468406967
513,4.7648846460355205
60,4.624678004649472
408,4.624365134006884
528,4.608429429634779
169,4.567292216713303
320,4.564549309354822
190,4.542593831376722
302,4.517649866817503
48,4.513524580335101
