item_id,predicted_score
169,3.623946925426601
408,3.615520986640325
64,3.5540745335739174
483,3.5153822163844812
318,3.5132463910766667
357,3.4911755439501224
603,3.4769615249997443
12,3.469765734312094
127,3.4476507695026317
50,3.4424408163757816
