item_id,predicted_score
483,4.071270599029573
64,4.068755375375975
169,4.0620725257400085
357,4.0371066007987135
12,4.0314434838685935
50,4.015501098208993
114,4.002036521916221
427,3.9877741739125714
515,3.9872223574356074
408,3.98355540171566
