item_id,predicted_score
169,4.627734639053623
408,4.622886516291737
64,4.567653632913705
483,4.528778956781917
318,4.52462315007736
357,4.502962640711704
603,4.493201566236528
12,4.48307719631544
127,4.461084020315238
50,4.4574462463804645
