item_id,predicted_score
408,5.48159308482397
318,5.401232297025232
169,5.3969632245517545
50,5.359934721267727
483,5.358433695107274
12,5.3376847855553535
64,5.325009589160634
603,5.3208385636183495
357,5.294481949594308
515,5.276094147386125
