item_id,predicted_score
483,4.959956894507373
408,4.885244183151774
1449,4.800154196107254
190,4.785389620961751
272,4.780949814093514
318,4.764129166783675
657,4.756008689130123
251,4.753886639158689
50,4.749189333267382
114,4.736835763529876
