item_id,predicted_score
169,4.764968841190106
408,4.759505280221716
64,4.708128566680265
483,4.669896962958881
318,4.668117812975067
357,4.644839698723999
603,4.634844750573067
12,4.621484457424749
127,4.60056850258127
50,4.597493520798103
