item_id,predicted_score
474,4.513689932829701
408,4.49899350995445
357,4.372154608828758
169,4.34346635271627
432,4.322932925323242
98,4.3011607736071715
136,4.291039409080145
114,4.2724489835856865
427,4.2718886512534615
603,4.2636470542354825
