item_id,predicted_score
318,4.3931246080384305
50,4.349756097468641
483,4.347140110028634
12,4.331632182471326
64,4.321729375928297
357,4.28663940581756
515,4.27130331005422
174,4.261413838924445
480,4.260094176422066
178,4.245819211075593
