item_id,predicted_score
408,4.769330765922055
318,4.7050157393884575
169,4.686799745984456
50,4.650782269977943
483,4.648467019575818
12,4.628026544248629
64,4.618337963908995
603,4.607792060222699
357,4.58437687529074
515,4.5714790876630165
