item_id,predicted_score
168,4.852676530043018
60,4.825598397160124
59,4.786308495886437
178,4.771421047731936
613,4.736452865718356
1449,4.719909748570343
190,4.703408937543237
272,4.703139817362398
174,4.691735404041513
136,4.672648207745585
