item_id,predicted_score
408,3.946744165690735
640,3.579754263879133
272,3.510103681665872
707,3.4713730104391627
647,3.3315111547037155
169,3.3283240980428643
1142,3.3251469487398877
694,3.3119462020351165
480,3.2794165910665507
1449,3.220923082927971
