item_id,predicted_score
50,5.692986492150243
169,5.3754204607005285
172,5.289584473831599
313,5.288963024224124
228,5.258521780826181
302,5.23971580342271
199,5.1969176142930005
483,5.193443537833461
185,5.070479022970131
64,5.0579105923957215
