item_id,predicted_score
64,5.4886532255946126
169,5.445884139765443
603,5.388102992337127
185,5.371187861722349
318,5.350837749520441
12,5.304107780051042
98,5.293619247519618
408,5.2919408050859
1449,5.288932313239021
480,5.26830746783929
