item_id,predicted_score
408,4.416841772265427
318,4.347267651408386
169,4.340524079043076
50,4.298975298651059
483,4.2957150544764575
12,4.277478831570038
64,4.267664481527984
603,4.263036943699277
357,4.234063256241625
515,4.219301018134566
