item_id,predicted_score
408,4.592698513457921
169,4.592129019304325
64,4.53852109270784
483,4.500962381170517
318,4.4992303112814325
357,4.47597538241112
603,4.46702135925158
12,4.454669080436734
127,4.4319200718817795
50,4.429512592773413
