item_id,predicted_score
408,4.191646277997667
318,4.119718522491014
169,4.111127496052478
50,4.074277038915553
483,4.072439697369612
12,4.052867604480853
64,4.040797010697697
603,4.035384193473489
357,4.009852603869306
515,3.990984800033759
