item_id,predicted_score
483,4.869128618375618
357,4.791897902162909
318,4.788847260928057
191,4.773226600397315
134,4.703890550099977
427,4.698328701597082
511,4.676361132459093
114,4.65738033242845
22,4.6489672686264445
169,4.637681455268979
