item_id,predicted_score
100,4.6777168638201
169,4.4655308182795235
286,4.280113642902441
318,4.272065254408082
272,4.244901523304668
1449,4.1776727981634325
64,4.174039881855321
963,4.131604391532108
604,4.117473898540532
189,4.1056463833638
