item_id,predicted_score
408,4.052441889036477
318,3.993500896712678
169,3.9824009716254563
50,3.945149163121998
603,3.909559655739624
480,3.862121733716548
174,3.8485773134485957
178,3.8421464373065857
272,3.8341714258031163
513,3.8205530109583825
