item_id,predicted_score
114,4.507552265575753
169,4.46776834104362
408,4.438722478134413
50,4.418057459659276
963,4.394972868301956
318,4.375703925630961
89,4.307075665000551
1449,4.2952959077376685
187,4.2889945187106715
176,4.261857756157405
