item_id,predicted_score
172,4.516011109766887
285,4.401801374364436
357,4.357129285614302
174,4.334042790076469
483,4.215229462505751
132,4.201336419661022
169,4.189029732910709
242,4.116403934636421
427,4.0461630138772025
485,4.033605699461777
