item_id,predicted_score
169,4.2650291411605625
408,4.264329544436546
64,4.20935782736714
483,4.1712723616979295
318,4.166043747586383
357,4.145347564962963
603,4.137157264425328
12,4.127338973399164
127,4.104143417378685
50,4.101022608340888
