item_id,predicted_score
173,4.950669756496205
12,4.8034024592419255
64,4.701388840698703
963,4.600864875117145
114,4.589756762583258
684,4.57794419112614
272,4.572814411740803
357,4.553403494003955
89,4.536514692381028
1449,4.5294902760877855
