item_id,predicted_score
169,4.301670133716249
408,4.292956783487858
64,4.245003895510216
483,4.204261898065429
318,4.19826124592222
357,4.176481172527318
603,4.169481891484762
12,4.1558413812373685
127,4.136221434427855
50,4.133251226641089
