item_id,predicted_score
408,4.3536336683171815
318,4.283841764657691
169,4.279857672140851
483,4.235449623285304
12,4.218762953771079
64,4.207659619515638
603,4.203829693000127
357,4.175269241254333
515,4.156704187979029
480,4.148843838032104
