item_id,predicted_score
408,4.534910136902382
318,4.476393027511684
169,4.473305232739223
483,4.426713220758106
12,4.4106375729347045
603,4.401818901095891
64,4.398327309495849
357,4.369774445950782
480,4.343519973484279
174,4.334449452144785
