item_id,predicted_score
408,4.502505299240325
318,4.426414878293095
169,4.42419076792358
483,4.382961171015359
12,4.362882934322311
64,4.349701001535604
603,4.348980770501368
515,4.300822306425041
480,4.2875501729806755
272,4.276896349665972
