item_id,predicted_score
285,4.897551278041868
276,4.846269237244828
60,4.7260698061703295
408,4.526931231527488
519,4.283543449005652
514,4.2612898484932415
507,4.2575076476929885
709,4.216213428384467
137,4.202634026411066
169,4.174645714125309
