item_id,predicted_score
408,4.233290328897153
318,4.161209854024726
169,4.154563812279815
50,4.116509372846334
483,4.1132778635503415
12,4.094331297126871
64,4.08325761847855
603,4.079040387252825
357,4.0514572124388994
480,4.024531515880927
