item_id,predicted_score
50,4.859931879638958
234,4.692076720682985
64,4.685414945560712
98,4.676065243368374
47,4.533059084903751
12,4.530535053491322
174,4.492342903153516
96,4.488897053408209
480,4.480925497489779
736,4.457321169832763
