item_id,predicted_score
294,4.959497525125945
22,4.719081509131199
434,4.697685879679881
255,4.639318166898887
313,4.627943940891571
169,4.624967750328424
513,4.621135470932236
48,4.583336866701202
531,4.473478189098842
189,4.453281624120963
