item_id,predicted_score
199,5.127703772975776
12,5.033802567527726
114,4.95812127720234
127,4.956252721075438
64,4.901686724023193
357,4.894651297545288
515,4.891763591923027
187,4.881791963150226
480,4.862643432940252
863,4.858380590139574
