item_id,predicted_score
132,4.6247763915429125
50,4.5088239945016415
168,4.416976844803008
515,4.416194400479902
318,4.403269903249414
56,4.390062283667012
357,4.388569759379612
191,4.3815471171818245
151,4.367217114600608
276,4.346807070199221
