item_id,predicted_score
408,4.397072331541062
169,4.391548232729607
64,4.334643790874939
483,4.295985425067253
318,4.29593448526626
357,4.271065086068586
603,4.261169972459133
12,4.250845872337371
127,4.226642361223662
50,4.224527892544023
