item_id,predicted_score
408,4.554937101777827
318,4.488514687901179
169,4.482006295706991
50,4.441645990446688
483,4.438874169981512
12,4.422580897094923
64,4.411560502572761
603,4.406858540122607
357,4.379332582200309
515,4.359522724123067
