item_id,predicted_score
408,4.518466327954532
318,4.437935382971918
169,4.437173316362026
50,4.397359905222049
483,4.39676070643731
12,4.37672058907332
64,4.363250735118492
603,4.3613531797281
357,4.333590848148052
515,4.314042823937749
