item_id,predicted_score
22,5.293124328877783
64,5.259606850060771
12,5.229819034739442
318,5.1883174389583155
191,5.058660933983942
50,5.049934703194887
272,5.044750676846759
313,5.026329466289069
357,4.988984576203648
100,4.932829867984899
