item_id,predicted_score
408,4.194540240935441
318,4.122740058569958
169,4.114135841203586
12,4.054804059152802
603,4.037121049732387
515,3.994097397236817
480,3.9814998988497288
178,3.969938681799973
272,3.9652592289133386
513,3.9630178347736553
