item_id,predicted_score
238,4.884871258980558
313,4.816985749663137
98,4.77072968177068
144,4.525981262714564
514,4.522362030613369
288,4.520218270267861
652,4.397154814539904
100,4.297604955511746
479,4.283863917019942
724,4.274050938032371
