item_id,predicted_score
169,4.438435928642688
318,4.430297546218981
64,4.3595578278232585
603,4.3590692518692515
357,4.325505293867766
174,4.304191676728757
480,4.29230701448118
272,4.2875665333542266
513,4.287539086274733
178,4.275811145327219
