item_id,predicted_score
169,4.849505673366913
408,4.832212010131323
64,4.7869409070324
483,4.752870234251246
318,4.748763016619056
357,4.722685245556201
603,4.716586903202603
12,4.710403617014413
127,4.686846668170732
50,4.683618971556866
