item_id,predicted_score
187,4.778577086189496
98,4.767434235054556
427,4.766002279762021
316,4.7495102197174806
963,4.740105637120313
97,4.7346590076959885
318,4.718265123528282
511,4.674664154985705
114,4.642751605306118
8,4.587379521713389
