item_id,predicted_score
169,4.164783428751548
408,4.164561174984838
64,4.102330910295591
483,4.063384087378995
318,4.061225465305432
357,4.039577035485955
603,4.027137350262442
12,4.018110199209172
127,3.9951363738134082
50,3.991140201476865
