item_id,predicted_score
169,4.29984766855972
408,4.292865100969873
64,4.237990779533606
483,4.199450600418955
318,4.19664389875665
357,4.174104171114941
603,4.163194529433852
12,4.152721615208678
127,4.1311984453117025
50,4.1273272404614545
