item_id,predicted_score
169,4.547910266640234
408,4.519076836500952
64,4.476484294249272
483,4.441097002228462
318,4.436286859357554
357,4.409255786506145
603,4.402133588215679
12,4.39683691526546
127,4.3754737842926765
50,4.371095385970454
