item_id,predicted_score
169,4.412512813073503
408,4.394791024695019
64,4.351046374704062
483,4.313614138289755
318,4.307830095031352
357,4.2833430903236165
603,4.277530195830809
12,4.2679680770920365
127,4.246984757653078
50,4.243736078554624
