item_id,predicted_score
169,4.286059310811881
408,4.26729103371403
64,4.205001133175604
318,4.172068127376601
483,4.171574473018747
357,4.1476444217200426
603,4.130006212523414
12,4.129532709308257
127,4.105189082056432
50,4.098195765529037
