item_id,predicted_score
1449,5.231897928392903
169,5.213495907882361
83,5.182834322716304
408,5.141773537757079
316,5.031184866885174
194,5.0253249411405365
641,5.018428113194889
1194,5.017705335106131
199,5.017385001089569
489,5.010211634838454
