item_id,predicted_score
408,3.87139741113631
318,3.8077559286030542
169,3.801260305462764
50,3.7584701066862594
483,3.7551916428336614
12,3.738975309199957
64,3.728885782808788
603,3.725297333690082
357,3.695879985709947
515,3.6783173481673215
