item_id,predicted_score
408,4.403839095456034
169,4.329789889630237
12,4.274400402490275
64,4.261975456239167
480,4.205837300812987
178,4.185325280887881
272,4.182881081875967
513,4.171557598457544
657,4.137273491281502
474,4.126297868826945
