item_id,predicted_score
408,4.3677865986370294
169,4.364497832328629
64,4.3074955338160565
483,4.269335021879779
318,4.266723314327202
357,4.245514933380213
603,4.234704421889017
12,4.224713112588401
127,4.201104886700271
50,4.197820548162634
