item_id,predicted_score
135,4.501168511729919
187,4.500564033254226
199,4.461850893919518
603,4.442232414491712
511,4.3853623701392275
134,4.381026741159569
60,4.376730632081931
98,4.3553216853653645
114,4.3451730985674715
179,4.323354648469836
