item_id,predicted_score
12,4.319172774951855
127,4.2865234756116655
1449,4.231693114165486
87,4.159775052598852
272,4.1553253044994705
513,4.155208548462898
191,4.140059140469756
480,4.134500137554104
313,4.129394042023915
268,4.113932299057455
