item_id,predicted_score
408,4.095171668204571
318,4.041824216162155
169,4.025723418280241
50,3.9904442078798565
483,3.9876834270327084
12,3.9712330262751783
64,3.9593888367111556
603,3.9532676478656876
357,3.929330871889356
480,3.90745271420551
