item_id,predicted_score
408,3.868339973902927
515,3.671290183057283
178,3.647759144731526
513,3.6417535088234616
488,3.5865066539600194
127,3.582630514290117
190,3.5534790804398657
187,3.545175887900705
963,3.520546156047628
484,3.5117722202007644
