item_id,predicted_score
408,3.9336537158900944
169,3.8582997179373266
114,3.6592679776147032
488,3.651732545759998
173,3.64045583895667
199,3.616157554377799
484,3.580187261957327
496,3.561960578140573
606,3.531909341763384
493,3.5253629350195093
