item_id,predicted_score
408,4.527165129239526
169,4.450236280287379
318,4.44849048404385
483,4.405484614738231
12,4.384760481517808
603,4.3765470463458485
64,4.373008581093673
357,4.3434566491147
515,4.3250068981301295
480,4.312285262418904
