item_id,predicted_score
408,2.8786085752999244
318,2.8155464261479874
169,2.8075981564125256
50,2.767829589087991
483,2.764469687752328
12,2.746664718707219
64,2.735453952689373
603,2.733516168308824
357,2.704699719656161
515,2.6848842182618626
