item_id,predicted_score
169,4.545683123846218
318,4.5393798714690154
50,4.505119106179929
483,4.501790436028263
12,4.4761599363008715
603,4.467432285688547
64,4.4644611399713785
357,4.433705890599574
515,4.422660875081302
513,4.414737693004907
