item_id,predicted_score
22,5.429807636076941
750,4.962960972534707
269,4.911971683277461
126,4.87242017909802
15,4.846200235822972
478,4.780376328503378
408,4.777634845011434
169,4.740266997064167
641,4.732870620745447
114,4.708121337051226
