item_id,predicted_score
276,4.242779420892827
56,4.137556144508577
173,4.107148565064704
186,4.084831537492388
9,4.069540563744318
190,3.9187853974360234
60,3.9174762982252056
175,3.91595013212172
137,3.889803626543258
10,3.8684455822864985
