item_id,predicted_score
408,4.819844617769992
169,4.804720774004968
64,4.75366405773313
483,4.7130264013445
318,4.712416741734372
357,4.684887140214684
603,4.680083098438047
12,4.6700454550378465
50,4.644105074151734
127,4.6437308955207
