item_id,predicted_score
9,4.465655938767127
320,4.4556499983767655
318,4.428703531776906
1449,4.377295634851462
127,4.351529602595867
657,4.342954410151434
286,4.295985349098145
528,4.295140770900472
242,4.235795515413727
223,4.228954073867043
