item_id,predicted_score
12,4.895588086560698
187,4.814322026259963
15,4.800139249812848
89,4.728873857144054
126,4.719479823846813
511,4.709105810003121
588,4.697402219161514
161,4.685634642126773
95,4.684264478719508
28,4.677781918211702
