item_id,predicted_score
169,4.637857908601822
83,4.540436279058837
432,4.486562890674494
185,4.4560183360644725
143,4.443697687163197
323,4.439556386031755
313,4.38771433178559
285,4.2960473942307225
189,4.284303593728589
257,4.238071255009471
