item_id,predicted_score
408,4.582726128866264
318,4.511822092962644
169,4.506659750322339
50,4.4660822375711255
483,4.463708729708188
12,4.445833056832493
64,4.434555682012518
603,4.430634423608862
357,4.4025861645250135
515,4.384402213833136
