item_id,predicted_score
408,4.7755432279759855
169,4.76196527779562
64,4.709268180738526
483,4.670656521729276
318,4.669526586513454
357,4.653300961442599
603,4.63717985207635
12,4.623711397134995
127,4.600800880920492
50,4.596467469899782
