item_id,predicted_score
408,4.581370990109696
169,4.57853696796811
64,4.518476883898946
483,4.478893693349982
318,4.474723584793877
357,4.456896193327478
603,4.44351672474662
12,4.433545400174482
127,4.4110598199479965
50,4.406410117415435
