item_id,predicted_score
169,4.711320601758673
408,4.707758669519722
64,4.652925569348215
483,4.61371233059589
318,4.611182236731591
357,4.587309249370284
603,4.578408679374804
12,4.566921885015223
127,4.545023298192252
50,4.542277337739583
