item_id,predicted_score
582,5.010171744237386
191,4.966385689832562
14,4.964501840864141
274,4.8905299544466185
408,4.751949253983374
496,4.716151999444109
212,4.644408176709993
451,4.517817971440552
425,4.512607403131982
515,4.502786181020131
