item_id,predicted_score
169,4.3346018989450545
408,4.333860456437184
64,4.273768993643189
483,4.235604972021329
318,4.231947389752116
357,4.209259084860661
603,4.200032949448962
12,4.192786211370422
127,4.168507274324477
50,4.165276081663211
