item_id,predicted_score
515,4.308663427121242
143,4.302088563082642
22,4.2601797579421365
313,4.255218082414661
863,4.235146326925467
272,4.216940100617361
50,4.207054433905056
963,4.1840515847082616
83,4.177502985871947
1449,4.106723212223043
