item_id,predicted_score
408,4.404433786546226
169,4.333127244321885
318,4.333002255762398
50,4.2859097209320565
483,4.282020401679914
12,4.266636560625324
64,4.257921886564993
603,4.254932209241147
357,4.222410105475651
515,4.208552164288838
