item_id,predicted_score
408,4.678075636304022
169,4.675078290458586
64,4.623345906695441
483,4.582506491163231
318,4.5759795988644285
357,4.554903787687674
603,4.549518219704026
12,4.537529815746
127,4.515007539690079
50,4.51310297939297
