item_id,predicted_score
408,4.345919466779488
169,4.335716871259532
64,4.285491741928951
483,4.250414472544825
318,4.249137544627504
357,4.226217796098511
603,4.217851689936197
12,4.209068175838601
127,4.182330279711171
50,4.180505281666149
