item_id,predicted_score
169,4.359514973459125
408,4.338890393907663
1449,4.300029743955978
272,4.28342542047964
178,4.26593863029041
64,4.240055816844792
513,4.178831878122287
603,4.166495475227318
963,4.156173113097488
515,4.151354981712255
