item_id,predicted_score
169,4.221546377072273
408,4.211901801666031
64,4.1596315817573855
483,4.121254031402349
318,4.116256411482763
357,4.0939296798172125
603,4.085182772822737
12,4.076079114538005
127,4.054238249555348
50,4.050475350620545
