item_id,predicted_score
408,4.313033892457089
318,4.255827995303211
169,4.2420796570274115
50,4.204986167239266
483,4.202516518953275
12,4.184946714658783
64,4.173186650741177
603,4.168400355995702
357,4.142957159963679
515,4.1214130536764815
