item_id,predicted_score
64,3.98908250990068
190,3.9820118482615854
318,3.9699281137906577
98,3.9317690614822003
83,3.911444339805008
169,3.9070975420958947
1449,3.8653907555758455
79,3.846454744108696
199,3.786578021432605
408,3.7814758447726664
