item_id,predicted_score
408,4.605429951923864
169,4.590103608094851
64,4.536169486645063
483,4.501595532510379
318,4.499295377756192
357,4.481308313610628
603,4.4684029932216776
12,4.462762586473309
127,4.434653776463802
50,4.430881247904527
