item_id,predicted_score
408,4.363705053671288
318,4.297511752831664
169,4.286719735903593
12,4.22844866479797
64,4.216961175968478
357,4.185836209311824
515,4.166579166628037
513,4.135091822975804
427,4.10484281182015
657,4.099609163793167
