item_id,predicted_score
271,5.175029224323675
472,5.122365382013071
302,4.868007873413042
1449,4.815998363257237
863,4.771848211089327
742,4.76363226581706
1028,4.76183367675263
966,4.748656145592583
921,4.6714789379282395
66,4.660001761446614
