item_id,predicted_score
169,4.980753715821185
512,4.8886751941135245
137,4.8804421636809225
1449,4.666282630154517
165,4.665172716728867
641,4.643593945069466
516,4.6367151576079895
1240,4.625631771900567
176,4.560608065681096
513,4.560535790455332
