item_id,predicted_score
318,5.002952066159152
64,4.97261601415334
169,4.956686091788864
963,4.901030638491188
265,4.8567339878053755
1449,4.855465127475563
483,4.843850874032148
114,4.841822414700925
79,4.832226733098945
22,4.80662896508227
