item_id,predicted_score
488,4.39230406614544
1449,4.361399850894712
320,4.333858200773408
313,4.325762152544747
408,4.324367190388474
169,4.295532000233293
641,4.278561478815236
515,4.261490072940861
483,4.248956761129126
357,4.230915972587975
