item_id,predicted_score
408,3.996452982426216
169,3.909628208880863
318,3.9025804313998305
50,3.8654623907724948
483,3.859863378885893
12,3.83536007375082
603,3.830472977024028
64,3.8261698850010486
357,3.793021652011829
515,3.7856714620725627
