item_id,predicted_score
408,4.216128074998263
318,4.143353380614791
169,4.1364946607628434
50,4.099522884666722
483,4.098124240251844
12,4.0789237126073985
64,4.066072267795411
603,4.0615973943224155
357,4.036029545966104
515,4.015283191872298
