item_id,predicted_score
180,4.905785050110738
408,4.721245820480343
56,4.646619361043756
127,4.617093450227902
60,4.561696243769081
9,4.541384235613019
475,4.495890512290462
320,4.492461800413602
12,4.436816867922025
512,4.419055022456508
