item_id,predicted_score
143,4.515623318508458
191,4.421805058469776
134,4.409974554551372
173,4.394562908253603
169,4.3616866260435
187,4.322844921123487
408,4.321199353589092
50,4.286262004367051
483,4.2729533277487945
208,4.266505656015103
