item_id,predicted_score
169,4.406939326689501
408,4.404693788624628
64,4.349699963615322
483,4.309704930014693
318,4.304512123906332
357,4.282881201057124
603,4.2750089409487
12,4.2641077260822025
127,4.2420800458996215
50,4.239159954500447
