item_id,predicted_score
169,4.590018445022131
408,4.589493513254716
64,4.527870384295793
483,4.48971603238414
318,4.488500479928523
357,4.466312288099909
603,4.453469980209675
12,4.444234367596414
127,4.42115027754177
50,4.417180753183513
