item_id,predicted_score
515,4.903100105729596
190,4.63371816210129
318,4.602522366334487
483,4.5911207460195795
408,4.571773510701451
174,4.550715716219809
191,4.544640266932179
56,4.53800789119724
22,4.510222950361839
64,4.50471116997748
