item_id,predicted_score
483,5.487345007259721
514,5.419974758268096
923,5.390407000769101
320,5.386376080406169
1449,5.377315231369591
133,5.376022874052365
242,5.298283373171387
408,5.2837903906707595
171,5.255883954054253
488,5.242705673031248
