item_id,predicted_score
313,4.520191853390749
198,4.492335280847813
272,4.365406362646295
48,4.360593922257805
1449,4.333935226299818
45,4.30148432977191
197,4.227261837708484
15,4.2039310257280516
176,4.168166320209991
528,4.167763743846966
