item_id,predicted_score
169,4.675792231186504
408,4.674390510196894
64,4.615102141429711
483,4.575967873993052
318,4.574403239054862
357,4.55211181907594
603,4.540022163188191
12,4.528967214289798
127,4.506976757137724
50,4.5032956131710975
