item_id,predicted_score
408,4.454260890669009
169,4.267146783018999
56,4.253614150640352
60,4.134538345211408
474,4.100623688956912
187,4.06977978134635
127,4.065504935880968
59,4.064055989322504
528,4.029869270308437
268,4.020540694908425
