item_id,predicted_score
50,4.593319267279865
124,4.572251094915647
318,4.564662283172376
408,4.56205604030746
64,4.496234034934319
132,4.484534809604451
169,4.483303150697713
302,4.45059583536087
185,4.447023095029856
100,4.4448277226497686
