item_id,predicted_score
169,3.9202470640174796
408,3.913819250757466
64,3.855103415381337
483,3.817418804516584
318,3.814317626049278
357,3.793372187637396
603,3.7804404487107597
12,3.7725105770303284
127,3.7499883556323557
50,3.745122328370326
