item_id,predicted_score
313,4.350621731352134
42,4.339386621826974
238,4.31346901759561
603,4.306318703460425
60,4.297091148088777
179,4.293583557046357
512,4.290543663594959
657,4.275208970186106
408,4.25860438754694
513,4.257183540374711
