item_id,predicted_score
408,4.03187177501996
318,3.961715606199232
169,3.956495689747741
50,3.9152240079956964
483,3.9127094167258263
12,3.895818277635268
64,3.8850567848361584
603,3.8800223866445416
357,3.8521164555878538
515,3.8343014379289717
