item_id,predicted_score
408,4.854337186415466
169,4.837634903654424
64,4.7962593459302045
483,4.753954725222159
318,4.749018019150723
357,4.730983950741443
603,4.723726596845178
12,4.705812851964772
127,4.684074333914829
50,4.682846129854243
