item_id,predicted_score
408,4.381521990051727
318,4.310341445365095
169,4.298913746297954
50,4.261979676836548
483,4.261480749672048
12,4.244168439318931
64,4.232623228397576
603,4.221009477806084
357,4.19917766307561
515,4.180898209149506
