item_id,predicted_score
357,4.801809361694565
318,4.800863801927834
98,4.772350016516134
174,4.731203008035443
169,4.666625941354428
64,4.652523771073369
408,4.648770712838203
483,4.6201673629567885
173,4.596159246081454
191,4.5890627406011255
