item_id,predicted_score
408,4.119155486302721
169,4.116487411353071
64,4.056916061778407
483,4.01795533011082
318,4.015332543576126
357,3.995021487802845
603,3.9825810792605365
12,3.9726299684609767
127,3.9496288342458183
50,3.9457016259987086
