item_id,predicted_score
408,4.098212045808783
318,4.04957142212515
169,4.043168202156583
483,3.996252117778807
12,3.986093209390121
64,3.9740278158441686
603,3.971030511272447
480,3.922907657262366
515,3.9160960583602407
178,3.9121974504995998
