item_id,predicted_score
1449,4.7055200759981926
753,4.6992673283057
923,4.66465195405476
1019,4.6541268085707745
60,4.614604221567713
14,4.607730475535595
474,4.569602569801842
1073,4.551907084954808
657,4.523502172500875
641,4.502843647136851
