item_id,predicted_score
169,4.156415241056282
483,4.144866124118074
1449,4.074659002516409
153,4.006588726820091
647,3.999186258483256
174,3.959843958249863
208,3.9464377355999036
202,3.9409172497377627
185,3.9205923341364732
172,3.906621467034414
