item_id,predicted_score
408,5.148479645497527
169,5.061817010957845
50,5.0341989993424345
272,4.90377412591671
187,4.8468855411760225
1449,4.836049369951776
174,4.758749230212354
483,4.750843470353076
183,4.74928532942736
127,4.726623798166937
