item_id,predicted_score
408,4.212057521906888
169,4.198777113107657
64,4.1442307540226535
483,4.103927652329639
318,4.100927643706996
357,4.080143248877494
603,4.0702341312547805
12,4.060689047685474
127,4.035645780975168
50,4.0332457688762
