item_id,predicted_score
408,4.4456849473451925
169,4.433343678646173
50,4.386324891994779
483,4.386195484271131
1449,4.3715184348166165
199,4.300331111729932
168,4.28455407281929
48,4.261419328132516
513,4.254941465019686
285,4.253692532049486
