item_id,predicted_score
56,4.993100674520559
179,4.944375451380801
7,4.436639149333998
923,4.355889033834654
136,4.344530550216898
60,4.339188560531109
482,4.292136782728802
23,4.278703057486703
483,4.255427411318831
319,4.249192805981288
