item_id,predicted_score
169,4.590219968859518
56,4.542627791004062
474,4.512443229127959
185,4.280468761595755
98,4.273180827881418
135,4.221100346547493
127,4.190222352993025
427,4.140824503715182
693,4.135874470167652
285,4.135179956461603
