item_id,predicted_score
169,5.144348696234459
174,5.113736067451449
50,5.0404043620654555
408,5.023565197147727
172,4.991850143740799
64,4.987560507140141
318,4.982721305826947
96,4.963687819249029
127,4.948423456053375
12,4.947609338404488
