item_id,predicted_score
408,4.194786450287347
64,4.177719982719497
313,4.166096307543269
357,4.111858762678565
12,4.099935687852044
114,4.096786948262098
480,4.081422016765307
302,4.075552410263554
272,4.048371118348833
603,4.0108240850648444
