item_id,predicted_score
408,4.881439571074858
318,4.80477693065228
169,4.79637589310152
50,4.763407443958206
483,4.759853711425195
12,4.73386346401516
603,4.722699898946977
64,4.720882548537394
357,4.693848816449219
515,4.676385958597169
