item_id,predicted_score
169,4.56999209733846
408,4.552365203154786
64,4.5062788363956905
483,4.469036691730415
318,4.466832967923408
357,4.438320810772513
603,4.432008553911735
12,4.422535396062003
127,4.401093509132637
50,4.398542942752516
