item_id,predicted_score
169,4.456256223015066
408,4.451246221832218
64,4.3952020014611515
483,4.356338544861931
318,4.353802077580534
357,4.330283385560734
603,4.320330967335893
12,4.310084076007201
127,4.2880015313593765
50,4.284692804743167
