item_id,predicted_score
408,4.345404870679331
318,4.272805159289887
169,4.272002492088433
483,4.224576787593973
12,4.2080445795156445
64,4.198026473684472
603,4.195688988119798
357,4.164568256568337
515,4.147776165960092
480,4.139032009918807
