item_id,predicted_score
169,4.459521729272701
408,4.455951572920267
64,4.403424022675343
483,4.361602574447715
318,4.358490200391809
357,4.327911954629105
603,4.326922885120752
12,4.3158047166307725
50,4.293409783951198
127,4.2930191431347176
