item_id,predicted_score
511,5.581059901595735
174,5.574146494141878
64,5.271280348678412
22,5.150914571176251
272,5.1296552040703
114,5.101623737465416
178,5.082243414070018
483,5.079396277794841
193,5.034582068155541
427,4.95579875568624
