item_id,predicted_score
174,5.443003107410195
169,5.3520452202275495
181,5.229375091257616
228,5.171614188299098
199,5.168730302168397
166,5.147405441154658
357,5.146815207666566
515,5.089921156462283
408,5.073829081681668
480,5.065810523822037
