item_id,predicted_score
408,4.517299510188946
169,4.5130496359318935
64,4.455383361152878
483,4.41674922785291
318,4.416191723118765
357,4.394291056414176
603,4.381687713456332
12,4.370204021451394
127,4.347283257316007
50,4.343936321510915
