item_id,predicted_score
408,4.035592363914217
318,3.983842081555792
169,3.970760177505161
50,3.931229703532652
483,3.925803497368037
12,3.911240550676745
64,3.9022342233971217
603,3.897305628681855
357,3.869070486352105
480,3.8519325350678537
