item_id,predicted_score
408,4.424433106160498
169,4.4076380808530145
64,4.365785725333018
318,4.3241992917457805
483,4.320925372429696
357,4.293471259518915
603,4.28954602071215
12,4.267812204073737
50,4.249193491893816
127,4.246725730582267
