item_id,predicted_score
408,4.452738522913631
318,4.38267083937673
169,4.374267394510368
483,4.3361527080641595
50,4.335722746694251
12,4.316575556573251
64,4.3029737325236885
603,4.298303800799636
357,4.273528197373766
515,4.253327564513969
