item_id,predicted_score
408,4.70459355188352
169,4.697721243327922
64,4.651946284456018
483,4.611770986123435
318,4.608583318149278
357,4.584225473517957
603,4.580086563255979
12,4.56489690859987
127,4.542273897869499
50,4.541998473178523
