item_id,predicted_score
169,4.584772607100247
408,4.5502611395340224
64,4.504509088290025
483,4.47082561243038
318,4.466921267418619
357,4.441902730805972
603,4.429372055668945
12,4.42693056889908
127,4.405749781143477
50,4.398945632858379
