item_id,predicted_score
213,4.890367225289384
1449,4.880156155852146
659,4.880030819421178
169,4.856536820932708
60,4.809582354597578
923,4.7004467401651375
302,4.69735451988023
524,4.659033032034707
190,4.658828145928307
705,4.652459690586656
