item_id,predicted_score
313,5.82767632536731
143,5.353420773081267
169,5.2595091933912
603,5.2380469012229565
429,5.128446317348315
192,5.108309882551156
434,5.10727620638127
641,5.106593745647957
959,5.099910774372152
524,5.072867836338074
