item_id,predicted_score
169,4.376712385281538
408,4.366870946683278
64,4.320951547508063
483,4.279563125965455
318,4.274390856325284
357,4.249628486676953
603,4.244865753228448
12,4.230369672216877
127,4.2109549399745685
50,4.2090950953780695
