item_id,predicted_score
169,3.965291056502132
408,3.9518055685865385
64,3.899968605369147
483,3.862627901315101
318,3.8554836443180482
357,3.838353540460367
603,3.8257944362987626
12,3.8176729620693703
127,3.796769870187449
50,3.7906486300860003
