item_id,predicted_score
408,4.3089928660985475
318,4.243582543837278
169,4.2321814035149155
483,4.1934156382697845
12,4.179325746041522
64,4.1683350149210705
603,4.156124235799238
357,4.134278689278697
480,4.1130799575667085
515,4.112812810891304
