item_id,predicted_score
408,4.830938102622343
169,4.759382763853056
357,4.652921841425331
515,4.6364943148833815
178,4.617570436494083
272,4.604711448224505
513,4.6020822227327045
427,4.574314990363943
114,4.570149436285886
479,4.5588684415698655
