item_id,predicted_score
64,4.828912186617236
169,4.804594739927219
12,4.795303304528181
318,4.785985316015122
408,4.739174292547182
483,4.7056210755804955
50,4.703142904198771
1449,4.685605995048571
480,4.652447788202506
603,4.640890034222512
