item_id,predicted_score
143,5.3487042160011375
83,5.112163424865233
313,5.108311276443931
966,5.060353015319498
328,5.0376642945900185
190,5.0046553626176005
265,4.935930409582177
169,4.906803440248513
748,4.887927568288181
64,4.874669090078315
