item_id,predicted_score
408,4.258620950209185
169,4.217149958382157
285,4.128623718705532
64,4.090605611517439
189,4.086843494862488
178,4.044820180403843
1449,3.929212758882582
114,3.9187627405926406
320,3.91483595001529
613,3.8911892893141604
