item_id,predicted_score
408,5.092990807511988
474,4.723077789838377
654,4.681428170662059
134,4.6337223452609075
483,4.593687916990243
178,4.556190916075957
694,4.553661858475086
192,4.5504098445940375
357,4.550237672009812
479,4.5471328747921325
