item_id,predicted_score
169,3.961625139243201
408,3.9389263530761065
64,3.887186656986606
483,3.849571395891713
318,3.844561527427244
357,3.825471740518753
603,3.809798936459852
12,3.802239355222106
127,3.783041091333837
50,3.7757304469850848
