item_id,predicted_score
282,5.112591522995916
271,4.94546741495889
64,4.9103275902142665
863,4.75912424657552
1449,4.758102910571308
496,4.702861166896482
301,4.686938951963137
269,4.660597092005215
169,4.622659023951602
125,4.58261505593471
