item_id,predicted_score
169,4.303358634223743
408,4.292679922999198
64,4.245670136321045
483,4.206682330159381
318,4.199554042427425
357,4.1765770407049505
603,4.171883154336369
12,4.16177115202418
127,4.140204115539414
50,4.1375358307515056
