item_id,predicted_score
408,4.228277465794871
318,4.157047411729321
169,4.150475987851066
50,4.110663546015319
483,4.108433461812458
12,4.090558710479393
64,4.0794929801532005
603,4.07385812260735
357,4.0469234126637845
515,4.029291840897235
