item_id,predicted_score
22,4.85010667982523
69,4.796878225695663
172,4.758562311049732
963,4.6974835097228835
265,4.595966735632512
496,4.535557295909616
143,4.494864702179652
313,4.454526502842853
96,4.454011100251737
28,4.443943720665377
