item_id,predicted_score
408,5.236154744131145
176,5.223263530020282
98,5.067358937427593
89,5.052921059187685
64,5.050261684392343
480,4.946590459498401
11,4.93328125699835
114,4.907140283607223
228,4.863501598548581
12,4.856270323941834
