item_id,predicted_score
173,5.206021742087572
168,5.196885241904009
169,5.194203434404308
174,5.184089439231344
12,5.139585769043148
64,5.103434493677245
408,5.099654225187047
50,5.084669667638177
199,5.034395699419273
1449,5.010770488011451
