item_id,predicted_score
173,4.319265742567404
657,4.207085430686105
515,4.180959995110496
182,4.1798386848257785
127,4.162589046643918
197,4.145180959587455
169,4.144994831219679
1449,4.1117415202964045
56,4.107340176889268
603,4.105394143202306
