item_id,predicted_score
474,5.140637073605027
9,5.0572210670182765
527,4.893730171244272
408,4.890022466054896
56,4.793046080206853
191,4.729590077637706
659,4.681406425649913
285,4.672418593751478
211,4.636489604650604
693,4.616654119948605
