item_id,predicted_score
169,4.591310312219097
408,4.55767050806876
64,4.512172906919118
483,4.478338388420199
318,4.468865982975238
357,4.442159902385528
12,4.442008492823107
603,4.438023661316752
127,4.417062536475939
50,4.412008475969886
