item_id,predicted_score
408,5.461938467761684
169,5.182220302726604
657,5.1723328778481035
1449,5.156993010931496
114,5.1458800476948365
659,5.139020266392544
489,5.034217410647759
474,5.017623161469346
923,5.011548530699954
190,4.98640661268686
