item_id,predicted_score
408,4.436321084732535
318,4.355020178433771
169,4.34076691860661
50,4.309461188283132
483,4.3062801251795015
12,4.283851627098683
64,4.274056061858203
603,4.261326799058191
357,4.239341594751627
515,4.2271224658224575
