item_id,predicted_score
408,4.250644299352971
318,4.168577792324909
169,4.156287220038192
483,4.119944063194079
50,4.119396666097416
12,4.101626090406401
64,4.091536953510237
603,4.073089842602991
357,4.054011913120545
515,4.042361895635315
