item_id,predicted_score
483,4.980562324663413
641,4.902173333122372
64,4.855792568771681
199,4.853907408515447
515,4.828675857816395
603,4.824350387504669
513,4.819943952101983
1142,4.806070574741293
480,4.804366371339484
172,4.7987233413634325
