item_id,predicted_score
408,4.616393442792433
318,4.527019199211192
169,4.526028687853791
50,4.483570036758203
483,4.480680411785351
12,4.459313464801406
64,4.450413745625806
603,4.443841139202898
357,4.414091078522646
515,4.4066616105626375
