item_id,predicted_score
408,4.434103805312568
318,4.373961547128764
169,4.354304482283037
50,4.326608753871956
483,4.326152134511787
12,4.308412100479081
64,4.293958998663237
603,4.282735368392672
357,4.265787983817716
480,4.2408719625725935
