item_id,predicted_score
15,4.52684673330257
302,4.437658425004632
318,4.428914915203692
483,4.303010228832036
50,4.2926264724107845
174,4.278459216004063
963,4.254645058384606
169,4.2522636990772895
187,4.239291216927416
408,4.214687617429912
