item_id,predicted_score
64,4.256840902413789
22,4.216600303738174
483,4.139632001377754
603,4.130295243624878
169,4.119271877988032
114,4.118158543739994
657,4.115582262244918
318,4.101001544596752
513,4.092106016532976
528,4.063802001784261
