item_id,predicted_score
408,4.960318478554216
1449,4.890275132892935
320,4.859019732430775
318,4.793993422856948
190,4.7873208792629
483,4.74929053503628
169,4.738882683976209
515,4.729091768423905
657,4.7242639272945395
513,4.719927803471399
