item_id,predicted_score
208,4.8420814991069525
483,4.8227967135572
143,4.819652942509715
736,4.729428231514611
169,4.702143019389023
427,4.682778151506975
202,4.672868760306284
603,4.646712013763589
185,4.628774603509642
153,4.624589658238102
