item_id,predicted_score
169,4.415734422943982
408,4.411959229196596
64,4.354714107297538
483,4.316506022041773
318,4.311069392980406
357,4.2898829728466845
603,4.28096391884179
12,4.273631749668565
127,4.25007823721792
50,4.246366314966388
