item_id,predicted_score
182,4.414384060084968
408,4.363652339504402
474,4.289218055165654
488,4.181892603098645
504,4.146643025304841
89,4.1460196944676815
318,4.1453407863372185
185,4.141508066850866
357,4.128179259240583
654,4.109250960181558
