item_id,predicted_score
408,4.478202823522621
318,4.414137321344133
169,4.401343941828932
50,4.369765402578092
483,4.367544751349266
12,4.351231858351319
64,4.338099234410144
603,4.329732876495064
357,4.308462369336381
480,4.284934990415493
