item_id,predicted_score
408,4.424873454228809
318,4.365184173239106
169,4.362699314495171
12,4.305803991330624
64,4.295055025617106
357,4.261052049968089
480,4.242183709633228
515,4.236474312741895
178,4.223245036112068
272,4.2004890742688445
