item_id,predicted_score
408,4.840181562978393
169,4.766999160839433
318,4.764049083522041
50,4.721014424369043
483,4.716238338648502
12,4.701450247273006
64,4.692783428931021
603,4.68973495701954
357,4.657041409853516
515,4.641778480596691
