item_id,predicted_score
408,4.7344814343254935
169,4.71084101293278
1449,4.5975225844740795
64,4.558628976878305
483,4.501777749212665
513,4.495984482890835
474,4.4810219168023995
170,4.464221695352162
603,4.46347256440017
641,4.457801834972269
