item_id,predicted_score
408,4.347568444646008
169,4.32379045094748
64,4.287423821672297
318,4.245994950226317
483,4.243143478609545
357,4.2227176784725495
603,4.213347883003932
12,4.187765618429603
50,4.168754544642697
127,4.168086621216157
