item_id,predicted_score
408,4.3284569172826695
318,4.252501560211687
169,4.248288609198422
50,4.208599914085144
483,4.206857594491115
12,4.187533863228247
64,4.17563881295298
603,4.171741231455368
357,4.144182185516082
515,4.126561358389676
