item_id,predicted_score
9,4.968515997735631
14,4.956129421111507
320,4.875368645464935
657,4.813153321231352
285,4.8112144724122405
408,4.807317576761845
483,4.766607131687121
60,4.762956757655673
479,4.736763979371585
654,4.7351906113469955
