item_id,predicted_score
333,4.672124203827027
28,4.616408219536181
286,4.600562202643567
318,4.557923322553108
300,4.538849480997045
161,4.429709370932926
22,4.375962072176214
241,4.277275646102625
83,4.262269346899999
513,4.258655220141751
