item_id,predicted_score
408,4.553547891753686
169,4.544951999440064
64,4.488802272971103
483,4.4477030877557
318,4.445862234866447
357,4.425584978589968
603,4.413167512351426
12,4.400415154947558
127,4.378084370709422
50,4.374897121428884
