item_id,predicted_score
169,4.127181906817244
408,4.113833116976653
64,4.0504018592002415
483,4.017182528261141
318,4.012547955861846
357,3.9948324853500403
12,3.978387995289702
603,3.9774885533455553
127,3.953068632435442
50,3.94511501785179
