item_id,predicted_score
408,5.337209399153981
483,5.263159110140836
320,5.2229290625324545
357,5.211207389740531
657,5.2039881877052885
169,5.1966372569384465
48,5.181817670500688
515,5.174586825678346
9,5.16141003800419
479,5.147285953675624
