item_id,predicted_score
135,4.795180830735612
183,4.792567410198634
179,4.779083938544282
169,4.7734546192177545
408,4.770860010699679
512,4.763407966996447
127,4.757486012353163
187,4.745631061972879
83,4.694949135643331
1449,4.683178058364839
