item_id,predicted_score
408,4.622212007686271
169,4.542069036306848
603,4.466644382488177
357,4.436617113327868
515,4.418974696156543
480,4.404063404965034
272,4.396935095098434
513,4.396798635913343
178,4.387680329774779
657,4.343314722211883
