item_id,predicted_score
408,4.315539575376202
169,4.241302937430456
318,4.238776033834987
50,4.191397976007071
483,4.189206520974293
12,4.169455622774672
603,4.16115442496853
64,4.159617397057391
357,4.126047679877205
515,4.116276626786952
