item_id,predicted_score
408,4.612751452541132
318,4.543699576838493
169,4.54340784160249
50,4.499896614732322
483,4.496233717214823
12,4.480647082026457
64,4.469776426403167
603,4.469095863964181
357,4.437812286148285
515,4.417662338155178
