item_id,predicted_score
318,5.036298125540341
114,4.975950617383222
89,4.96576003053664
144,4.9630458594727855
156,4.953455355791013
169,4.949456251330549
56,4.9245969655094
528,4.906387488623291
328,4.870838578086749
408,4.868838228457512
