item_id,predicted_score
50,4.300545570872066
181,4.287304126127072
498,4.104298460658192
408,4.087208993730557
178,4.086915720732026
272,4.0864101601661815
963,4.07547142086491
496,4.070175840644505
169,4.058258135916811
318,4.054518430941006
