item_id,predicted_score
408,3.868339973902927
318,3.800965952571031
169,3.7931153711516443
50,3.7545632008504395
483,3.751754553128706
12,3.7323689025548004
64,3.720644166486867
603,3.718468424532903
357,3.690347725758275
515,3.671290183057283
