item_id,predicted_score
408,4.436042734131893
318,4.367672512123445
169,4.359349500077022
50,4.3206446689966915
483,4.318242746601367
12,4.301253420994087
64,4.290210191523697
603,4.283430525341784
357,4.2575954648297785
515,4.23853235950171
