item_id,predicted_score
269,5.045781557757027
127,4.8683935186206755
603,4.8576217358194285
483,4.857036387940528
178,4.839790715882434
50,4.835032407139387
199,4.801580498944044
474,4.787628596669083
408,4.776049022284033
515,4.752833692966182
