item_id,predicted_score
408,5.264675236674865
169,5.259789745791048
483,5.240664660194141
318,5.190567655337875
1449,5.16842198762237
357,5.156357098269687
480,5.15300650543593
64,5.1482875616952795
12,5.143426708447291
50,5.140795391318483
