item_id,predicted_score
408,4.963216226876225
169,4.960086496334668
64,4.9009409818373895
483,4.8619417394846405
318,4.860156466832552
357,4.839399369493425
603,4.826582804576981
12,4.815867618410711
127,4.793094496017702
50,4.78928429666259
