item_id,predicted_score
286,5.311896615238546
511,4.809036467063083
187,4.801888211588528
205,4.796238330185602
132,4.714863734668508
191,4.710680660254421
483,4.704747857133315
482,4.68511661176209
480,4.651460852035975
134,4.6443776342139165
