item_id,predicted_score
408,5.04937813864175
169,5.020094254171749
480,4.988583686850121
603,4.96094503085091
12,4.958505871725767
272,4.943622486908398
127,4.9159627425262356
357,4.914316669637476
192,4.902703610276777
1449,4.890085009742777
