item_id,predicted_score
408,4.232343381739374
318,4.156575848629492
169,4.155884911308741
12,4.099982910614008
64,4.088014005931115
603,4.079156315177251
480,4.028524322780328
174,4.023449340192264
178,4.006736017683092
272,4.0025402834674555
