item_id,predicted_score
408,4.646615640072752
169,4.635359979931108
64,4.590575111256404
483,4.548241615505056
318,4.544978492108139
357,4.523333469270519
603,4.516778709134551
12,4.499057707745503
127,4.47782128530415
50,4.4770063869225645
