item_id,predicted_score
357,5.198619498437999
195,5.129815974728828
191,5.053419338338461
169,4.94624732836076
173,4.9048273481073315
185,4.904747222581619
205,4.895588833294046
408,4.880287785535343
427,4.827450163996803
496,4.788167238450566
