item_id,predicted_score
98,5.207505395531039
64,4.7627049759407
313,4.715322596410089
173,4.711914096084861
199,4.66971308041452
169,4.664324621659679
7,4.587694010151693
408,4.587233585695022
114,4.571832133066249
11,4.551063482284999
