item_id,predicted_score
408,4.179121192756517
169,4.108147218801471
603,4.033512612615782
357,4.0056409107513495
515,3.984315991945327
480,3.9814332562041628
178,3.9629539610572566
272,3.9552285469963717
513,3.942833492823204
657,3.9116583485900667
