item_id,predicted_score
180,4.435595248688677
127,4.243486099228994
64,4.218933606724285
50,4.175278388713123
276,4.164581247297713
191,4.164078194235135
151,4.139031188064856
169,4.132397655681539
178,4.126670312844751
12,4.058451003367772
