item_id,predicted_score
169,4.147014759494322
408,4.129556065761132
64,4.070447216075868
483,4.0339398080587285
318,4.032842350231266
357,4.006655041074878
603,3.993580287249513
12,3.9904146466652626
127,3.967164142789438
50,3.961927170435146
