item_id,predicted_score
408,4.435379423703148
318,4.377351412351615
169,4.365299445634313
483,4.326171015401349
12,4.312850082014306
64,4.300642094661052
603,4.2909333622475785
357,4.268700187678456
480,4.246794359815316
515,4.24414026727325
