item_id,predicted_score
169,4.349385988972328
408,4.344768910478963
64,4.290350885581443
483,4.250740024169099
318,4.250433115264157
357,4.225860860256376
603,4.214903347622759
12,4.2010065146472755
127,4.18054031673968
50,4.1775942275420235
