item_id,predicted_score
302,4.572593439829606
483,4.515872609806392
169,4.475325608610929
496,4.41599580521463
480,4.4074083657917384
199,4.394565983040049
272,4.353881894318277
316,4.3266116971859585
651,4.322020117365575
185,4.294728353098264
