item_id,predicted_score
408,4.162728409909698
169,4.160655220553427
64,4.1020804793241705
483,4.062479181355394
318,4.059645975150139
357,4.039090910331246
603,4.0273129720261585
12,4.016218505686876
127,3.9938817796563892
50,3.9902126963039395
