item_id,predicted_score
408,4.316512593987481
169,4.228018583255666
318,4.21878216013873
483,4.179579348899387
12,4.158033972266978
603,4.148636491626879
64,4.148360497676217
357,4.113972448551675
515,4.1038584814823444
174,4.094433582234423
