item_id,predicted_score
483,4.438495682048842
12,4.420050970561766
513,4.327055772647548
474,4.280214438129148
479,4.278293012245727
114,4.276871957930558
98,4.273554535918732
285,4.272978353429903
488,4.272196869399074
127,4.269319664588789
