item_id,predicted_score
408,4.685112721060277
318,4.595285672145168
169,4.5952736254195425
483,4.5511381058766975
12,4.531257437105812
64,4.521822553927045
603,4.51439636887897
357,4.4857930941574375
515,4.4752834886024395
174,4.4642139199548785
