item_id,predicted_score
313,4.7639280994658115
750,4.6188461114526085
127,4.566900190767534
50,4.565441583274421
315,4.482542224572009
169,4.428872186845297
114,4.422892672782132
166,4.403806658044296
513,4.39863914354214
181,4.376150024983119
