item_id,predicted_score
515,4.522881346369234
483,4.40948455795456
22,4.407192906445844
64,4.387190928021224
357,4.362636923381087
318,4.3523525054189545
408,4.3208210613872575
427,4.309865665956173
1449,4.300924768939005
272,4.260143026400838
