item_id,predicted_score
408,4.7813267717704
318,4.708329250474821
169,4.70424819894214
483,4.6621675495888555
64,4.632136247911253
603,4.628604188169105
515,4.581676428188271
272,4.555280761905343
427,4.519036458075855
657,4.508659294548069
