item_id,predicted_score
169,4.442444689474018
174,4.425689838446942
408,4.422044132678401
318,4.378044233077353
1449,4.376748983414547
251,4.363548121591339
272,4.35116048746266
483,4.318390088459369
316,4.31752861763706
657,4.309998361610116
