item_id,predicted_score
169,4.927653432445521
313,4.912372948004148
483,4.893224267048866
408,4.833298796037563
1449,4.817381430508497
199,4.800059818237389
64,4.7478843912427875
50,4.7473497129344056
98,4.7454892915544855
114,4.725873428073435
