item_id,predicted_score
178,4.581061806437583
318,4.544327210143612
515,4.511081184705977
483,4.493315965420388
190,4.466147720082114
496,4.439294067638337
114,4.434231848147768
511,4.420772441881044
272,4.418399738716937
357,4.414253575934165
