item_id,predicted_score
483,5.000796122220926
511,4.824912694094319
515,4.8217416882900075
408,4.814014597335723
178,4.786444414621217
114,4.754053544454621
199,4.733729618230585
357,4.7039987284825875
272,4.693088408460057
127,4.681818668805801
