item_id,predicted_score
408,4.237922736621408
169,4.169890464841182
603,4.097051322273727
357,4.072025698802996
515,4.047288004741852
174,4.03530191579637
178,4.030965570455386
272,4.019079663040275
513,4.005579543637188
427,3.9889084180275804
