item_id,predicted_score
483,4.263955647571637
12,4.2444530109360885
515,4.1862798746348515
480,4.172329897915506
272,4.158796743409201
513,4.155858620312418
427,4.122213162735103
657,4.118343136841381
479,4.102623986775874
285,4.1016129271686195
