item_id,predicted_score
172,5.114182639681401
174,4.959261405315482
169,4.8670150043228455
302,4.800444952897297
96,4.777335938906461
483,4.723791589144366
257,4.69149917477174
313,4.690735666397089
1449,4.550296533190697
185,4.548554016670419
