item_id,predicted_score
588,3.018236176030479
328,3.0124910272760843
258,2.8763347406669237
966,2.8340538627323637
302,2.8219023437590423
313,2.8097400153257173
96,2.794877199277648
742,2.734719305058189
221,2.7304264521819768
740,2.7290416947251543
