item_id,predicted_score
169,4.071754004613241
408,4.064751131814586
64,4.009292364422855
483,3.9712596695011846
318,3.9701580327151014
357,3.9455002031708992
603,3.934702268232887
12,3.9244941420799075
127,3.902491766727793
50,3.8990577211563484
