item_id,predicted_score
169,5.57374997741271
408,5.534181827945077
1449,5.470428285559732
474,5.393088000883176
923,5.378845170896691
483,5.37418618502851
199,5.309249988037319
251,5.304584653812492
174,5.278293483550135
136,5.2768756424142484
