item_id,predicted_score
408,4.422225919958777
169,4.402011565540242
64,4.358485580310767
483,4.315290388924979
318,4.313741663005074
357,4.295332967057621
603,4.284149067741937
12,4.264649475526587
127,4.243553232176686
50,4.241908807250141
