item_id,predicted_score
169,4.7540681031259755
408,4.750474132071667
64,4.690728551251877
318,4.6505037830162035
483,4.64931708449009
357,4.62664585965659
603,4.612097213031979
12,4.597450979004119
127,4.578100333876856
50,4.574280638178101
