item_id,predicted_score
408,4.463856458343433
318,4.389130561083743
169,4.385344894904436
50,4.347499603380432
483,4.344744465686888
12,4.326018356411999
64,4.313835386546862
603,4.311034658363299
357,4.283332521189629
515,4.262765995761642
