item_id,predicted_score
9,5.113304626923851
318,4.9414100717272795
59,4.866092765818406
1449,4.79971871196531
60,4.790308473401868
320,4.742101045854724
251,4.684286338394019
482,4.671184767802587
268,4.648964461137267
633,4.608812787725417
