item_id,predicted_score
258,5.056637856354477
169,5.023040230717222
496,4.97307284481442
318,4.948327182182755
1449,4.927482321293158
483,4.904820710769025
64,4.903727459323323
963,4.900182131928207
427,4.861592743137123
174,4.848840652217153
