item_id,predicted_score
515,5.262618642891225
357,5.191703580442533
315,5.105943206199848
173,5.074736859547096
169,5.013548196031443
316,4.953552734418564
127,4.928341074225862
205,4.909580339141196
427,4.903705901631429
100,4.895106344943271
