item_id,predicted_score
50,4.784110895847838
318,4.735774328635683
199,4.732669320814194
169,4.725591949208238
408,4.72283589439599
127,4.686586332480719
515,4.634343177582904
513,4.61991009331121
89,4.610847856696978
168,4.562065170485475
