item_id,predicted_score
408,4.860504688882174
169,4.7830015823621945
50,4.7447016566260585
483,4.740165774943486
12,4.723077720055537
64,4.713302669544423
603,4.70747301710927
357,4.679671451399688
515,4.66184294448536
480,4.656681471408206
