item_id,predicted_score
515,6.099939646683262
328,6.011624703387962
748,5.84223262809972
86,5.786483440466742
133,5.61737456405611
448,5.6159649193849726
507,5.588123487514229
298,5.565205939090281
324,5.5639547747320615
553,5.5373727983054355
