item_id,predicted_score
408,4.467745740776548
318,4.397788997320324
169,4.384530132506492
483,4.350518969245923
12,4.329911799482693
64,4.317277856116743
603,4.310381539160644
357,4.28753030834368
480,4.2596289643417204
174,4.2532241361242615
