item_id,predicted_score
408,3.9051795341991995
318,3.832715770660142
169,3.8261445497906
50,3.7833420602220054
483,3.7828646738806184
12,3.7636385452196914
64,3.752418881677264
603,3.746847556550086
357,3.719522704532574
515,3.705469381174311
