item_id,predicted_score
483,4.476003479049364
127,4.3565158887065945
9,4.348870560699514
276,4.3332752108610695
320,4.295687211595732
606,4.270848649086784
124,4.20490772549235
185,4.200373848617126
515,4.1945360386398995
750,4.171686270498979
