item_id,predicted_score
408,4.501736893589868
169,4.429411301877081
318,4.426993614394254
50,4.385843379874971
483,4.38429263211838
12,4.36502094325955
603,4.35534429931257
64,4.35163312642864
515,4.302680520815156
174,4.29149698209393
