item_id,predicted_score
408,4.0839209211403595
169,4.013378392831106
318,4.00901322786015
483,3.965978642741305
50,3.9657628645348493
12,3.9479010759032396
603,3.9373603119984915
64,3.9343484389188106
357,3.905098317029798
515,3.8857808164633956
