item_id,predicted_score
127,5.2979265044147095
50,5.1277264742392745
515,5.114734804066693
179,5.1053635960329355
483,5.029739137060628
285,5.00076233433932
134,4.881125313799288
12,4.860908964361188
475,4.831680399353831
408,4.811561901120655
