item_id,predicted_score
408,4.375673035301194
169,4.374539783206809
64,4.312214720961548
483,4.27483029499972
318,4.272780118981695
357,4.2529872231909565
603,4.238730207780861
12,4.230574665118034
127,4.206912343776762
50,4.202171100306815
