item_id,predicted_score
408,4.359827689308269
169,4.3484712170911175
64,4.296521242587562
483,4.254942487722501
318,4.254911417934843
357,4.231757707809258
603,4.221347953185352
12,4.206292606818326
127,4.184011446152079
50,4.182340404912518
