item_id,predicted_score
408,4.76260264056901
169,4.685461464907956
318,4.683163040968122
483,4.636045461680309
12,4.618342600196568
64,4.609122817937692
603,4.607273179998336
357,4.57439710532513
515,4.561275213205557
480,4.547262226578827
