item_id,predicted_score
408,4.848367272709992
169,4.770818206537112
483,4.729204870961072
12,4.71051930114276
64,4.700018399171015
603,4.69466460371999
515,4.650559556564724
178,4.626593525224993
513,4.617281705094562
657,4.585008687895713
