item_id,predicted_score
408,4.997715586765069
275,4.940987509531661
22,4.870994638523816
272,4.8326076442049395
378,4.798416332915779
56,4.753268522681292
205,4.721486508922772
8,4.641017475933545
746,4.627705773352257
748,4.592358905362124
