item_id,predicted_score
114,4.968545194348237
357,4.921737421287875
318,4.918403129304792
169,4.869168447478047
427,4.837208241995447
174,4.8311510446645
98,4.825010630013861
408,4.82243528983188
483,4.820988870044957
22,4.7862697108397585
