item_id,predicted_score
408,4.860590022764521
169,4.789485647272698
483,4.742695900409824
12,4.727845472572946
64,4.717562018912227
603,4.713385570626653
357,4.683916440166713
515,4.665366158884115
480,4.659953768846627
174,4.654643125534772
