item_id,predicted_score
169,4.278336913991779
408,4.276534283885234
64,4.214987395152699
483,4.177463017159083
318,4.174227507126447
357,4.1549864425739065
603,4.141122678460978
12,4.133250402225161
127,4.110072648119336
50,4.105031765680164
