item_id,predicted_score
320,4.668521913693035
483,4.632542608512334
100,4.630638544215407
511,4.58101647841646
318,4.577238585941146
191,4.57248614090116
14,4.558864495666211
357,4.533850092583386
275,4.498395169127257
242,4.496042485708047
