item_id,predicted_score
98,4.610723475594594
408,4.548472189278837
357,4.482427663598364
114,4.468342738271112
89,4.441486719899634
64,4.3916438639265145
514,4.359712847547538
641,4.3439945554611645
320,4.343334684690837
480,4.331222532528318
