item_id,predicted_score
408,4.68413704132281
318,4.622688060449838
169,4.616621549199086
50,4.574929234030232
483,4.569981277975793
12,4.555874269336528
64,4.546500745914344
603,4.5424213259499195
357,4.512837675490068
480,4.493234193595609
