item_id,predicted_score
408,5.07006326272964
318,4.999965942397388
169,4.996890633499359
483,4.9532019197516375
12,4.932900034541052
603,4.922001947733236
64,4.920054325824247
357,4.891307170469912
515,4.872536477758278
174,4.859447876164963
