item_id,predicted_score
408,4.40213976608459
318,4.3403660703890345
169,4.333354394866983
483,4.288433002833628
64,4.2574513103639555
357,4.227998942792575
515,4.209541391972111
480,4.19988655102495
178,4.192612649359301
272,4.179107893744189
