item_id,predicted_score
169,4.161771700483806
408,4.149819651403356
64,4.100691938191345
483,4.0617480268925785
318,4.055436418540194
357,4.032681893962426
603,4.025935327667816
12,4.016470824115297
127,3.9951122622992497
50,3.991738632977723
